# Extracted mesh
v -0.09643 0.54137 -0.15859
v -0.09209 0.55703 -0.12961
v -0.10222 0.53940 -0.14601
v -0.08295 0.56483 -0.13677
v -0.09209 0.55703 -0.12961
v -0.09643 0.54137 -0.15859
v -0.11870 0.51479 -0.16106
v -0.10222 0.53940 -0.14601
v -0.11895 0.51942 -0.14786
v -0.09643 0.54137 -0.15859
v -0.10222 0.53940 -0.14601
v -0.11870 0.51479 -0.16106
v -0.14125 0.49524 -0.14323
v -0.11895 0.51942 -0.14786
v -0.13589 0.50474 -0.13447
v -0.11870 0.51479 -0.16106
v -0.11895 0.51942 -0.14786
v -0.14125 0.49524 -0.14323
v -0.15546 0.49020 -0.11191
v -0.13589 0.50474 -0.13447
v -0.14657 0.50095 -0.11094
v -0.14125 0.49524 -0.14323
v -0.13589 0.50474 -0.13447
v -0.15546 0.49020 -0.11191
v -0.15593 0.50158 -0.07907
v -0.14657 0.50095 -0.11094
v -0.14691 0.50950 -0.08626
v -0.15546 0.49020 -0.11191
v -0.14657 0.50095 -0.11094
v -0.15593 0.50158 -0.07907
v -0.14245 0.52505 -0.05725
v -0.14691 0.50950 -0.08626
v -0.13679 0.52713 -0.06987
v -0.15593 0.50158 -0.07907
v -0.14691 0.50950 -0.08626
v -0.14245 0.52505 -0.05725
v -0.12018 0.55163 -0.05478
v -0.13679 0.52713 -0.06987
v -0.12006 0.54710 -0.06801
v -0.14245 0.52505 -0.05725
v -0.13679 0.52713 -0.06987
v -0.12018 0.55163 -0.05478
v -0.09764 0.57118 -0.07261
v -0.12006 0.54710 -0.06801
v -0.10312 0.56179 -0.08141
v -0.12018 0.55163 -0.05478
v -0.12006 0.54710 -0.06801
v -0.09764 0.57118 -0.07261
v -0.08342 0.57622 -0.10393
v -0.10312 0.56179 -0.08141
v -0.09244 0.56558 -0.10494
v -0.09764 0.57118 -0.07261
v -0.10312 0.56179 -0.08141
v -0.08342 0.57622 -0.10393
v -0.08295 0.56483 -0.13677
v -0.09244 0.56558 -0.10494
v -0.09209 0.55703 -0.12961
v -0.08342 0.57622 -0.10393
v -0.09244 0.56558 -0.10494
v -0.08295 0.56483 -0.13677
v 0.20603 0.34689 -0.01503
v 0.21576 0.33808 -0.06333
v 0.21506 0.35525 -0.01379
v 0.20662 0.33220 -0.05740
v 0.21576 0.33808 -0.06333
v 0.20603 0.34689 -0.01503
v 0.18768 0.34038 0.02537
v 0.21506 0.35525 -0.01379
v 0.19362 0.34764 0.03344
v 0.20603 0.34689 -0.01503
v 0.21506 0.35525 -0.01379
v 0.18768 0.34038 0.02537
v 0.15859 0.31516 0.04838
v 0.19362 0.34764 0.03344
v 0.15960 0.31816 0.06034
v 0.18768 0.34038 0.02537
v 0.19362 0.34764 0.03344
v 0.15859 0.31516 0.04838
v 0.12986 0.28087 0.04519
v 0.15960 0.31816 0.06034
v 0.12602 0.27807 0.05662
v 0.15859 0.31516 0.04838
v 0.15960 0.31816 0.06034
v 0.12986 0.28087 0.04519
v 0.11248 0.25059 0.01704
v 0.12602 0.27807 0.05662
v 0.10569 0.24267 0.02370
v 0.12986 0.28087 0.04519
v 0.12602 0.27807 0.05662
v 0.11248 0.25059 0.01704
v 0.11307 0.23590 -0.02533
v 0.10569 0.24267 0.02370
v 0.10638 0.22550 -0.02583
v 0.11248 0.25059 0.01704
v 0.10569 0.24267 0.02370
v 0.11307 0.23590 -0.02533
v 0.13143 0.24241 -0.06574
v 0.10638 0.22550 -0.02583
v 0.12783 0.23311 -0.07307
v 0.11307 0.23590 -0.02533
v 0.10638 0.22550 -0.02583
v 0.13143 0.24241 -0.06574
v 0.16051 0.26763 -0.08874
v 0.12783 0.23311 -0.07307
v 0.16185 0.26259 -0.09996
v 0.13143 0.24241 -0.06574
v 0.12783 0.23311 -0.07307
v 0.16051 0.26763 -0.08874
v 0.18924 0.30192 -0.08556
v 0.16185 0.26259 -0.09996
v 0.19543 0.30269 -0.09624
v 0.16051 0.26763 -0.08874
v 0.16185 0.26259 -0.09996
v 0.18924 0.30192 -0.08556
v 0.20662 0.33220 -0.05740
v 0.19543 0.30269 -0.09624
v 0.21576 0.33808 -0.06333
v 0.18924 0.30192 -0.08556
v 0.19543 0.30269 -0.09624
v 0.20662 0.33220 -0.05740
v -0.02932 0.54045 -0.03687
v 0.00244 0.55783 -0.08246
v -0.02251 0.54898 -0.02751
v -0.00798 0.54802 -0.08388
v 0.00244 0.55783 -0.08246
v -0.02932 0.54045 -0.03687
v -0.00798 0.54802 -0.08388
v 0.00325 0.53785 -0.14009
v 0.00244 0.55783 -0.08246
v -0.00729 0.53093 -0.13317
v 0.00325 0.53785 -0.14009
v -0.00798 0.54802 -0.08388
v -0.00729 0.53093 -0.13317
v -0.02040 0.49668 -0.17838
v 0.00325 0.53785 -0.14009
v -0.02751 0.49571 -0.16592
v -0.02040 0.49668 -0.17838
v -0.00729 0.53093 -0.13317
v -0.02751 0.49571 -0.16592
v -0.05947 0.45003 -0.18271
v -0.02040 0.49668 -0.17838
v -0.06093 0.45582 -0.16963
v -0.05947 0.45003 -0.18271
v -0.02751 0.49571 -0.16592
v -0.06093 0.45582 -0.16963
v -0.09903 0.41574 -0.15142
v -0.05947 0.45003 -0.18271
v -0.09477 0.42648 -0.14286
v -0.09903 0.41574 -0.15142
v -0.06093 0.45582 -0.16963
v -0.09477 0.42648 -0.14286
v -0.12398 0.40689 -0.09647
v -0.09903 0.41574 -0.15142
v -0.11612 0.41891 -0.09586
v -0.12398 0.40689 -0.09647
v -0.09477 0.42648 -0.14286
v -0.11612 0.41891 -0.09586
v -0.12479 0.42686 -0.03885
v -0.12398 0.40689 -0.09647
v -0.11680 0.43599 -0.04657
v -0.12479 0.42686 -0.03885
v -0.11612 0.41891 -0.09586
v -0.11680 0.43599 -0.04657
v -0.10115 0.46804 -0.00055
v -0.12479 0.42686 -0.03885
v -0.09658 0.47121 -0.01382
v -0.10115 0.46804 -0.00055
v -0.11680 0.43599 -0.04657
v -0.09658 0.47121 -0.01382
v -0.06208 0.51468 0.00378
v -0.10115 0.46804 -0.00055
v -0.06316 0.51111 -0.01011
v -0.06208 0.51468 0.00378
v -0.09658 0.47121 -0.01382
v -0.06316 0.51111 -0.01011
v -0.02251 0.54898 -0.02751
v -0.06208 0.51468 0.00378
v -0.02932 0.54045 -0.03687
v -0.02251 0.54898 -0.02751
v -0.06316 0.51111 -0.01011
v -0.08613 0.53244 -0.15535
v -0.08295 0.56483 -0.13677
v -0.09643 0.54137 -0.15859
v -0.07265 0.55590 -0.13353
v -0.08295 0.56483 -0.13677
v -0.08613 0.53244 -0.15535
v -0.08277 0.54323 -0.12304
v -0.10222 0.53940 -0.14601
v -0.09209 0.55703 -0.12961
v -0.09168 0.52772 -0.13747
v -0.10222 0.53940 -0.14601
v -0.08277 0.54323 -0.12304
v -0.10839 0.50586 -0.15782
v -0.09643 0.54137 -0.15859
v -0.11870 0.51479 -0.16106
v -0.08613 0.53244 -0.15535
v -0.09643 0.54137 -0.15859
v -0.10839 0.50586 -0.15782
v -0.09168 0.52772 -0.13747
v -0.11895 0.51942 -0.14786
v -0.10222 0.53940 -0.14601
v -0.10639 0.51015 -0.13910
v -0.11895 0.51942 -0.14786
v -0.09168 0.52772 -0.13747
v -0.13094 0.48631 -0.13999
v -0.11870 0.51479 -0.16106
v -0.14125 0.49524 -0.14323
v -0.10839 0.50586 -0.15782
v -0.11870 0.51479 -0.16106
v -0.13094 0.48631 -0.13999
v -0.10639 0.51015 -0.13910
v -0.13589 0.50474 -0.13447
v -0.11895 0.51942 -0.14786
v -0.12130 0.49723 -0.12731
v -0.13589 0.50474 -0.13447
v -0.10639 0.51015 -0.13910
v -0.14516 0.48127 -0.10867
v -0.14125 0.49524 -0.14323
v -0.15546 0.49020 -0.11191
v -0.13094 0.48631 -0.13999
v -0.14125 0.49524 -0.14323
v -0.14516 0.48127 -0.10867
v -0.12130 0.49723 -0.12731
v -0.14657 0.50095 -0.11094
v -0.13589 0.50474 -0.13447
v -0.13070 0.49390 -0.10661
v -0.14657 0.50095 -0.11094
v -0.12130 0.49723 -0.12731
v -0.14561 0.49265 -0.07583
v -0.15546 0.49020 -0.11191
v -0.15593 0.50158 -0.07907
v -0.14516 0.48127 -0.10867
v -0.15546 0.49020 -0.11191
v -0.14561 0.49265 -0.07583
v -0.13070 0.49390 -0.10661
v -0.14691 0.50950 -0.08626
v -0.14657 0.50095 -0.11094
v -0.13101 0.50143 -0.08490
v -0.14691 0.50950 -0.08626
v -0.13070 0.49390 -0.10661
v -0.13214 0.51612 -0.05400
v -0.15593 0.50158 -0.07907
v -0.14245 0.52505 -0.05725
v -0.14561 0.49265 -0.07583
v -0.15593 0.50158 -0.07907
v -0.13214 0.51612 -0.05400
v -0.13101 0.50143 -0.08490
v -0.13679 0.52713 -0.06987
v -0.14691 0.50950 -0.08626
v -0.12210 0.51693 -0.07048
v -0.13679 0.52713 -0.06987
v -0.13101 0.50143 -0.08490
v -0.10988 0.54270 -0.05154
v -0.14245 0.52505 -0.05725
v -0.12018 0.55163 -0.05478
v -0.13214 0.51612 -0.05400
v -0.14245 0.52505 -0.05725
v -0.10988 0.54270 -0.05154
v -0.12210 0.51693 -0.07048
v -0.12006 0.54710 -0.06801
v -0.13679 0.52713 -0.06987
v -0.10738 0.53451 -0.06884
v -0.12006 0.54710 -0.06801
v -0.12210 0.51693 -0.07048
v -0.08732 0.56224 -0.06937
v -0.12018 0.55163 -0.05478
v -0.09764 0.57118 -0.07261
v -0.10988 0.54270 -0.05154
v -0.12018 0.55163 -0.05478
v -0.08732 0.56224 -0.06937
v -0.10738 0.53451 -0.06884
v -0.10312 0.56179 -0.08141
v -0.12006 0.54710 -0.06801
v -0.09248 0.54743 -0.08063
v -0.10312 0.56179 -0.08141
v -0.10738 0.53451 -0.06884
v -0.07311 0.56729 -0.10069
v -0.09764 0.57118 -0.07261
v -0.08342 0.57622 -0.10393
v -0.08732 0.56224 -0.06937
v -0.09764 0.57118 -0.07261
v -0.07311 0.56729 -0.10069
v -0.09248 0.54743 -0.08063
v -0.09244 0.56558 -0.10494
v -0.10312 0.56179 -0.08141
v -0.08308 0.55076 -0.10133
v -0.09244 0.56558 -0.10494
v -0.09248 0.54743 -0.08063
v -0.07265 0.55590 -0.13353
v -0.08342 0.57622 -0.10393
v -0.08295 0.56483 -0.13677
v -0.07311 0.56729 -0.10069
v -0.08342 0.57622 -0.10393
v -0.07265 0.55590 -0.13353
v -0.08308 0.55076 -0.10133
v -0.09209 0.55703 -0.12961
v -0.09244 0.56558 -0.10494
v -0.08277 0.54323 -0.12304
v -0.09209 0.55703 -0.12961
v -0.08308 0.55076 -0.10133
v -0.10551 0.55758 -0.09830
v -0.14543 0.58486 -0.12646
v -0.10122 0.55612 -0.11597
v -0.14558 0.58330 -0.11220
v -0.14543 0.58486 -0.12646
v -0.10551 0.55758 -0.09830
v -0.10122 0.55612 -0.11597
v -0.14809 0.57773 -0.13765
v -0.10476 0.54665 -0.13084
v -0.14543 0.58486 -0.12646
v -0.14809 0.57773 -0.13765
v -0.10122 0.55612 -0.11597
v -0.12741 0.51985 -0.13268
v -0.16994 0.54955 -0.12774
v -0.13788 0.51275 -0.11895
v -0.12741 0.51985 -0.13268
v -0.16052 0.55356 -0.13758
v -0.16994 0.54955 -0.12774
v -0.11476 0.53280 -0.13722
v -0.16052 0.55356 -0.13758
v -0.12741 0.51985 -0.13268
v -0.11476 0.53280 -0.13722
v -0.15254 0.56464 -0.14148
v -0.16052 0.55356 -0.13758
v -0.10476 0.54665 -0.13084
v -0.15254 0.56464 -0.14148
v -0.11476 0.53280 -0.13722
v -0.10476 0.54665 -0.13084
v -0.14809 0.57773 -0.13765
v -0.15254 0.56464 -0.14148
v -0.13788 0.51275 -0.11895
v -0.17624 0.55332 -0.11541
v -0.14217 0.51421 -0.10128
v -0.16994 0.54955 -0.12774
v -0.17624 0.55332 -0.11541
v -0.13788 0.51275 -0.11895
v -0.14217 0.51421 -0.10128
v -0.17357 0.56044 -0.10422
v -0.13864 0.52368 -0.08642
v -0.17624 0.55332 -0.11541
v -0.17357 0.56044 -0.10422
v -0.14217 0.51421 -0.10128
v -0.13864 0.52368 -0.08642
v -0.16298 0.56821 -0.09846
v -0.12862 0.53753 -0.08004
v -0.17357 0.56044 -0.10422
v -0.16298 0.56821 -0.09846
v -0.13864 0.52368 -0.08642
v -0.12862 0.53753 -0.08004
v -0.15192 0.57662 -0.10139
v -0.11599 0.55048 -0.08458
v -0.16298 0.56821 -0.09846
v -0.15192 0.57662 -0.10139
v -0.12862 0.53753 -0.08004
v -0.11599 0.55048 -0.08458
v -0.14558 0.58330 -0.11220
v -0.10551 0.55758 -0.09830
v -0.15192 0.57662 -0.10139
v -0.14558 0.58330 -0.11220
v -0.11599 0.55048 -0.08458
v -0.14543 0.58486 -0.12646
v -0.15254 0.56464 -0.14148
v -0.14809 0.57773 -0.13765
v -0.14558 0.58330 -0.11220
v -0.15254 0.56464 -0.14148
v -0.14543 0.58486 -0.12646
v -0.14558 0.58330 -0.11220
v -0.16052 0.55356 -0.13758
v -0.15254 0.56464 -0.14148
v -0.15192 0.57662 -0.10139
v -0.16052 0.55356 -0.13758
v -0.14558 0.58330 -0.11220
v -0.15192 0.57662 -0.10139
v -0.16994 0.54955 -0.12774
v -0.16052 0.55356 -0.13758
v -0.16298 0.56821 -0.09846
v -0.16994 0.54955 -0.12774
v -0.15192 0.57662 -0.10139
v -0.16298 0.56821 -0.09846
v -0.17624 0.55332 -0.11541
v -0.16994 0.54955 -0.12774
v -0.17357 0.56044 -0.10422
v -0.17624 0.55332 -0.11541
v -0.16298 0.56821 -0.09846
v 0.18127 0.51519 0.08420
v 0.18610 0.50913 0.11650
v 0.17271 0.51619 0.09521
v 0.19909 0.50579 0.11253
v 0.18610 0.50913 0.11650
v 0.18127 0.51519 0.08420
v 0.15028 0.52599 0.07277
v 0.17271 0.51619 0.09521
v 0.14941 0.52430 0.08663
v 0.18127 0.51519 0.08420
v 0.17271 0.51619 0.09521
v 0.15028 0.52599 0.07277
v 0.11792 0.53406 0.08261
v 0.14941 0.52430 0.08663
v 0.12512 0.53037 0.09402
v 0.15028 0.52599 0.07277
v 0.14941 0.52430 0.08663
v 0.11792 0.53406 0.08261
v 0.09658 0.53634 0.10996
v 0.12512 0.53037 0.09402
v 0.10909 0.53207 0.11457
v 0.11792 0.53406 0.08261
v 0.12512 0.53037 0.09402
v 0.09658 0.53634 0.10996
v 0.09441 0.53193 0.14437
v 0.10909 0.53207 0.11457
v 0.10745 0.52877 0.14043
v 0.09658 0.53634 0.10996
v 0.10909 0.53207 0.11457
v 0.09441 0.53193 0.14437
v 0.11222 0.52254 0.17271
v 0.10745 0.52877 0.14043
v 0.12083 0.52171 0.16171
v 0.09441 0.53193 0.14437
v 0.10745 0.52877 0.14043
v 0.11222 0.52254 0.17271
v 0.14323 0.51174 0.18414
v 0.12083 0.52171 0.16171
v 0.14413 0.51360 0.17030
v 0.11222 0.52254 0.17271
v 0.12083 0.52171 0.16171
v 0.14323 0.51174 0.18414
v 0.17558 0.50366 0.17430
v 0.14413 0.51360 0.17030
v 0.16843 0.50753 0.16291
v 0.14323 0.51174 0.18414
v 0.14413 0.51360 0.17030
v 0.17558 0.50366 0.17430
v 0.19691 0.50139 0.14695
v 0.16843 0.50753 0.16291
v 0.18446 0.50582 0.14236
v 0.17558 0.50366 0.17430
v 0.16843 0.50753 0.16291
v 0.19691 0.50139 0.14695
v 0.19909 0.50579 0.11253
v 0.18446 0.50582 0.14236
v 0.18610 0.50913 0.11650
v 0.19691 0.50139 0.14695
v 0.18446 0.50582 0.14236
v 0.19909 0.50579 0.11253
v 0.16819 0.42189 0.18639
v 0.21246 0.41239 0.14979
v 0.17502 0.41638 0.19779
v 0.20022 0.41848 0.14534
v 0.21246 0.41239 0.14979
v 0.16819 0.42189 0.18639
v 0.20022 0.41848 0.14534
v 0.21627 0.42012 0.08941
v 0.21246 0.41239 0.14979
v 0.20349 0.42508 0.09369
v 0.21627 0.42012 0.08941
v 0.20022 0.41848 0.14534
v 0.20349 0.42508 0.09369
v 0.18501 0.43660 0.03969
v 0.21627 0.42012 0.08941
v 0.17674 0.43918 0.05117
v 0.18501 0.43660 0.03969
v 0.20349 0.42508 0.09369
v 0.17674 0.43918 0.05117
v 0.13061 0.45555 0.01964
v 0.18501 0.43660 0.03969
v 0.13020 0.45539 0.03401
v 0.13061 0.45555 0.01964
v 0.17674 0.43918 0.05117
v 0.13020 0.45539 0.03401
v 0.07385 0.46973 0.03690
v 0.13061 0.45555 0.01964
v 0.08165 0.46751 0.04878
v 0.07385 0.46973 0.03690
v 0.13020 0.45539 0.03401
v 0.08165 0.46751 0.04878
v 0.03643 0.47371 0.08490
v 0.07385 0.46973 0.03690
v 0.04963 0.47092 0.08983
v 0.03643 0.47371 0.08490
v 0.08165 0.46751 0.04878
v 0.04963 0.47092 0.08983
v 0.03260 0.46599 0.14528
v 0.03643 0.47371 0.08490
v 0.04636 0.46432 0.14148
v 0.03260 0.46599 0.14528
v 0.04963 0.47092 0.08983
v 0.04636 0.46432 0.14148
v 0.06386 0.44950 0.19500
v 0.03260 0.46599 0.14528
v 0.07311 0.45022 0.18401
v 0.06386 0.44950 0.19500
v 0.04636 0.46432 0.14148
v 0.07311 0.45022 0.18401
v 0.11827 0.43056 0.21505
v 0.06386 0.44950 0.19500
v 0.11964 0.43401 0.20116
v 0.11827 0.43056 0.21505
v 0.07311 0.45022 0.18401
v 0.11964 0.43401 0.20116
v 0.17502 0.41638 0.19779
v 0.11827 0.43056 0.21505
v 0.16819 0.42189 0.18639
v 0.17502 0.41638 0.19779
v 0.11964 0.43401 0.20116
v 0.17735 0.50187 0.08225
v 0.19909 0.50579 0.11253
v 0.18127 0.51519 0.08420
v 0.19517 0.49248 0.11058
v 0.19909 0.50579 0.11253
v 0.17735 0.50187 0.08225
v 0.17657 0.49400 0.11555
v 0.17271 0.51619 0.09521
v 0.18610 0.50913 0.11650
v 0.16481 0.50021 0.09682
v 0.17271 0.51619 0.09521
v 0.17657 0.49400 0.11555
v 0.14635 0.51267 0.07082
v 0.18127 0.51519 0.08420
v 0.15028 0.52599 0.07277
v 0.17735 0.50187 0.08225
v 0.18127 0.51519 0.08420
v 0.14635 0.51267 0.07082
v 0.16481 0.50021 0.09682
v 0.14941 0.52430 0.08663
v 0.17271 0.51619 0.09521
v 0.14430 0.50735 0.08927
v 0.14941 0.52430 0.08663
v 0.16481 0.50021 0.09682
v 0.11400 0.52075 0.08066
v 0.15028 0.52599 0.07277
v 0.11792 0.53406 0.08261
v 0.14635 0.51267 0.07082
v 0.15028 0.52599 0.07277
v 0.11400 0.52075 0.08066
v 0.14430 0.50735 0.08927
v 0.12512 0.53037 0.09402
v 0.14941 0.52430 0.08663
v 0.12292 0.51269 0.09577
v 0.12512 0.53037 0.09402
v 0.14430 0.50735 0.08927
v 0.09266 0.52302 0.10801
v 0.11792 0.53406 0.08261
v 0.09658 0.53634 0.10996
v 0.11400 0.52075 0.08066
v 0.11792 0.53406 0.08261
v 0.09266 0.52302 0.10801
v 0.12292 0.51269 0.09577
v 0.10909 0.53207 0.11457
v 0.12512 0.53037 0.09402
v 0.10881 0.51419 0.11385
v 0.10909 0.53207 0.11457
v 0.12292 0.51269 0.09577
v 0.09049 0.51862 0.14242
v 0.09658 0.53634 0.10996
v 0.09441 0.53193 0.14437
v 0.09266 0.52302 0.10801
v 0.09658 0.53634 0.10996
v 0.09049 0.51862 0.14242
v 0.10881 0.51419 0.11385
v 0.10745 0.52877 0.14043
v 0.10909 0.53207 0.11457
v 0.10739 0.51129 0.13660
v 0.10745 0.52877 0.14043
v 0.10881 0.51419 0.11385
v 0.10831 0.50922 0.17076
v 0.09441 0.53193 0.14437
v 0.11222 0.52254 0.17271
v 0.09049 0.51862 0.14242
v 0.09441 0.53193 0.14437
v 0.10831 0.50922 0.17076
v 0.10739 0.51129 0.13660
v 0.12083 0.52171 0.16171
v 0.10745 0.52877 0.14043
v 0.11915 0.50507 0.15533
v 0.12083 0.52171 0.16171
v 0.10739 0.51129 0.13660
v 0.13931 0.49843 0.18219
v 0.11222 0.52254 0.17271
v 0.14323 0.51174 0.18414
v 0.10831 0.50922 0.17076
v 0.11222 0.52254 0.17271
v 0.13931 0.49843 0.18219
v 0.11915 0.50507 0.15533
v 0.14413 0.51360 0.17030
v 0.12083 0.52171 0.16171
v 0.13965 0.49794 0.16288
v 0.14413 0.51360 0.17030
v 0.11915 0.50507 0.15533
v 0.17166 0.49035 0.17235
v 0.14323 0.51174 0.18414
v 0.17558 0.50366 0.17430
v 0.13931 0.49843 0.18219
v 0.14323 0.51174 0.18414
v 0.17166 0.49035 0.17235
v 0.13965 0.49794 0.16288
v 0.16843 0.50753 0.16291
v 0.14413 0.51360 0.17030
v 0.16103 0.49260 0.15638
v 0.16843 0.50753 0.16291
v 0.13965 0.49794 0.16288
v 0.19299 0.48807 0.14499
v 0.17558 0.50366 0.17430
v 0.19691 0.50139 0.14695
v 0.17166 0.49035 0.17235
v 0.17558 0.50366 0.17430
v 0.19299 0.48807 0.14499
v 0.16103 0.49260 0.15638
v 0.18446 0.50582 0.14236
v 0.16843 0.50753 0.16291
v 0.17513 0.49110 0.13830
v 0.18446 0.50582 0.14236
v 0.16103 0.49260 0.15638
v 0.19517 0.49248 0.11058
v 0.19691 0.50139 0.14695
v 0.19909 0.50579 0.11253
v 0.19299 0.48807 0.14499
v 0.19691 0.50139 0.14695
v 0.19517 0.49248 0.11058
v 0.17513 0.49110 0.13830
v 0.18610 0.50913 0.11650
v 0.18446 0.50582 0.14236
v 0.17657 0.49400 0.11555
v 0.18610 0.50913 0.11650
v 0.17513 0.49110 0.13830
v 0.16962 0.56896 0.11512
v 0.17798 0.56157 0.14872
v 0.15557 0.57096 0.11464
v 0.18428 0.56590 0.13658
v 0.17798 0.56157 0.14872
v 0.16962 0.56896 0.11512
v 0.18428 0.56590 0.13658
v 0.16974 0.51273 0.14617
v 0.17798 0.56157 0.14872
v 0.17656 0.51320 0.12926
v 0.16974 0.51273 0.14617
v 0.18428 0.56590 0.13658
v 0.17656 0.51320 0.12926
v 0.18108 0.56872 0.12374
v 0.17231 0.51695 0.11220
v 0.18428 0.56590 0.13658
v 0.18108 0.56872 0.12374
v 0.17656 0.51320 0.12926
v 0.14074 0.52784 0.10128
v 0.14466 0.57519 0.12269
v 0.12547 0.53083 0.11159
v 0.14074 0.52784 0.10128
v 0.15557 0.57096 0.11464
v 0.14466 0.57519 0.12269
v 0.15863 0.52254 0.10152
v 0.15557 0.57096 0.11464
v 0.14074 0.52784 0.10128
v 0.15863 0.52254 0.10152
v 0.16962 0.56896 0.11512
v 0.15557 0.57096 0.11464
v 0.17231 0.51695 0.11220
v 0.16962 0.56896 0.11512
v 0.15863 0.52254 0.10152
v 0.17231 0.51695 0.11220
v 0.18108 0.56872 0.12374
v 0.16962 0.56896 0.11512
v 0.12547 0.53083 0.11159
v 0.14070 0.57880 0.13600
v 0.11865 0.53036 0.12850
v 0.14466 0.57519 0.12269
v 0.14070 0.57880 0.13600
v 0.12547 0.53083 0.11159
v 0.11865 0.53036 0.12850
v 0.14390 0.57599 0.14884
v 0.12289 0.52661 0.14555
v 0.14070 0.57880 0.13600
v 0.14390 0.57599 0.14884
v 0.11865 0.53036 0.12850
v 0.12289 0.52661 0.14555
v 0.15302 0.56781 0.15630
v 0.13658 0.52102 0.15624
v 0.14390 0.57599 0.14884
v 0.15302 0.56781 0.15630
v 0.12289 0.52661 0.14555
v 0.13658 0.52102 0.15624
v 0.16590 0.56183 0.15619
v 0.15447 0.51572 0.15648
v 0.15302 0.56781 0.15630
v 0.16590 0.56183 0.15619
v 0.13658 0.52102 0.15624
v 0.15447 0.51572 0.15648
v 0.17798 0.56157 0.14872
v 0.16974 0.51273 0.14617
v 0.16590 0.56183 0.15619
v 0.17798 0.56157 0.14872
v 0.15447 0.51572 0.15648
v 0.14070 0.57880 0.13600
v 0.15302 0.56781 0.15630
v 0.14390 0.57599 0.14884
v 0.14466 0.57519 0.12269
v 0.15302 0.56781 0.15630
v 0.14070 0.57880 0.13600
v 0.14466 0.57519 0.12269
v 0.16590 0.56183 0.15619
v 0.15302 0.56781 0.15630
v 0.15557 0.57096 0.11464
v 0.16590 0.56183 0.15619
v 0.14466 0.57519 0.12269
v 0.15557 0.57096 0.11464
v 0.17798 0.56157 0.14872
v 0.16590 0.56183 0.15619
v 0.18428 0.56590 0.13658
v 0.16962 0.56896 0.11512
v 0.18108 0.56872 0.12374
v 0.51639 0.49811 -0.00724
v 0.53050 0.48497 0.01982
v 0.51093 0.49351 0.00479
v 0.54245 0.48673 0.01277
v 0.53050 0.48497 0.01982
v 0.51639 0.49811 -0.00724
v 0.48192 0.50230 -0.00883
v 0.51093 0.49351 0.00479
v 0.48503 0.49667 0.00359
v 0.51639 0.49811 -0.00724
v 0.51093 0.49351 0.00479
v 0.48192 0.50230 -0.00883
v 0.45220 0.49771 0.00861
v 0.48503 0.49667 0.00359
v 0.46269 0.49322 0.01670
v 0.48192 0.50230 -0.00883
v 0.48503 0.49667 0.00359
v 0.45220 0.49771 0.00861
v 0.43858 0.48610 0.03841
v 0.46269 0.49322 0.01670
v 0.45246 0.48449 0.03909
v 0.45220 0.49771 0.00861
v 0.46269 0.49322 0.01670
v 0.43858 0.48610 0.03841
v 0.44627 0.47189 0.06919
v 0.45246 0.48449 0.03909
v 0.45823 0.47382 0.06221
v 0.43858 0.48610 0.03841
v 0.45246 0.48449 0.03909
v 0.44627 0.47189 0.06919
v 0.47232 0.46052 0.08920
v 0.45823 0.47382 0.06221
v 0.47781 0.46527 0.07724
v 0.44627 0.47189 0.06919
v 0.45823 0.47382 0.06221
v 0.47232 0.46052 0.08920
v 0.50679 0.45632 0.09079
v 0.47781 0.46527 0.07724
v 0.50371 0.46212 0.07843
v 0.47232 0.46052 0.08920
v 0.47781 0.46527 0.07724
v 0.50679 0.45632 0.09079
v 0.53652 0.46091 0.07335
v 0.50371 0.46212 0.07843
v 0.52604 0.46556 0.06533
v 0.50679 0.45632 0.09079
v 0.50371 0.46212 0.07843
v 0.53652 0.46091 0.07335
v 0.55015 0.47252 0.04355
v 0.52604 0.46556 0.06533
v 0.53627 0.47429 0.04294
v 0.53652 0.46091 0.07335
v 0.52604 0.46556 0.06533
v 0.55015 0.47252 0.04355
v 0.54245 0.48673 0.01277
v 0.53627 0.47429 0.04294
v 0.53050 0.48497 0.01982
v 0.55015 0.47252 0.04355
v 0.53627 0.47429 0.04294
v 0.54245 0.48673 0.01277
v 0.55039 0.38044 0.05848
v 0.58483 0.39457 0.01371
v 0.56094 0.37419 0.06600
v 0.57083 0.39788 0.01375
v 0.58483 0.39457 0.01371
v 0.55039 0.38044 0.05848
v 0.57083 0.39788 0.01375
v 0.57135 0.41950 -0.04030
v 0.58483 0.39457 0.01371
v 0.55930 0.41920 -0.03245
v 0.57135 0.41950 -0.04030
v 0.57083 0.39788 0.01375
v 0.55930 0.41920 -0.03245
v 0.52562 0.43946 -0.07540
v 0.57135 0.41950 -0.04030
v 0.52020 0.43627 -0.06247
v 0.52562 0.43946 -0.07540
v 0.55930 0.41920 -0.03245
v 0.52020 0.43627 -0.06247
v 0.46513 0.44682 -0.07818
v 0.52562 0.43946 -0.07540
v 0.46845 0.44257 -0.06485
v 0.46513 0.44682 -0.07818
v 0.52020 0.43627 -0.06247
v 0.46845 0.44257 -0.06485
v 0.41298 0.43878 -0.04759
v 0.46513 0.44682 -0.07818
v 0.42385 0.43569 -0.03868
v 0.41298 0.43878 -0.04759
v 0.46845 0.44257 -0.06485
v 0.42385 0.43569 -0.03868
v 0.38908 0.41839 0.00470
v 0.41298 0.43878 -0.04759
v 0.40340 0.41825 0.00605
v 0.38908 0.41839 0.00470
v 0.42385 0.43569 -0.03868
v 0.40340 0.41825 0.00605
v 0.40257 0.39346 0.05872
v 0.38908 0.41839 0.00470
v 0.41494 0.39693 0.05225
v 0.40257 0.39346 0.05872
v 0.40340 0.41825 0.00605
v 0.41494 0.39693 0.05225
v 0.44830 0.37350 0.09382
v 0.40257 0.39346 0.05872
v 0.45405 0.37985 0.08227
v 0.44830 0.37350 0.09382
v 0.41494 0.39693 0.05225
v 0.45405 0.37985 0.08227
v 0.50878 0.36614 0.09660
v 0.44830 0.37350 0.09382
v 0.50579 0.37356 0.08465
v 0.50878 0.36614 0.09660
v 0.45405 0.37985 0.08227
v 0.50579 0.37356 0.08465
v 0.56094 0.37419 0.06600
v 0.50878 0.36614 0.09660
v 0.55039 0.38044 0.05848
v 0.56094 0.37419 0.06600
v 0.50579 0.37356 0.08465
v 0.51509 0.48531 -0.01282
v 0.54245 0.48673 0.01277
v 0.51639 0.49811 -0.00724
v 0.54115 0.47394 0.00718
v 0.54245 0.48673 0.01277
v 0.51509 0.48531 -0.01282
v 0.52456 0.46863 0.01553
v 0.51093 0.49351 0.00479
v 0.53050 0.48497 0.01982
v 0.50735 0.47616 0.00231
v 0.51093 0.49351 0.00479
v 0.52456 0.46863 0.01553
v 0.48062 0.48951 -0.01440
v 0.51639 0.49811 -0.00724
v 0.48192 0.50230 -0.00883
v 0.51509 0.48531 -0.01282
v 0.51639 0.49811 -0.00724
v 0.48062 0.48951 -0.01440
v 0.50735 0.47616 0.00231
v 0.48503 0.49667 0.00359
v 0.51093 0.49351 0.00479
v 0.48456 0.47893 0.00126
v 0.48503 0.49667 0.00359
v 0.50735 0.47616 0.00231
v 0.45090 0.48492 0.00303
v 0.48192 0.50230 -0.00883
v 0.45220 0.49771 0.00861
v 0.48062 0.48951 -0.01440
v 0.48192 0.50230 -0.00883
v 0.45090 0.48492 0.00303
v 0.48456 0.47893 0.00126
v 0.46269 0.49322 0.01670
v 0.48503 0.49667 0.00359
v 0.46491 0.47590 0.01279
v 0.46269 0.49322 0.01670
v 0.48456 0.47893 0.00126
v 0.43728 0.47331 0.03283
v 0.45220 0.49771 0.00861
v 0.43858 0.48610 0.03841
v 0.45090 0.48492 0.00303
v 0.45220 0.49771 0.00861
v 0.43728 0.47331 0.03283
v 0.46491 0.47590 0.01279
v 0.45246 0.48449 0.03909
v 0.46269 0.49322 0.01670
v 0.45591 0.46822 0.03249
v 0.45246 0.48449 0.03909
v 0.46491 0.47590 0.01279
v 0.44497 0.45910 0.06361
v 0.43858 0.48610 0.03841
v 0.44627 0.47189 0.06919
v 0.43728 0.47331 0.03283
v 0.43858 0.48610 0.03841
v 0.44497 0.45910 0.06361
v 0.45591 0.46822 0.03249
v 0.45823 0.47382 0.06221
v 0.45246 0.48449 0.03909
v 0.46099 0.45883 0.05283
v 0.45823 0.47382 0.06221
v 0.45591 0.46822 0.03249
v 0.47102 0.44772 0.08362
v 0.44627 0.47189 0.06919
v 0.47232 0.46052 0.08920
v 0.44497 0.45910 0.06361
v 0.44627 0.47189 0.06919
v 0.47102 0.44772 0.08362
v 0.46099 0.45883 0.05283
v 0.47781 0.46527 0.07724
v 0.45823 0.47382 0.06221
v 0.47821 0.45130 0.06605
v 0.47781 0.46527 0.07724
v 0.46099 0.45883 0.05283
v 0.50550 0.44353 0.08520
v 0.47232 0.46052 0.08920
v 0.50679 0.45632 0.09079
v 0.47102 0.44772 0.08362
v 0.47232 0.46052 0.08920
v 0.50550 0.44353 0.08520
v 0.47821 0.45130 0.06605
v 0.50371 0.46212 0.07843
v 0.47781 0.46527 0.07724
v 0.50100 0.44853 0.06710
v 0.50371 0.46212 0.07843
v 0.47821 0.45130 0.06605
v 0.53522 0.44812 0.06777
v 0.50679 0.45632 0.09079
v 0.53652 0.46091 0.07335
v 0.50550 0.44353 0.08520
v 0.50679 0.45632 0.09079
v 0.53522 0.44812 0.06777
v 0.50100 0.44853 0.06710
v 0.52604 0.46556 0.06533
v 0.50371 0.46212 0.07843
v 0.52064 0.45156 0.05558
v 0.52604 0.46556 0.06533
v 0.50100 0.44853 0.06710
v 0.54885 0.45973 0.03797
v 0.53652 0.46091 0.07335
v 0.55015 0.47252 0.04355
v 0.53522 0.44812 0.06777
v 0.53652 0.46091 0.07335
v 0.54885 0.45973 0.03797
v 0.52064 0.45156 0.05558
v 0.53627 0.47429 0.04294
v 0.52604 0.46556 0.06533
v 0.52964 0.45924 0.03588
v 0.53627 0.47429 0.04294
v 0.52064 0.45156 0.05558
v 0.54115 0.47394 0.00718
v 0.55015 0.47252 0.04355
v 0.54245 0.48673 0.01277
v 0.54885 0.45973 0.03797
v 0.55015 0.47252 0.04355
v 0.54115 0.47394 0.00718
v 0.52964 0.45924 0.03588
v 0.53050 0.48497 0.01982
v 0.53627 0.47429 0.04294
v 0.52456 0.46863 0.01553
v 0.53050 0.48497 0.01982
v 0.52964 0.45924 0.03588
v 0.52188 0.47536 0.05135
v 0.52158 0.53094 0.05772
v 0.52388 0.48243 0.03466
v 0.51969 0.52180 0.06861
v 0.52158 0.53094 0.05772
v 0.52188 0.47536 0.05135
v 0.52388 0.48243 0.03466
v 0.51469 0.53617 0.04733
v 0.51472 0.48939 0.02085
v 0.52158 0.53094 0.05772
v 0.51469 0.53617 0.04733
v 0.52388 0.48243 0.03466
v 0.47982 0.49337 0.01986
v 0.47870 0.53197 0.05485
v 0.46741 0.48887 0.03306
v 0.47982 0.49337 0.01986
v 0.48785 0.53344 0.04409
v 0.47870 0.53197 0.05485
v 0.49789 0.49357 0.01520
v 0.48785 0.53344 0.04409
v 0.47982 0.49337 0.01986
v 0.49789 0.49357 0.01520
v 0.50164 0.53550 0.04141
v 0.48785 0.53344 0.04409
v 0.51472 0.48939 0.02085
v 0.50164 0.53550 0.04141
v 0.49789 0.49357 0.01520
v 0.51472 0.48939 0.02085
v 0.51469 0.53617 0.04733
v 0.50164 0.53550 0.04141
v 0.46741 0.48887 0.03306
v 0.47757 0.53046 0.06907
v 0.46540 0.48179 0.04975
v 0.47870 0.53197 0.05485
v 0.47757 0.53046 0.06907
v 0.46741 0.48887 0.03306
v 0.46540 0.48179 0.04975
v 0.48447 0.52522 0.07947
v 0.47456 0.47484 0.06356
v 0.47757 0.53046 0.06907
v 0.48447 0.52522 0.07947
v 0.46540 0.48179 0.04975
v 0.47456 0.47484 0.06356
v 0.49676 0.51827 0.08206
v 0.49141 0.47066 0.06921
v 0.48447 0.52522 0.07947
v 0.49676 0.51827 0.08206
v 0.47456 0.47484 0.06356
v 0.49141 0.47066 0.06921
v 0.51017 0.51650 0.07771
v 0.50947 0.47086 0.06454
v 0.49676 0.51827 0.08206
v 0.51017 0.51650 0.07771
v 0.49141 0.47066 0.06921
v 0.50947 0.47086 0.06454
v 0.51969 0.52180 0.06861
v 0.52188 0.47536 0.05135
v 0.51017 0.51650 0.07771
v 0.51969 0.52180 0.06861
v 0.50947 0.47086 0.06454
v 0.52158 0.53094 0.05772
v 0.50164 0.53550 0.04141
v 0.51469 0.53617 0.04733
v 0.51969 0.52180 0.06861
v 0.50164 0.53550 0.04141
v 0.52158 0.53094 0.05772
v 0.51969 0.52180 0.06861
v 0.48785 0.53344 0.04409
v 0.50164 0.53550 0.04141
v 0.51017 0.51650 0.07771
v 0.48785 0.53344 0.04409
v 0.51969 0.52180 0.06861
v 0.51017 0.51650 0.07771
v 0.47870 0.53197 0.05485
v 0.48785 0.53344 0.04409
v 0.49676 0.51827 0.08206
v 0.47870 0.53197 0.05485
v 0.51017 0.51650 0.07771
v 0.49676 0.51827 0.08206
v 0.47757 0.53046 0.06907
v 0.47870 0.53197 0.05485
v 0.48447 0.52522 0.07947
v 0.47757 0.53046 0.06907
v 0.49676 0.51827 0.08206
v -0.45811 0.45596 -0.31996
v -0.45988 0.45605 -0.28679
v -0.46906 0.45605 -0.31124
v -0.44591 0.45596 -0.28742
v -0.45988 0.45605 -0.28679
v -0.45811 0.45596 -0.31996
v -0.48714 0.45596 -0.33911
v -0.46906 0.45605 -0.31124
v -0.49086 0.45605 -0.32563
v -0.45811 0.45596 -0.31996
v -0.46906 0.45605 -0.31124
v -0.48714 0.45596 -0.33911
v -0.52187 0.45596 -0.33755
v -0.49086 0.45605 -0.32563
v -0.51694 0.45605 -0.32446
v -0.48714 0.45596 -0.33911
v -0.49086 0.45605 -0.32563
v -0.52187 0.45596 -0.33755
v -0.54904 0.45596 -0.31588
v -0.51694 0.45605 -0.32446
v -0.53737 0.45605 -0.30817
v -0.52187 0.45596 -0.33755
v -0.51694 0.45605 -0.32446
v -0.54904 0.45596 -0.31588
v -0.55829 0.45596 -0.28237
v -0.53737 0.45605 -0.30817
v -0.54431 0.45605 -0.28299
v -0.54904 0.45596 -0.31588
v -0.53737 0.45605 -0.30817
v -0.55829 0.45596 -0.28237
v -0.54606 0.45596 -0.24982
v -0.54431 0.45605 -0.28299
v -0.53514 0.45605 -0.25854
v -0.55829 0.45596 -0.28237
v -0.54431 0.45605 -0.28299
v -0.54606 0.45596 -0.24982
v -0.51705 0.45596 -0.23067
v -0.53514 0.45605 -0.25854
v -0.51334 0.45605 -0.24415
v -0.54606 0.45596 -0.24982
v -0.53514 0.45605 -0.25854
v -0.51705 0.45596 -0.23067
v -0.48233 0.45596 -0.23223
v -0.51334 0.45605 -0.24415
v -0.48725 0.45605 -0.24533
v -0.51705 0.45596 -0.23067
v -0.51334 0.45605 -0.24415
v -0.48233 0.45596 -0.23223
v -0.45515 0.45596 -0.25391
v -0.48725 0.45605 -0.24533
v -0.46683 0.45605 -0.26161
v -0.48233 0.45596 -0.23223
v -0.48725 0.45605 -0.24533
v -0.45515 0.45596 -0.25391
v -0.44591 0.45596 -0.28742
v -0.46683 0.45605 -0.26161
v -0.45988 0.45605 -0.28679
v -0.45515 0.45596 -0.25391
v -0.46683 0.45605 -0.26161
v -0.44591 0.45596 -0.28742
v -0.44154 0.07648 -0.24492
v -0.41735 0.07488 -0.28870
v -0.43129 0.07488 -0.23816
v -0.42959 0.07648 -0.28815
v -0.41735 0.07488 -0.28870
v -0.44154 0.07648 -0.24492
v -0.47660 0.07648 -0.21695
v -0.43129 0.07488 -0.23816
v -0.47228 0.07488 -0.20546
v -0.44154 0.07648 -0.24492
v -0.43129 0.07488 -0.23816
v -0.47660 0.07648 -0.21695
v -0.52140 0.07648 -0.21494
v -0.47228 0.07488 -0.20546
v -0.52466 0.07488 -0.20311
v -0.47660 0.07648 -0.21695
v -0.47228 0.07488 -0.20546
v -0.52140 0.07648 -0.21494
v -0.55882 0.07648 -0.23964
v -0.52466 0.07488 -0.20311
v -0.56843 0.07488 -0.23199
v -0.52140 0.07648 -0.21494
v -0.52466 0.07488 -0.20311
v -0.55882 0.07648 -0.23964
v -0.57458 0.07648 -0.28163
v -0.56843 0.07488 -0.23199
v -0.58685 0.07488 -0.28108
v -0.55882 0.07648 -0.23964
v -0.56843 0.07488 -0.23199
v -0.57458 0.07648 -0.28163
v -0.56265 0.07648 -0.32487
v -0.58685 0.07488 -0.28108
v -0.57290 0.07488 -0.33163
v -0.57458 0.07648 -0.28163
v -0.58685 0.07488 -0.28108
v -0.56265 0.07648 -0.32487
v -0.52760 0.07648 -0.35283
v -0.57290 0.07488 -0.33163
v -0.53191 0.07488 -0.36432
v -0.56265 0.07648 -0.32487
v -0.57290 0.07488 -0.33163
v -0.52760 0.07648 -0.35283
v -0.48280 0.07648 -0.35485
v -0.53191 0.07488 -0.36432
v -0.47953 0.07488 -0.36668
v -0.52760 0.07648 -0.35283
v -0.53191 0.07488 -0.36432
v -0.48280 0.07648 -0.35485
v -0.44537 0.07648 -0.33014
v -0.47953 0.07488 -0.36668
v -0.43577 0.07488 -0.33779
v -0.48280 0.07648 -0.35485
v -0.47953 0.07488 -0.36668
v -0.44537 0.07648 -0.33014
v -0.42959 0.07648 -0.28815
v -0.43577 0.07488 -0.33779
v -0.41735 0.07488 -0.28870
v -0.44537 0.07648 -0.33014
v -0.43577 0.07488 -0.33779
v -0.42959 0.07648 -0.28815
v -0.47243 0.37789 -0.20586
v -0.41972 0.37616 -0.23052
v -0.46740 0.37616 -0.19249
v -0.43163 0.37789 -0.23839
v -0.41972 0.37616 -0.23052
v -0.47243 0.37789 -0.20586
v -0.43163 0.37789 -0.23839
v -0.40349 0.37616 -0.28932
v -0.41972 0.37616 -0.23052
v -0.41775 0.37789 -0.28868
v -0.40349 0.37616 -0.28932
v -0.43163 0.37789 -0.23839
v -0.41775 0.37789 -0.28868
v -0.42494 0.37616 -0.34643
v -0.40349 0.37616 -0.28932
v -0.43610 0.37789 -0.33753
v -0.42494 0.37616 -0.34643
v -0.41775 0.37789 -0.28868
v -0.43610 0.37789 -0.33753
v -0.47584 0.37616 -0.38003
v -0.42494 0.37616 -0.34643
v -0.47964 0.37789 -0.36627
v -0.47584 0.37616 -0.38003
v -0.43610 0.37789 -0.33753
v -0.47964 0.37789 -0.36627
v -0.53677 0.37616 -0.37729
v -0.47584 0.37616 -0.38003
v -0.53176 0.37789 -0.36393
v -0.53677 0.37616 -0.37729
v -0.47964 0.37789 -0.36627
v -0.53176 0.37789 -0.36393
v -0.58447 0.37616 -0.33926
v -0.53677 0.37616 -0.37729
v -0.57256 0.37789 -0.33140
v -0.58447 0.37616 -0.33926
v -0.53176 0.37789 -0.36393
v -0.57256 0.37789 -0.33140
v -0.60070 0.37616 -0.28046
v -0.58447 0.37616 -0.33926
v -0.58643 0.37789 -0.28110
v -0.60070 0.37616 -0.28046
v -0.57256 0.37789 -0.33140
v -0.58643 0.37789 -0.28110
v -0.57926 0.37616 -0.22335
v -0.60070 0.37616 -0.28046
v -0.56809 0.37789 -0.23225
v -0.57926 0.37616 -0.22335
v -0.58643 0.37789 -0.28110
v -0.56809 0.37789 -0.23225
v -0.52835 0.37616 -0.18975
v -0.57926 0.37616 -0.22335
v -0.52455 0.37789 -0.20351
v -0.52835 0.37616 -0.18975
v -0.56809 0.37789 -0.23225
v -0.52455 0.37789 -0.20351
v -0.46740 0.37616 -0.19249
v -0.52835 0.37616 -0.18975
v -0.47243 0.37789 -0.20586
v -0.46740 0.37616 -0.19249
v -0.52455 0.37789 -0.20351
v -0.45811 0.44194 -0.31996
v -0.44591 0.45596 -0.28742
v -0.45811 0.45596 -0.31996
v -0.44591 0.44194 -0.28742
v -0.44591 0.45596 -0.28742
v -0.45811 0.44194 -0.31996
v -0.46495 0.43889 -0.28656
v -0.46906 0.45605 -0.31124
v -0.45988 0.45605 -0.28679
v -0.47302 0.43889 -0.30808
v -0.46906 0.45605 -0.31124
v -0.46495 0.43889 -0.28656
v -0.48714 0.44194 -0.33911
v -0.45811 0.45596 -0.31996
v -0.48714 0.45596 -0.33911
v -0.45811 0.44194 -0.31996
v -0.45811 0.45596 -0.31996
v -0.48714 0.44194 -0.33911
v -0.47302 0.43889 -0.30808
v -0.49086 0.45605 -0.32563
v -0.46906 0.45605 -0.31124
v -0.49221 0.43889 -0.32073
v -0.49086 0.45605 -0.32563
v -0.47302 0.43889 -0.30808
v -0.52187 0.44194 -0.33755
v -0.48714 0.45596 -0.33911
v -0.52187 0.45596 -0.33755
v -0.48714 0.44194 -0.33911
v -0.48714 0.45596 -0.33911
v -0.52187 0.44194 -0.33755
v -0.49221 0.43889 -0.32073
v -0.51694 0.45605 -0.32446
v -0.49086 0.45605 -0.32563
v -0.51516 0.43889 -0.31970
v -0.51694 0.45605 -0.32446
v -0.49221 0.43889 -0.32073
v -0.54904 0.44194 -0.31588
v -0.52187 0.45596 -0.33755
v -0.54904 0.45596 -0.31588
v -0.52187 0.44194 -0.33755
v -0.52187 0.45596 -0.33755
v -0.54904 0.44194 -0.31588
v -0.51516 0.43889 -0.31970
v -0.53737 0.45605 -0.30817
v -0.51694 0.45605 -0.32446
v -0.53313 0.43889 -0.30537
v -0.53737 0.45605 -0.30817
v -0.51516 0.43889 -0.31970
v -0.55829 0.44194 -0.28237
v -0.54904 0.45596 -0.31588
v -0.55829 0.45596 -0.28237
v -0.54904 0.44194 -0.31588
v -0.54904 0.45596 -0.31588
v -0.55829 0.44194 -0.28237
v -0.53313 0.43889 -0.30537
v -0.54431 0.45605 -0.28299
v -0.53737 0.45605 -0.30817
v -0.53924 0.43889 -0.28322
v -0.54431 0.45605 -0.28299
v -0.53313 0.43889 -0.30537
v -0.54606 0.44194 -0.24982
v -0.55829 0.45596 -0.28237
v -0.54606 0.45596 -0.24982
v -0.55829 0.44194 -0.28237
v -0.55829 0.45596 -0.28237
v -0.54606 0.44194 -0.24982
v -0.53924 0.43889 -0.28322
v -0.53514 0.45605 -0.25854
v -0.54431 0.45605 -0.28299
v -0.53117 0.43889 -0.26171
v -0.53514 0.45605 -0.25854
v -0.53924 0.43889 -0.28322
v -0.51705 0.44194 -0.23067
v -0.54606 0.45596 -0.24982
v -0.51705 0.45596 -0.23067
v -0.54606 0.44194 -0.24982
v -0.54606 0.45596 -0.24982
v -0.51705 0.44194 -0.23067
v -0.53117 0.43889 -0.26171
v -0.51334 0.45605 -0.24415
v -0.53514 0.45605 -0.25854
v -0.51199 0.43889 -0.24905
v -0.51334 0.45605 -0.24415
v -0.53117 0.43889 -0.26171
v -0.48233 0.44194 -0.23223
v -0.51705 0.45596 -0.23067
v -0.48233 0.45596 -0.23223
v -0.51705 0.44194 -0.23067
v -0.51705 0.45596 -0.23067
v -0.48233 0.44194 -0.23223
v -0.51199 0.43889 -0.24905
v -0.48725 0.45605 -0.24533
v -0.51334 0.45605 -0.24415
v -0.48903 0.43889 -0.25008
v -0.48725 0.45605 -0.24533
v -0.51199 0.43889 -0.24905
v -0.45515 0.44194 -0.25391
v -0.48233 0.45596 -0.23223
v -0.45515 0.45596 -0.25391
v -0.48233 0.44194 -0.23223
v -0.48233 0.45596 -0.23223
v -0.45515 0.44194 -0.25391
v -0.48903 0.43889 -0.25008
v -0.46683 0.45605 -0.26161
v -0.48725 0.45605 -0.24533
v -0.47107 0.43889 -0.26441
v -0.46683 0.45605 -0.26161
v -0.48903 0.43889 -0.25008
v -0.44591 0.44194 -0.28742
v -0.45515 0.45596 -0.25391
v -0.44591 0.45596 -0.28742
v -0.45515 0.44194 -0.25391
v -0.45515 0.45596 -0.25391
v -0.44591 0.44194 -0.28742
v -0.47107 0.43889 -0.26441
v -0.45988 0.45605 -0.28679
v -0.46683 0.45605 -0.26161
v -0.46495 0.43889 -0.28656
v -0.45988 0.45605 -0.28679
v -0.47107 0.43889 -0.26441
v -0.48325 0.45903 -0.26218
v -0.48012 0.51226 -0.27910
v -0.47290 0.45903 -0.27719
v -0.48792 0.50809 -0.26780
v -0.48012 0.51226 -0.27910
v -0.48325 0.45903 -0.26218
v -0.47290 0.45903 -0.27719
v -0.48072 0.51226 -0.29261
v -0.47369 0.45903 -0.29515
v -0.48012 0.51226 -0.27910
v -0.48072 0.51226 -0.29261
v -0.47290 0.45903 -0.27719
v -0.50339 0.45903 -0.31394
v -0.51628 0.50809 -0.30199
v -0.52094 0.45903 -0.30760
v -0.50339 0.45903 -0.31394
v -0.50306 0.50599 -0.30676
v -0.51628 0.50809 -0.30199
v -0.48533 0.45903 -0.30919
v -0.50306 0.50599 -0.30676
v -0.50339 0.45903 -0.31394
v -0.48533 0.45903 -0.30919
v -0.48949 0.50809 -0.30317
v -0.50306 0.50599 -0.30676
v -0.47369 0.45903 -0.29515
v -0.48949 0.50809 -0.30317
v -0.48533 0.45903 -0.30919
v -0.47369 0.45903 -0.29515
v -0.48072 0.51226 -0.29261
v -0.48949 0.50809 -0.30317
v -0.52094 0.45903 -0.30760
v -0.52407 0.51226 -0.29069
v -0.53130 0.45903 -0.29259
v -0.51628 0.50809 -0.30199
v -0.52407 0.51226 -0.29069
v -0.52094 0.45903 -0.30760
v -0.53130 0.45903 -0.29259
v -0.52348 0.51226 -0.27717
v -0.53050 0.45903 -0.27464
v -0.52407 0.51226 -0.29069
v -0.52348 0.51226 -0.27717
v -0.53130 0.45903 -0.29259
v -0.53050 0.45903 -0.27464
v -0.51470 0.50809 -0.26661
v -0.51886 0.45903 -0.26060
v -0.52348 0.51226 -0.27717
v -0.51470 0.50809 -0.26661
v -0.53050 0.45903 -0.27464
v -0.51886 0.45903 -0.26060
v -0.50113 0.50599 -0.26303
v -0.50080 0.45903 -0.25584
v -0.51470 0.50809 -0.26661
v -0.50113 0.50599 -0.26303
v -0.51886 0.45903 -0.26060
v -0.50080 0.45903 -0.25584
v -0.48792 0.50809 -0.26780
v -0.48325 0.45903 -0.26218
v -0.50113 0.50599 -0.26303
v -0.48792 0.50809 -0.26780
v -0.50080 0.45903 -0.25584
v -0.48012 0.51226 -0.27910
v -0.48949 0.50809 -0.30317
v -0.48072 0.51226 -0.29261
v -0.48792 0.50809 -0.26780
v -0.48949 0.50809 -0.30317
v -0.48012 0.51226 -0.27910
v -0.48792 0.50809 -0.26780
v -0.50306 0.50599 -0.30676
v -0.48949 0.50809 -0.30317
v -0.50113 0.50599 -0.26303
v -0.50306 0.50599 -0.30676
v -0.48792 0.50809 -0.26780
v -0.50113 0.50599 -0.26303
v -0.51628 0.50809 -0.30199
v -0.50306 0.50599 -0.30676
v -0.51470 0.50809 -0.26661
v -0.51628 0.50809 -0.30199
v -0.50113 0.50599 -0.26303
v -0.51470 0.50809 -0.26661
v -0.52407 0.51226 -0.29069
v -0.51628 0.50809 -0.30199
v -0.52348 0.51226 -0.27717
v -0.52407 0.51226 -0.29069
v -0.51470 0.50809 -0.26661
v 0.32862 0.41617 -0.20866
v 0.33745 0.44389 -0.19263
v 0.32117 0.42719 -0.20437
v 0.35031 0.43840 -0.19304
v 0.33745 0.44389 -0.19263
v 0.32862 0.41617 -0.20866
v 0.29545 0.41081 -0.21757
v 0.32117 0.42719 -0.20437
v 0.29623 0.42317 -0.21106
v 0.32862 0.41617 -0.20866
v 0.32117 0.42719 -0.20437
v 0.29545 0.41081 -0.21757
v 0.26346 0.42437 -0.21637
v 0.29623 0.42317 -0.21106
v 0.27220 0.43335 -0.21016
v 0.29545 0.41081 -0.21757
v 0.29623 0.42317 -0.21106
v 0.26346 0.42437 -0.21637
v 0.24488 0.45166 -0.20551
v 0.27220 0.43335 -0.21016
v 0.25824 0.45386 -0.20200
v 0.26346 0.42437 -0.21637
v 0.27220 0.43335 -0.21016
v 0.24488 0.45166 -0.20551
v 0.24679 0.48227 -0.18914
v 0.25824 0.45386 -0.20200
v 0.25968 0.47686 -0.18971
v 0.24488 0.45166 -0.20551
v 0.25824 0.45386 -0.20200
v 0.24679 0.48227 -0.18914
v 0.26848 0.50450 -0.17352
v 0.25968 0.47686 -0.18971
v 0.27597 0.49356 -0.17797
v 0.24679 0.48227 -0.18914
v 0.25968 0.47686 -0.18971
v 0.26848 0.50450 -0.17352
v 0.30165 0.50986 -0.16461
v 0.27597 0.49356 -0.17797
v 0.30089 0.49758 -0.17127
v 0.26848 0.50450 -0.17352
v 0.27597 0.49356 -0.17797
v 0.30165 0.50986 -0.16461
v 0.33364 0.49630 -0.16581
v 0.30089 0.49758 -0.17127
v 0.32493 0.48740 -0.17217
v 0.30165 0.50986 -0.16461
v 0.30089 0.49758 -0.17127
v 0.33364 0.49630 -0.16581
v 0.35222 0.46901 -0.17667
v 0.32493 0.48740 -0.17217
v 0.33890 0.46689 -0.18033
v 0.33364 0.49630 -0.16581
v 0.32493 0.48740 -0.17217
v 0.35222 0.46901 -0.17667
v 0.35031 0.43840 -0.19304
v 0.33890 0.46689 -0.18033
v 0.33745 0.44389 -0.19263
v 0.35222 0.46901 -0.17667
v 0.33890 0.46689 -0.18033
v 0.35031 0.43840 -0.19304
v 0.33864 0.47860 -0.08488
v 0.37988 0.43904 -0.09600
v 0.34727 0.48694 -0.07695
v 0.36653 0.43763 -0.10118
v 0.37988 0.43904 -0.09600
v 0.33864 0.47860 -0.08488
v 0.36653 0.43763 -0.10118
v 0.37651 0.38533 -0.12472
v 0.37988 0.43904 -0.09600
v 0.36366 0.39169 -0.12574
v 0.37651 0.38533 -0.12472
v 0.36653 0.43763 -0.10118
v 0.36366 0.39169 -0.12574
v 0.33846 0.34633 -0.15213
v 0.37651 0.38533 -0.12472
v 0.33111 0.35833 -0.14919
v 0.33846 0.34633 -0.15213
v 0.36366 0.39169 -0.12574
v 0.33111 0.35833 -0.14919
v 0.28026 0.33692 -0.16777
v 0.33846 0.34633 -0.15213
v 0.28133 0.35029 -0.16257
v 0.28026 0.33692 -0.16777
v 0.33111 0.35833 -0.14919
v 0.28133 0.35029 -0.16257
v 0.22413 0.36071 -0.16566
v 0.28026 0.33692 -0.16777
v 0.23333 0.37063 -0.16076
v 0.22413 0.36071 -0.16566
v 0.28133 0.35029 -0.16257
v 0.23333 0.37063 -0.16076
v 0.19152 0.40861 -0.14661
v 0.22413 0.36071 -0.16566
v 0.20542 0.41160 -0.14447
v 0.19152 0.40861 -0.14661
v 0.23333 0.37063 -0.16076
v 0.20542 0.41160 -0.14447
v 0.19488 0.46232 -0.11789
v 0.19152 0.40861 -0.14661
v 0.20830 0.45754 -0.11990
v 0.19488 0.46232 -0.11789
v 0.20542 0.41160 -0.14447
v 0.20830 0.45754 -0.11990
v 0.23293 0.50132 -0.09048
v 0.19488 0.46232 -0.11789
v 0.24085 0.49090 -0.09645
v 0.23293 0.50132 -0.09048
v 0.20830 0.45754 -0.11990
v 0.24085 0.49090 -0.09645
v 0.29113 0.51073 -0.07484
v 0.23293 0.50132 -0.09048
v 0.29063 0.49895 -0.08307
v 0.29113 0.51073 -0.07484
v 0.24085 0.49090 -0.09645
v 0.29063 0.49895 -0.08307
v 0.34727 0.48694 -0.07695
v 0.29113 0.51073 -0.07484
v 0.33864 0.47860 -0.08488
v 0.34727 0.48694 -0.07695
v 0.29063 0.49895 -0.08307
v 0.32637 0.40976 -0.19640
v 0.35031 0.43840 -0.19304
v 0.32862 0.41617 -0.20866
v 0.34805 0.43199 -0.18078
v 0.35031 0.43840 -0.19304
v 0.32637 0.40976 -0.19640
v 0.33001 0.43802 -0.17745
v 0.32117 0.42719 -0.20437
v 0.33745 0.44389 -0.19263
v 0.31568 0.42333 -0.18777
v 0.32117 0.42719 -0.20437
v 0.33001 0.43802 -0.17745
v 0.29319 0.40440 -0.20532
v 0.32862 0.41617 -0.20866
v 0.29545 0.41081 -0.21757
v 0.32637 0.40976 -0.19640
v 0.32862 0.41617 -0.20866
v 0.29319 0.40440 -0.20532
v 0.31568 0.42333 -0.18777
v 0.29623 0.42317 -0.21106
v 0.32117 0.42719 -0.20437
v 0.29375 0.41978 -0.19367
v 0.29623 0.42317 -0.21106
v 0.31568 0.42333 -0.18777
v 0.26121 0.41795 -0.20411
v 0.29545 0.41081 -0.21757
v 0.26346 0.42437 -0.21637
v 0.29319 0.40440 -0.20532
v 0.29545 0.41081 -0.21757
v 0.26121 0.41795 -0.20411
v 0.29375 0.41978 -0.19367
v 0.27220 0.43335 -0.21016
v 0.29623 0.42317 -0.21106
v 0.27261 0.42875 -0.19287
v 0.27220 0.43335 -0.21016
v 0.29375 0.41978 -0.19367
v 0.24262 0.44525 -0.19325
v 0.26346 0.42437 -0.21637
v 0.24488 0.45166 -0.20551
v 0.26121 0.41795 -0.20411
v 0.26346 0.42437 -0.21637
v 0.24262 0.44525 -0.19325
v 0.27261 0.42875 -0.19287
v 0.25824 0.45386 -0.20200
v 0.27220 0.43335 -0.21016
v 0.26032 0.44679 -0.18569
v 0.25824 0.45386 -0.20200
v 0.27261 0.42875 -0.19287
v 0.24453 0.47586 -0.17689
v 0.24488 0.45166 -0.20551
v 0.24679 0.48227 -0.18914
v 0.24262 0.44525 -0.19325
v 0.24488 0.45166 -0.20551
v 0.24453 0.47586 -0.17689
v 0.26032 0.44679 -0.18569
v 0.25968 0.47686 -0.18971
v 0.25824 0.45386 -0.20200
v 0.26159 0.46703 -0.17487
v 0.25968 0.47686 -0.18971
v 0.26032 0.44679 -0.18569
v 0.26622 0.49809 -0.16126
v 0.24679 0.48227 -0.18914
v 0.26848 0.50450 -0.17352
v 0.24453 0.47586 -0.17689
v 0.24679 0.48227 -0.18914
v 0.26622 0.49809 -0.16126
v 0.26159 0.46703 -0.17487
v 0.27597 0.49356 -0.17797
v 0.25968 0.47686 -0.18971
v 0.27593 0.48172 -0.16455
v 0.27597 0.49356 -0.17797
v 0.26159 0.46703 -0.17487
v 0.29939 0.50345 -0.15235
v 0.26848 0.50450 -0.17352
v 0.30165 0.50986 -0.16461
v 0.26622 0.49809 -0.16126
v 0.26848 0.50450 -0.17352
v 0.29939 0.50345 -0.15235
v 0.27593 0.48172 -0.16455
v 0.30089 0.49758 -0.17127
v 0.27597 0.49356 -0.17797
v 0.29785 0.48526 -0.15866
v 0.30089 0.49758 -0.17127
v 0.27593 0.48172 -0.16455
v 0.33138 0.48989 -0.15355
v 0.30165 0.50986 -0.16461
v 0.33364 0.49630 -0.16581
v 0.29939 0.50345 -0.15235
v 0.30165 0.50986 -0.16461
v 0.33138 0.48989 -0.15355
v 0.29785 0.48526 -0.15866
v 0.32493 0.48740 -0.17217
v 0.30089 0.49758 -0.17127
v 0.31900 0.47630 -0.15945
v 0.32493 0.48740 -0.17217
v 0.29785 0.48526 -0.15866
v 0.34996 0.46259 -0.16441
v 0.33364 0.49630 -0.16581
v 0.35222 0.46901 -0.17667
v 0.33138 0.48989 -0.15355
v 0.33364 0.49630 -0.16581
v 0.34996 0.46259 -0.16441
v 0.31900 0.47630 -0.15945
v 0.33890 0.46689 -0.18033
v 0.32493 0.48740 -0.17217
v 0.33129 0.45826 -0.16663
v 0.33890 0.46689 -0.18033
v 0.31900 0.47630 -0.15945
v 0.34805 0.43199 -0.18078
v 0.35222 0.46901 -0.17667
v 0.35031 0.43840 -0.19304
v 0.34996 0.46259 -0.16441
v 0.35222 0.46901 -0.17667
v 0.34805 0.43199 -0.18078
v 0.33129 0.45826 -0.16663
v 0.33745 0.44389 -0.19263
v 0.33890 0.46689 -0.18033
v 0.33001 0.43802 -0.17745
v 0.33745 0.44389 -0.19263
v 0.33129 0.45826 -0.16663
v 0.32383 0.47360 -0.18300
v 0.33000 0.48305 -0.23780
v 0.32878 0.45769 -0.19042
v 0.32560 0.49311 -0.22857
v 0.33000 0.48305 -0.23780
v 0.32383 0.47360 -0.18300
v 0.32878 0.45769 -0.19042
v 0.32518 0.47224 -0.24435
v 0.32238 0.44332 -0.19911
v 0.33000 0.48305 -0.23780
v 0.32518 0.47224 -0.24435
v 0.32878 0.45769 -0.19042
v 0.28869 0.43849 -0.20784
v 0.28829 0.47525 -0.24478
v 0.27426 0.44988 -0.20454
v 0.28869 0.43849 -0.20784
v 0.29881 0.46573 -0.24543
v 0.28829 0.47525 -0.24478
v 0.30706 0.43599 -0.20577
v 0.29881 0.46573 -0.24543
v 0.28869 0.43849 -0.20784
v 0.30706 0.43599 -0.20577
v 0.31298 0.46481 -0.24570
v 0.29881 0.46573 -0.24543
v 0.32238 0.44332 -0.19911
v 0.31298 0.46481 -0.24570
v 0.30706 0.43599 -0.20577
v 0.32238 0.44332 -0.19911
v 0.32518 0.47224 -0.24435
v 0.31298 0.46481 -0.24570
v 0.27426 0.44988 -0.20454
v 0.28524 0.48914 -0.24285
v 0.26931 0.46579 -0.19713
v 0.28829 0.47525 -0.24478
v 0.28524 0.48914 -0.24285
v 0.27426 0.44988 -0.20454
v 0.26931 0.46579 -0.19713
v 0.29006 0.49995 -0.23631
v 0.27571 0.48015 -0.18844
v 0.28524 0.48914 -0.24285
v 0.29006 0.49995 -0.23631
v 0.26931 0.46579 -0.19713
v 0.27571 0.48015 -0.18844
v 0.30091 0.50356 -0.22765
v 0.29104 0.48749 -0.18178
v 0.29006 0.49995 -0.23631
v 0.30091 0.50356 -0.22765
v 0.27571 0.48015 -0.18844
v 0.29104 0.48749 -0.18178
v 0.31441 0.50072 -0.22426
v 0.30942 0.48498 -0.17971
v 0.30091 0.50356 -0.22765
v 0.31441 0.50072 -0.22426
v 0.29104 0.48749 -0.18178
v 0.30942 0.48498 -0.17971
v 0.32560 0.49311 -0.22857
v 0.32383 0.47360 -0.18300
v 0.31441 0.50072 -0.22426
v 0.32560 0.49311 -0.22857
v 0.30942 0.48498 -0.17971
v 0.33000 0.48305 -0.23780
v 0.31298 0.46481 -0.24570
v 0.32518 0.47224 -0.24435
v 0.32560 0.49311 -0.22857
v 0.31298 0.46481 -0.24570
v 0.33000 0.48305 -0.23780
v 0.32560 0.49311 -0.22857
v 0.29881 0.46573 -0.24543
v 0.31298 0.46481 -0.24570
v 0.31441 0.50072 -0.22426
v 0.29881 0.46573 -0.24543
v 0.32560 0.49311 -0.22857
v 0.31441 0.50072 -0.22426
v 0.28829 0.47525 -0.24478
v 0.29881 0.46573 -0.24543
v 0.30091 0.50356 -0.22765
v 0.28829 0.47525 -0.24478
v 0.31441 0.50072 -0.22426
v 0.30091 0.50356 -0.22765
v 0.28524 0.48914 -0.24285
v 0.28829 0.47525 -0.24478
v 0.29006 0.49995 -0.23631
v 0.28524 0.48914 -0.24285
v 0.30091 0.50356 -0.22765
v -0.65890 0.12730 -0.24314
v -0.68317 0.12571 -0.22050
v -0.66419 0.11654 -0.23593
v -0.68415 0.13950 -0.22260
v -0.68317 0.12571 -0.22050
v -0.65890 0.12730 -0.24314
v -0.64167 0.09859 -0.25251
v -0.66419 0.11654 -0.23593
v -0.65125 0.09497 -0.24297
v -0.65890 0.12730 -0.24314
v -0.66419 0.11654 -0.23593
v -0.64167 0.09859 -0.25251
v -0.63907 0.06434 -0.24713
v -0.65125 0.09497 -0.24297
v -0.64930 0.06924 -0.23893
v -0.64167 0.09859 -0.25251
v -0.65125 0.09497 -0.24297
v -0.63907 0.06434 -0.24713
v -0.65208 0.03764 -0.22907
v -0.64930 0.06924 -0.23893
v -0.65906 0.04917 -0.22536
v -0.63907 0.06434 -0.24713
v -0.64930 0.06924 -0.23893
v -0.65208 0.03764 -0.22907
v -0.67572 0.02868 -0.20521
v -0.65906 0.04917 -0.22536
v -0.67683 0.04244 -0.20744
v -0.65208 0.03764 -0.22907
v -0.65906 0.04917 -0.22536
v -0.67572 0.02868 -0.20521
v -0.70097 0.04088 -0.18468
v -0.67683 0.04244 -0.20744
v -0.69580 0.05161 -0.19201
v -0.67572 0.02868 -0.20521
v -0.67683 0.04244 -0.20744
v -0.70097 0.04088 -0.18468
v -0.71820 0.06959 -0.17531
v -0.69580 0.05161 -0.19201
v -0.70874 0.07318 -0.18497
v -0.70097 0.04088 -0.18468
v -0.69580 0.05161 -0.19201
v -0.71820 0.06959 -0.17531
v -0.72080 0.10383 -0.18068
v -0.70874 0.07318 -0.18497
v -0.71070 0.09891 -0.18901
v -0.71820 0.06959 -0.17531
v -0.70874 0.07318 -0.18497
v -0.72080 0.10383 -0.18068
v -0.70780 0.13054 -0.19875
v -0.71070 0.09891 -0.18901
v -0.70093 0.11897 -0.20258
v -0.72080 0.10383 -0.18068
v -0.71070 0.09891 -0.18901
v -0.70780 0.13054 -0.19875
v -0.68415 0.13950 -0.22260
v -0.70093 0.11897 -0.20258
v -0.68317 0.12571 -0.22050
v -0.70780 0.13054 -0.19875
v -0.70093 0.11897 -0.20258
v -0.68415 0.13950 -0.22260
v -0.46203 0.20650 0.08072
v -0.43138 0.23041 0.04921
v -0.46704 0.21689 0.08519
v -0.43153 0.21806 0.04995
v -0.43138 0.23041 0.04921
v -0.46203 0.20650 0.08072
v -0.47881 0.17204 0.10403
v -0.46704 0.21689 0.08519
v -0.48665 0.17662 0.11244
v -0.46203 0.20650 0.08072
v -0.46704 0.21689 0.08519
v -0.47881 0.17204 0.10403
v -0.47545 0.12786 0.11096
v -0.48665 0.17662 0.11244
v -0.48271 0.12496 0.12054
v -0.47881 0.17204 0.10403
v -0.48665 0.17662 0.11244
v -0.47545 0.12786 0.11096
v -0.45323 0.09083 0.09887
v -0.48271 0.12496 0.12054
v -0.45675 0.08166 0.10641
v -0.47545 0.12786 0.11096
v -0.48271 0.12496 0.12054
v -0.45323 0.09083 0.09887
v -0.42065 0.07508 0.07238
v -0.45675 0.08166 0.10641
v -0.41866 0.06325 0.07544
v -0.45323 0.09083 0.09887
v -0.45675 0.08166 0.10641
v -0.42065 0.07508 0.07238
v -0.39014 0.08664 0.04160
v -0.41866 0.06325 0.07544
v -0.38300 0.07677 0.03945
v -0.42065 0.07508 0.07238
v -0.41866 0.06325 0.07544
v -0.39014 0.08664 0.04160
v -0.37336 0.12109 0.01830
v -0.38300 0.07677 0.03945
v -0.36338 0.11705 0.01221
v -0.39014 0.08664 0.04160
v -0.38300 0.07677 0.03945
v -0.37336 0.12109 0.01830
v -0.37673 0.16527 0.01137
v -0.36338 0.11705 0.01221
v -0.36732 0.16870 0.00410
v -0.37336 0.12109 0.01830
v -0.36338 0.11705 0.01221
v -0.37673 0.16527 0.01137
v -0.39894 0.20231 0.02345
v -0.36732 0.16870 0.00410
v -0.39328 0.21200 0.01824
v -0.37673 0.16527 0.01137
v -0.36732 0.16870 0.00410
v -0.39894 0.20231 0.02345
v -0.43153 0.21806 0.04995
v -0.39328 0.21200 0.01824
v -0.43138 0.23041 0.04921
v -0.39894 0.20231 0.02345
v -0.39328 0.21200 0.01824
v -0.43153 0.21806 0.04995
v -0.68905 0.12658 -0.10745
v -0.67544 0.17873 -0.12946
v -0.69826 0.13188 -0.09776
v -0.66953 0.16666 -0.13456
v -0.67544 0.17873 -0.12946
v -0.68905 0.12658 -0.10745
v -0.66953 0.16666 -0.13456
v -0.63396 0.19446 -0.17132
v -0.67544 0.17873 -0.12946
v -0.63404 0.18010 -0.17037
v -0.63396 0.19446 -0.17132
v -0.66953 0.16666 -0.13456
v -0.63404 0.18010 -0.17037
v -0.58964 0.17304 -0.20735
v -0.63396 0.19446 -0.17132
v -0.59614 0.16179 -0.20119
v -0.58964 0.17304 -0.20735
v -0.63404 0.18010 -0.17037
v -0.59614 0.16179 -0.20119
v -0.55942 0.12267 -0.22379
v -0.58964 0.17304 -0.20735
v -0.57030 0.11870 -0.21525
v -0.55942 0.12267 -0.22379
v -0.59614 0.16179 -0.20119
v -0.57030 0.11870 -0.21525
v -0.55485 0.06258 -0.21436
v -0.55942 0.12267 -0.22379
v -0.56638 0.06730 -0.20719
v -0.55485 0.06258 -0.21436
v -0.57030 0.11870 -0.21525
v -0.56638 0.06730 -0.20719
v -0.57767 0.01572 -0.18267
v -0.55485 0.06258 -0.21436
v -0.58590 0.02723 -0.18008
v -0.57767 0.01572 -0.18267
v -0.56638 0.06730 -0.20719
v -0.58590 0.02723 -0.18008
v -0.61915 0.00000 -0.14081
v -0.57767 0.01572 -0.18267
v -0.62139 0.01378 -0.14427
v -0.61915 0.00000 -0.14081
v -0.58590 0.02723 -0.18008
v -0.62139 0.01378 -0.14427
v -0.66347 0.02141 -0.10478
v -0.61915 0.00000 -0.14081
v -0.65929 0.03210 -0.11345
v -0.66347 0.02141 -0.10478
v -0.62139 0.01378 -0.14427
v -0.65929 0.03210 -0.11345
v -0.69369 0.07179 -0.08833
v -0.66347 0.02141 -0.10478
v -0.68512 0.07518 -0.09939
v -0.69369 0.07179 -0.08833
v -0.65929 0.03210 -0.11345
v -0.68512 0.07518 -0.09939
v -0.69826 0.13188 -0.09776
v -0.69369 0.07179 -0.08833
v -0.68905 0.12658 -0.10745
v -0.69826 0.13188 -0.09776
v -0.68512 0.07518 -0.09939
v -0.64952 0.12960 -0.23298
v -0.68415 0.13950 -0.22260
v -0.65890 0.12730 -0.24314
v -0.67478 0.14181 -0.21244
v -0.68415 0.13950 -0.22260
v -0.64952 0.12960 -0.23298
v -0.67131 0.12353 -0.20728
v -0.66419 0.11654 -0.23593
v -0.68317 0.12571 -0.22050
v -0.65461 0.11546 -0.22085
v -0.66419 0.11654 -0.23593
v -0.67131 0.12353 -0.20728
v -0.63229 0.10090 -0.24235
v -0.65890 0.12730 -0.24314
v -0.64167 0.09859 -0.25251
v -0.64952 0.12960 -0.23298
v -0.65890 0.12730 -0.24314
v -0.63229 0.10090 -0.24235
v -0.65461 0.11546 -0.22085
v -0.65125 0.09497 -0.24297
v -0.66419 0.11654 -0.23593
v -0.64323 0.09648 -0.22705
v -0.65125 0.09497 -0.24297
v -0.65461 0.11546 -0.22085
v -0.62970 0.06665 -0.23697
v -0.64167 0.09859 -0.25251
v -0.63907 0.06434 -0.24713
v -0.63229 0.10090 -0.24235
v -0.64167 0.09859 -0.25251
v -0.62970 0.06665 -0.23697
v -0.64323 0.09648 -0.22705
v -0.64930 0.06924 -0.23893
v -0.65125 0.09497 -0.24297
v -0.64151 0.07385 -0.22349
v -0.64930 0.06924 -0.23893
v -0.64323 0.09648 -0.22705
v -0.64270 0.03995 -0.21891
v -0.63907 0.06434 -0.24713
v -0.65208 0.03764 -0.22907
v -0.62970 0.06665 -0.23697
v -0.63907 0.06434 -0.24713
v -0.64270 0.03995 -0.21891
v -0.64151 0.07385 -0.22349
v -0.65906 0.04917 -0.22536
v -0.64930 0.06924 -0.23893
v -0.65010 0.05619 -0.21155
v -0.65906 0.04917 -0.22536
v -0.64151 0.07385 -0.22349
v -0.66634 0.03098 -0.19505
v -0.65208 0.03764 -0.22907
v -0.67572 0.02868 -0.20521
v -0.64270 0.03995 -0.21891
v -0.65208 0.03764 -0.22907
v -0.66634 0.03098 -0.19505
v -0.65010 0.05619 -0.21155
v -0.67683 0.04244 -0.20744
v -0.65906 0.04917 -0.22536
v -0.66573 0.05027 -0.19578
v -0.67683 0.04244 -0.20744
v -0.65010 0.05619 -0.21155
v -0.69159 0.04319 -0.17452
v -0.67572 0.02868 -0.20521
v -0.70097 0.04088 -0.18468
v -0.66634 0.03098 -0.19505
v -0.67572 0.02868 -0.20521
v -0.69159 0.04319 -0.17452
v -0.66573 0.05027 -0.19578
v -0.69580 0.05161 -0.19201
v -0.67683 0.04244 -0.20744
v -0.68241 0.05834 -0.18221
v -0.69580 0.05161 -0.19201
v -0.66573 0.05027 -0.19578
v -0.70882 0.07190 -0.16515
v -0.70097 0.04088 -0.18468
v -0.71820 0.06959 -0.17531
v -0.69159 0.04319 -0.17452
v -0.70097 0.04088 -0.18468
v -0.70882 0.07190 -0.16515
v -0.68241 0.05834 -0.18221
v -0.70874 0.07318 -0.18497
v -0.69580 0.05161 -0.19201
v -0.69381 0.07732 -0.17602
v -0.70874 0.07318 -0.18497
v -0.68241 0.05834 -0.18221
v -0.71143 0.10614 -0.17052
v -0.71820 0.06959 -0.17531
v -0.72080 0.10383 -0.18068
v -0.70882 0.07190 -0.16515
v -0.71820 0.06959 -0.17531
v -0.71143 0.10614 -0.17052
v -0.69381 0.07732 -0.17602
v -0.71070 0.09891 -0.18901
v -0.70874 0.07318 -0.18497
v -0.69553 0.09995 -0.17957
v -0.71070 0.09891 -0.18901
v -0.69381 0.07732 -0.17602
v -0.69842 0.13285 -0.18859
v -0.72080 0.10383 -0.18068
v -0.70780 0.13054 -0.19875
v -0.71143 0.10614 -0.17052
v -0.72080 0.10383 -0.18068
v -0.69842 0.13285 -0.18859
v -0.69553 0.09995 -0.17957
v -0.70093 0.11897 -0.20258
v -0.71070 0.09891 -0.18901
v -0.68694 0.11760 -0.19151
v -0.70093 0.11897 -0.20258
v -0.69553 0.09995 -0.17957
v -0.67478 0.14181 -0.21244
v -0.70780 0.13054 -0.19875
v -0.68415 0.13950 -0.22260
v -0.69842 0.13285 -0.18859
v -0.70780 0.13054 -0.19875
v -0.67478 0.14181 -0.21244
v -0.68694 0.11760 -0.19151
v -0.68317 0.12571 -0.22050
v -0.70093 0.11897 -0.20258
v -0.67131 0.12353 -0.20728
v -0.68317 0.12571 -0.22050
v -0.68694 0.11760 -0.19151
v -0.70073 0.10228 -0.20309
v -0.72424 0.09652 -0.25353
v -0.69081 0.11242 -0.21454
v -0.72891 0.08958 -0.24187
v -0.72424 0.09652 -0.25353
v -0.70073 0.10228 -0.20309
v -0.69081 0.11242 -0.21454
v -0.71424 0.09587 -0.26261
v -0.67751 0.11155 -0.22661
v -0.72424 0.09652 -0.25353
v -0.71424 0.09587 -0.26261
v -0.69081 0.11242 -0.21454
v -0.66049 0.08217 -0.23566
v -0.70070 0.06144 -0.26151
v -0.66325 0.06489 -0.22918
v -0.66049 0.08217 -0.23566
v -0.69721 0.07479 -0.26487
v -0.70070 0.06144 -0.26151
v -0.66594 0.10000 -0.23468
v -0.69721 0.07479 -0.26487
v -0.66049 0.08217 -0.23566
v -0.66594 0.10000 -0.23468
v -0.70273 0.08786 -0.26565
v -0.69721 0.07479 -0.26487
v -0.67751 0.11155 -0.22661
v -0.70273 0.08786 -0.26565
v -0.66594 0.10000 -0.23468
v -0.67751 0.11155 -0.22661
v -0.71424 0.09587 -0.26261
v -0.70273 0.08786 -0.26565
v -0.66325 0.06489 -0.22918
v -0.71096 0.05312 -0.25592
v -0.67317 0.05474 -0.21772
v -0.70070 0.06144 -0.26151
v -0.71096 0.05312 -0.25592
v -0.66325 0.06489 -0.22918
v -0.67317 0.05474 -0.21772
v -0.72096 0.05377 -0.24683
v -0.68646 0.05562 -0.20565
v -0.71096 0.05312 -0.25592
v -0.72096 0.05377 -0.24683
v -0.67317 0.05474 -0.21772
v -0.68646 0.05562 -0.20565
v -0.72689 0.06315 -0.23774
v -0.69805 0.06717 -0.19759
v -0.72096 0.05377 -0.24683
v -0.72689 0.06315 -0.23774
v -0.68646 0.05562 -0.20565
v -0.69805 0.06717 -0.19759
v -0.72959 0.07691 -0.23548
v -0.70349 0.08499 -0.19661
v -0.72689 0.06315 -0.23774
v -0.72959 0.07691 -0.23548
v -0.69805 0.06717 -0.19759
v -0.70349 0.08499 -0.19661
v -0.72891 0.08958 -0.24187
v -0.70073 0.10228 -0.20309
v -0.72959 0.07691 -0.23548
v -0.72891 0.08958 -0.24187
v -0.70349 0.08499 -0.19661
v -0.72424 0.09652 -0.25353
v -0.70273 0.08786 -0.26565
v -0.71424 0.09587 -0.26261
v -0.72891 0.08958 -0.24187
v -0.70273 0.08786 -0.26565
v -0.72424 0.09652 -0.25353
v -0.72891 0.08958 -0.24187
v -0.69721 0.07479 -0.26487
v -0.70273 0.08786 -0.26565
v -0.72959 0.07691 -0.23548
v -0.69721 0.07479 -0.26487
v -0.72891 0.08958 -0.24187
v -0.72959 0.07691 -0.23548
v -0.70070 0.06144 -0.26151
v -0.69721 0.07479 -0.26487
v -0.72689 0.06315 -0.23774
v -0.70070 0.06144 -0.26151
v -0.72959 0.07691 -0.23548
v -0.72689 0.06315 -0.23774
v -0.71096 0.05312 -0.25592
v -0.70070 0.06144 -0.26151
v -0.72096 0.05377 -0.24683
v -0.71096 0.05312 -0.25592
v -0.72689 0.06315 -0.23774
v -0.08815 0.55381 0.10874
v -0.07579 0.54253 0.13744
v -0.09437 0.54992 0.12064
v -0.06341 0.54398 0.13110
v -0.07579 0.54253 0.13744
v -0.08815 0.55381 0.10874
v -0.12247 0.55754 0.10462
v -0.09437 0.54992 0.12064
v -0.12016 0.55272 0.11755
v -0.08815 0.55381 0.10874
v -0.09437 0.54992 0.12064
v -0.12247 0.55754 0.10462
v -0.15325 0.55373 0.12031
v -0.12016 0.55272 0.11755
v -0.14328 0.54986 0.12933
v -0.12247 0.55754 0.10462
v -0.12016 0.55272 0.11755
v -0.15325 0.55373 0.12031
v -0.16875 0.54384 0.14981
v -0.14328 0.54986 0.12933
v -0.15494 0.54243 0.15150
v -0.15325 0.55373 0.12031
v -0.14328 0.54986 0.12933
v -0.16875 0.54384 0.14981
v -0.16304 0.53166 0.18187
v -0.15494 0.54243 0.15150
v -0.15065 0.53327 0.17558
v -0.16875 0.54384 0.14981
v -0.15494 0.54243 0.15150
v -0.16304 0.53166 0.18187
v -0.13829 0.52183 0.20422
v -0.15065 0.53327 0.17558
v -0.13206 0.52589 0.19238
v -0.16304 0.53166 0.18187
v -0.15065 0.53327 0.17558
v -0.13829 0.52183 0.20422
v -0.10398 0.51810 0.20834
v -0.13206 0.52589 0.19238
v -0.10628 0.52309 0.19548
v -0.13829 0.52183 0.20422
v -0.13206 0.52589 0.19238
v -0.10398 0.51810 0.20834
v -0.07320 0.52191 0.19265
v -0.10628 0.52309 0.19548
v -0.08314 0.52595 0.18369
v -0.10398 0.51810 0.20834
v -0.10628 0.52309 0.19548
v -0.07320 0.52191 0.19265
v -0.05770 0.53180 0.16315
v -0.08314 0.52595 0.18369
v -0.07149 0.53338 0.16152
v -0.07320 0.52191 0.19265
v -0.08314 0.52595 0.18369
v -0.05770 0.53180 0.16315
v -0.06341 0.54398 0.13110
v -0.07149 0.53338 0.16152
v -0.07579 0.54253 0.13744
v -0.05770 0.53180 0.16315
v -0.07149 0.53338 0.16152
v -0.06341 0.54398 0.13110
v -0.05784 0.44083 0.18381
v -0.02060 0.45251 0.14062
v -0.04779 0.43517 0.19240
v -0.03458 0.45567 0.13953
v -0.02060 0.45251 0.14062
v -0.05784 0.44083 0.18381
v -0.03458 0.45567 0.13953
v -0.03062 0.47389 0.08438
v -0.02060 0.45251 0.14062
v -0.04315 0.47396 0.09142
v -0.03062 0.47389 0.08438
v -0.03458 0.45567 0.13953
v -0.04315 0.47396 0.09142
v -0.07402 0.49115 0.04515
v -0.03062 0.47389 0.08438
v -0.08028 0.48871 0.05787
v -0.07402 0.49115 0.04515
v -0.04315 0.47396 0.09142
v -0.08028 0.48871 0.05787
v -0.13424 0.49768 0.03792
v -0.07402 0.49115 0.04515
v -0.13179 0.49430 0.05168
v -0.13424 0.49768 0.03792
v -0.08028 0.48871 0.05787
v -0.13179 0.49430 0.05168
v -0.18826 0.49100 0.06545
v -0.13424 0.49768 0.03792
v -0.17800 0.48858 0.07523
v -0.18826 0.49100 0.06545
v -0.13179 0.49430 0.05168
v -0.17800 0.48858 0.07523
v -0.21545 0.47365 0.11723
v -0.18826 0.49100 0.06545
v -0.20126 0.47375 0.11952
v -0.21545 0.47365 0.11723
v -0.17800 0.48858 0.07523
v -0.20126 0.47375 0.11952
v -0.20543 0.45227 0.17347
v -0.21545 0.47365 0.11723
v -0.19268 0.45546 0.16762
v -0.20543 0.45227 0.17347
v -0.20126 0.47375 0.11952
v -0.19268 0.45546 0.16762
v -0.16202 0.43502 0.21269
v -0.20543 0.45227 0.17347
v -0.15555 0.44070 0.20118
v -0.16202 0.43502 0.21269
v -0.19268 0.45546 0.16762
v -0.15555 0.44070 0.20118
v -0.10180 0.42849 0.21992
v -0.16202 0.43502 0.21269
v -0.10404 0.43512 0.20736
v -0.10180 0.42849 0.21992
v -0.15555 0.44070 0.20118
v -0.10404 0.43512 0.20736
v -0.04779 0.43517 0.19240
v -0.10180 0.42849 0.21992
v -0.05784 0.44083 0.18381
v -0.04779 0.43517 0.19240
v -0.10404 0.43512 0.20736
v -0.08899 0.54069 0.10390
v -0.06341 0.54398 0.13110
v -0.08815 0.55381 0.10874
v -0.06424 0.53085 0.12626
v -0.06341 0.54398 0.13110
v -0.08899 0.54069 0.10390
v -0.08132 0.52591 0.13381
v -0.09437 0.54992 0.12064
v -0.07579 0.54253 0.13744
v -0.09766 0.53240 0.11903
v -0.09437 0.54992 0.12064
v -0.08132 0.52591 0.13381
v -0.12331 0.54441 0.09978
v -0.08815 0.55381 0.10874
v -0.12247 0.55754 0.10462
v -0.08899 0.54069 0.10390
v -0.08815 0.55381 0.10874
v -0.12331 0.54441 0.09978
v -0.09766 0.53240 0.11903
v -0.12016 0.55272 0.11755
v -0.09437 0.54992 0.12064
v -0.12036 0.53486 0.11631
v -0.12016 0.55272 0.11755
v -0.09766 0.53240 0.11903
v -0.15409 0.54060 0.11547
v -0.12247 0.55754 0.10462
v -0.15325 0.55373 0.12031
v -0.12331 0.54441 0.09978
v -0.12247 0.55754 0.10462
v -0.15409 0.54060 0.11547
v -0.12036 0.53486 0.11631
v -0.14328 0.54986 0.12933
v -0.12016 0.55272 0.11755
v -0.14071 0.53235 0.12668
v -0.14328 0.54986 0.12933
v -0.12036 0.53486 0.11631
v -0.16959 0.53072 0.14497
v -0.15325 0.55373 0.12031
v -0.16875 0.54384 0.14981
v -0.15409 0.54060 0.11547
v -0.15325 0.55373 0.12031
v -0.16959 0.53072 0.14497
v -0.14071 0.53235 0.12668
v -0.15494 0.54243 0.15150
v -0.14328 0.54986 0.12933
v -0.15095 0.52581 0.14618
v -0.15494 0.54243 0.15150
v -0.14071 0.53235 0.12668
v -0.16388 0.51853 0.17703
v -0.16875 0.54384 0.14981
v -0.16304 0.53166 0.18187
v -0.16959 0.53072 0.14497
v -0.16875 0.54384 0.14981
v -0.16388 0.51853 0.17703
v -0.15095 0.52581 0.14618
v -0.15065 0.53327 0.17558
v -0.15494 0.54243 0.15150
v -0.14718 0.51776 0.16737
v -0.15065 0.53327 0.17558
v -0.15095 0.52581 0.14618
v -0.13914 0.50870 0.19938
v -0.16304 0.53166 0.18187
v -0.13829 0.52183 0.20422
v -0.16388 0.51853 0.17703
v -0.16304 0.53166 0.18187
v -0.13914 0.50870 0.19938
v -0.14718 0.51776 0.16737
v -0.13206 0.52589 0.19238
v -0.15065 0.53327 0.17558
v -0.13082 0.51126 0.18214
v -0.13206 0.52589 0.19238
v -0.14718 0.51776 0.16737
v -0.10483 0.50498 0.20350
v -0.13829 0.52183 0.20422
v -0.10398 0.51810 0.20834
v -0.13914 0.50870 0.19938
v -0.13829 0.52183 0.20422
v -0.10483 0.50498 0.20350
v -0.13082 0.51126 0.18214
v -0.10628 0.52309 0.19548
v -0.13206 0.52589 0.19238
v -0.10814 0.50880 0.18487
v -0.10628 0.52309 0.19548
v -0.13082 0.51126 0.18214
v -0.07404 0.50879 0.18781
v -0.10398 0.51810 0.20834
v -0.07320 0.52191 0.19265
v -0.10483 0.50498 0.20350
v -0.10398 0.51810 0.20834
v -0.07404 0.50879 0.18781
v -0.10814 0.50880 0.18487
v -0.08314 0.52595 0.18369
v -0.10628 0.52309 0.19548
v -0.08779 0.51132 0.17450
v -0.08314 0.52595 0.18369
v -0.10814 0.50880 0.18487
v -0.05853 0.51867 0.15831
v -0.07320 0.52191 0.19265
v -0.05770 0.53180 0.16315
v -0.07404 0.50879 0.18781
v -0.07320 0.52191 0.19265
v -0.05853 0.51867 0.15831
v -0.08779 0.51132 0.17450
v -0.07149 0.53338 0.16152
v -0.08314 0.52595 0.18369
v -0.07755 0.51785 0.15499
v -0.07149 0.53338 0.16152
v -0.08779 0.51132 0.17450
v -0.06424 0.53085 0.12626
v -0.05770 0.53180 0.16315
v -0.06341 0.54398 0.13110
v -0.05853 0.51867 0.15831
v -0.05770 0.53180 0.16315
v -0.06424 0.53085 0.12626
v -0.07755 0.51785 0.15499
v -0.07579 0.54253 0.13744
v -0.07149 0.53338 0.16152
v -0.08132 0.52591 0.13381
v -0.07579 0.54253 0.13744
v -0.07755 0.51785 0.15499
v -0.08643 0.53481 0.16887
v -0.08750 0.59067 0.17171
v -0.08337 0.54086 0.15194
v -0.09005 0.58221 0.18301
v -0.08750 0.59067 0.17171
v -0.08643 0.53481 0.16887
v -0.08337 0.54086 0.15194
v -0.09372 0.59518 0.16058
v -0.09163 0.54684 0.13715
v -0.08750 0.59067 0.17171
v -0.09372 0.59518 0.16058
v -0.08337 0.54086 0.15194
v -0.12641 0.55038 0.13361
v -0.13011 0.59107 0.16596
v -0.13965 0.54658 0.14621
v -0.12641 0.55038 0.13361
v -0.12027 0.59197 0.15575
v -0.13011 0.59107 0.16596
v -0.10807 0.55048 0.13014
v -0.12027 0.59197 0.15575
v -0.12641 0.55038 0.13361
v -0.10807 0.55048 0.13014
v -0.10635 0.59400 0.15387
v -0.12027 0.59197 0.15575
v -0.09163 0.54684 0.13715
v -0.10635 0.59400 0.15387
v -0.10807 0.55048 0.13014
v -0.09163 0.54684 0.13715
v -0.09372 0.59518 0.16058
v -0.10635 0.59400 0.15387
v -0.13965 0.54658 0.14621
v -0.13217 0.59043 0.18014
v -0.14272 0.54054 0.16314
v -0.13011 0.59107 0.16596
v -0.13217 0.59043 0.18014
v -0.13965 0.54658 0.14621
v -0.14272 0.54054 0.16314
v -0.12595 0.58593 0.19127
v -0.13444 0.53455 0.17794
v -0.13217 0.59043 0.18014
v -0.12595 0.58593 0.19127
v -0.14272 0.54054 0.16314
v -0.13444 0.53455 0.17794
v -0.11382 0.57928 0.19510
v -0.11800 0.53091 0.18494
v -0.12595 0.58593 0.19127
v -0.11382 0.57928 0.19510
v -0.13444 0.53455 0.17794
v -0.11800 0.53091 0.18494
v -0.10015 0.57739 0.19177
v -0.09966 0.53101 0.18148
v -0.11382 0.57928 0.19510
v -0.10015 0.57739 0.19177
v -0.11800 0.53091 0.18494
v -0.09966 0.53101 0.18148
v -0.09005 0.58221 0.18301
v -0.08643 0.53481 0.16887
v -0.10015 0.57739 0.19177
v -0.09005 0.58221 0.18301
v -0.09966 0.53101 0.18148
v -0.08750 0.59067 0.17171
v -0.10635 0.59400 0.15387
v -0.09372 0.59518 0.16058
v -0.09005 0.58221 0.18301
v -0.10635 0.59400 0.15387
v -0.08750 0.59067 0.17171
v -0.09005 0.58221 0.18301
v -0.12027 0.59197 0.15575
v -0.10635 0.59400 0.15387
v -0.10015 0.57739 0.19177
v -0.12027 0.59197 0.15575
v -0.09005 0.58221 0.18301
v -0.10015 0.57739 0.19177
v -0.13011 0.59107 0.16596
v -0.12027 0.59197 0.15575
v -0.11382 0.57928 0.19510
v -0.13011 0.59107 0.16596
v -0.10015 0.57739 0.19177
v -0.11382 0.57928 0.19510
v -0.13217 0.59043 0.18014
v -0.13011 0.59107 0.16596
v -0.12595 0.58593 0.19127
v -0.13217 0.59043 0.18014
v -0.11382 0.57928 0.19510
v 0.21576 0.33808 -0.06333
v 0.20596 0.29356 -0.09293
v 0.22628 0.32895 -0.06002
v 0.19543 0.30269 -0.09624
v 0.20596 0.29356 -0.09293
v 0.21576 0.33808 -0.06333
v 0.19543 0.30269 -0.09624
v 0.17238 0.25346 -0.09665
v 0.20596 0.29356 -0.09293
v 0.16185 0.26259 -0.09996
v 0.17238 0.25346 -0.09665
v 0.19543 0.30269 -0.09624
v 0.16185 0.26259 -0.09996
v 0.13837 0.22398 -0.06976
v 0.17238 0.25346 -0.09665
v 0.12783 0.23311 -0.07307
v 0.13837 0.22398 -0.06976
v 0.16185 0.26259 -0.09996
v 0.12783 0.23311 -0.07307
v 0.11692 0.21637 -0.02252
v 0.13837 0.22398 -0.06976
v 0.10638 0.22550 -0.02583
v 0.11692 0.21637 -0.02252
v 0.12783 0.23311 -0.07307
v 0.10638 0.22550 -0.02583
v 0.11623 0.23355 0.02702
v 0.11692 0.21637 -0.02252
v 0.10569 0.24267 0.02370
v 0.11623 0.23355 0.02702
v 0.10638 0.22550 -0.02583
v 0.10569 0.24267 0.02370
v 0.13656 0.26894 0.05993
v 0.11623 0.23355 0.02702
v 0.12602 0.27807 0.05662
v 0.13656 0.26894 0.05993
v 0.10569 0.24267 0.02370
v 0.12602 0.27807 0.05662
v 0.17013 0.30903 0.06365
v 0.13656 0.26894 0.05993
v 0.15960 0.31816 0.06034
v 0.17013 0.30903 0.06365
v 0.12602 0.27807 0.05662
v 0.15960 0.31816 0.06034
v 0.20414 0.33851 0.03676
v 0.17013 0.30903 0.06365
v 0.19362 0.34764 0.03344
v 0.20414 0.33851 0.03676
v 0.15960 0.31816 0.06034
v 0.19362 0.34764 0.03344
v 0.22559 0.34612 -0.01048
v 0.20414 0.33851 0.03676
v 0.21506 0.35525 -0.01379
v 0.22559 0.34612 -0.01048
v 0.19362 0.34764 0.03344
v 0.21506 0.35525 -0.01379
v 0.22628 0.32895 -0.06002
v 0.22559 0.34612 -0.01048
v 0.21576 0.33808 -0.06333
v 0.22628 0.32895 -0.06002
v 0.21506 0.35525 -0.01379
v -0.08308 0.55076 -0.10133
v -0.12938 0.54183 -0.11105
v -0.08277 0.54323 -0.12304
v -0.09248 0.54743 -0.08063
v -0.12938 0.54183 -0.11105
v -0.08308 0.55076 -0.10133
v -0.09248 0.54743 -0.08063
v -0.10738 0.53451 -0.06884
v -0.12938 0.54183 -0.11105
v -0.12210 0.51693 -0.07048
v -0.12938 0.54183 -0.11105
v -0.10738 0.53451 -0.06884
v -0.13101 0.50143 -0.08490
v -0.12938 0.54183 -0.11105
v -0.12210 0.51693 -0.07048
v -0.13101 0.50143 -0.08490
v -0.13070 0.49390 -0.10661
v -0.12938 0.54183 -0.11105
v -0.12130 0.49723 -0.12731
v -0.12938 0.54183 -0.11105
v -0.13070 0.49390 -0.10661
v -0.10639 0.51015 -0.13910
v -0.12938 0.54183 -0.11105
v -0.12130 0.49723 -0.12731
v -0.10639 0.51015 -0.13910
v -0.09168 0.52772 -0.13747
v -0.12938 0.54183 -0.11105
v -0.09168 0.52772 -0.13747
v -0.08277 0.54323 -0.12304
v -0.12938 0.54183 -0.11105
v 0.00600 0.53591 -0.07948
v 0.20662 0.33220 -0.05740
v 0.20603 0.34689 -0.01503
v 0.00670 0.51882 -0.12878
v 0.20662 0.33220 -0.05740
v 0.00600 0.53591 -0.07948
v 0.00670 0.51882 -0.12878
v 0.18924 0.30192 -0.08556
v 0.20662 0.33220 -0.05740
v -0.01354 0.48360 -0.16153
v 0.18924 0.30192 -0.08556
v 0.00670 0.51882 -0.12878
v -0.01354 0.48360 -0.16153
v 0.16051 0.26763 -0.08874
v 0.18924 0.30192 -0.08556
v -0.04696 0.44370 -0.16523
v 0.16051 0.26763 -0.08874
v -0.01354 0.48360 -0.16153
v -0.04696 0.44370 -0.16523
v 0.13143 0.24241 -0.06574
v 0.16051 0.26763 -0.08874
v -0.08080 0.41437 -0.13847
v 0.13143 0.24241 -0.06574
v -0.04696 0.44370 -0.16523
v -0.08080 0.41437 -0.13847
v 0.11307 0.23590 -0.02533
v 0.13143 0.24241 -0.06574
v -0.10215 0.40680 -0.09147
v 0.11307 0.23590 -0.02533
v -0.08080 0.41437 -0.13847
v -0.10215 0.40680 -0.09147
v 0.11248 0.25059 0.01704
v 0.11307 0.23590 -0.02533
v -0.10283 0.42388 -0.04217
v 0.11248 0.25059 0.01704
v -0.10215 0.40680 -0.09147
v -0.10283 0.42388 -0.04217
v 0.12986 0.28087 0.04519
v 0.11248 0.25059 0.01704
v -0.08261 0.45910 -0.00942
v 0.12986 0.28087 0.04519
v -0.10283 0.42388 -0.04217
v -0.08261 0.45910 -0.00942
v 0.15859 0.31516 0.04838
v 0.12986 0.28087 0.04519
v -0.04919 0.49900 -0.00572
v 0.15859 0.31516 0.04838
v -0.08261 0.45910 -0.00942
v -0.04919 0.49900 -0.00572
v 0.18768 0.34038 0.02537
v 0.15859 0.31516 0.04838
v -0.01535 0.52834 -0.03248
v 0.18768 0.34038 0.02537
v -0.04919 0.49900 -0.00572
v -0.01535 0.52834 -0.03248
v 0.20603 0.34689 -0.01503
v 0.18768 0.34038 0.02537
v 0.00600 0.53591 -0.07948
v 0.20603 0.34689 -0.01503
v -0.01535 0.52834 -0.03248
v 0.00244 0.55783 -0.08246
v 0.01467 0.52795 -0.13650
v 0.01386 0.54793 -0.07887
v 0.00325 0.53785 -0.14009
v 0.01467 0.52795 -0.13650
v 0.00244 0.55783 -0.08246
v 0.00325 0.53785 -0.14009
v -0.00897 0.48678 -0.17479
v 0.01467 0.52795 -0.13650
v -0.02040 0.49668 -0.17838
v -0.00897 0.48678 -0.17479
v 0.00325 0.53785 -0.14009
v -0.02040 0.49668 -0.17838
v -0.04803 0.44013 -0.17912
v -0.00897 0.48678 -0.17479
v -0.05947 0.45003 -0.18271
v -0.04803 0.44013 -0.17912
v -0.02040 0.49668 -0.17838
v -0.05947 0.45003 -0.18271
v -0.08761 0.40584 -0.14783
v -0.04803 0.44013 -0.17912
v -0.09903 0.41574 -0.15142
v -0.08761 0.40584 -0.14783
v -0.05947 0.45003 -0.18271
v -0.09903 0.41574 -0.15142
v -0.11256 0.39699 -0.09288
v -0.08761 0.40584 -0.14783
v -0.12398 0.40689 -0.09647
v -0.11256 0.39699 -0.09288
v -0.09903 0.41574 -0.15142
v -0.12398 0.40689 -0.09647
v -0.11337 0.41696 -0.03525
v -0.11256 0.39699 -0.09288
v -0.12479 0.42686 -0.03885
v -0.11337 0.41696 -0.03525
v -0.12398 0.40689 -0.09647
v -0.12479 0.42686 -0.03885
v -0.08972 0.45814 0.00304
v -0.11337 0.41696 -0.03525
v -0.10115 0.46804 -0.00055
v -0.08972 0.45814 0.00304
v -0.12479 0.42686 -0.03885
v -0.10115 0.46804 -0.00055
v -0.05065 0.50478 0.00737
v -0.08972 0.45814 0.00304
v -0.06208 0.51468 0.00378
v -0.05065 0.50478 0.00737
v -0.10115 0.46804 -0.00055
v -0.06208 0.51468 0.00378
v -0.01109 0.53908 -0.02392
v -0.05065 0.50478 0.00737
v -0.02251 0.54898 -0.02751
v -0.01109 0.53908 -0.02392
v -0.06208 0.51468 0.00378
v -0.02251 0.54898 -0.02751
v 0.01386 0.54793 -0.07887
v -0.01109 0.53908 -0.02392
v 0.00244 0.55783 -0.08246
v 0.01386 0.54793 -0.07887
v -0.02251 0.54898 -0.02751
v -0.06316 0.51111 -0.01011
v -0.12090 0.49603 -0.02917
v -0.09045 0.53240 -0.02579
v -0.09658 0.47121 -0.01382
v -0.12090 0.49603 -0.02917
v -0.06316 0.51111 -0.01011
v -0.09658 0.47121 -0.01382
v -0.13934 0.46394 -0.05902
v -0.12090 0.49603 -0.02917
v -0.11680 0.43599 -0.04657
v -0.13934 0.46394 -0.05902
v -0.09658 0.47121 -0.01382
v -0.11680 0.43599 -0.04657
v -0.13871 0.44837 -0.10394
v -0.13934 0.46394 -0.05902
v -0.11612 0.41891 -0.09586
v -0.13871 0.44837 -0.10394
v -0.11680 0.43599 -0.04657
v -0.11612 0.41891 -0.09586
v -0.11924 0.45526 -0.14678
v -0.13871 0.44837 -0.10394
v -0.09477 0.42648 -0.14286
v -0.11924 0.45526 -0.14678
v -0.11612 0.41891 -0.09586
v -0.09477 0.42648 -0.14286
v -0.08841 0.48200 -0.17117
v -0.11924 0.45526 -0.14678
v -0.06093 0.45582 -0.16963
v -0.08841 0.48200 -0.17117
v -0.09477 0.42648 -0.14286
v -0.06093 0.45582 -0.16963
v -0.05795 0.51836 -0.16779
v -0.08841 0.48200 -0.17117
v -0.02751 0.49571 -0.16592
v -0.05795 0.51836 -0.16779
v -0.06093 0.45582 -0.16963
v -0.02751 0.49571 -0.16592
v -0.03952 0.55046 -0.13794
v -0.05795 0.51836 -0.16779
v -0.00729 0.53093 -0.13317
v -0.03952 0.55046 -0.13794
v -0.02751 0.49571 -0.16592
v -0.00729 0.53093 -0.13317
v -0.04015 0.56603 -0.09302
v -0.03952 0.55046 -0.13794
v -0.00798 0.54802 -0.08388
v -0.04015 0.56603 -0.09302
v -0.00729 0.53093 -0.13317
v -0.00798 0.54802 -0.08388
v -0.05960 0.55913 -0.05018
v -0.04015 0.56603 -0.09302
v -0.02932 0.54045 -0.03687
v -0.05960 0.55913 -0.05018
v -0.00798 0.54802 -0.08388
v -0.02932 0.54045 -0.03687
v -0.09045 0.53240 -0.02579
v -0.05960 0.55913 -0.05018
v -0.06316 0.51111 -0.01011
v -0.09045 0.53240 -0.02579
v -0.02932 0.54045 -0.03687
v -0.08613 0.53244 -0.15535
v -0.08841 0.48200 -0.17117
v -0.05795 0.51836 -0.16779
v -0.10839 0.50586 -0.15782
v -0.08841 0.48200 -0.17117
v -0.08613 0.53244 -0.15535
v -0.10839 0.50586 -0.15782
v -0.11924 0.45526 -0.14678
v -0.08841 0.48200 -0.17117
v -0.13094 0.48631 -0.13999
v -0.11924 0.45526 -0.14678
v -0.10839 0.50586 -0.15782
v -0.13094 0.48631 -0.13999
v -0.13871 0.44837 -0.10394
v -0.11924 0.45526 -0.14678
v -0.14516 0.48127 -0.10867
v -0.13871 0.44837 -0.10394
v -0.13094 0.48631 -0.13999
v -0.14516 0.48127 -0.10867
v -0.13934 0.46394 -0.05902
v -0.13871 0.44837 -0.10394
v -0.14561 0.49265 -0.07583
v -0.13934 0.46394 -0.05902
v -0.14516 0.48127 -0.10867
v -0.14561 0.49265 -0.07583
v -0.12090 0.49603 -0.02917
v -0.13934 0.46394 -0.05902
v -0.13214 0.51612 -0.05400
v -0.12090 0.49603 -0.02917
v -0.14561 0.49265 -0.07583
v -0.13214 0.51612 -0.05400
v -0.09045 0.53240 -0.02579
v -0.12090 0.49603 -0.02917
v -0.10988 0.54270 -0.05154
v -0.09045 0.53240 -0.02579
v -0.13214 0.51612 -0.05400
v -0.10988 0.54270 -0.05154
v -0.05960 0.55913 -0.05018
v -0.09045 0.53240 -0.02579
v -0.08732 0.56224 -0.06937
v -0.05960 0.55913 -0.05018
v -0.10988 0.54270 -0.05154
v -0.08732 0.56224 -0.06937
v -0.04015 0.56603 -0.09302
v -0.05960 0.55913 -0.05018
v -0.07311 0.56729 -0.10069
v -0.04015 0.56603 -0.09302
v -0.08732 0.56224 -0.06937
v -0.07311 0.56729 -0.10069
v -0.03952 0.55046 -0.13794
v -0.04015 0.56603 -0.09302
v -0.07265 0.55590 -0.13353
v -0.03952 0.55046 -0.13794
v -0.07311 0.56729 -0.10069
v -0.07265 0.55590 -0.13353
v -0.05795 0.51836 -0.16779
v -0.03952 0.55046 -0.13794
v -0.08613 0.53244 -0.15535
v -0.05795 0.51836 -0.16779
v -0.07265 0.55590 -0.13353
v 0.20414 0.33851 0.03676
v 0.17242 0.28023 -0.01613
v 0.17013 0.30903 0.06365
v 0.22559 0.34612 -0.01048
v 0.17242 0.28023 -0.01613
v 0.20414 0.33851 0.03676
v 0.22559 0.34612 -0.01048
v 0.22628 0.32895 -0.06002
v 0.17242 0.28023 -0.01613
v 0.11623 0.23355 0.02702
v 0.17242 0.28023 -0.01613
v 0.11692 0.21637 -0.02252
v 0.13656 0.26894 0.05993
v 0.17242 0.28023 -0.01613
v 0.11623 0.23355 0.02702
v 0.13656 0.26894 0.05993
v 0.17013 0.30903 0.06365
v 0.17242 0.28023 -0.01613
v 0.17238 0.25346 -0.09665
v 0.17242 0.28023 -0.01613
v 0.20596 0.29356 -0.09293
v 0.13837 0.22398 -0.06976
v 0.17242 0.28023 -0.01613
v 0.17238 0.25346 -0.09665
v 0.13837 0.22398 -0.06976
v 0.11692 0.21637 -0.02252
v 0.17242 0.28023 -0.01613
v 0.17242 0.28023 -0.01613
v 0.22628 0.32895 -0.06002
v 0.20596 0.29356 -0.09293
v 0.01386 0.54793 -0.07887
v 0.00670 0.51882 -0.12878
v 0.00600 0.53591 -0.07948
v 0.01467 0.52795 -0.13650
v 0.00670 0.51882 -0.12878
v 0.01386 0.54793 -0.07887
v 0.01467 0.52795 -0.13650
v -0.01354 0.48360 -0.16153
v 0.00670 0.51882 -0.12878
v -0.00897 0.48678 -0.17479
v -0.01354 0.48360 -0.16153
v 0.01467 0.52795 -0.13650
v -0.00897 0.48678 -0.17479
v -0.04696 0.44370 -0.16523
v -0.01354 0.48360 -0.16153
v -0.04803 0.44013 -0.17912
v -0.04696 0.44370 -0.16523
v -0.00897 0.48678 -0.17479
v -0.04803 0.44013 -0.17912
v -0.08080 0.41437 -0.13847
v -0.04696 0.44370 -0.16523
v -0.08761 0.40584 -0.14783
v -0.08080 0.41437 -0.13847
v -0.04803 0.44013 -0.17912
v -0.08761 0.40584 -0.14783
v -0.10215 0.40680 -0.09147
v -0.08080 0.41437 -0.13847
v -0.11256 0.39699 -0.09288
v -0.10215 0.40680 -0.09147
v -0.08761 0.40584 -0.14783
v -0.11256 0.39699 -0.09288
v -0.10283 0.42388 -0.04217
v -0.10215 0.40680 -0.09147
v -0.11337 0.41696 -0.03525
v -0.10283 0.42388 -0.04217
v -0.11256 0.39699 -0.09288
v -0.11337 0.41696 -0.03525
v -0.08261 0.45910 -0.00942
v -0.10283 0.42388 -0.04217
v -0.08972 0.45814 0.00304
v -0.08261 0.45910 -0.00942
v -0.11337 0.41696 -0.03525
v -0.08972 0.45814 0.00304
v -0.04919 0.49900 -0.00572
v -0.08261 0.45910 -0.00942
v -0.05065 0.50478 0.00737
v -0.04919 0.49900 -0.00572
v -0.08972 0.45814 0.00304
v -0.05065 0.50478 0.00737
v -0.01535 0.52834 -0.03248
v -0.04919 0.49900 -0.00572
v -0.01109 0.53908 -0.02392
v -0.01535 0.52834 -0.03248
v -0.05065 0.50478 0.00737
v -0.01109 0.53908 -0.02392
v 0.00600 0.53591 -0.07948
v -0.01535 0.52834 -0.03248
v 0.01386 0.54793 -0.07887
v 0.00600 0.53591 -0.07948
v -0.01109 0.53908 -0.02392
v 0.17513 0.49110 0.13830
v 0.15053 0.53171 0.13033
v 0.17657 0.49400 0.11555
v 0.16103 0.49260 0.15638
v 0.15053 0.53171 0.13033
v 0.17513 0.49110 0.13830
v 0.16103 0.49260 0.15638
v 0.13965 0.49794 0.16288
v 0.15053 0.53171 0.13033
v 0.11915 0.50507 0.15533
v 0.15053 0.53171 0.13033
v 0.13965 0.49794 0.16288
v 0.10739 0.51129 0.13660
v 0.15053 0.53171 0.13033
v 0.11915 0.50507 0.15533
v 0.10739 0.51129 0.13660
v 0.10881 0.51419 0.11385
v 0.15053 0.53171 0.13033
v 0.12292 0.51269 0.09577
v 0.15053 0.53171 0.13033
v 0.10881 0.51419 0.11385
v 0.14430 0.50735 0.08927
v 0.15053 0.53171 0.13033
v 0.12292 0.51269 0.09577
v 0.14430 0.50735 0.08927
v 0.16481 0.50021 0.09682
v 0.15053 0.53171 0.13033
v 0.16481 0.50021 0.09682
v 0.17657 0.49400 0.11555
v 0.15053 0.53171 0.13033
v 0.19490 0.40042 0.14270
v 0.10818 0.14150 0.05509
v 0.10537 0.13582 0.09949
v 0.19816 0.40703 0.09104
v 0.10818 0.14150 0.05509
v 0.19490 0.40042 0.14270
v 0.19816 0.40703 0.09104
v 0.08519 0.15362 0.01854
v 0.10818 0.14150 0.05509
v 0.17142 0.42113 0.04852
v 0.08519 0.15362 0.01854
v 0.19816 0.40703 0.09104
v 0.17142 0.42113 0.04852
v 0.04519 0.16755 0.00380
v 0.08519 0.15362 0.01854
v 0.12489 0.43734 0.03137
v 0.04519 0.16755 0.00380
v 0.17142 0.42113 0.04852
v 0.12489 0.43734 0.03137
v 0.00346 0.17797 0.01649
v 0.04519 0.16755 0.00380
v 0.07634 0.44946 0.04614
v 0.00346 0.17797 0.01649
v 0.12489 0.43734 0.03137
v 0.07634 0.44946 0.04614
v -0.02407 0.18091 0.05178
v 0.00346 0.17797 0.01649
v 0.04433 0.45287 0.08719
v -0.02407 0.18091 0.05178
v 0.07634 0.44946 0.04614
v 0.04433 0.45287 0.08719
v -0.02687 0.17523 0.09618
v -0.02407 0.18091 0.05178
v 0.04106 0.44627 0.13884
v -0.02687 0.17523 0.09618
v 0.04433 0.45287 0.08719
v 0.04106 0.44627 0.13884
v -0.00389 0.16311 0.13273
v -0.02687 0.17523 0.09618
v 0.06780 0.43217 0.18136
v -0.00389 0.16311 0.13273
v 0.04106 0.44627 0.13884
v 0.06780 0.43217 0.18136
v 0.03611 0.14918 0.14748
v -0.00389 0.16311 0.13273
v 0.11433 0.41596 0.19852
v 0.03611 0.14918 0.14748
v 0.06780 0.43217 0.18136
v 0.11433 0.41596 0.19852
v 0.07785 0.13875 0.13478
v 0.03611 0.14918 0.14748
v 0.16288 0.40383 0.18375
v 0.07785 0.13875 0.13478
v 0.11433 0.41596 0.19852
v 0.16288 0.40383 0.18375
v 0.10537 0.13582 0.09949
v 0.07785 0.13875 0.13478
v 0.19490 0.40042 0.14270
v 0.10537 0.13582 0.09949
v 0.16288 0.40383 0.18375
v 0.21246 0.41239 0.14979
v 0.21193 0.40536 0.08725
v 0.20812 0.39764 0.14763
v 0.21627 0.42012 0.08941
v 0.21193 0.40536 0.08725
v 0.21246 0.41239 0.14979
v 0.21627 0.42012 0.08941
v 0.18068 0.42184 0.03753
v 0.21193 0.40536 0.08725
v 0.18501 0.43660 0.03969
v 0.18068 0.42184 0.03753
v 0.21627 0.42012 0.08941
v 0.18501 0.43660 0.03969
v 0.12627 0.44079 0.01748
v 0.18068 0.42184 0.03753
v 0.13061 0.45555 0.01964
v 0.12627 0.44079 0.01748
v 0.18501 0.43660 0.03969
v 0.13061 0.45555 0.01964
v 0.06951 0.45496 0.03474
v 0.12627 0.44079 0.01748
v 0.07385 0.46973 0.03690
v 0.06951 0.45496 0.03474
v 0.13061 0.45555 0.01964
v 0.07385 0.46973 0.03690
v 0.03207 0.45895 0.08273
v 0.06951 0.45496 0.03474
v 0.03643 0.47371 0.08490
v 0.03207 0.45895 0.08273
v 0.07385 0.46973 0.03690
v 0.03643 0.47371 0.08490
v 0.02825 0.45123 0.14312
v 0.03207 0.45895 0.08273
v 0.03260 0.46599 0.14528
v 0.02825 0.45123 0.14312
v 0.03643 0.47371 0.08490
v 0.03260 0.46599 0.14528
v 0.05953 0.43475 0.19283
v 0.02825 0.45123 0.14312
v 0.06386 0.44950 0.19500
v 0.05953 0.43475 0.19283
v 0.03260 0.46599 0.14528
v 0.06386 0.44950 0.19500
v 0.11392 0.41580 0.21289
v 0.05953 0.43475 0.19283
v 0.11827 0.43056 0.21505
v 0.11392 0.41580 0.21289
v 0.06386 0.44950 0.19500
v 0.11827 0.43056 0.21505
v 0.17068 0.40162 0.19562
v 0.11392 0.41580 0.21289
v 0.17502 0.41638 0.19779
v 0.17068 0.40162 0.19562
v 0.11827 0.43056 0.21505
v 0.17502 0.41638 0.19779
v 0.20812 0.39764 0.14763
v 0.17068 0.40162 0.19562
v 0.21246 0.41239 0.14979
v 0.20812 0.39764 0.14763
v 0.17502 0.41638 0.19779
v 0.11964 0.43401 0.20116
v 0.08811 0.48511 0.18330
v 0.13052 0.47034 0.19894
v 0.07311 0.45022 0.18401
v 0.08811 0.48511 0.18330
v 0.11964 0.43401 0.20116
v 0.07311 0.45022 0.18401
v 0.06374 0.49796 0.14455
v 0.08811 0.48511 0.18330
v 0.04636 0.46432 0.14148
v 0.06374 0.49796 0.14455
v 0.07311 0.45022 0.18401
v 0.04636 0.46432 0.14148
v 0.06672 0.50398 0.09748
v 0.06374 0.49796 0.14455
v 0.04963 0.47092 0.08983
v 0.06672 0.50398 0.09748
v 0.04636 0.46432 0.14148
v 0.04963 0.47092 0.08983
v 0.09590 0.50088 0.06006
v 0.06672 0.50398 0.09748
v 0.08165 0.46751 0.04878
v 0.09590 0.50088 0.06006
v 0.04963 0.47092 0.08983
v 0.08165 0.46751 0.04878
v 0.14016 0.48983 0.04660
v 0.09590 0.50088 0.06006
v 0.13020 0.45539 0.03401
v 0.14016 0.48983 0.04660
v 0.08165 0.46751 0.04878
v 0.13020 0.45539 0.03401
v 0.18256 0.47506 0.06224
v 0.14016 0.48983 0.04660
v 0.17674 0.43918 0.05117
v 0.18256 0.47506 0.06224
v 0.13020 0.45539 0.03401
v 0.17674 0.43918 0.05117
v 0.20693 0.46221 0.10099
v 0.18256 0.47506 0.06224
v 0.20349 0.42508 0.09369
v 0.20693 0.46221 0.10099
v 0.17674 0.43918 0.05117
v 0.20349 0.42508 0.09369
v 0.20396 0.45619 0.14807
v 0.20693 0.46221 0.10099
v 0.20022 0.41848 0.14534
v 0.20396 0.45619 0.14807
v 0.20349 0.42508 0.09369
v 0.20022 0.41848 0.14534
v 0.17477 0.45929 0.18548
v 0.20396 0.45619 0.14807
v 0.16819 0.42189 0.18639
v 0.17477 0.45929 0.18548
v 0.20022 0.41848 0.14534
v 0.16819 0.42189 0.18639
v 0.13052 0.47034 0.19894
v 0.17477 0.45929 0.18548
v 0.11964 0.43401 0.20116
v 0.13052 0.47034 0.19894
v 0.16819 0.42189 0.18639
v 0.17735 0.50187 0.08225
v 0.14016 0.48983 0.04660
v 0.18256 0.47506 0.06224
v 0.14635 0.51267 0.07082
v 0.14016 0.48983 0.04660
v 0.17735 0.50187 0.08225
v 0.14635 0.51267 0.07082
v 0.09590 0.50088 0.06006
v 0.14016 0.48983 0.04660
v 0.11400 0.52075 0.08066
v 0.09590 0.50088 0.06006
v 0.14635 0.51267 0.07082
v 0.11400 0.52075 0.08066
v 0.06672 0.50398 0.09748
v 0.09590 0.50088 0.06006
v 0.09266 0.52302 0.10801
v 0.06672 0.50398 0.09748
v 0.11400 0.52075 0.08066
v 0.09266 0.52302 0.10801
v 0.06374 0.49796 0.14455
v 0.06672 0.50398 0.09748
v 0.09049 0.51862 0.14242
v 0.06374 0.49796 0.14455
v 0.09266 0.52302 0.10801
v 0.09049 0.51862 0.14242
v 0.08811 0.48511 0.18330
v 0.06374 0.49796 0.14455
v 0.10831 0.50922 0.17076
v 0.08811 0.48511 0.18330
v 0.09049 0.51862 0.14242
v 0.10831 0.50922 0.17076
v 0.13052 0.47034 0.19894
v 0.08811 0.48511 0.18330
v 0.13931 0.49843 0.18219
v 0.13052 0.47034 0.19894
v 0.10831 0.50922 0.17076
v 0.13931 0.49843 0.18219
v 0.17477 0.45929 0.18548
v 0.13052 0.47034 0.19894
v 0.17166 0.49035 0.17235
v 0.17477 0.45929 0.18548
v 0.13931 0.49843 0.18219
v 0.17166 0.49035 0.17235
v 0.20396 0.45619 0.14807
v 0.17477 0.45929 0.18548
v 0.19299 0.48807 0.14499
v 0.20396 0.45619 0.14807
v 0.17166 0.49035 0.17235
v 0.19299 0.48807 0.14499
v 0.20693 0.46221 0.10099
v 0.20396 0.45619 0.14807
v 0.19517 0.49248 0.11058
v 0.20693 0.46221 0.10099
v 0.19299 0.48807 0.14499
v 0.19517 0.49248 0.11058
v 0.18256 0.47506 0.06224
v 0.20693 0.46221 0.10099
v 0.17735 0.50187 0.08225
v 0.18256 0.47506 0.06224
v 0.19517 0.49248 0.11058
v 0.20812 0.39764 0.14763
v 0.19816 0.40703 0.09104
v 0.19490 0.40042 0.14270
v 0.21193 0.40536 0.08725
v 0.19816 0.40703 0.09104
v 0.20812 0.39764 0.14763
v 0.21193 0.40536 0.08725
v 0.17142 0.42113 0.04852
v 0.19816 0.40703 0.09104
v 0.18068 0.42184 0.03753
v 0.17142 0.42113 0.04852
v 0.21193 0.40536 0.08725
v 0.18068 0.42184 0.03753
v 0.12489 0.43734 0.03137
v 0.17142 0.42113 0.04852
v 0.12627 0.44079 0.01748
v 0.12489 0.43734 0.03137
v 0.18068 0.42184 0.03753
v 0.12627 0.44079 0.01748
v 0.07634 0.44946 0.04614
v 0.12489 0.43734 0.03137
v 0.06951 0.45496 0.03474
v 0.07634 0.44946 0.04614
v 0.12627 0.44079 0.01748
v 0.06951 0.45496 0.03474
v 0.04433 0.45287 0.08719
v 0.07634 0.44946 0.04614
v 0.03207 0.45895 0.08273
v 0.04433 0.45287 0.08719
v 0.06951 0.45496 0.03474
v 0.03207 0.45895 0.08273
v 0.04106 0.44627 0.13884
v 0.04433 0.45287 0.08719
v 0.02825 0.45123 0.14312
v 0.04106 0.44627 0.13884
v 0.03207 0.45895 0.08273
v 0.02825 0.45123 0.14312
v 0.06780 0.43217 0.18136
v 0.04106 0.44627 0.13884
v 0.05953 0.43475 0.19283
v 0.06780 0.43217 0.18136
v 0.02825 0.45123 0.14312
v 0.05953 0.43475 0.19283
v 0.11433 0.41596 0.19852
v 0.06780 0.43217 0.18136
v 0.11392 0.41580 0.21289
v 0.11433 0.41596 0.19852
v 0.05953 0.43475 0.19283
v 0.11392 0.41580 0.21289
v 0.16288 0.40383 0.18375
v 0.11433 0.41596 0.19852
v 0.17068 0.40162 0.19562
v 0.16288 0.40383 0.18375
v 0.11392 0.41580 0.21289
v 0.17068 0.40162 0.19562
v 0.19490 0.40042 0.14270
v 0.16288 0.40383 0.18375
v 0.20812 0.39764 0.14763
v 0.19490 0.40042 0.14270
v 0.17068 0.40162 0.19562
v 0.52964 0.45924 0.03588
v 0.49562 0.49166 0.04637
v 0.52456 0.46863 0.01553
v 0.52064 0.45156 0.05558
v 0.49562 0.49166 0.04637
v 0.52964 0.45924 0.03588
v 0.52064 0.45156 0.05558
v 0.50100 0.44853 0.06710
v 0.49562 0.49166 0.04637
v 0.47821 0.45130 0.06605
v 0.49562 0.49166 0.04637
v 0.50100 0.44853 0.06710
v 0.46099 0.45883 0.05283
v 0.49562 0.49166 0.04637
v 0.47821 0.45130 0.06605
v 0.46099 0.45883 0.05283
v 0.45591 0.46822 0.03249
v 0.49562 0.49166 0.04637
v 0.46491 0.47590 0.01279
v 0.49562 0.49166 0.04637
v 0.45591 0.46822 0.03249
v 0.48456 0.47893 0.00126
v 0.49562 0.49166 0.04637
v 0.46491 0.47590 0.01279
v 0.48456 0.47893 0.00126
v 0.50735 0.47616 0.00231
v 0.49562 0.49166 0.04637
v 0.50735 0.47616 0.00231
v 0.52456 0.46863 0.01553
v 0.49562 0.49166 0.04637
v 0.56907 0.38053 0.00618
v 0.52121 0.14256 -0.14650
v 0.53112 0.12423 -0.10679
v 0.55753 0.40186 -0.04001
v 0.52121 0.14256 -0.14650
v 0.56907 0.38053 0.00618
v 0.55753 0.40186 -0.04001
v 0.48759 0.15723 -0.17231
v 0.52121 0.14256 -0.14650
v 0.51843 0.41893 -0.07004
v 0.48759 0.15723 -0.17231
v 0.55753 0.40186 -0.04001
v 0.51843 0.41893 -0.07004
v 0.44312 0.16265 -0.17436
v 0.48759 0.15723 -0.17231
v 0.46669 0.42523 -0.07242
v 0.44312 0.16265 -0.17436
v 0.51843 0.41893 -0.07004
v 0.46669 0.42523 -0.07242
v 0.40478 0.15673 -0.15186
v 0.44312 0.16265 -0.17436
v 0.42208 0.41834 -0.04625
v 0.40478 0.15673 -0.15186
v 0.46669 0.42523 -0.07242
v 0.42208 0.41834 -0.04625
v 0.38720 0.14174 -0.11341
v 0.40478 0.15673 -0.15186
v 0.40164 0.40091 -0.00152
v 0.38720 0.14174 -0.11341
v 0.42208 0.41834 -0.04625
v 0.40164 0.40091 -0.00152
v 0.39712 0.12341 -0.07370
v 0.38720 0.14174 -0.11341
v 0.41318 0.37958 0.04468
v 0.39712 0.12341 -0.07370
v 0.40164 0.40091 -0.00152
v 0.41318 0.37958 0.04468
v 0.43074 0.10873 -0.04789
v 0.39712 0.12341 -0.07370
v 0.45229 0.36251 0.07470
v 0.43074 0.10873 -0.04789
v 0.41318 0.37958 0.04468
v 0.45229 0.36251 0.07470
v 0.47521 0.10332 -0.04585
v 0.43074 0.10873 -0.04789
v 0.50402 0.35621 0.07708
v 0.47521 0.10332 -0.04585
v 0.45229 0.36251 0.07470
v 0.50402 0.35621 0.07708
v 0.51356 0.10924 -0.06834
v 0.47521 0.10332 -0.04585
v 0.54863 0.36310 0.05091
v 0.51356 0.10924 -0.06834
v 0.50402 0.35621 0.07708
v 0.54863 0.36310 0.05091
v 0.53112 0.12423 -0.10679
v 0.51356 0.10924 -0.06834
v 0.56907 0.38053 0.00618
v 0.53112 0.12423 -0.10679
v 0.54863 0.36310 0.05091
v 0.58483 0.39457 0.01371
v 0.56990 0.40532 -0.04648
v 0.58339 0.38039 0.00753
v 0.57135 0.41950 -0.04030
v 0.56990 0.40532 -0.04648
v 0.58483 0.39457 0.01371
v 0.57135 0.41950 -0.04030
v 0.52418 0.42528 -0.08158
v 0.56990 0.40532 -0.04648
v 0.52562 0.43946 -0.07540
v 0.52418 0.42528 -0.08158
v 0.57135 0.41950 -0.04030
v 0.52562 0.43946 -0.07540
v 0.46370 0.43264 -0.08437
v 0.52418 0.42528 -0.08158
v 0.46513 0.44682 -0.07818
v 0.46370 0.43264 -0.08437
v 0.52562 0.43946 -0.07540
v 0.46513 0.44682 -0.07818
v 0.41154 0.42460 -0.05377
v 0.46370 0.43264 -0.08437
v 0.41298 0.43878 -0.04759
v 0.41154 0.42460 -0.05377
v 0.46513 0.44682 -0.07818
v 0.41298 0.43878 -0.04759
v 0.38765 0.40421 -0.00148
v 0.41154 0.42460 -0.05377
v 0.38908 0.41839 0.00470
v 0.38765 0.40421 -0.00148
v 0.41298 0.43878 -0.04759
v 0.38908 0.41839 0.00470
v 0.40113 0.37928 0.05253
v 0.38765 0.40421 -0.00148
v 0.40257 0.39346 0.05872
v 0.40113 0.37928 0.05253
v 0.38908 0.41839 0.00470
v 0.40257 0.39346 0.05872
v 0.44685 0.35932 0.08763
v 0.40113 0.37928 0.05253
v 0.44830 0.37350 0.09382
v 0.44685 0.35932 0.08763
v 0.40257 0.39346 0.05872
v 0.44830 0.37350 0.09382
v 0.50735 0.35196 0.09041
v 0.44685 0.35932 0.08763
v 0.50878 0.36614 0.09660
v 0.50735 0.35196 0.09041
v 0.44830 0.37350 0.09382
v 0.50878 0.36614 0.09660
v 0.55949 0.36001 0.05982
v 0.50735 0.35196 0.09041
v 0.56094 0.37419 0.06600
v 0.55949 0.36001 0.05982
v 0.50878 0.36614 0.09660
v 0.56094 0.37419 0.06600
v 0.58339 0.38039 0.00753
v 0.55949 0.36001 0.05982
v 0.58483 0.39457 0.01371
v 0.58339 0.38039 0.00753
v 0.56094 0.37419 0.06600
v 0.50579 0.37356 0.08465
v 0.46043 0.41635 0.09068
v 0.50758 0.41061 0.09285
v 0.45405 0.37985 0.08227
v 0.46043 0.41635 0.09068
v 0.50579 0.37356 0.08465
v 0.45405 0.37985 0.08227
v 0.42479 0.43191 0.06332
v 0.46043 0.41635 0.09068
v 0.41494 0.39693 0.05225
v 0.42479 0.43191 0.06332
v 0.45405 0.37985 0.08227
v 0.41494 0.39693 0.05225
v 0.41428 0.45134 0.02122
v 0.42479 0.43191 0.06332
v 0.40340 0.41825 0.00605
v 0.41428 0.45134 0.02122
v 0.41494 0.39693 0.05225
v 0.40340 0.41825 0.00605
v 0.43290 0.46723 -0.01955
v 0.41428 0.45134 0.02122
v 0.42385 0.43569 -0.03868
v 0.43290 0.46723 -0.01955
v 0.40340 0.41825 0.00605
v 0.42385 0.43569 -0.03868
v 0.47357 0.47350 -0.04340
v 0.43290 0.46723 -0.01955
v 0.46845 0.44257 -0.06485
v 0.47357 0.47350 -0.04340
v 0.42385 0.43569 -0.03868
v 0.46845 0.44257 -0.06485
v 0.52071 0.46777 -0.04123
v 0.47357 0.47350 -0.04340
v 0.52020 0.43627 -0.06247
v 0.52071 0.46777 -0.04123
v 0.46845 0.44257 -0.06485
v 0.52020 0.43627 -0.06247
v 0.55635 0.45221 -0.01386
v 0.52071 0.46777 -0.04123
v 0.55930 0.41920 -0.03245
v 0.55635 0.45221 -0.01386
v 0.52020 0.43627 -0.06247
v 0.55930 0.41920 -0.03245
v 0.56687 0.43277 0.02824
v 0.55635 0.45221 -0.01386
v 0.57083 0.39788 0.01375
v 0.56687 0.43277 0.02824
v 0.55930 0.41920 -0.03245
v 0.57083 0.39788 0.01375
v 0.54824 0.41688 0.06900
v 0.56687 0.43277 0.02824
v 0.55039 0.38044 0.05848
v 0.54824 0.41688 0.06900
v 0.57083 0.39788 0.01375
v 0.55039 0.38044 0.05848
v 0.50758 0.41061 0.09285
v 0.54824 0.41688 0.06900
v 0.50579 0.37356 0.08465
v 0.50758 0.41061 0.09285
v 0.55039 0.38044 0.05848
v 0.51509 0.48531 -0.01282
v 0.47357 0.47350 -0.04340
v 0.52071 0.46777 -0.04123
v 0.48062 0.48951 -0.01440
v 0.47357 0.47350 -0.04340
v 0.51509 0.48531 -0.01282
v 0.48062 0.48951 -0.01440
v 0.43290 0.46723 -0.01955
v 0.47357 0.47350 -0.04340
v 0.45090 0.48492 0.00303
v 0.43290 0.46723 -0.01955
v 0.48062 0.48951 -0.01440
v 0.45090 0.48492 0.00303
v 0.41428 0.45134 0.02122
v 0.43290 0.46723 -0.01955
v 0.43728 0.47331 0.03283
v 0.41428 0.45134 0.02122
v 0.45090 0.48492 0.00303
v 0.43728 0.47331 0.03283
v 0.42479 0.43191 0.06332
v 0.41428 0.45134 0.02122
v 0.44497 0.45910 0.06361
v 0.42479 0.43191 0.06332
v 0.43728 0.47331 0.03283
v 0.44497 0.45910 0.06361
v 0.46043 0.41635 0.09068
v 0.42479 0.43191 0.06332
v 0.47102 0.44772 0.08362
v 0.46043 0.41635 0.09068
v 0.44497 0.45910 0.06361
v 0.47102 0.44772 0.08362
v 0.50758 0.41061 0.09285
v 0.46043 0.41635 0.09068
v 0.50550 0.44353 0.08520
v 0.50758 0.41061 0.09285
v 0.47102 0.44772 0.08362
v 0.50550 0.44353 0.08520
v 0.54824 0.41688 0.06900
v 0.50758 0.41061 0.09285
v 0.53522 0.44812 0.06777
v 0.54824 0.41688 0.06900
v 0.50550 0.44353 0.08520
v 0.53522 0.44812 0.06777
v 0.56687 0.43277 0.02824
v 0.54824 0.41688 0.06900
v 0.54885 0.45973 0.03797
v 0.56687 0.43277 0.02824
v 0.53522 0.44812 0.06777
v 0.54885 0.45973 0.03797
v 0.55635 0.45221 -0.01386
v 0.56687 0.43277 0.02824
v 0.54115 0.47394 0.00718
v 0.55635 0.45221 -0.01386
v 0.54885 0.45973 0.03797
v 0.54115 0.47394 0.00718
v 0.52071 0.46777 -0.04123
v 0.55635 0.45221 -0.01386
v 0.51509 0.48531 -0.01282
v 0.52071 0.46777 -0.04123
v 0.54115 0.47394 0.00718
v 0.58339 0.38039 0.00753
v 0.55753 0.40186 -0.04001
v 0.56907 0.38053 0.00618
v 0.56990 0.40532 -0.04648
v 0.55753 0.40186 -0.04001
v 0.58339 0.38039 0.00753
v 0.56990 0.40532 -0.04648
v 0.51843 0.41893 -0.07004
v 0.55753 0.40186 -0.04001
v 0.52418 0.42528 -0.08158
v 0.51843 0.41893 -0.07004
v 0.56990 0.40532 -0.04648
v 0.52418 0.42528 -0.08158
v 0.46669 0.42523 -0.07242
v 0.51843 0.41893 -0.07004
v 0.46370 0.43264 -0.08437
v 0.46669 0.42523 -0.07242
v 0.52418 0.42528 -0.08158
v 0.46370 0.43264 -0.08437
v 0.42208 0.41834 -0.04625
v 0.46669 0.42523 -0.07242
v 0.41154 0.42460 -0.05377
v 0.42208 0.41834 -0.04625
v 0.46370 0.43264 -0.08437
v 0.41154 0.42460 -0.05377
v 0.40164 0.40091 -0.00152
v 0.42208 0.41834 -0.04625
v 0.38765 0.40421 -0.00148
v 0.40164 0.40091 -0.00152
v 0.41154 0.42460 -0.05377
v 0.38765 0.40421 -0.00148
v 0.41318 0.37958 0.04468
v 0.40164 0.40091 -0.00152
v 0.40113 0.37928 0.05253
v 0.41318 0.37958 0.04468
v 0.38765 0.40421 -0.00148
v 0.40113 0.37928 0.05253
v 0.45229 0.36251 0.07470
v 0.41318 0.37958 0.04468
v 0.44685 0.35932 0.08763
v 0.45229 0.36251 0.07470
v 0.40113 0.37928 0.05253
v 0.44685 0.35932 0.08763
v 0.50402 0.35621 0.07708
v 0.45229 0.36251 0.07470
v 0.50735 0.35196 0.09041
v 0.50402 0.35621 0.07708
v 0.44685 0.35932 0.08763
v 0.50735 0.35196 0.09041
v 0.54863 0.36310 0.05091
v 0.50402 0.35621 0.07708
v 0.55949 0.36001 0.05982
v 0.54863 0.36310 0.05091
v 0.50735 0.35196 0.09041
v 0.55949 0.36001 0.05982
v 0.56907 0.38053 0.00618
v 0.54863 0.36310 0.05091
v 0.58339 0.38039 0.00753
v 0.56907 0.38053 0.00618
v 0.55949 0.36001 0.05982
v -0.41735 0.07488 -0.28870
v -0.43577 0.06056 -0.33779
v -0.41735 0.06056 -0.28870
v -0.43577 0.07488 -0.33779
v -0.43577 0.06056 -0.33779
v -0.41735 0.07488 -0.28870
v -0.43577 0.07488 -0.33779
v -0.47953 0.06056 -0.36668
v -0.43577 0.06056 -0.33779
v -0.47953 0.07488 -0.36668
v -0.47953 0.06056 -0.36668
v -0.43577 0.07488 -0.33779
v -0.47953 0.07488 -0.36668
v -0.53191 0.06056 -0.36432
v -0.47953 0.06056 -0.36668
v -0.53191 0.07488 -0.36432
v -0.53191 0.06056 -0.36432
v -0.47953 0.07488 -0.36668
v -0.53191 0.07488 -0.36432
v -0.57290 0.06056 -0.33163
v -0.53191 0.06056 -0.36432
v -0.57290 0.07488 -0.33163
v -0.57290 0.06056 -0.33163
v -0.53191 0.07488 -0.36432
v -0.57290 0.07488 -0.33163
v -0.58685 0.06056 -0.28108
v -0.57290 0.06056 -0.33163
v -0.58685 0.07488 -0.28108
v -0.58685 0.06056 -0.28108
v -0.57290 0.07488 -0.33163
v -0.58685 0.07488 -0.28108
v -0.56843 0.06056 -0.23199
v -0.58685 0.06056 -0.28108
v -0.56843 0.07488 -0.23199
v -0.56843 0.06056 -0.23199
v -0.58685 0.07488 -0.28108
v -0.56843 0.07488 -0.23199
v -0.52466 0.06056 -0.20311
v -0.56843 0.06056 -0.23199
v -0.52466 0.07488 -0.20311
v -0.52466 0.06056 -0.20311
v -0.56843 0.07488 -0.23199
v -0.52466 0.07488 -0.20311
v -0.47228 0.06056 -0.20546
v -0.52466 0.06056 -0.20311
v -0.47228 0.07488 -0.20546
v -0.47228 0.06056 -0.20546
v -0.52466 0.07488 -0.20311
v -0.47228 0.07488 -0.20546
v -0.43129 0.06056 -0.23816
v -0.47228 0.06056 -0.20546
v -0.43129 0.07488 -0.23816
v -0.43129 0.06056 -0.23816
v -0.47228 0.07488 -0.20546
v -0.43129 0.07488 -0.23816
v -0.41735 0.06056 -0.28870
v -0.43129 0.06056 -0.23816
v -0.41735 0.07488 -0.28870
v -0.41735 0.06056 -0.28870
v -0.43129 0.07488 -0.23816
v -0.47107 0.43889 -0.26441
v -0.50210 0.46949 -0.28489
v -0.46495 0.43889 -0.28656
v -0.48903 0.43889 -0.25008
v -0.50210 0.46949 -0.28489
v -0.47107 0.43889 -0.26441
v -0.48903 0.43889 -0.25008
v -0.51199 0.43889 -0.24905
v -0.50210 0.46949 -0.28489
v -0.53117 0.43889 -0.26171
v -0.50210 0.46949 -0.28489
v -0.51199 0.43889 -0.24905
v -0.53924 0.43889 -0.28322
v -0.50210 0.46949 -0.28489
v -0.53117 0.43889 -0.26171
v -0.53924 0.43889 -0.28322
v -0.53313 0.43889 -0.30537
v -0.50210 0.46949 -0.28489
v -0.51516 0.43889 -0.31970
v -0.50210 0.46949 -0.28489
v -0.53313 0.43889 -0.30537
v -0.49221 0.43889 -0.32073
v -0.50210 0.46949 -0.28489
v -0.51516 0.43889 -0.31970
v -0.49221 0.43889 -0.32073
v -0.47302 0.43889 -0.30808
v -0.50210 0.46949 -0.28489
v -0.47302 0.43889 -0.30808
v -0.46495 0.43889 -0.28656
v -0.50210 0.46949 -0.28489
v -0.43163 0.35889 -0.23839
v -0.42959 0.07648 -0.28815
v -0.44154 0.07648 -0.24492
v -0.41775 0.35889 -0.28868
v -0.42959 0.07648 -0.28815
v -0.43163 0.35889 -0.23839
v -0.41775 0.35889 -0.28868
v -0.44537 0.07648 -0.33014
v -0.42959 0.07648 -0.28815
v -0.43610 0.35889 -0.33753
v -0.44537 0.07648 -0.33014
v -0.41775 0.35889 -0.28868
v -0.43610 0.35889 -0.33753
v -0.48280 0.07648 -0.35485
v -0.44537 0.07648 -0.33014
v -0.47964 0.35889 -0.36627
v -0.48280 0.07648 -0.35485
v -0.43610 0.35889 -0.33753
v -0.47964 0.35889 -0.36627
v -0.52760 0.07648 -0.35283
v -0.48280 0.07648 -0.35485
v -0.53176 0.35889 -0.36393
v -0.52760 0.07648 -0.35283
v -0.47964 0.35889 -0.36627
v -0.53176 0.35889 -0.36393
v -0.56265 0.07648 -0.32487
v -0.52760 0.07648 -0.35283
v -0.57256 0.35889 -0.33140
v -0.56265 0.07648 -0.32487
v -0.53176 0.35889 -0.36393
v -0.57256 0.35889 -0.33140
v -0.57458 0.07648 -0.28163
v -0.56265 0.07648 -0.32487
v -0.58643 0.35889 -0.28110
v -0.57458 0.07648 -0.28163
v -0.57256 0.35889 -0.33140
v -0.58643 0.35889 -0.28110
v -0.55882 0.07648 -0.23964
v -0.57458 0.07648 -0.28163
v -0.56809 0.35889 -0.23225
v -0.55882 0.07648 -0.23964
v -0.58643 0.35889 -0.28110
v -0.56809 0.35889 -0.23225
v -0.52140 0.07648 -0.21494
v -0.55882 0.07648 -0.23964
v -0.52455 0.35889 -0.20351
v -0.52140 0.07648 -0.21494
v -0.56809 0.35889 -0.23225
v -0.52455 0.35889 -0.20351
v -0.47660 0.07648 -0.21695
v -0.52140 0.07648 -0.21494
v -0.47243 0.35889 -0.20586
v -0.47660 0.07648 -0.21695
v -0.52455 0.35889 -0.20351
v -0.47243 0.35889 -0.20586
v -0.44154 0.07648 -0.24492
v -0.47660 0.07648 -0.21695
v -0.43163 0.35889 -0.23839
v -0.44154 0.07648 -0.24492
v -0.47243 0.35889 -0.20586
v -0.41972 0.37616 -0.23052
v -0.40349 0.36062 -0.28932
v -0.41972 0.36062 -0.23052
v -0.40349 0.37616 -0.28932
v -0.40349 0.36062 -0.28932
v -0.41972 0.37616 -0.23052
v -0.40349 0.37616 -0.28932
v -0.42494 0.36062 -0.34643
v -0.40349 0.36062 -0.28932
v -0.42494 0.37616 -0.34643
v -0.42494 0.36062 -0.34643
v -0.40349 0.37616 -0.28932
v -0.42494 0.37616 -0.34643
v -0.47584 0.36062 -0.38003
v -0.42494 0.36062 -0.34643
v -0.47584 0.37616 -0.38003
v -0.47584 0.36062 -0.38003
v -0.42494 0.37616 -0.34643
v -0.47584 0.37616 -0.38003
v -0.53677 0.36062 -0.37729
v -0.47584 0.36062 -0.38003
v -0.53677 0.37616 -0.37729
v -0.53677 0.36062 -0.37729
v -0.47584 0.37616 -0.38003
v -0.53677 0.37616 -0.37729
v -0.58447 0.36062 -0.33926
v -0.53677 0.36062 -0.37729
v -0.58447 0.37616 -0.33926
v -0.58447 0.36062 -0.33926
v -0.53677 0.37616 -0.37729
v -0.58447 0.37616 -0.33926
v -0.60070 0.36062 -0.28046
v -0.58447 0.36062 -0.33926
v -0.60070 0.37616 -0.28046
v -0.60070 0.36062 -0.28046
v -0.58447 0.37616 -0.33926
v -0.60070 0.37616 -0.28046
v -0.57926 0.36062 -0.22335
v -0.60070 0.36062 -0.28046
v -0.57926 0.37616 -0.22335
v -0.57926 0.36062 -0.22335
v -0.60070 0.37616 -0.28046
v -0.57926 0.37616 -0.22335
v -0.52835 0.36062 -0.18975
v -0.57926 0.36062 -0.22335
v -0.52835 0.37616 -0.18975
v -0.52835 0.36062 -0.18975
v -0.57926 0.37616 -0.22335
v -0.52835 0.37616 -0.18975
v -0.46740 0.36062 -0.19249
v -0.52835 0.36062 -0.18975
v -0.46740 0.37616 -0.19249
v -0.46740 0.36062 -0.19249
v -0.52835 0.37616 -0.18975
v -0.46740 0.37616 -0.19249
v -0.41972 0.36062 -0.23052
v -0.46740 0.36062 -0.19249
v -0.41972 0.37616 -0.23052
v -0.41972 0.36062 -0.23052
v -0.46740 0.37616 -0.19249
v -0.52455 0.37789 -0.20351
v -0.56225 0.41514 -0.23692
v -0.52256 0.41514 -0.21073
v -0.56809 0.37789 -0.23225
v -0.56225 0.41514 -0.23692
v -0.52455 0.37789 -0.20351
v -0.56809 0.37789 -0.23225
v -0.57896 0.41514 -0.28144
v -0.56225 0.41514 -0.23692
v -0.58643 0.37789 -0.28110
v -0.57896 0.41514 -0.28144
v -0.56809 0.37789 -0.23225
v -0.58643 0.37789 -0.28110
v -0.56630 0.41514 -0.32727
v -0.57896 0.41514 -0.28144
v -0.57256 0.37789 -0.33140
v -0.56630 0.41514 -0.32727
v -0.58643 0.37789 -0.28110
v -0.57256 0.37789 -0.33140
v -0.52914 0.41514 -0.35692
v -0.56630 0.41514 -0.32727
v -0.53176 0.37789 -0.36393
v -0.52914 0.41514 -0.35692
v -0.57256 0.37789 -0.33140
v -0.53176 0.37789 -0.36393
v -0.48163 0.41514 -0.35906
v -0.52914 0.41514 -0.35692
v -0.47964 0.37789 -0.36627
v -0.48163 0.41514 -0.35906
v -0.53176 0.37789 -0.36393
v -0.47964 0.37789 -0.36627
v -0.44195 0.41514 -0.33286
v -0.48163 0.41514 -0.35906
v -0.43610 0.37789 -0.33753
v -0.44195 0.41514 -0.33286
v -0.47964 0.37789 -0.36627
v -0.43610 0.37789 -0.33753
v -0.42524 0.41514 -0.28835
v -0.44195 0.41514 -0.33286
v -0.41775 0.37789 -0.28868
v -0.42524 0.41514 -0.28835
v -0.43610 0.37789 -0.33753
v -0.41775 0.37789 -0.28868
v -0.43788 0.41514 -0.24251
v -0.42524 0.41514 -0.28835
v -0.43163 0.37789 -0.23839
v -0.43788 0.41514 -0.24251
v -0.41775 0.37789 -0.28868
v -0.43163 0.37789 -0.23839
v -0.47506 0.41514 -0.21286
v -0.43788 0.41514 -0.24251
v -0.47243 0.37789 -0.20586
v -0.47506 0.41514 -0.21286
v -0.43163 0.37789 -0.23839
v -0.47243 0.37789 -0.20586
v -0.52256 0.41514 -0.21073
v -0.47506 0.41514 -0.21286
v -0.52455 0.37789 -0.20351
v -0.52256 0.41514 -0.21073
v -0.47243 0.37789 -0.20586
v -0.45811 0.44194 -0.31996
v -0.48163 0.41514 -0.35906
v -0.44195 0.41514 -0.33286
v -0.48714 0.44194 -0.33911
v -0.48163 0.41514 -0.35906
v -0.45811 0.44194 -0.31996
v -0.48714 0.44194 -0.33911
v -0.52914 0.41514 -0.35692
v -0.48163 0.41514 -0.35906
v -0.52187 0.44194 -0.33755
v -0.52914 0.41514 -0.35692
v -0.48714 0.44194 -0.33911
v -0.52187 0.44194 -0.33755
v -0.56630 0.41514 -0.32727
v -0.52914 0.41514 -0.35692
v -0.54904 0.44194 -0.31588
v -0.56630 0.41514 -0.32727
v -0.52187 0.44194 -0.33755
v -0.54904 0.44194 -0.31588
v -0.57896 0.41514 -0.28144
v -0.56630 0.41514 -0.32727
v -0.55829 0.44194 -0.28237
v -0.57896 0.41514 -0.28144
v -0.54904 0.44194 -0.31588
v -0.55829 0.44194 -0.28237
v -0.56225 0.41514 -0.23692
v -0.57896 0.41514 -0.28144
v -0.54606 0.44194 -0.24982
v -0.56225 0.41514 -0.23692
v -0.55829 0.44194 -0.28237
v -0.54606 0.44194 -0.24982
v -0.52256 0.41514 -0.21073
v -0.56225 0.41514 -0.23692
v -0.51705 0.44194 -0.23067
v -0.52256 0.41514 -0.21073
v -0.54606 0.44194 -0.24982
v -0.51705 0.44194 -0.23067
v -0.47506 0.41514 -0.21286
v -0.52256 0.41514 -0.21073
v -0.48233 0.44194 -0.23223
v -0.47506 0.41514 -0.21286
v -0.51705 0.44194 -0.23067
v -0.48233 0.44194 -0.23223
v -0.43788 0.41514 -0.24251
v -0.47506 0.41514 -0.21286
v -0.45515 0.44194 -0.25391
v -0.43788 0.41514 -0.24251
v -0.48233 0.44194 -0.23223
v -0.45515 0.44194 -0.25391
v -0.42524 0.41514 -0.28835
v -0.43788 0.41514 -0.24251
v -0.44591 0.44194 -0.28742
v -0.42524 0.41514 -0.28835
v -0.45515 0.44194 -0.25391
v -0.44591 0.44194 -0.28742
v -0.44195 0.41514 -0.33286
v -0.42524 0.41514 -0.28835
v -0.45811 0.44194 -0.31996
v -0.44195 0.41514 -0.33286
v -0.44591 0.44194 -0.28742
v -0.47228 0.06056 -0.20546
v -0.50210 0.05896 -0.28489
v -0.52466 0.06056 -0.20311
v -0.43129 0.06056 -0.23816
v -0.50210 0.05896 -0.28489
v -0.47228 0.06056 -0.20546
v -0.43129 0.06056 -0.23816
v -0.41735 0.06056 -0.28870
v -0.50210 0.05896 -0.28489
v -0.58685 0.06056 -0.28108
v -0.50210 0.05896 -0.28489
v -0.57290 0.06056 -0.33163
v -0.56843 0.06056 -0.23199
v -0.50210 0.05896 -0.28489
v -0.58685 0.06056 -0.28108
v -0.56843 0.06056 -0.23199
v -0.52466 0.06056 -0.20311
v -0.50210 0.05896 -0.28489
v -0.47953 0.06056 -0.36668
v -0.50210 0.05896 -0.28489
v -0.43577 0.06056 -0.33779
v -0.53191 0.06056 -0.36432
v -0.50210 0.05896 -0.28489
v -0.47953 0.06056 -0.36668
v -0.53191 0.06056 -0.36432
v -0.57290 0.06056 -0.33163
v -0.50210 0.05896 -0.28489
v -0.50210 0.05896 -0.28489
v -0.41735 0.06056 -0.28870
v -0.43577 0.06056 -0.33779
v -0.41972 0.36062 -0.23052
v -0.41775 0.35889 -0.28868
v -0.43163 0.35889 -0.23839
v -0.40349 0.36062 -0.28932
v -0.41775 0.35889 -0.28868
v -0.41972 0.36062 -0.23052
v -0.40349 0.36062 -0.28932
v -0.43610 0.35889 -0.33753
v -0.41775 0.35889 -0.28868
v -0.42494 0.36062 -0.34643
v -0.43610 0.35889 -0.33753
v -0.40349 0.36062 -0.28932
v -0.42494 0.36062 -0.34643
v -0.47964 0.35889 -0.36627
v -0.43610 0.35889 -0.33753
v -0.47584 0.36062 -0.38003
v -0.47964 0.35889 -0.36627
v -0.42494 0.36062 -0.34643
v -0.47584 0.36062 -0.38003
v -0.53176 0.35889 -0.36393
v -0.47964 0.35889 -0.36627
v -0.53677 0.36062 -0.37729
v -0.53176 0.35889 -0.36393
v -0.47584 0.36062 -0.38003
v -0.53677 0.36062 -0.37729
v -0.57256 0.35889 -0.33140
v -0.53176 0.35889 -0.36393
v -0.58447 0.36062 -0.33926
v -0.57256 0.35889 -0.33140
v -0.53677 0.36062 -0.37729
v -0.58447 0.36062 -0.33926
v -0.58643 0.35889 -0.28110
v -0.57256 0.35889 -0.33140
v -0.60070 0.36062 -0.28046
v -0.58643 0.35889 -0.28110
v -0.58447 0.36062 -0.33926
v -0.60070 0.36062 -0.28046
v -0.56809 0.35889 -0.23225
v -0.58643 0.35889 -0.28110
v -0.57926 0.36062 -0.22335
v -0.56809 0.35889 -0.23225
v -0.60070 0.36062 -0.28046
v -0.57926 0.36062 -0.22335
v -0.52455 0.35889 -0.20351
v -0.56809 0.35889 -0.23225
v -0.52835 0.36062 -0.18975
v -0.52455 0.35889 -0.20351
v -0.57926 0.36062 -0.22335
v -0.52835 0.36062 -0.18975
v -0.47243 0.35889 -0.20586
v -0.52455 0.35889 -0.20351
v -0.46740 0.36062 -0.19249
v -0.47243 0.35889 -0.20586
v -0.52835 0.36062 -0.18975
v -0.46740 0.36062 -0.19249
v -0.43163 0.35889 -0.23839
v -0.47243 0.35889 -0.20586
v -0.41972 0.36062 -0.23052
v -0.43163 0.35889 -0.23839
v -0.46740 0.36062 -0.19249
v 0.33129 0.45826 -0.16663
v 0.30073 0.46652 -0.20292
v 0.33001 0.43802 -0.17745
v 0.31900 0.47630 -0.15945
v 0.30073 0.46652 -0.20292
v 0.33129 0.45826 -0.16663
v 0.31900 0.47630 -0.15945
v 0.29785 0.48526 -0.15866
v 0.30073 0.46652 -0.20292
v 0.27593 0.48172 -0.16455
v 0.30073 0.46652 -0.20292
v 0.29785 0.48526 -0.15866
v 0.26159 0.46703 -0.17487
v 0.30073 0.46652 -0.20292
v 0.27593 0.48172 -0.16455
v 0.26159 0.46703 -0.17487
v 0.26032 0.44679 -0.18569
v 0.30073 0.46652 -0.20292
v 0.27261 0.42875 -0.19287
v 0.30073 0.46652 -0.20292
v 0.26032 0.44679 -0.18569
v 0.29375 0.41978 -0.19367
v 0.30073 0.46652 -0.20292
v 0.27261 0.42875 -0.19287
v 0.29375 0.41978 -0.19367
v 0.31568 0.42333 -0.18777
v 0.30073 0.46652 -0.20292
v 0.31568 0.42333 -0.18777
v 0.33001 0.43802 -0.17745
v 0.30073 0.46652 -0.20292
v 0.36348 0.42894 -0.08456
v 0.30421 0.25841 0.13826
v 0.30668 0.29790 0.15937
v 0.36060 0.38300 -0.10912
v 0.30421 0.25841 0.13826
v 0.36348 0.42894 -0.08456
v 0.36060 0.38300 -0.10912
v 0.27623 0.22973 0.11810
v 0.30421 0.25841 0.13826
v 0.32805 0.34963 -0.13257
v 0.27623 0.22973 0.11810
v 0.36060 0.38300 -0.10912
v 0.32805 0.34963 -0.13257
v 0.23344 0.22282 0.10660
v 0.27623 0.22973 0.11810
v 0.27828 0.34159 -0.14595
v 0.23344 0.22282 0.10660
v 0.32805 0.34963 -0.13257
v 0.27828 0.34159 -0.14595
v 0.19217 0.24031 0.10815
v 0.23344 0.22282 0.10660
v 0.23026 0.36194 -0.14414
v 0.19217 0.24031 0.10815
v 0.27828 0.34159 -0.14595
v 0.23026 0.36194 -0.14414
v 0.16819 0.27553 0.12216
v 0.19217 0.24031 0.10815
v 0.20237 0.40291 -0.12784
v 0.16819 0.27553 0.12216
v 0.23026 0.36194 -0.14414
v 0.20237 0.40291 -0.12784
v 0.17066 0.31502 0.14328
v 0.16819 0.27553 0.12216
v 0.20523 0.44885 -0.10328
v 0.17066 0.31502 0.14328
v 0.20237 0.40291 -0.12784
v 0.20523 0.44885 -0.10328
v 0.19864 0.34370 0.16343
v 0.17066 0.31502 0.14328
v 0.23778 0.48221 -0.07983
v 0.19864 0.34370 0.16343
v 0.20523 0.44885 -0.10328
v 0.23778 0.48221 -0.07983
v 0.24143 0.35061 0.17493
v 0.19864 0.34370 0.16343
v 0.28757 0.49026 -0.06645
v 0.24143 0.35061 0.17493
v 0.23778 0.48221 -0.07983
v 0.28757 0.49026 -0.06645
v 0.28270 0.33312 0.17338
v 0.24143 0.35061 0.17493
v 0.33558 0.46991 -0.06826
v 0.28270 0.33312 0.17338
v 0.28757 0.49026 -0.06645
v 0.33558 0.46991 -0.06826
v 0.30668 0.29790 0.15937
v 0.28270 0.33312 0.17338
v 0.36348 0.42894 -0.08456
v 0.30668 0.29790 0.15937
v 0.33558 0.46991 -0.06826
v 0.37988 0.43904 -0.09600
v 0.37401 0.37822 -0.11113
v 0.37738 0.43193 -0.08241
v 0.37651 0.38533 -0.12472
v 0.37401 0.37822 -0.11113
v 0.37988 0.43904 -0.09600
v 0.37651 0.38533 -0.12472
v 0.33596 0.33922 -0.13854
v 0.37401 0.37822 -0.11113
v 0.33846 0.34633 -0.15213
v 0.33596 0.33922 -0.13854
v 0.37651 0.38533 -0.12472
v 0.33846 0.34633 -0.15213
v 0.27776 0.32981 -0.15418
v 0.33596 0.33922 -0.13854
v 0.28026 0.33692 -0.16777
v 0.27776 0.32981 -0.15418
v 0.33846 0.34633 -0.15213
v 0.28026 0.33692 -0.16777
v 0.22163 0.35360 -0.15207
v 0.27776 0.32981 -0.15418
v 0.22413 0.36071 -0.16566
v 0.22163 0.35360 -0.15207
v 0.28026 0.33692 -0.16777
v 0.22413 0.36071 -0.16566
v 0.18903 0.40150 -0.13302
v 0.22163 0.35360 -0.15207
v 0.19152 0.40861 -0.14661
v 0.18903 0.40150 -0.13302
v 0.22413 0.36071 -0.16566
v 0.19152 0.40861 -0.14661
v 0.19238 0.45521 -0.10430
v 0.18903 0.40150 -0.13302
v 0.19488 0.46232 -0.11789
v 0.19238 0.45521 -0.10430
v 0.19152 0.40861 -0.14661
v 0.19488 0.46232 -0.11789
v 0.23043 0.49421 -0.07689
v 0.19238 0.45521 -0.10430
v 0.23293 0.50132 -0.09048
v 0.23043 0.49421 -0.07689
v 0.19488 0.46232 -0.11789
v 0.23293 0.50132 -0.09048
v 0.28863 0.50362 -0.06125
v 0.23043 0.49421 -0.07689
v 0.29113 0.51073 -0.07484
v 0.28863 0.50362 -0.06125
v 0.23293 0.50132 -0.09048
v 0.29113 0.51073 -0.07484
v 0.34476 0.47983 -0.06336
v 0.28863 0.50362 -0.06125
v 0.34727 0.48694 -0.07695
v 0.34476 0.47983 -0.06336
v 0.29113 0.51073 -0.07484
v 0.34727 0.48694 -0.07695
v 0.37738 0.43193 -0.08241
v 0.34476 0.47983 -0.06336
v 0.37988 0.43904 -0.09600
v 0.37738 0.43193 -0.08241
v 0.34727 0.48694 -0.07695
v 0.29063 0.49895 -0.08307
v 0.25084 0.50207 -0.13136
v 0.29622 0.50940 -0.11917
v 0.24085 0.49090 -0.09645
v 0.25084 0.50207 -0.13136
v 0.29063 0.49895 -0.08307
v 0.24085 0.49090 -0.09645
v 0.22118 0.47167 -0.15273
v 0.25084 0.50207 -0.13136
v 0.20830 0.45754 -0.11990
v 0.22118 0.47167 -0.15273
v 0.24085 0.49090 -0.09645
v 0.20830 0.45754 -0.11990
v 0.21856 0.42980 -0.17512
v 0.22118 0.47167 -0.15273
v 0.20542 0.41160 -0.14447
v 0.21856 0.42980 -0.17512
v 0.20830 0.45754 -0.11990
v 0.20542 0.41160 -0.14447
v 0.24398 0.39246 -0.18997
v 0.21856 0.42980 -0.17512
v 0.23333 0.37063 -0.16076
v 0.24398 0.39246 -0.18997
v 0.20542 0.41160 -0.14447
v 0.23333 0.37063 -0.16076
v 0.28775 0.37391 -0.19162
v 0.24398 0.39246 -0.18997
v 0.28133 0.35029 -0.16257
v 0.28775 0.37391 -0.19162
v 0.23333 0.37063 -0.16076
v 0.28133 0.35029 -0.16257
v 0.33311 0.38125 -0.17942
v 0.28775 0.37391 -0.19162
v 0.33111 0.35833 -0.14919
v 0.33311 0.38125 -0.17942
v 0.28133 0.35029 -0.16257
v 0.33111 0.35833 -0.14919
v 0.36277 0.41165 -0.15805
v 0.33311 0.38125 -0.17942
v 0.36366 0.39169 -0.12574
v 0.36277 0.41165 -0.15805
v 0.33111 0.35833 -0.14919
v 0.36366 0.39169 -0.12574
v 0.36539 0.45352 -0.13567
v 0.36277 0.41165 -0.15805
v 0.36653 0.43763 -0.10118
v 0.36539 0.45352 -0.13567
v 0.36366 0.39169 -0.12574
v 0.36653 0.43763 -0.10118
v 0.33997 0.49086 -0.12082
v 0.36539 0.45352 -0.13567
v 0.33864 0.47860 -0.08488
v 0.33997 0.49086 -0.12082
v 0.36653 0.43763 -0.10118
v 0.33864 0.47860 -0.08488
v 0.29622 0.50940 -0.11917
v 0.33997 0.49086 -0.12082
v 0.29063 0.49895 -0.08307
v 0.29622 0.50940 -0.11917
v 0.33864 0.47860 -0.08488
v 0.32637 0.40976 -0.19640
v 0.28775 0.37391 -0.19162
v 0.33311 0.38125 -0.17942
v 0.29319 0.40440 -0.20532
v 0.28775 0.37391 -0.19162
v 0.32637 0.40976 -0.19640
v 0.29319 0.40440 -0.20532
v 0.24398 0.39246 -0.18997
v 0.28775 0.37391 -0.19162
v 0.26121 0.41795 -0.20411
v 0.24398 0.39246 -0.18997
v 0.29319 0.40440 -0.20532
v 0.26121 0.41795 -0.20411
v 0.21856 0.42980 -0.17512
v 0.24398 0.39246 -0.18997
v 0.24262 0.44525 -0.19325
v 0.21856 0.42980 -0.17512
v 0.26121 0.41795 -0.20411
v 0.24262 0.44525 -0.19325
v 0.22118 0.47167 -0.15273
v 0.21856 0.42980 -0.17512
v 0.24453 0.47586 -0.17689
v 0.22118 0.47167 -0.15273
v 0.24262 0.44525 -0.19325
v 0.24453 0.47586 -0.17689
v 0.25084 0.50207 -0.13136
v 0.22118 0.47167 -0.15273
v 0.26622 0.49809 -0.16126
v 0.25084 0.50207 -0.13136
v 0.24453 0.47586 -0.17689
v 0.26622 0.49809 -0.16126
v 0.29622 0.50940 -0.11917
v 0.25084 0.50207 -0.13136
v 0.29939 0.50345 -0.15235
v 0.29622 0.50940 -0.11917
v 0.26622 0.49809 -0.16126
v 0.29939 0.50345 -0.15235
v 0.33997 0.49086 -0.12082
v 0.29622 0.50940 -0.11917
v 0.33138 0.48989 -0.15355
v 0.33997 0.49086 -0.12082
v 0.29939 0.50345 -0.15235
v 0.33138 0.48989 -0.15355
v 0.36539 0.45352 -0.13567
v 0.33997 0.49086 -0.12082
v 0.34996 0.46259 -0.16441
v 0.36539 0.45352 -0.13567
v 0.33138 0.48989 -0.15355
v 0.34996 0.46259 -0.16441
v 0.36277 0.41165 -0.15805
v 0.36539 0.45352 -0.13567
v 0.34805 0.43199 -0.18078
v 0.36277 0.41165 -0.15805
v 0.34996 0.46259 -0.16441
v 0.34805 0.43199 -0.18078
v 0.33311 0.38125 -0.17942
v 0.36277 0.41165 -0.15805
v 0.32637 0.40976 -0.19640
v 0.33311 0.38125 -0.17942
v 0.34805 0.43199 -0.18078
v 0.37738 0.43193 -0.08241
v 0.36060 0.38300 -0.10912
v 0.36348 0.42894 -0.08456
v 0.37401 0.37822 -0.11113
v 0.36060 0.38300 -0.10912
v 0.37738 0.43193 -0.08241
v 0.37401 0.37822 -0.11113
v 0.32805 0.34963 -0.13257
v 0.36060 0.38300 -0.10912
v 0.33596 0.33922 -0.13854
v 0.32805 0.34963 -0.13257
v 0.37401 0.37822 -0.11113
v 0.33596 0.33922 -0.13854
v 0.27828 0.34159 -0.14595
v 0.32805 0.34963 -0.13257
v 0.27776 0.32981 -0.15418
v 0.27828 0.34159 -0.14595
v 0.33596 0.33922 -0.13854
v 0.27776 0.32981 -0.15418
v 0.23026 0.36194 -0.14414
v 0.27828 0.34159 -0.14595
v 0.22163 0.35360 -0.15207
v 0.23026 0.36194 -0.14414
v 0.27776 0.32981 -0.15418
v 0.22163 0.35360 -0.15207
v 0.20237 0.40291 -0.12784
v 0.23026 0.36194 -0.14414
v 0.18903 0.40150 -0.13302
v 0.20237 0.40291 -0.12784
v 0.22163 0.35360 -0.15207
v 0.18903 0.40150 -0.13302
v 0.20523 0.44885 -0.10328
v 0.20237 0.40291 -0.12784
v 0.19238 0.45521 -0.10430
v 0.20523 0.44885 -0.10328
v 0.18903 0.40150 -0.13302
v 0.19238 0.45521 -0.10430
v 0.23778 0.48221 -0.07983
v 0.20523 0.44885 -0.10328
v 0.23043 0.49421 -0.07689
v 0.23778 0.48221 -0.07983
v 0.19238 0.45521 -0.10430
v 0.23043 0.49421 -0.07689
v 0.28757 0.49026 -0.06645
v 0.23778 0.48221 -0.07983
v 0.28863 0.50362 -0.06125
v 0.28757 0.49026 -0.06645
v 0.23043 0.49421 -0.07689
v 0.28863 0.50362 -0.06125
v 0.33558 0.46991 -0.06826
v 0.28757 0.49026 -0.06645
v 0.34476 0.47983 -0.06336
v 0.33558 0.46991 -0.06826
v 0.28863 0.50362 -0.06125
v 0.34476 0.47983 -0.06336
v 0.36348 0.42894 -0.08456
v 0.33558 0.46991 -0.06826
v 0.37738 0.43193 -0.08241
v 0.36348 0.42894 -0.08456
v 0.34476 0.47983 -0.06336
v -0.43138 0.23041 0.04921
v -0.38370 0.21436 0.02862
v -0.42180 0.23277 0.05959
v -0.39328 0.21200 0.01824
v -0.38370 0.21436 0.02862
v -0.43138 0.23041 0.04921
v -0.39328 0.21200 0.01824
v -0.35773 0.17106 0.01449
v -0.38370 0.21436 0.02862
v -0.36732 0.16870 0.00410
v -0.35773 0.17106 0.01449
v -0.39328 0.21200 0.01824
v -0.36732 0.16870 0.00410
v -0.35380 0.11940 0.02259
v -0.35773 0.17106 0.01449
v -0.36338 0.11705 0.01221
v -0.35380 0.11940 0.02259
v -0.36732 0.16870 0.00410
v -0.36338 0.11705 0.01221
v -0.37341 0.07913 0.04984
v -0.35380 0.11940 0.02259
v -0.38300 0.07677 0.03945
v -0.37341 0.07913 0.04984
v -0.36338 0.11705 0.01221
v -0.38300 0.07677 0.03945
v -0.40908 0.06561 0.08582
v -0.37341 0.07913 0.04984
v -0.41866 0.06325 0.07544
v -0.40908 0.06561 0.08582
v -0.38300 0.07677 0.03945
v -0.41866 0.06325 0.07544
v -0.44717 0.08402 0.11679
v -0.40908 0.06561 0.08582
v -0.45675 0.08166 0.10641
v -0.44717 0.08402 0.11679
v -0.41866 0.06325 0.07544
v -0.45675 0.08166 0.10641
v -0.47313 0.12732 0.13093
v -0.44717 0.08402 0.11679
v -0.48271 0.12496 0.12054
v -0.47313 0.12732 0.13093
v -0.45675 0.08166 0.10641
v -0.48271 0.12496 0.12054
v -0.47707 0.17897 0.12282
v -0.47313 0.12732 0.13093
v -0.48665 0.17662 0.11244
v -0.47707 0.17897 0.12282
v -0.48271 0.12496 0.12054
v -0.48665 0.17662 0.11244
v -0.45746 0.21925 0.09557
v -0.47707 0.17897 0.12282
v -0.46704 0.21689 0.08519
v -0.45746 0.21925 0.09557
v -0.48665 0.17662 0.11244
v -0.46704 0.21689 0.08519
v -0.42180 0.23277 0.05959
v -0.45746 0.21925 0.09557
v -0.43138 0.23041 0.04921
v -0.42180 0.23277 0.05959
v -0.46704 0.21689 0.08519
v -0.68694 0.11760 -0.19151
v -0.68899 0.08186 -0.22371
v -0.67131 0.12353 -0.20728
v -0.69553 0.09995 -0.17957
v -0.68899 0.08186 -0.22371
v -0.68694 0.11760 -0.19151
v -0.69553 0.09995 -0.17957
v -0.69381 0.07732 -0.17602
v -0.68899 0.08186 -0.22371
v -0.68241 0.05834 -0.18221
v -0.68899 0.08186 -0.22371
v -0.69381 0.07732 -0.17602
v -0.66573 0.05027 -0.19578
v -0.68899 0.08186 -0.22371
v -0.68241 0.05834 -0.18221
v -0.66573 0.05027 -0.19578
v -0.65010 0.05619 -0.21155
v -0.68899 0.08186 -0.22371
v -0.64151 0.07385 -0.22349
v -0.68899 0.08186 -0.22371
v -0.65010 0.05619 -0.21155
v -0.64323 0.09648 -0.22705
v -0.68899 0.08186 -0.22371
v -0.64151 0.07385 -0.22349
v -0.64323 0.09648 -0.22705
v -0.65461 0.11546 -0.22085
v -0.68899 0.08186 -0.22371
v -0.65461 0.11546 -0.22085
v -0.67131 0.12353 -0.20728
v -0.68899 0.08186 -0.22371
v -0.65682 0.16978 -0.12079
v -0.43153 0.21806 0.04995
v -0.46203 0.20650 0.08072
v -0.62132 0.18324 -0.15659
v -0.43153 0.21806 0.04995
v -0.65682 0.16978 -0.12079
v -0.62132 0.18324 -0.15659
v -0.39894 0.20231 0.02345
v -0.43153 0.21806 0.04995
v -0.58343 0.16492 -0.18741
v -0.39894 0.20231 0.02345
v -0.62132 0.18324 -0.15659
v -0.58343 0.16492 -0.18741
v -0.37673 0.16527 0.01137
v -0.39894 0.20231 0.02345
v -0.55757 0.12183 -0.20148
v -0.37673 0.16527 0.01137
v -0.58343 0.16492 -0.18741
v -0.55757 0.12183 -0.20148
v -0.37336 0.12109 0.01830
v -0.37673 0.16527 0.01137
v -0.55367 0.07043 -0.19341
v -0.37336 0.12109 0.01830
v -0.55757 0.12183 -0.20148
v -0.55367 0.07043 -0.19341
v -0.39014 0.08664 0.04160
v -0.37336 0.12109 0.01830
v -0.57317 0.03035 -0.16630
v -0.39014 0.08664 0.04160
v -0.55367 0.07043 -0.19341
v -0.57317 0.03035 -0.16630
v -0.42065 0.07508 0.07238
v -0.39014 0.08664 0.04160
v -0.60867 0.01691 -0.13049
v -0.42065 0.07508 0.07238
v -0.57317 0.03035 -0.16630
v -0.60867 0.01691 -0.13049
v -0.45323 0.09083 0.09887
v -0.42065 0.07508 0.07238
v -0.64658 0.03522 -0.09967
v -0.45323 0.09083 0.09887
v -0.60867 0.01691 -0.13049
v -0.64658 0.03522 -0.09967
v -0.47545 0.12786 0.11096
v -0.45323 0.09083 0.09887
v -0.67242 0.07831 -0.08561
v -0.47545 0.12786 0.11096
v -0.64658 0.03522 -0.09967
v -0.67242 0.07831 -0.08561
v -0.47881 0.17204 0.10403
v -0.47545 0.12786 0.11096
v -0.67633 0.12971 -0.09368
v -0.47881 0.17204 0.10403
v -0.67242 0.07831 -0.08561
v -0.67633 0.12971 -0.09368
v -0.46203 0.20650 0.08072
v -0.47881 0.17204 0.10403
v -0.65682 0.16978 -0.12079
v -0.46203 0.20650 0.08072
v -0.67633 0.12971 -0.09368
v -0.67544 0.17873 -0.12946
v -0.62356 0.19701 -0.16006
v -0.66504 0.18129 -0.11820
v -0.63396 0.19446 -0.17132
v -0.62356 0.19701 -0.16006
v -0.67544 0.17873 -0.12946
v -0.63396 0.19446 -0.17132
v -0.57925 0.17560 -0.19609
v -0.62356 0.19701 -0.16006
v -0.58964 0.17304 -0.20735
v -0.57925 0.17560 -0.19609
v -0.63396 0.19446 -0.17132
v -0.58964 0.17304 -0.20735
v -0.54903 0.12523 -0.21253
v -0.57925 0.17560 -0.19609
v -0.55942 0.12267 -0.22379
v -0.54903 0.12523 -0.21253
v -0.58964 0.17304 -0.20735
v -0.55942 0.12267 -0.22379
v -0.54445 0.06513 -0.20310
v -0.54903 0.12523 -0.21253
v -0.55485 0.06258 -0.21436
v -0.54445 0.06513 -0.20310
v -0.55942 0.12267 -0.22379
v -0.55485 0.06258 -0.21436
v -0.56728 0.01828 -0.17140
v -0.54445 0.06513 -0.20310
v -0.57767 0.01572 -0.18267
v -0.56728 0.01828 -0.17140
v -0.55485 0.06258 -0.21436
v -0.57767 0.01572 -0.18267
v -0.60876 0.00256 -0.12954
v -0.56728 0.01828 -0.17140
v -0.61915 0.00000 -0.14081
v -0.60876 0.00256 -0.12954
v -0.57767 0.01572 -0.18267
v -0.61915 0.00000 -0.14081
v -0.65308 0.02397 -0.09351
v -0.60876 0.00256 -0.12954
v -0.66347 0.02141 -0.10478
v -0.65308 0.02397 -0.09351
v -0.61915 0.00000 -0.14081
v -0.66347 0.02141 -0.10478
v -0.68329 0.07434 -0.07707
v -0.65308 0.02397 -0.09351
v -0.69369 0.07179 -0.08833
v -0.68329 0.07434 -0.07707
v -0.66347 0.02141 -0.10478
v -0.69369 0.07179 -0.08833
v -0.68787 0.13444 -0.08650
v -0.68329 0.07434 -0.07707
v -0.69826 0.13188 -0.09776
v -0.68787 0.13444 -0.08650
v -0.69369 0.07179 -0.08833
v -0.69826 0.13188 -0.09776
v -0.66504 0.18129 -0.11820
v -0.68787 0.13444 -0.08650
v -0.67544 0.17873 -0.12946
v -0.66504 0.18129 -0.11820
v -0.69826 0.13188 -0.09776
v -0.68512 0.07518 -0.09939
v -0.68141 0.03171 -0.14434
v -0.70496 0.07098 -0.13152
v -0.65929 0.03210 -0.11345
v -0.68141 0.03171 -0.14434
v -0.68512 0.07518 -0.09939
v -0.65929 0.03210 -0.11345
v -0.64687 0.01502 -0.17243
v -0.68141 0.03171 -0.14434
v -0.62139 0.01378 -0.14427
v -0.64687 0.01502 -0.17243
v -0.65929 0.03210 -0.11345
v -0.62139 0.01378 -0.14427
v -0.61452 0.02727 -0.20506
v -0.64687 0.01502 -0.17243
v -0.58590 0.02723 -0.18008
v -0.61452 0.02727 -0.20506
v -0.62139 0.01378 -0.14427
v -0.58590 0.02723 -0.18008
v -0.59674 0.06380 -0.22977
v -0.61452 0.02727 -0.20506
v -0.56638 0.06730 -0.20719
v -0.59674 0.06380 -0.22977
v -0.58590 0.02723 -0.18008
v -0.56638 0.06730 -0.20719
v -0.60030 0.11064 -0.23712
v -0.59674 0.06380 -0.22977
v -0.57030 0.11870 -0.21525
v -0.60030 0.11064 -0.23712
v -0.56638 0.06730 -0.20719
v -0.57030 0.11870 -0.21525
v -0.62385 0.14991 -0.22430
v -0.60030 0.11064 -0.23712
v -0.59614 0.16179 -0.20119
v -0.62385 0.14991 -0.22430
v -0.57030 0.11870 -0.21525
v -0.59614 0.16179 -0.20119
v -0.65839 0.16660 -0.19621
v -0.62385 0.14991 -0.22430
v -0.63404 0.18010 -0.17037
v -0.65839 0.16660 -0.19621
v -0.59614 0.16179 -0.20119
v -0.63404 0.18010 -0.17037
v -0.69074 0.15435 -0.16358
v -0.65839 0.16660 -0.19621
v -0.66953 0.16666 -0.13456
v -0.69074 0.15435 -0.16358
v -0.63404 0.18010 -0.17037
v -0.66953 0.16666 -0.13456
v -0.70853 0.11782 -0.13887
v -0.69074 0.15435 -0.16358
v -0.68905 0.12658 -0.10745
v -0.70853 0.11782 -0.13887
v -0.66953 0.16666 -0.13456
v -0.68905 0.12658 -0.10745
v -0.70496 0.07098 -0.13152
v -0.70853 0.11782 -0.13887
v -0.68512 0.07518 -0.09939
v -0.70496 0.07098 -0.13152
v -0.68905 0.12658 -0.10745
v -0.64952 0.12960 -0.23298
v -0.60030 0.11064 -0.23712
v -0.62385 0.14991 -0.22430
v -0.63229 0.10090 -0.24235
v -0.60030 0.11064 -0.23712
v -0.64952 0.12960 -0.23298
v -0.63229 0.10090 -0.24235
v -0.59674 0.06380 -0.22977
v -0.60030 0.11064 -0.23712
v -0.62970 0.06665 -0.23697
v -0.59674 0.06380 -0.22977
v -0.63229 0.10090 -0.24235
v -0.62970 0.06665 -0.23697
v -0.61452 0.02727 -0.20506
v -0.59674 0.06380 -0.22977
v -0.64270 0.03995 -0.21891
v -0.61452 0.02727 -0.20506
v -0.62970 0.06665 -0.23697
v -0.64270 0.03995 -0.21891
v -0.64687 0.01502 -0.17243
v -0.61452 0.02727 -0.20506
v -0.66634 0.03098 -0.19505
v -0.64687 0.01502 -0.17243
v -0.64270 0.03995 -0.21891
v -0.66634 0.03098 -0.19505
v -0.68141 0.03171 -0.14434
v -0.64687 0.01502 -0.17243
v -0.69159 0.04319 -0.17452
v -0.68141 0.03171 -0.14434
v -0.66634 0.03098 -0.19505
v -0.69159 0.04319 -0.17452
v -0.70496 0.07098 -0.13152
v -0.68141 0.03171 -0.14434
v -0.70882 0.07190 -0.16515
v -0.70496 0.07098 -0.13152
v -0.69159 0.04319 -0.17452
v -0.70882 0.07190 -0.16515
v -0.70853 0.11782 -0.13887
v -0.70496 0.07098 -0.13152
v -0.71143 0.10614 -0.17052
v -0.70853 0.11782 -0.13887
v -0.70882 0.07190 -0.16515
v -0.71143 0.10614 -0.17052
v -0.69074 0.15435 -0.16358
v -0.70853 0.11782 -0.13887
v -0.69842 0.13285 -0.18859
v -0.69074 0.15435 -0.16358
v -0.71143 0.10614 -0.17052
v -0.69842 0.13285 -0.18859
v -0.65839 0.16660 -0.19621
v -0.69074 0.15435 -0.16358
v -0.67478 0.14181 -0.21244
v -0.65839 0.16660 -0.19621
v -0.69842 0.13285 -0.18859
v -0.67478 0.14181 -0.21244
v -0.62385 0.14991 -0.22430
v -0.65839 0.16660 -0.19621
v -0.64952 0.12960 -0.23298
v -0.62385 0.14991 -0.22430
v -0.67478 0.14181 -0.21244
v -0.47707 0.17897 0.12282
v -0.41437 0.14945 0.07386
v -0.47313 0.12732 0.13093
v -0.45746 0.21925 0.09557
v -0.41437 0.14945 0.07386
v -0.47707 0.17897 0.12282
v -0.45746 0.21925 0.09557
v -0.42180 0.23277 0.05959
v -0.41437 0.14945 0.07386
v -0.40908 0.06561 0.08582
v -0.41437 0.14945 0.07386
v -0.37341 0.07913 0.04984
v -0.44717 0.08402 0.11679
v -0.41437 0.14945 0.07386
v -0.40908 0.06561 0.08582
v -0.44717 0.08402 0.11679
v -0.47313 0.12732 0.13093
v -0.41437 0.14945 0.07386
v -0.35773 0.17106 0.01449
v -0.41437 0.14945 0.07386
v -0.38370 0.21436 0.02862
v -0.35380 0.11940 0.02259
v -0.41437 0.14945 0.07386
v -0.35773 0.17106 0.01449
v -0.35380 0.11940 0.02259
v -0.37341 0.07913 0.04984
v -0.41437 0.14945 0.07386
v -0.41437 0.14945 0.07386
v -0.42180 0.23277 0.05959
v -0.38370 0.21436 0.02862
v -0.66504 0.18129 -0.11820
v -0.62132 0.18324 -0.15659
v -0.65682 0.16978 -0.12079
v -0.62356 0.19701 -0.16006
v -0.62132 0.18324 -0.15659
v -0.66504 0.18129 -0.11820
v -0.62356 0.19701 -0.16006
v -0.58343 0.16492 -0.18741
v -0.62132 0.18324 -0.15659
v -0.57925 0.17560 -0.19609
v -0.58343 0.16492 -0.18741
v -0.62356 0.19701 -0.16006
v -0.57925 0.17560 -0.19609
v -0.55757 0.12183 -0.20148
v -0.58343 0.16492 -0.18741
v -0.54903 0.12523 -0.21253
v -0.55757 0.12183 -0.20148
v -0.57925 0.17560 -0.19609
v -0.54903 0.12523 -0.21253
v -0.55367 0.07043 -0.19341
v -0.55757 0.12183 -0.20148
v -0.54445 0.06513 -0.20310
v -0.55367 0.07043 -0.19341
v -0.54903 0.12523 -0.21253
v -0.54445 0.06513 -0.20310
v -0.57317 0.03035 -0.16630
v -0.55367 0.07043 -0.19341
v -0.56728 0.01828 -0.17140
v -0.57317 0.03035 -0.16630
v -0.54445 0.06513 -0.20310
v -0.56728 0.01828 -0.17140
v -0.60867 0.01691 -0.13049
v -0.57317 0.03035 -0.16630
v -0.60876 0.00256 -0.12954
v -0.60867 0.01691 -0.13049
v -0.56728 0.01828 -0.17140
v -0.60876 0.00256 -0.12954
v -0.64658 0.03522 -0.09967
v -0.60867 0.01691 -0.13049
v -0.65308 0.02397 -0.09351
v -0.64658 0.03522 -0.09967
v -0.60876 0.00256 -0.12954
v -0.65308 0.02397 -0.09351
v -0.67242 0.07831 -0.08561
v -0.64658 0.03522 -0.09967
v -0.68329 0.07434 -0.07707
v -0.67242 0.07831 -0.08561
v -0.65308 0.02397 -0.09351
v -0.68329 0.07434 -0.07707
v -0.67633 0.12971 -0.09368
v -0.67242 0.07831 -0.08561
v -0.68787 0.13444 -0.08650
v -0.67633 0.12971 -0.09368
v -0.68329 0.07434 -0.07707
v -0.68787 0.13444 -0.08650
v -0.65682 0.16978 -0.12079
v -0.67633 0.12971 -0.09368
v -0.66504 0.18129 -0.11820
v -0.65682 0.16978 -0.12079
v -0.68787 0.13444 -0.08650
v -0.07755 0.51785 0.15499
v -0.11241 0.55049 0.16115
v -0.08132 0.52591 0.13381
v -0.08779 0.51132 0.17450
v -0.11241 0.55049 0.16115
v -0.07755 0.51785 0.15499
v -0.08779 0.51132 0.17450
v -0.10814 0.50880 0.18487
v -0.11241 0.55049 0.16115
v -0.13082 0.51126 0.18214
v -0.11241 0.55049 0.16115
v -0.10814 0.50880 0.18487
v -0.14718 0.51776 0.16737
v -0.11241 0.55049 0.16115
v -0.13082 0.51126 0.18214
v -0.14718 0.51776 0.16737
v -0.15095 0.52581 0.14618
v -0.11241 0.55049 0.16115
v -0.14071 0.53235 0.12668
v -0.11241 0.55049 0.16115
v -0.15095 0.52581 0.14618
v -0.12036 0.53486 0.11631
v -0.11241 0.55049 0.16115
v -0.14071 0.53235 0.12668
v -0.12036 0.53486 0.11631
v -0.09766 0.53240 0.11903
v -0.11241 0.55049 0.16115
v -0.09766 0.53240 0.11903
v -0.08132 0.52591 0.13381
v -0.11241 0.55049 0.16115
v -0.03572 0.43787 0.13297
v -0.07178 0.19037 -0.00732
v -0.06441 0.17464 0.03403
v -0.04430 0.45616 0.08486
v -0.07178 0.19037 -0.00732
v -0.03572 0.43787 0.13297
v -0.04430 0.45616 0.08486
v -0.10368 0.20305 -0.03616
v -0.07178 0.19037 -0.00732
v -0.08143 0.47091 0.05131
v -0.10368 0.20305 -0.03616
v -0.04430 0.45616 0.08486
v -0.08143 0.47091 0.05131
v -0.14796 0.20785 -0.04148
v -0.10368 0.20305 -0.03616
v -0.13293 0.47650 0.04512
v -0.14796 0.20785 -0.04148
v -0.08143 0.47091 0.05131
v -0.13293 0.47650 0.04512
v -0.18769 0.20294 -0.02124
v -0.14796 0.20785 -0.04148
v -0.17914 0.47078 0.06867
v -0.18769 0.20294 -0.02124
v -0.13293 0.47650 0.04512
v -0.17914 0.47078 0.06867
v -0.20768 0.19019 0.01683
v -0.18769 0.20294 -0.02124
v -0.20240 0.45595 0.11295
v -0.20768 0.19019 0.01683
v -0.17914 0.47078 0.06867
v -0.20240 0.45595 0.11295
v -0.20031 0.17447 0.05818
v -0.20768 0.19019 0.01683
v -0.19383 0.43766 0.16106
v -0.20031 0.17447 0.05818
v -0.20240 0.45595 0.11295
v -0.19383 0.43766 0.16106
v -0.16840 0.16179 0.08703
v -0.20031 0.17447 0.05818
v -0.15669 0.42290 0.19461
v -0.16840 0.16179 0.08703
v -0.19383 0.43766 0.16106
v -0.15669 0.42290 0.19461
v -0.12412 0.15698 0.09234
v -0.16840 0.16179 0.08703
v -0.10518 0.41732 0.20080
v -0.12412 0.15698 0.09234
v -0.15669 0.42290 0.19461
v -0.10518 0.41732 0.20080
v -0.08440 0.16189 0.07210
v -0.12412 0.15698 0.09234
v -0.05898 0.42303 0.17725
v -0.08440 0.16189 0.07210
v -0.10518 0.41732 0.20080
v -0.05898 0.42303 0.17725
v -0.06441 0.17464 0.03403
v -0.08440 0.16189 0.07210
v -0.03572 0.43787 0.13297
v -0.06441 0.17464 0.03403
v -0.05898 0.42303 0.17725
v -0.02060 0.45251 0.14062
v -0.03155 0.45934 0.07902
v -0.02153 0.43796 0.13526
v -0.03062 0.47389 0.08438
v -0.03155 0.45934 0.07902
v -0.02060 0.45251 0.14062
v -0.03062 0.47389 0.08438
v -0.07496 0.47659 0.03979
v -0.03155 0.45934 0.07902
v -0.07402 0.49115 0.04515
v -0.07496 0.47659 0.03979
v -0.03062 0.47389 0.08438
v -0.07402 0.49115 0.04515
v -0.13517 0.48313 0.03256
v -0.07496 0.47659 0.03979
v -0.13424 0.49768 0.03792
v -0.13517 0.48313 0.03256
v -0.07402 0.49115 0.04515
v -0.13424 0.49768 0.03792
v -0.18919 0.47645 0.06009
v -0.13517 0.48313 0.03256
v -0.18826 0.49100 0.06545
v -0.18919 0.47645 0.06009
v -0.13424 0.49768 0.03792
v -0.18826 0.49100 0.06545
v -0.21637 0.45910 0.11186
v -0.18919 0.47645 0.06009
v -0.21545 0.47365 0.11723
v -0.21637 0.45910 0.11186
v -0.18826 0.49100 0.06545
v -0.21545 0.47365 0.11723
v -0.20636 0.43772 0.16810
v -0.21637 0.45910 0.11186
v -0.20543 0.45227 0.17347
v -0.20636 0.43772 0.16810
v -0.21545 0.47365 0.11723
v -0.20543 0.45227 0.17347
v -0.16296 0.42047 0.20733
v -0.20636 0.43772 0.16810
v -0.16202 0.43502 0.21269
v -0.16296 0.42047 0.20733
v -0.20543 0.45227 0.17347
v -0.16202 0.43502 0.21269
v -0.10274 0.41394 0.21456
v -0.16296 0.42047 0.20733
v -0.10180 0.42849 0.21992
v -0.10274 0.41394 0.21456
v -0.16202 0.43502 0.21269
v -0.10180 0.42849 0.21992
v -0.04872 0.42062 0.18703
v -0.10274 0.41394 0.21456
v -0.04779 0.43517 0.19240
v -0.04872 0.42062 0.18703
v -0.10180 0.42849 0.21992
v -0.04779 0.43517 0.19240
v -0.02153 0.43796 0.13526
v -0.04872 0.42062 0.18703
v -0.02060 0.45251 0.14062
v -0.02153 0.43796 0.13526
v -0.04779 0.43517 0.19240
v -0.10404 0.43512 0.20736
v -0.14998 0.47771 0.20769
v -0.10304 0.47262 0.21332
v -0.15555 0.44070 0.20118
v -0.14998 0.47771 0.20769
v -0.10404 0.43512 0.20736
v -0.15555 0.44070 0.20118
v -0.18380 0.49116 0.17711
v -0.14998 0.47771 0.20769
v -0.19268 0.45546 0.16762
v -0.18380 0.49116 0.17711
v -0.15555 0.44070 0.20118
v -0.19268 0.45546 0.16762
v -0.19163 0.50783 0.13327
v -0.18380 0.49116 0.17711
v -0.20126 0.47375 0.11952
v -0.19163 0.50783 0.13327
v -0.19268 0.45546 0.16762
v -0.20126 0.47375 0.11952
v -0.17043 0.52135 0.09291
v -0.19163 0.50783 0.13327
v -0.17800 0.48858 0.07523
v -0.17043 0.52135 0.09291
v -0.20126 0.47375 0.11952
v -0.17800 0.48858 0.07523
v -0.12832 0.52656 0.07145
v -0.17043 0.52135 0.09291
v -0.13179 0.49430 0.05168
v -0.12832 0.52656 0.07145
v -0.17800 0.48858 0.07523
v -0.13179 0.49430 0.05168
v -0.08138 0.52147 0.07708
v -0.12832 0.52656 0.07145
v -0.08028 0.48871 0.05787
v -0.08138 0.52147 0.07708
v -0.13179 0.49430 0.05168
v -0.08028 0.48871 0.05787
v -0.04754 0.50802 0.10766
v -0.08138 0.52147 0.07708
v -0.04315 0.47396 0.09142
v -0.04754 0.50802 0.10766
v -0.08028 0.48871 0.05787
v -0.04315 0.47396 0.09142
v -0.03973 0.49135 0.15150
v -0.04754 0.50802 0.10766
v -0.03458 0.45567 0.13953
v -0.03973 0.49135 0.15150
v -0.04315 0.47396 0.09142
v -0.03458 0.45567 0.13953
v -0.06093 0.47783 0.19186
v -0.03973 0.49135 0.15150
v -0.05784 0.44083 0.18381
v -0.06093 0.47783 0.19186
v -0.03458 0.45567 0.13953
v -0.05784 0.44083 0.18381
v -0.10304 0.47262 0.21332
v -0.06093 0.47783 0.19186
v -0.10404 0.43512 0.20736
v -0.10304 0.47262 0.21332
v -0.05784 0.44083 0.18381
v -0.08899 0.54069 0.10390
v -0.12832 0.52656 0.07145
v -0.08138 0.52147 0.07708
v -0.12331 0.54441 0.09978
v -0.12832 0.52656 0.07145
v -0.08899 0.54069 0.10390
v -0.12331 0.54441 0.09978
v -0.17043 0.52135 0.09291
v -0.12832 0.52656 0.07145
v -0.15409 0.54060 0.11547
v -0.17043 0.52135 0.09291
v -0.12331 0.54441 0.09978
v -0.15409 0.54060 0.11547
v -0.19163 0.50783 0.13327
v -0.17043 0.52135 0.09291
v -0.16959 0.53072 0.14497
v -0.19163 0.50783 0.13327
v -0.15409 0.54060 0.11547
v -0.16959 0.53072 0.14497
v -0.18380 0.49116 0.17711
v -0.19163 0.50783 0.13327
v -0.16388 0.51853 0.17703
v -0.18380 0.49116 0.17711
v -0.16959 0.53072 0.14497
v -0.16388 0.51853 0.17703
v -0.14998 0.47771 0.20769
v -0.18380 0.49116 0.17711
v -0.13914 0.50870 0.19938
v -0.14998 0.47771 0.20769
v -0.16388 0.51853 0.17703
v -0.13914 0.50870 0.19938
v -0.10304 0.47262 0.21332
v -0.14998 0.47771 0.20769
v -0.10483 0.50498 0.20350
v -0.10304 0.47262 0.21332
v -0.13914 0.50870 0.19938
v -0.10483 0.50498 0.20350
v -0.06093 0.47783 0.19186
v -0.10304 0.47262 0.21332
v -0.07404 0.50879 0.18781
v -0.06093 0.47783 0.19186
v -0.10483 0.50498 0.20350
v -0.07404 0.50879 0.18781
v -0.03973 0.49135 0.15150
v -0.06093 0.47783 0.19186
v -0.05853 0.51867 0.15831
v -0.03973 0.49135 0.15150
v -0.07404 0.50879 0.18781
v -0.05853 0.51867 0.15831
v -0.04754 0.50802 0.10766
v -0.03973 0.49135 0.15150
v -0.06424 0.53085 0.12626
v -0.04754 0.50802 0.10766
v -0.05853 0.51867 0.15831
v -0.06424 0.53085 0.12626
v -0.08138 0.52147 0.07708
v -0.04754 0.50802 0.10766
v -0.08899 0.54069 0.10390
v -0.08138 0.52147 0.07708
v -0.06424 0.53085 0.12626
v -0.02153 0.43796 0.13526
v -0.04430 0.45616 0.08486
v -0.03572 0.43787 0.13297
v -0.03155 0.45934 0.07902
v -0.04430 0.45616 0.08486
v -0.02153 0.43796 0.13526
v -0.03155 0.45934 0.07902
v -0.08143 0.47091 0.05131
v -0.04430 0.45616 0.08486
v -0.07496 0.47659 0.03979
v -0.08143 0.47091 0.05131
v -0.03155 0.45934 0.07902
v -0.07496 0.47659 0.03979
v -0.13293 0.47650 0.04512
v -0.08143 0.47091 0.05131
v -0.13517 0.48313 0.03256
v -0.13293 0.47650 0.04512
v -0.07496 0.47659 0.03979
v -0.13517 0.48313 0.03256
v -0.17914 0.47078 0.06867
v -0.13293 0.47650 0.04512
v -0.18919 0.47645 0.06009
v -0.17914 0.47078 0.06867
v -0.13517 0.48313 0.03256
v -0.18919 0.47645 0.06009
v -0.20240 0.45595 0.11295
v -0.17914 0.47078 0.06867
v -0.21637 0.45910 0.11186
v -0.20240 0.45595 0.11295
v -0.18919 0.47645 0.06009
v -0.21637 0.45910 0.11186
v -0.19383 0.43766 0.16106
v -0.20240 0.45595 0.11295
v -0.20636 0.43772 0.16810
v -0.19383 0.43766 0.16106
v -0.21637 0.45910 0.11186
v -0.20636 0.43772 0.16810
v -0.15669 0.42290 0.19461
v -0.19383 0.43766 0.16106
v -0.16296 0.42047 0.20733
v -0.15669 0.42290 0.19461
v -0.20636 0.43772 0.16810
v -0.16296 0.42047 0.20733
v -0.10518 0.41732 0.20080
v -0.15669 0.42290 0.19461
v -0.10274 0.41394 0.21456
v -0.10518 0.41732 0.20080
v -0.16296 0.42047 0.20733
v -0.10274 0.41394 0.21456
v -0.05898 0.42303 0.17725
v -0.10518 0.41732 0.20080
v -0.04872 0.42062 0.18703
v -0.05898 0.42303 0.17725
v -0.10274 0.41394 0.21456
v -0.04872 0.42062 0.18703
v -0.03572 0.43787 0.13297
v -0.05898 0.42303 0.17725
v -0.02153 0.43796 0.13526
v -0.03572 0.43787 0.13297
v -0.04872 0.42062 0.18703
v 0.22137 0.41334 0.21579
v 0.23232 0.41868 0.27491
v -0.14120 0.47041 0.26225
v 0.57654 0.47041 0.12932
v 0.23232 0.41868 0.27491
v 0.22137 0.41334 0.21579
v 0.57654 0.47041 0.12932
v 0.59418 0.47574 0.18293
v 0.23232 0.41868 0.27491
v 0.64375 0.43540 0.03853
v 0.59418 0.47574 0.18293
v 0.57654 0.47041 0.12932
v 0.64375 0.43540 0.03853
v 0.67624 0.43741 0.06652
v 0.59418 0.47574 0.18293
v 0.66403 0.36282 -0.05052
v 0.67624 0.43741 0.06652
v 0.64375 0.43540 0.03853
v 0.66403 0.36282 -0.05052
v 0.69541 0.36188 -0.04592
v 0.67624 0.43741 0.06652
v 0.69100 0.26700 -0.09438
v 0.69541 0.36188 -0.04592
v 0.66403 0.36282 -0.05052
v 0.69100 0.26700 -0.09438
v 0.68406 0.30504 0.08579
v 0.69541 0.36188 -0.04592
v 0.72959 0.19519 0.13571
v 0.68406 0.30504 0.08579
v 0.69100 0.26700 -0.09438
v 0.72959 0.19519 0.13571
v 0.62273 0.20445 0.25903
v 0.68406 0.30504 0.08579
v 0.62054 0.10751 0.24724
v 0.62273 0.20445 0.25903
v 0.72959 0.19519 0.13571
v 0.62054 0.10751 0.24724
v 0.24466 0.10886 0.34151
v 0.62273 0.20445 0.25903
v 0.22825 0.05031 0.25288
v 0.24466 0.10886 0.34151
v 0.62054 0.10751 0.24724
v 0.22825 0.05031 0.25288
v -0.14006 0.10751 0.38811
v 0.24466 0.10886 0.34151
v -0.15533 0.04923 0.30566
v -0.14006 0.10751 0.38811
v 0.22825 0.05031 0.25288
v -0.15533 0.04923 0.30566
v -0.26499 0.10686 0.31143
v -0.14006 0.10751 0.38811
v -0.25100 0.05145 0.08008
v -0.26499 0.10686 0.31143
v -0.15533 0.04923 0.30566
v -0.25100 0.05145 0.08008
v -0.34161 0.10930 0.09687
v -0.26499 0.10686 0.31143
v -0.34692 0.10686 -0.13090
v -0.34161 0.10930 0.09687
v -0.25100 0.05145 0.08008
v -0.34692 0.10686 -0.13090
v -0.35993 0.20117 0.10026
v -0.34161 0.10930 0.09687
v -0.36676 0.19519 -0.13571
v -0.35993 0.20117 0.10026
v -0.34692 0.10686 -0.13090
v -0.36676 0.19519 -0.13571
v -0.32818 0.26700 0.09438
v -0.35993 0.20117 0.10026
v -0.32123 0.30504 -0.08579
v -0.32818 0.26700 0.09438
v -0.36676 0.19519 -0.13571
v -0.32123 0.30504 -0.08579
v -0.33258 0.36188 0.04592
v -0.32818 0.26700 0.09438
v -0.31341 0.43741 -0.06652
v -0.33258 0.36188 0.04592
v -0.32123 0.30504 -0.08579
v -0.31341 0.43741 -0.06652
v -0.30121 0.36282 0.05052
v -0.33258 0.36188 0.04592
v -0.28093 0.43540 -0.03853
v -0.30121 0.36282 0.05052
v -0.31341 0.43741 -0.06652
v -0.14006 0.10751 0.38811
v -0.13787 0.20445 0.39989
v 0.24466 0.10886 0.34151
v -0.28180 0.19519 0.32303
v -0.13787 0.20445 0.39989
v -0.14006 0.10751 0.38811
v -0.28180 0.19519 0.32303
v -0.25717 0.30504 0.26011
v -0.13787 0.20445 0.39989
v -0.32818 0.26700 0.09438
v -0.25717 0.30504 0.26011
v -0.28180 0.19519 0.32303
v -0.32818 0.26700 0.09438
v -0.31493 0.36188 0.14120
v -0.25717 0.30504 0.26011
v -0.28729 0.36282 0.12567
v -0.31493 0.36188 0.14120
v -0.32818 0.26700 0.09438
v -0.28729 0.36282 0.12567
v -0.25678 0.43741 0.23932
v -0.31493 0.36188 0.14120
v -0.23647 0.43540 0.20155
v -0.25678 0.43741 0.23932
v -0.28729 0.36282 0.12567
v -0.23647 0.43540 0.20155
v -0.13847 0.47574 0.31862
v -0.25678 0.43741 0.23932
v -0.14120 0.47041 0.26225
v -0.13847 0.47574 0.31862
v -0.23647 0.43540 0.20155
v -0.14120 0.47041 0.26225
v 0.23232 0.41868 0.27491
v -0.13847 0.47574 0.31862
v -0.28729 0.36282 0.12567
v -0.23762 0.15081 0.07761
v -0.23647 0.43540 0.20155
v -0.29658 0.26940 0.08853
v -0.23762 0.15081 0.07761
v -0.28729 0.36282 0.12567
v -0.29658 0.26940 0.08853
v -0.30121 0.36282 0.05052
v -0.23762 0.15081 0.07761
v 0.60045 0.15081 -0.07761
v 0.14146 0.41334 -0.21579
v 0.50402 0.47041 -0.26225
v 0.60045 0.15081 -0.07761
v 0.18142 0.16160 0.00000
v 0.14146 0.41334 -0.21579
v 0.22137 0.41334 0.21579
v 0.18142 0.16160 0.00000
v 0.60045 0.15081 -0.07761
v 0.22137 0.41334 0.21579
v -0.23762 0.15081 0.07761
v 0.18142 0.16160 0.00000
v -0.14120 0.47041 0.26225
v -0.23762 0.15081 0.07761
v 0.22137 0.41334 0.21579
v -0.14120 0.47041 0.26225
v -0.23647 0.43540 0.20155
v -0.23762 0.15081 0.07761
v -0.30121 0.36282 0.05052
v -0.32818 0.26700 0.09438
v -0.33258 0.36188 0.04592
v -0.29658 0.26940 0.08853
v -0.32818 0.26700 0.09438
v -0.30121 0.36282 0.05052
v -0.29658 0.26940 0.08853
v -0.28729 0.36282 0.12567
v -0.32818 0.26700 0.09438
v 0.23869 0.31674 0.30926
v 0.22913 0.30549 0.25765
v 0.02718 0.30549 0.29506
v 0.23869 0.31674 0.30926
v 0.43108 0.30549 0.22025
v 0.22913 0.30549 0.25765
v 0.42171 0.31674 0.26252
v 0.43108 0.30549 0.22025
v 0.23869 0.31674 0.30926
v 0.42171 0.31674 0.26252
v 0.43108 0.37557 0.22025
v 0.43108 0.30549 0.22025
v 0.42171 0.36432 0.26252
v 0.43108 0.37557 0.22025
v 0.42171 0.31674 0.26252
v 0.42171 0.36432 0.26252
v 0.22913 0.37557 0.25765
v 0.43108 0.37557 0.22025
v 0.23869 0.36432 0.30926
v 0.22913 0.37557 0.25765
v 0.42171 0.36432 0.26252
v 0.23869 0.36432 0.30926
v 0.05107 0.36432 0.33116
v 0.22913 0.37557 0.25765
v 0.23869 0.31674 0.30926
v 0.05107 0.36432 0.33116
v 0.23869 0.36432 0.30926
v 0.23869 0.31674 0.30926
v 0.05107 0.31674 0.33116
v 0.05107 0.36432 0.33116
v 0.02718 0.30549 0.29506
v 0.05107 0.31674 0.33116
v 0.23869 0.31674 0.30926
v 0.02718 0.30549 0.29506
v 0.02718 0.37557 0.29506
v 0.05107 0.31674 0.33116
v 0.05107 0.36432 0.33116
v 0.02718 0.37557 0.29506
v 0.22913 0.37557 0.25765
v 0.05107 0.31674 0.33116
v 0.02718 0.37557 0.29506
v 0.05107 0.36432 0.33116
v -0.31341 0.43741 -0.06652
v -0.23136 0.47574 -0.18293
v -0.28093 0.43540 -0.03853
v -0.32123 0.30504 -0.08579
v -0.23136 0.47574 -0.18293
v -0.31341 0.43741 -0.06652
v -0.32123 0.30504 -0.08579
v -0.24489 0.33570 -0.17798
v -0.23136 0.47574 -0.18293
v -0.25991 0.20445 -0.25902
v -0.24489 0.33570 -0.17798
v -0.32123 0.30504 -0.08579
v -0.25991 0.20445 -0.25902
v 0.11581 0.20682 -0.35418
v -0.24489 0.33570 -0.17798
v 0.11816 0.10886 -0.34151
v 0.11581 0.20682 -0.35418
v -0.25991 0.20445 -0.25902
v 0.11816 0.10886 -0.34151
v 0.50070 0.20445 -0.39989
v 0.11581 0.20682 -0.35418
v 0.50288 0.10751 -0.38811
v 0.50070 0.20445 -0.39989
v 0.11816 0.10886 -0.34151
v 0.50288 0.10751 -0.38811
v 0.64462 0.19519 -0.32303
v 0.50070 0.20445 -0.39989
v 0.62782 0.10686 -0.31143
v 0.64462 0.19519 -0.32303
v 0.50288 0.10751 -0.38811
v 0.62782 0.10686 -0.31143
v 0.72274 0.20117 -0.10026
v 0.64462 0.19519 -0.32303
v 0.70443 0.10930 -0.09686
v 0.72274 0.20117 -0.10026
v 0.62782 0.10686 -0.31143
v 0.70443 0.10930 -0.09686
v 0.70974 0.10686 0.13090
v 0.72274 0.20117 -0.10026
v 0.61381 0.05145 -0.08008
v 0.70974 0.10686 0.13090
v 0.70443 0.10930 -0.09686
v 0.61381 0.05145 -0.08008
v 0.60527 0.04923 0.16479
v 0.70974 0.10686 0.13090
v -0.24489 0.33570 -0.17798
v 0.13195 0.33570 -0.26706
v -0.23136 0.47574 -0.18293
v 0.11581 0.20682 -0.35418
v 0.13195 0.33570 -0.26706
v -0.24489 0.33570 -0.17798
v 0.11581 0.20682 -0.35418
v 0.51570 0.33570 -0.31885
v 0.13195 0.33570 -0.26706
v 0.50070 0.20445 -0.39989
v 0.51570 0.33570 -0.31885
v 0.11581 0.20682 -0.35418
v 0.50070 0.20445 -0.39989
v 0.61999 0.30504 -0.26011
v 0.51570 0.33570 -0.31885
v 0.64462 0.19519 -0.32303
v 0.61999 0.30504 -0.26011
v 0.50070 0.20445 -0.39989
v 0.64462 0.19519 -0.32303
v 0.69100 0.26700 -0.09438
v 0.61999 0.30504 -0.26011
v 0.72274 0.20117 -0.10026
v 0.69100 0.26700 -0.09438
v 0.64462 0.19519 -0.32303
v 0.72274 0.20117 -0.10026
v 0.72959 0.19519 0.13571
v 0.69100 0.26700 -0.09438
v 0.70974 0.10686 0.13090
v 0.72959 0.19519 0.13571
v 0.72274 0.20117 -0.10026
v 0.70974 0.10686 0.13090
v 0.62054 0.10751 0.24724
v 0.72959 0.19519 0.13571
v 0.60527 0.04923 0.16479
v 0.62054 0.10751 0.24724
v 0.70974 0.10686 0.13090
v 0.60527 0.04923 0.16479
v 0.22825 0.05031 0.25288
v 0.62054 0.10751 0.24724
v 0.66403 0.36282 -0.05052
v 0.60045 0.15081 -0.07761
v 0.65941 0.26940 -0.08853
v 0.64375 0.43540 0.03853
v 0.60045 0.15081 -0.07761
v 0.66403 0.36282 -0.05052
v 0.64375 0.43540 0.03853
v 0.57654 0.47041 0.12932
v 0.60045 0.15081 -0.07761
v 0.22137 0.41334 0.21579
v 0.60045 0.15081 -0.07761
v 0.57654 0.47041 0.12932
v 0.51570 0.33570 -0.31885
v 0.50129 0.47574 -0.31862
v 0.13195 0.33570 -0.26706
v 0.61999 0.30504 -0.26011
v 0.50129 0.47574 -0.31862
v 0.51570 0.33570 -0.31885
v 0.61999 0.30504 -0.26011
v 0.61959 0.43741 -0.23932
v 0.50129 0.47574 -0.31862
v 0.67775 0.36188 -0.14120
v 0.61959 0.43741 -0.23932
v 0.61999 0.30504 -0.26011
v 0.67775 0.36188 -0.14120
v 0.65011 0.36282 -0.12567
v 0.61959 0.43741 -0.23932
v 0.69100 0.26700 -0.09438
v 0.65011 0.36282 -0.12567
v 0.67775 0.36188 -0.14120
v 0.69100 0.26700 -0.09438
v 0.65941 0.26940 -0.08853
v 0.65011 0.36282 -0.12567
v 0.66403 0.36282 -0.05052
v 0.65941 0.26940 -0.08853
v 0.69100 0.26700 -0.09438
v 0.11816 0.10886 -0.34151
v 0.13459 0.05031 -0.25287
v 0.50288 0.10751 -0.38811
v -0.25772 0.10751 -0.24724
v 0.13459 0.05031 -0.25287
v 0.11816 0.10886 -0.34151
v -0.25772 0.10751 -0.24724
v -0.24245 0.04923 -0.16479
v 0.13459 0.05031 -0.25287
v -0.34692 0.10686 -0.13090
v -0.24245 0.04923 -0.16479
v -0.25772 0.10751 -0.24724
v -0.34692 0.10686 -0.13090
v -0.25100 0.05145 0.08008
v -0.24245 0.04923 -0.16479
v 0.13049 0.41868 -0.27491
v 0.13195 0.33570 -0.26706
v 0.50129 0.47574 -0.31862
v 0.13049 0.41868 -0.27491
v -0.23136 0.47574 -0.18293
v 0.13195 0.33570 -0.26706
v -0.21373 0.47041 -0.12932
v -0.23136 0.47574 -0.18293
v 0.13049 0.41868 -0.27491
v -0.21373 0.47041 -0.12932
v -0.28093 0.43540 -0.03853
v -0.23136 0.47574 -0.18293
v 0.59928 0.43540 -0.20154
v 0.61959 0.43741 -0.23932
v 0.65011 0.36282 -0.12567
v 0.59928 0.43540 -0.20154
v 0.50129 0.47574 -0.31862
v 0.61959 0.43741 -0.23932
v 0.50402 0.47041 -0.26225
v 0.50129 0.47574 -0.31862
v 0.59928 0.43540 -0.20154
v 0.50402 0.47041 -0.26225
v 0.13049 0.41868 -0.27491
v 0.50129 0.47574 -0.31862
v 0.14146 0.41334 -0.21579
v 0.13049 0.41868 -0.27491
v 0.50402 0.47041 -0.26225
v 0.14146 0.41334 -0.21579
v -0.21373 0.47041 -0.12932
v 0.13049 0.41868 -0.27491
v -0.28093 0.43540 -0.03853
v -0.23762 0.15081 0.07761
v -0.30121 0.36282 0.05052
v -0.21373 0.47041 -0.12932
v -0.23762 0.15081 0.07761
v -0.28093 0.43540 -0.03853
v -0.21373 0.47041 -0.12932
v 0.14146 0.41334 -0.21579
v -0.23762 0.15081 0.07761
v 0.12413 0.31674 -0.30925
v 0.13369 0.30549 -0.25765
v 0.33564 0.30549 -0.29506
v 0.12413 0.31674 -0.30925
v -0.06826 0.30549 -0.22025
v 0.13369 0.30549 -0.25765
v -0.05889 0.31674 -0.26251
v -0.06826 0.30549 -0.22025
v 0.12413 0.31674 -0.30925
v -0.05889 0.31674 -0.26251
v -0.06826 0.37557 -0.22025
v -0.06826 0.30549 -0.22025
v -0.05889 0.36432 -0.26251
v -0.06826 0.37557 -0.22025
v -0.05889 0.31674 -0.26251
v -0.05889 0.36432 -0.26251
v 0.13369 0.37557 -0.25765
v -0.06826 0.37557 -0.22025
v 0.12413 0.36432 -0.30925
v 0.13369 0.37557 -0.25765
v -0.05889 0.36432 -0.26251
v 0.12413 0.36432 -0.30925
v 0.31177 0.36432 -0.33116
v 0.13369 0.37557 -0.25765
v 0.12413 0.31674 -0.30925
v 0.31177 0.36432 -0.33116
v 0.12413 0.36432 -0.30925
v 0.12413 0.31674 -0.30925
v 0.31177 0.31674 -0.33116
v 0.31177 0.36432 -0.33116
v 0.33564 0.30549 -0.29506
v 0.31177 0.31674 -0.33116
v 0.12413 0.31674 -0.30925
v 0.33564 0.30549 -0.29506
v 0.33564 0.37557 -0.29506
v 0.31177 0.31674 -0.33116
v 0.62782 0.10686 -0.31143
v 0.61381 0.05145 -0.08008
v 0.70443 0.10930 -0.09686
v 0.62782 0.10686 -0.31143
v 0.51816 0.04923 -0.30566
v 0.61381 0.05145 -0.08008
v 0.50288 0.10751 -0.38811
v 0.51816 0.04923 -0.30566
v 0.62782 0.10686 -0.31143
v 0.50288 0.10751 -0.38811
v 0.13459 0.05031 -0.25287
v 0.51816 0.04923 -0.30566
v 0.59928 0.43540 -0.20154
v 0.60045 0.15081 -0.07761
v 0.50402 0.47041 -0.26225
v 0.65011 0.36282 -0.12567
v 0.60045 0.15081 -0.07761
v 0.59928 0.43540 -0.20154
v 0.65011 0.36282 -0.12567
v 0.65941 0.26940 -0.08853
v 0.60045 0.15081 -0.07761
v 0.31177 0.36432 -0.33116
v 0.33564 0.37557 -0.29506
v 0.13369 0.37557 -0.25765
v 0.31177 0.31674 -0.33116
v 0.33564 0.37557 -0.29506
v 0.31177 0.36432 -0.33116
v 0.68406 0.30504 0.08579
v 0.67624 0.43741 0.06652
v 0.69541 0.36188 -0.04592
v 0.68406 0.30504 0.08579
v 0.59418 0.47574 0.18293
v 0.67624 0.43741 0.06652
v 0.60772 0.33570 0.17799
v 0.59418 0.47574 0.18293
v 0.68406 0.30504 0.08579
v 0.60772 0.33570 0.17799
v 0.23087 0.33570 0.26706
v 0.59418 0.47574 0.18293
v 0.24701 0.20682 0.35418
v 0.23087 0.33570 0.26706
v 0.60772 0.33570 0.17799
v 0.24701 0.20682 0.35418
v -0.15288 0.33570 0.31885
v 0.23087 0.33570 0.26706
v -0.13787 0.20445 0.39989
v -0.15288 0.33570 0.31885
v 0.24701 0.20682 0.35418
v -0.13787 0.20445 0.39989
v -0.25717 0.30504 0.26011
v -0.15288 0.33570 0.31885
v -0.26499 0.10686 0.31143
v -0.28180 0.19519 0.32303
v -0.14006 0.10751 0.38811
v -0.35993 0.20117 0.10026
v -0.28180 0.19519 0.32303
v -0.26499 0.10686 0.31143
v -0.35993 0.20117 0.10026
v -0.32818 0.26700 0.09438
v -0.28180 0.19519 0.32303
v -0.25678 0.43741 0.23932
v -0.25717 0.30504 0.26011
v -0.31493 0.36188 0.14120
v -0.13847 0.47574 0.31862
v -0.25717 0.30504 0.26011
v -0.25678 0.43741 0.23932
v -0.13847 0.47574 0.31862
v -0.15288 0.33570 0.31885
v -0.25717 0.30504 0.26011
v 0.23087 0.33570 0.26706
v -0.15288 0.33570 0.31885
v -0.13847 0.47574 0.31862
v -0.26499 0.10686 0.31143
v -0.34161 0.10930 0.09687
v -0.35993 0.20117 0.10026
v 0.62273 0.20445 0.25903
v 0.60772 0.33570 0.17799
v 0.68406 0.30504 0.08579
v 0.62273 0.20445 0.25903
v 0.24701 0.20682 0.35418
v 0.60772 0.33570 0.17799
v 0.24466 0.10886 0.34151
v 0.24701 0.20682 0.35418
v 0.62273 0.20445 0.25903
v 0.24466 0.10886 0.34151
v -0.13787 0.20445 0.39989
v 0.24701 0.20682 0.35418
v 0.23232 0.41868 0.27491
v 0.23087 0.33570 0.26706
v -0.13847 0.47574 0.31862
v 0.59418 0.47574 0.18293
v 0.23087 0.33570 0.26706
v 0.23232 0.41868 0.27491
v 0.23869 0.31674 0.30926
v 0.42171 0.36432 0.26252
v 0.42171 0.31674 0.26252
v 0.23869 0.36432 0.30926
v 0.42171 0.36432 0.26252
v 0.23869 0.31674 0.30926
v -0.25772 0.10751 -0.24724
v -0.36676 0.19519 -0.13571
v -0.34692 0.10686 -0.13090
v -0.25991 0.20445 -0.25902
v -0.36676 0.19519 -0.13571
v -0.25772 0.10751 -0.24724
v -0.25991 0.20445 -0.25902
v -0.32123 0.30504 -0.08579
v -0.36676 0.19519 -0.13571
v 0.11816 0.10886 -0.34151
v -0.25991 0.20445 -0.25902
v -0.25772 0.10751 -0.24724
v 0.14146 0.41334 -0.21579
v 0.18142 0.16160 0.00000
v -0.23762 0.15081 0.07761
v 0.12413 0.31674 -0.30925
v -0.05889 0.36432 -0.26251
v -0.05889 0.31674 -0.26251
v 0.12413 0.36432 -0.30925
v -0.05889 0.36432 -0.26251
v 0.12413 0.31674 -0.30925
v 0.61999 0.30504 -0.26011
v 0.69100 0.26700 -0.09438
v 0.67775 0.36188 -0.14120
vt 0.78960 0.69692
vt 0.79452 0.69527
vt 0.78960 0.69527
vt 0.79452 0.69692
vt 0.79452 0.69527
vt 0.78960 0.69692
vt 0.78960 0.69692
vt 0.79452 0.69527
vt 0.78960 0.69527
vt 0.79452 0.69692
vt 0.79452 0.69527
vt 0.78960 0.69692
vt 0.78960 0.69692
vt 0.79452 0.69527
vt 0.78960 0.69527
vt 0.79452 0.69692
vt 0.79452 0.69527
vt 0.78960 0.69692
vt 0.78960 0.69692
vt 0.79452 0.69527
vt 0.78960 0.69527
vt 0.79452 0.69692
vt 0.79452 0.69527
vt 0.78960 0.69692
vt 0.78960 0.69692
vt 0.79452 0.69527
vt 0.78960 0.69527
vt 0.79452 0.69692
vt 0.79452 0.69527
vt 0.78960 0.69692
vt 0.78960 0.69692
vt 0.79452 0.69527
vt 0.78960 0.69527
vt 0.79452 0.69692
vt 0.79452 0.69527
vt 0.78960 0.69692
vt 0.78960 0.69692
vt 0.79452 0.69527
vt 0.78960 0.69527
vt 0.79452 0.69692
vt 0.79452 0.69527
vt 0.78960 0.69692
vt 0.78960 0.69692
vt 0.79452 0.69527
vt 0.78960 0.69527
vt 0.79452 0.69692
vt 0.79452 0.69527
vt 0.78960 0.69692
vt 0.78960 0.69692
vt 0.79452 0.69527
vt 0.78960 0.69527
vt 0.79452 0.69692
vt 0.79452 0.69527
vt 0.78960 0.69692
vt 0.78960 0.69692
vt 0.79452 0.69527
vt 0.78960 0.69527
vt 0.79452 0.69692
vt 0.79452 0.69527
vt 0.78960 0.69692
vt 0.78960 0.69692
vt 0.79452 0.69527
vt 0.78960 0.69527
vt 0.79452 0.69692
vt 0.79452 0.69527
vt 0.78960 0.69692
vt 0.78960 0.69692
vt 0.79452 0.69527
vt 0.78960 0.69527
vt 0.79452 0.69692
vt 0.79452 0.69527
vt 0.78960 0.69692
vt 0.78960 0.69692
vt 0.79452 0.69527
vt 0.78960 0.69527
vt 0.79452 0.69692
vt 0.79452 0.69527
vt 0.78960 0.69692
vt 0.78960 0.69692
vt 0.79452 0.69527
vt 0.78960 0.69527
vt 0.79452 0.69692
vt 0.79452 0.69527
vt 0.78960 0.69692
vt 0.78960 0.69692
vt 0.79452 0.69527
vt 0.78960 0.69527
vt 0.79452 0.69692
vt 0.79452 0.69527
vt 0.78960 0.69692
vt 0.78960 0.69692
vt 0.79452 0.69527
vt 0.78960 0.69527
vt 0.79452 0.69692
vt 0.79452 0.69527
vt 0.78960 0.69692
vt 0.78960 0.69692
vt 0.79452 0.69527
vt 0.78960 0.69527
vt 0.79452 0.69692
vt 0.79452 0.69527
vt 0.78960 0.69692
vt 0.78960 0.69692
vt 0.79452 0.69527
vt 0.78960 0.69527
vt 0.79452 0.69692
vt 0.79452 0.69527
vt 0.78960 0.69692
vt 0.78960 0.69692
vt 0.79452 0.69527
vt 0.78960 0.69527
vt 0.79452 0.69692
vt 0.79452 0.69527
vt 0.78960 0.69692
vt 0.78960 0.69692
vt 0.79452 0.69527
vt 0.78960 0.69527
vt 0.79452 0.69692
vt 0.79452 0.69527
vt 0.78960 0.69692
vt 0.78960 0.69692
vt 0.79452 0.69527
vt 0.78960 0.69527
vt 0.79452 0.69692
vt 0.79452 0.69527
vt 0.78960 0.69692
vt 0.78960 0.69692
vt 0.79452 0.69527
vt 0.78960 0.69527
vt 0.79452 0.69692
vt 0.79452 0.69527
vt 0.78960 0.69692
vt 0.78960 0.69692
vt 0.79452 0.69527
vt 0.78960 0.69527
vt 0.79452 0.69692
vt 0.79452 0.69527
vt 0.78960 0.69692
vt 0.78960 0.69692
vt 0.79452 0.69527
vt 0.78960 0.69527
vt 0.79452 0.69692
vt 0.79452 0.69527
vt 0.78960 0.69692
vt 0.78960 0.69692
vt 0.79452 0.69527
vt 0.78960 0.69527
vt 0.79452 0.69692
vt 0.79452 0.69527
vt 0.78960 0.69692
vt 0.78960 0.69692
vt 0.79452 0.69527
vt 0.78960 0.69527
vt 0.79452 0.69692
vt 0.79452 0.69527
vt 0.78960 0.69692
vt 0.78960 0.69692
vt 0.79452 0.69527
vt 0.78960 0.69527
vt 0.79452 0.69692
vt 0.79452 0.69527
vt 0.78960 0.69692
vt 0.78960 0.69692
vt 0.79452 0.69527
vt 0.78960 0.69527
vt 0.79452 0.69692
vt 0.79452 0.69527
vt 0.78960 0.69692
vt 0.78960 0.69692
vt 0.79452 0.69527
vt 0.78960 0.69527
vt 0.79452 0.69692
vt 0.79452 0.69527
vt 0.78960 0.69692
vt 0.78960 0.69692
vt 0.79452 0.69527
vt 0.78960 0.69527
vt 0.79452 0.69692
vt 0.79452 0.69527
vt 0.78960 0.69692
vt 0.80014 0.70114
vt 0.79784 0.69900
vt 0.80014 0.69900
vt 0.79784 0.70114
vt 0.79784 0.69900
vt 0.80014 0.70114
vt 0.80014 0.71145
vt 0.79784 0.70963
vt 0.80014 0.70963
vt 0.79784 0.71145
vt 0.79784 0.70963
vt 0.80014 0.71145
vt 0.80014 0.70114
vt 0.79784 0.69900
vt 0.80014 0.69900
vt 0.79784 0.70114
vt 0.79784 0.69900
vt 0.80014 0.70114
vt 0.80014 0.71145
vt 0.79784 0.70963
vt 0.80014 0.70963
vt 0.79784 0.71145
vt 0.79784 0.70963
vt 0.80014 0.71145
vt 0.80014 0.70114
vt 0.79784 0.69900
vt 0.80014 0.69900
vt 0.79784 0.70114
vt 0.79784 0.69900
vt 0.80014 0.70114
vt 0.80014 0.71145
vt 0.79784 0.70963
vt 0.80014 0.70963
vt 0.79784 0.71145
vt 0.79784 0.70963
vt 0.80014 0.71145
vt 0.80014 0.70114
vt 0.79784 0.69900
vt 0.80014 0.69900
vt 0.79784 0.70114
vt 0.79784 0.69900
vt 0.80014 0.70114
vt 0.80014 0.71145
vt 0.79784 0.70963
vt 0.80014 0.70963
vt 0.79784 0.71145
vt 0.79784 0.70963
vt 0.80014 0.71145
vt 0.80014 0.70114
vt 0.79784 0.69900
vt 0.80014 0.69900
vt 0.79784 0.70114
vt 0.79784 0.69900
vt 0.80014 0.70114
vt 0.80014 0.71145
vt 0.79784 0.70963
vt 0.80014 0.70963
vt 0.79784 0.71145
vt 0.79784 0.70963
vt 0.80014 0.71145
vt 0.80014 0.70114
vt 0.79784 0.69900
vt 0.80014 0.69900
vt 0.79784 0.70114
vt 0.79784 0.69900
vt 0.80014 0.70114
vt 0.80014 0.71145
vt 0.79784 0.70963
vt 0.80014 0.70963
vt 0.79784 0.71145
vt 0.79784 0.70963
vt 0.80014 0.71145
vt 0.80014 0.70114
vt 0.79784 0.69900
vt 0.80014 0.69900
vt 0.79784 0.70114
vt 0.79784 0.69900
vt 0.80014 0.70114
vt 0.80014 0.71145
vt 0.79784 0.70963
vt 0.80014 0.70963
vt 0.79784 0.71145
vt 0.79784 0.70963
vt 0.80014 0.71145
vt 0.80014 0.70114
vt 0.79784 0.69900
vt 0.80014 0.69900
vt 0.79784 0.70114
vt 0.79784 0.69900
vt 0.80014 0.70114
vt 0.80014 0.71145
vt 0.79784 0.70963
vt 0.80014 0.70963
vt 0.79784 0.71145
vt 0.79784 0.70963
vt 0.80014 0.71145
vt 0.80014 0.70114
vt 0.79784 0.69900
vt 0.80014 0.69900
vt 0.79784 0.70114
vt 0.79784 0.69900
vt 0.80014 0.70114
vt 0.80014 0.71145
vt 0.79784 0.70963
vt 0.80014 0.70963
vt 0.79784 0.71145
vt 0.79784 0.70963
vt 0.80014 0.71145
vt 0.80014 0.70114
vt 0.79784 0.69900
vt 0.80014 0.69900
vt 0.79784 0.70114
vt 0.79784 0.69900
vt 0.80014 0.70114
vt 0.80014 0.71145
vt 0.79784 0.70963
vt 0.80014 0.70963
vt 0.79784 0.71145
vt 0.79784 0.70963
vt 0.80014 0.71145
vt 0.84285 0.67285
vt 0.84049 0.67180
vt 0.84285 0.67180
vt 0.84049 0.67285
vt 0.84049 0.67180
vt 0.84285 0.67285
vt 0.84285 0.67285
vt 0.84049 0.67180
vt 0.84285 0.67180
vt 0.84049 0.67285
vt 0.84049 0.67180
vt 0.84285 0.67285
vt 0.84285 0.67041
vt 0.84049 0.67180
vt 0.84285 0.67180
vt 0.84285 0.67041
vt 0.84049 0.67041
vt 0.84049 0.67180
vt 0.84285 0.67180
vt 0.84049 0.67041
vt 0.84285 0.67041
vt 0.84285 0.67180
vt 0.84049 0.67180
vt 0.84049 0.67041
vt 0.84285 0.67285
vt 0.84049 0.67180
vt 0.84285 0.67180
vt 0.84285 0.67285
vt 0.84049 0.67285
vt 0.84049 0.67180
vt 0.84285 0.67285
vt 0.84049 0.67180
vt 0.84285 0.67180
vt 0.84049 0.67285
vt 0.84049 0.67180
vt 0.84285 0.67285
vt 0.84285 0.67285
vt 0.84049 0.67180
vt 0.84285 0.67180
vt 0.84049 0.67285
vt 0.84049 0.67180
vt 0.84285 0.67285
vt 0.84285 0.67285
vt 0.84049 0.67180
vt 0.84285 0.67180
vt 0.84049 0.67285
vt 0.84049 0.67180
vt 0.84285 0.67285
vt 0.84285 0.67285
vt 0.84049 0.67180
vt 0.84285 0.67180
vt 0.84049 0.67285
vt 0.84049 0.67180
vt 0.84285 0.67285
vt 0.84285 0.67285
vt 0.84049 0.67180
vt 0.84285 0.67180
vt 0.84049 0.67285
vt 0.84049 0.67180
vt 0.84285 0.67285
vt 0.82965 0.67199
vt 0.83021 0.67033
vt 0.82965 0.67107
vt 0.83021 0.67273
vt 0.83021 0.67033
vt 0.82965 0.67199
vt 0.83021 0.67273
vt 0.83112 0.67005
vt 0.83021 0.67033
vt 0.83112 0.67301
vt 0.83112 0.67005
vt 0.83021 0.67273
vt 0.83112 0.67301
vt 0.83203 0.67033
vt 0.83112 0.67005
vt 0.83203 0.67273
vt 0.83203 0.67033
vt 0.83112 0.67301
vt 0.83203 0.67273
vt 0.83259 0.67107
vt 0.83203 0.67033
vt 0.83259 0.67199
vt 0.83259 0.67107
vt 0.83203 0.67273
vt 0.78960 0.69692
vt 0.79452 0.69527
vt 0.78960 0.69527
vt 0.79452 0.69692
vt 0.79452 0.69527
vt 0.78960 0.69692
vt 0.78960 0.69692
vt 0.79452 0.69527
vt 0.78960 0.69527
vt 0.79452 0.69692
vt 0.79452 0.69527
vt 0.78960 0.69692
vt 0.78960 0.69692
vt 0.79452 0.69527
vt 0.78960 0.69527
vt 0.79452 0.69692
vt 0.79452 0.69527
vt 0.78960 0.69692
vt 0.78960 0.69692
vt 0.79452 0.69527
vt 0.78960 0.69527
vt 0.79452 0.69692
vt 0.79452 0.69527
vt 0.78960 0.69692
vt 0.78960 0.69692
vt 0.79452 0.69527
vt 0.78960 0.69527
vt 0.79452 0.69692
vt 0.79452 0.69527
vt 0.78960 0.69692
vt 0.78960 0.69692
vt 0.79452 0.69527
vt 0.78960 0.69527
vt 0.79452 0.69692
vt 0.79452 0.69527
vt 0.78960 0.69692
vt 0.78960 0.69692
vt 0.79452 0.69527
vt 0.78960 0.69527
vt 0.79452 0.69692
vt 0.79452 0.69527
vt 0.78960 0.69692
vt 0.78960 0.69692
vt 0.79452 0.69527
vt 0.78960 0.69527
vt 0.79452 0.69692
vt 0.79452 0.69527
vt 0.78960 0.69692
vt 0.78960 0.69692
vt 0.79452 0.69527
vt 0.78960 0.69527
vt 0.79452 0.69692
vt 0.79452 0.69527
vt 0.78960 0.69692
vt 0.78960 0.69692
vt 0.79452 0.69527
vt 0.78960 0.69527
vt 0.79452 0.69692
vt 0.79452 0.69527
vt 0.78960 0.69692
vt 0.78960 0.69692
vt 0.79452 0.69527
vt 0.78960 0.69527
vt 0.79452 0.69692
vt 0.79452 0.69527
vt 0.78960 0.69692
vt 0.78960 0.69692
vt 0.79452 0.69527
vt 0.78960 0.69527
vt 0.79452 0.69692
vt 0.79452 0.69527
vt 0.78960 0.69692
vt 0.78960 0.69692
vt 0.79452 0.69527
vt 0.78960 0.69527
vt 0.79452 0.69692
vt 0.79452 0.69527
vt 0.78960 0.69692
vt 0.78960 0.69692
vt 0.79452 0.69527
vt 0.78960 0.69527
vt 0.79452 0.69692
vt 0.79452 0.69527
vt 0.78960 0.69692
vt 0.78960 0.69692
vt 0.79452 0.69527
vt 0.78960 0.69527
vt 0.79452 0.69692
vt 0.79452 0.69527
vt 0.78960 0.69692
vt 0.78960 0.69692
vt 0.79452 0.69527
vt 0.78960 0.69527
vt 0.79452 0.69692
vt 0.79452 0.69527
vt 0.78960 0.69692
vt 0.78960 0.69692
vt 0.79452 0.69527
vt 0.78960 0.69527
vt 0.79452 0.69692
vt 0.79452 0.69527
vt 0.78960 0.69692
vt 0.78960 0.69692
vt 0.79452 0.69527
vt 0.78960 0.69527
vt 0.79452 0.69692
vt 0.79452 0.69527
vt 0.78960 0.69692
vt 0.78960 0.69692
vt 0.79452 0.69527
vt 0.78960 0.69527
vt 0.79452 0.69692
vt 0.79452 0.69527
vt 0.78960 0.69692
vt 0.78960 0.69692
vt 0.79452 0.69527
vt 0.78960 0.69527
vt 0.79452 0.69692
vt 0.79452 0.69527
vt 0.78960 0.69692
vt 0.80014 0.70114
vt 0.79784 0.69900
vt 0.80014 0.69900
vt 0.79784 0.70114
vt 0.79784 0.69900
vt 0.80014 0.70114
vt 0.80014 0.71145
vt 0.79784 0.70963
vt 0.80014 0.70963
vt 0.79784 0.71145
vt 0.79784 0.70963
vt 0.80014 0.71145
vt 0.80014 0.70114
vt 0.79784 0.69900
vt 0.80014 0.69900
vt 0.79784 0.70114
vt 0.79784 0.69900
vt 0.80014 0.70114
vt 0.80014 0.71145
vt 0.79784 0.70963
vt 0.80014 0.70963
vt 0.79784 0.71145
vt 0.79784 0.70963
vt 0.80014 0.71145
vt 0.80014 0.70114
vt 0.79784 0.69900
vt 0.80014 0.69900
vt 0.79784 0.70114
vt 0.79784 0.69900
vt 0.80014 0.70114
vt 0.80014 0.71145
vt 0.79784 0.70963
vt 0.80014 0.70963
vt 0.79784 0.71145
vt 0.79784 0.70963
vt 0.80014 0.71145
vt 0.80014 0.70114
vt 0.79784 0.69900
vt 0.80014 0.69900
vt 0.79784 0.70114
vt 0.79784 0.69900
vt 0.80014 0.70114
vt 0.80014 0.71145
vt 0.79784 0.70963
vt 0.80014 0.70963
vt 0.79784 0.71145
vt 0.79784 0.70963
vt 0.80014 0.71145
vt 0.80014 0.70114
vt 0.79784 0.69900
vt 0.80014 0.69900
vt 0.79784 0.70114
vt 0.79784 0.69900
vt 0.80014 0.70114
vt 0.80014 0.71145
vt 0.79784 0.70963
vt 0.80014 0.70963
vt 0.79784 0.71145
vt 0.79784 0.70963
vt 0.80014 0.71145
vt 0.80014 0.70114
vt 0.79784 0.69900
vt 0.80014 0.69900
vt 0.79784 0.70114
vt 0.79784 0.69900
vt 0.80014 0.70114
vt 0.80014 0.71145
vt 0.79784 0.70963
vt 0.80014 0.70963
vt 0.79784 0.71145
vt 0.79784 0.70963
vt 0.80014 0.71145
vt 0.80014 0.70114
vt 0.79784 0.69900
vt 0.80014 0.69900
vt 0.79784 0.70114
vt 0.79784 0.69900
vt 0.80014 0.70114
vt 0.80014 0.71145
vt 0.79784 0.70963
vt 0.80014 0.70963
vt 0.79784 0.71145
vt 0.79784 0.70963
vt 0.80014 0.71145
vt 0.80014 0.70114
vt 0.79784 0.69900
vt 0.80014 0.69900
vt 0.79784 0.70114
vt 0.79784 0.69900
vt 0.80014 0.70114
vt 0.80014 0.71145
vt 0.79784 0.70963
vt 0.80014 0.70963
vt 0.79784 0.71145
vt 0.79784 0.70963
vt 0.80014 0.71145
vt 0.80014 0.70114
vt 0.79784 0.69900
vt 0.80014 0.69900
vt 0.79784 0.70114
vt 0.79784 0.69900
vt 0.80014 0.70114
vt 0.80014 0.71145
vt 0.79784 0.70963
vt 0.80014 0.70963
vt 0.79784 0.71145
vt 0.79784 0.70963
vt 0.80014 0.71145
vt 0.80014 0.70114
vt 0.79784 0.69900
vt 0.80014 0.69900
vt 0.79784 0.70114
vt 0.79784 0.69900
vt 0.80014 0.70114
vt 0.80014 0.71145
vt 0.79784 0.70963
vt 0.80014 0.70963
vt 0.79784 0.71145
vt 0.79784 0.70963
vt 0.80014 0.71145
vt 0.83227 0.68362
vt 0.82975 0.68431
vt 0.83219 0.68431
vt 0.83080 0.68431
vt 0.82975 0.68431
vt 0.83227 0.68362
vt 0.83080 0.68431
vt 0.82975 0.68313
vt 0.82975 0.68431
vt 0.83080 0.68313
vt 0.82975 0.68313
vt 0.83080 0.68431
vt 0.82975 0.68313
vt 0.83080 0.68431
vt 0.83080 0.68313
vt 0.82975 0.68431
vt 0.83080 0.68431
vt 0.82975 0.68313
vt 0.83219 0.68313
vt 0.83080 0.68431
vt 0.83080 0.68313
vt 0.83219 0.68313
vt 0.83219 0.68431
vt 0.83080 0.68431
vt 0.83080 0.68313
vt 0.83219 0.68431
vt 0.83219 0.68313
vt 0.83080 0.68313
vt 0.83080 0.68431
vt 0.83219 0.68431
vt 0.82975 0.68313
vt 0.83080 0.68431
vt 0.83080 0.68313
vt 0.82975 0.68313
vt 0.82975 0.68431
vt 0.83080 0.68431
vt 0.82975 0.68313
vt 0.83080 0.68431
vt 0.83080 0.68313
vt 0.82975 0.68431
vt 0.83080 0.68431
vt 0.82975 0.68313
vt 0.82975 0.68313
vt 0.83080 0.68431
vt 0.83080 0.68313
vt 0.82975 0.68431
vt 0.83080 0.68431
vt 0.82975 0.68313
vt 0.82975 0.68313
vt 0.83080 0.68431
vt 0.83080 0.68313
vt 0.82975 0.68431
vt 0.83080 0.68431
vt 0.82975 0.68313
vt 0.82975 0.68313
vt 0.83080 0.68431
vt 0.83080 0.68313
vt 0.82975 0.68431
vt 0.83080 0.68431
vt 0.82975 0.68313
vt 0.82975 0.68313
vt 0.83080 0.68431
vt 0.83080 0.68313
vt 0.82975 0.68431
vt 0.83080 0.68431
vt 0.82975 0.68313
vt 0.83152 0.68342
vt 0.82975 0.68431
vt 0.83080 0.68431
vt 0.83227 0.68347
vt 0.82975 0.68431
vt 0.83152 0.68342
vt 0.83227 0.68347
vt 0.82975 0.68431
vt 0.82975 0.68431
vt 0.83219 0.68431
vt 0.82975 0.68431
vt 0.83227 0.68347
vt 0.83219 0.68431
vt 0.82975 0.68431
vt 0.82975 0.68431
vt 0.83080 0.68431
vt 0.83227 0.68362
vt 0.83080 0.68431
vt 0.78960 0.69692
vt 0.79452 0.69527
vt 0.78960 0.69527
vt 0.79452 0.69692
vt 0.79452 0.69527
vt 0.78960 0.69692
vt 0.78960 0.69692
vt 0.79452 0.69527
vt 0.78960 0.69527
vt 0.79452 0.69692
vt 0.79452 0.69527
vt 0.78960 0.69692
vt 0.78960 0.69692
vt 0.79452 0.69527
vt 0.78960 0.69527
vt 0.79452 0.69692
vt 0.79452 0.69527
vt 0.78960 0.69692
vt 0.78960 0.69692
vt 0.79452 0.69527
vt 0.78960 0.69527
vt 0.79452 0.69692
vt 0.79452 0.69527
vt 0.78960 0.69692
vt 0.78960 0.69692
vt 0.79452 0.69527
vt 0.78960 0.69527
vt 0.79452 0.69692
vt 0.79452 0.69527
vt 0.78960 0.69692
vt 0.78960 0.69692
vt 0.79452 0.69527
vt 0.78960 0.69527
vt 0.79452 0.69692
vt 0.79452 0.69527
vt 0.78960 0.69692
vt 0.78960 0.69692
vt 0.79452 0.69527
vt 0.78960 0.69527
vt 0.79452 0.69692
vt 0.79452 0.69527
vt 0.78960 0.69692
vt 0.78960 0.69692
vt 0.79452 0.69527
vt 0.78960 0.69527
vt 0.79452 0.69692
vt 0.79452 0.69527
vt 0.78960 0.69692
vt 0.78960 0.69692
vt 0.79452 0.69527
vt 0.78960 0.69527
vt 0.79452 0.69692
vt 0.79452 0.69527
vt 0.78960 0.69692
vt 0.78960 0.69692
vt 0.79452 0.69527
vt 0.78960 0.69527
vt 0.79452 0.69692
vt 0.79452 0.69527
vt 0.78960 0.69692
vt 0.78960 0.69692
vt 0.79452 0.69527
vt 0.78960 0.69527
vt 0.79452 0.69692
vt 0.79452 0.69527
vt 0.78960 0.69692
vt 0.78960 0.69692
vt 0.79452 0.69527
vt 0.78960 0.69527
vt 0.79452 0.69692
vt 0.79452 0.69527
vt 0.78960 0.69692
vt 0.78960 0.69692
vt 0.79452 0.69527
vt 0.78960 0.69527
vt 0.79452 0.69692
vt 0.79452 0.69527
vt 0.78960 0.69692
vt 0.78960 0.69692
vt 0.79452 0.69527
vt 0.78960 0.69527
vt 0.79452 0.69692
vt 0.79452 0.69527
vt 0.78960 0.69692
vt 0.78960 0.69692
vt 0.79452 0.69527
vt 0.78960 0.69527
vt 0.79452 0.69692
vt 0.79452 0.69527
vt 0.78960 0.69692
vt 0.78960 0.69692
vt 0.79452 0.69527
vt 0.78960 0.69527
vt 0.79452 0.69692
vt 0.79452 0.69527
vt 0.78960 0.69692
vt 0.78960 0.69692
vt 0.79452 0.69527
vt 0.78960 0.69527
vt 0.79452 0.69692
vt 0.79452 0.69527
vt 0.78960 0.69692
vt 0.78960 0.69692
vt 0.79452 0.69527
vt 0.78960 0.69527
vt 0.79452 0.69692
vt 0.79452 0.69527
vt 0.78960 0.69692
vt 0.78960 0.69692
vt 0.79452 0.69527
vt 0.78960 0.69527
vt 0.79452 0.69692
vt 0.79452 0.69527
vt 0.78960 0.69692
vt 0.78960 0.69692
vt 0.79452 0.69527
vt 0.78960 0.69527
vt 0.79452 0.69692
vt 0.79452 0.69527
vt 0.78960 0.69692
vt 0.80014 0.70114
vt 0.79784 0.69900
vt 0.80014 0.69900
vt 0.79784 0.70114
vt 0.79784 0.69900
vt 0.80014 0.70114
vt 0.80014 0.71145
vt 0.79784 0.70963
vt 0.80014 0.70963
vt 0.79784 0.71145
vt 0.79784 0.70963
vt 0.80014 0.71145
vt 0.80014 0.70114
vt 0.79784 0.69900
vt 0.80014 0.69900
vt 0.79784 0.70114
vt 0.79784 0.69900
vt 0.80014 0.70114
vt 0.80014 0.71145
vt 0.79784 0.70963
vt 0.80014 0.70963
vt 0.79784 0.71145
vt 0.79784 0.70963
vt 0.80014 0.71145
vt 0.80014 0.70114
vt 0.79784 0.69900
vt 0.80014 0.69900
vt 0.79784 0.70114
vt 0.79784 0.69900
vt 0.80014 0.70114
vt 0.80014 0.71145
vt 0.79784 0.70963
vt 0.80014 0.70963
vt 0.79784 0.71145
vt 0.79784 0.70963
vt 0.80014 0.71145
vt 0.80014 0.70114
vt 0.79784 0.69900
vt 0.80014 0.69900
vt 0.79784 0.70114
vt 0.79784 0.69900
vt 0.80014 0.70114
vt 0.80014 0.71145
vt 0.79784 0.70963
vt 0.80014 0.70963
vt 0.79784 0.71145
vt 0.79784 0.70963
vt 0.80014 0.71145
vt 0.80014 0.70114
vt 0.79784 0.69900
vt 0.80014 0.69900
vt 0.79784 0.70114
vt 0.79784 0.69900
vt 0.80014 0.70114
vt 0.80014 0.71145
vt 0.79784 0.70963
vt 0.80014 0.70963
vt 0.79784 0.71145
vt 0.79784 0.70963
vt 0.80014 0.71145
vt 0.80014 0.70114
vt 0.79784 0.69900
vt 0.80014 0.69900
vt 0.79784 0.70114
vt 0.79784 0.69900
vt 0.80014 0.70114
vt 0.80014 0.71145
vt 0.79784 0.70963
vt 0.80014 0.70963
vt 0.79784 0.71145
vt 0.79784 0.70963
vt 0.80014 0.71145
vt 0.80014 0.70114
vt 0.79784 0.69900
vt 0.80014 0.69900
vt 0.79784 0.70114
vt 0.79784 0.69900
vt 0.80014 0.70114
vt 0.80014 0.71145
vt 0.79784 0.70963
vt 0.80014 0.70963
vt 0.79784 0.71145
vt 0.79784 0.70963
vt 0.80014 0.71145
vt 0.80014 0.70114
vt 0.79784 0.69900
vt 0.80014 0.69900
vt 0.79784 0.70114
vt 0.79784 0.69900
vt 0.80014 0.70114
vt 0.80014 0.71145
vt 0.79784 0.70963
vt 0.80014 0.70963
vt 0.79784 0.71145
vt 0.79784 0.70963
vt 0.80014 0.71145
vt 0.80014 0.70114
vt 0.79784 0.69900
vt 0.80014 0.69900
vt 0.79784 0.70114
vt 0.79784 0.69900
vt 0.80014 0.70114
vt 0.80014 0.71145
vt 0.79784 0.70963
vt 0.80014 0.70963
vt 0.79784 0.71145
vt 0.79784 0.70963
vt 0.80014 0.71145
vt 0.80014 0.70114
vt 0.79784 0.69900
vt 0.80014 0.69900
vt 0.79784 0.70114
vt 0.79784 0.69900
vt 0.80014 0.70114
vt 0.80014 0.71145
vt 0.79784 0.70963
vt 0.80014 0.70963
vt 0.79784 0.71145
vt 0.79784 0.70963
vt 0.80014 0.71145
vt 0.84285 0.68763
vt 0.84049 0.68658
vt 0.84285 0.68658
vt 0.84049 0.68763
vt 0.84049 0.68658
vt 0.84285 0.68763
vt 0.84285 0.68763
vt 0.84049 0.68658
vt 0.84285 0.68658
vt 0.84049 0.68763
vt 0.84049 0.68658
vt 0.84285 0.68763
vt 0.84285 0.68519
vt 0.84049 0.68658
vt 0.84285 0.68658
vt 0.84285 0.68519
vt 0.84049 0.68519
vt 0.84049 0.68658
vt 0.84285 0.68658
vt 0.84049 0.68519
vt 0.84285 0.68519
vt 0.84285 0.68658
vt 0.84049 0.68658
vt 0.84049 0.68519
vt 0.84285 0.68763
vt 0.84049 0.68658
vt 0.84285 0.68658
vt 0.84285 0.68763
vt 0.84049 0.68763
vt 0.84049 0.68658
vt 0.84285 0.68763
vt 0.84049 0.68658
vt 0.84285 0.68658
vt 0.84049 0.68763
vt 0.84049 0.68658
vt 0.84285 0.68763
vt 0.84285 0.68763
vt 0.84049 0.68658
vt 0.84285 0.68658
vt 0.84049 0.68763
vt 0.84049 0.68658
vt 0.84285 0.68763
vt 0.84285 0.68763
vt 0.84049 0.68658
vt 0.84285 0.68658
vt 0.84049 0.68763
vt 0.84049 0.68658
vt 0.84285 0.68763
vt 0.84285 0.68763
vt 0.84049 0.68658
vt 0.84285 0.68658
vt 0.84049 0.68763
vt 0.84049 0.68658
vt 0.84285 0.68763
vt 0.84285 0.68763
vt 0.84049 0.68658
vt 0.84285 0.68658
vt 0.84049 0.68763
vt 0.84049 0.68658
vt 0.84285 0.68763
vt 0.82965 0.68677
vt 0.83021 0.68512
vt 0.82965 0.68586
vt 0.83021 0.68751
vt 0.83021 0.68512
vt 0.82965 0.68677
vt 0.83021 0.68751
vt 0.83112 0.68483
vt 0.83021 0.68512
vt 0.83112 0.68780
vt 0.83112 0.68483
vt 0.83021 0.68751
vt 0.83112 0.68780
vt 0.83203 0.68512
vt 0.83112 0.68483
vt 0.83203 0.68751
vt 0.83203 0.68512
vt 0.83112 0.68780
vt 0.83203 0.68751
vt 0.83259 0.68586
vt 0.83203 0.68512
vt 0.83259 0.68677
vt 0.83259 0.68586
vt 0.83203 0.68751
vt 0.78960 0.69692
vt 0.79452 0.69527
vt 0.78960 0.69527
vt 0.79452 0.69692
vt 0.79452 0.69527
vt 0.78960 0.69692
vt 0.78960 0.69692
vt 0.79452 0.69527
vt 0.78960 0.69527
vt 0.79452 0.69692
vt 0.79452 0.69527
vt 0.78960 0.69692
vt 0.78960 0.69692
vt 0.79452 0.69527
vt 0.78960 0.69527
vt 0.79452 0.69692
vt 0.79452 0.69527
vt 0.78960 0.69692
vt 0.78960 0.69692
vt 0.79452 0.69527
vt 0.78960 0.69527
vt 0.79452 0.69692
vt 0.79452 0.69527
vt 0.78960 0.69692
vt 0.78960 0.69692
vt 0.79452 0.69527
vt 0.78960 0.69527
vt 0.79452 0.69692
vt 0.79452 0.69527
vt 0.78960 0.69692
vt 0.78960 0.69692
vt 0.79452 0.69527
vt 0.78960 0.69527
vt 0.79452 0.69692
vt 0.79452 0.69527
vt 0.78960 0.69692
vt 0.78960 0.69692
vt 0.79452 0.69527
vt 0.78960 0.69527
vt 0.79452 0.69692
vt 0.79452 0.69527
vt 0.78960 0.69692
vt 0.78960 0.69692
vt 0.79452 0.69527
vt 0.78960 0.69527
vt 0.79452 0.69692
vt 0.79452 0.69527
vt 0.78960 0.69692
vt 0.78960 0.69692
vt 0.79452 0.69527
vt 0.78960 0.69527
vt 0.79452 0.69692
vt 0.79452 0.69527
vt 0.78960 0.69692
vt 0.78960 0.69692
vt 0.79452 0.69527
vt 0.78960 0.69527
vt 0.79452 0.69692
vt 0.79452 0.69527
vt 0.78960 0.69692
vt 0.78960 0.69692
vt 0.79452 0.69527
vt 0.78960 0.69527
vt 0.79452 0.69692
vt 0.79452 0.69527
vt 0.78960 0.69692
vt 0.78960 0.69692
vt 0.79452 0.69527
vt 0.78960 0.69527
vt 0.79452 0.69692
vt 0.79452 0.69527
vt 0.78960 0.69692
vt 0.78960 0.69692
vt 0.79452 0.69527
vt 0.78960 0.69527
vt 0.79452 0.69692
vt 0.79452 0.69527
vt 0.78960 0.69692
vt 0.78960 0.69692
vt 0.79452 0.69527
vt 0.78960 0.69527
vt 0.79452 0.69692
vt 0.79452 0.69527
vt 0.78960 0.69692
vt 0.78960 0.69692
vt 0.79452 0.69527
vt 0.78960 0.69527
vt 0.79452 0.69692
vt 0.79452 0.69527
vt 0.78960 0.69692
vt 0.78960 0.69692
vt 0.79452 0.69527
vt 0.78960 0.69527
vt 0.79452 0.69692
vt 0.79452 0.69527
vt 0.78960 0.69692
vt 0.78960 0.69692
vt 0.79452 0.69527
vt 0.78960 0.69527
vt 0.79452 0.69692
vt 0.79452 0.69527
vt 0.78960 0.69692
vt 0.78960 0.69692
vt 0.79452 0.69527
vt 0.78960 0.69527
vt 0.79452 0.69692
vt 0.79452 0.69527
vt 0.78960 0.69692
vt 0.78960 0.69692
vt 0.79452 0.69527
vt 0.78960 0.69527
vt 0.79452 0.69692
vt 0.79452 0.69527
vt 0.78960 0.69692
vt 0.78960 0.69692
vt 0.79452 0.69527
vt 0.78960 0.69527
vt 0.79452 0.69692
vt 0.79452 0.69527
vt 0.78960 0.69692
vt 0.78960 0.69692
vt 0.79452 0.69527
vt 0.78960 0.69527
vt 0.79452 0.69692
vt 0.79452 0.69527
vt 0.78960 0.69692
vt 0.78960 0.69692
vt 0.79452 0.69527
vt 0.78960 0.69527
vt 0.79452 0.69692
vt 0.79452 0.69527
vt 0.78960 0.69692
vt 0.78960 0.69692
vt 0.79452 0.69527
vt 0.78960 0.69527
vt 0.79452 0.69692
vt 0.79452 0.69527
vt 0.78960 0.69692
vt 0.78960 0.69692
vt 0.79452 0.69527
vt 0.78960 0.69527
vt 0.79452 0.69692
vt 0.79452 0.69527
vt 0.78960 0.69692
vt 0.78960 0.69692
vt 0.79452 0.69527
vt 0.78960 0.69527
vt 0.79452 0.69692
vt 0.79452 0.69527
vt 0.78960 0.69692
vt 0.78960 0.69692
vt 0.79452 0.69527
vt 0.78960 0.69527
vt 0.79452 0.69692
vt 0.79452 0.69527
vt 0.78960 0.69692
vt 0.78960 0.69692
vt 0.79452 0.69527
vt 0.78960 0.69527
vt 0.79452 0.69692
vt 0.79452 0.69527
vt 0.78960 0.69692
vt 0.78960 0.69692
vt 0.79452 0.69527
vt 0.78960 0.69527
vt 0.79452 0.69692
vt 0.79452 0.69527
vt 0.78960 0.69692
vt 0.78960 0.69692
vt 0.79452 0.69527
vt 0.78960 0.69527
vt 0.79452 0.69692
vt 0.79452 0.69527
vt 0.78960 0.69692
vt 0.78960 0.69692
vt 0.79452 0.69527
vt 0.78960 0.69527
vt 0.79452 0.69692
vt 0.79452 0.69527
vt 0.78960 0.69692
vt 0.80014 0.70114
vt 0.79784 0.69900
vt 0.80014 0.69900
vt 0.79784 0.70114
vt 0.79784 0.69900
vt 0.80014 0.70114
vt 0.80014 0.71145
vt 0.79784 0.70963
vt 0.80014 0.70963
vt 0.79784 0.71145
vt 0.79784 0.70963
vt 0.80014 0.71145
vt 0.80014 0.70114
vt 0.79784 0.69900
vt 0.80014 0.69900
vt 0.79784 0.70114
vt 0.79784 0.69900
vt 0.80014 0.70114
vt 0.80014 0.71145
vt 0.79784 0.70963
vt 0.80014 0.70963
vt 0.79784 0.71145
vt 0.79784 0.70963
vt 0.80014 0.71145
vt 0.80014 0.70114
vt 0.79784 0.69900
vt 0.80014 0.69900
vt 0.79784 0.70114
vt 0.79784 0.69900
vt 0.80014 0.70114
vt 0.80014 0.71145
vt 0.79784 0.70963
vt 0.80014 0.70963
vt 0.79784 0.71145
vt 0.79784 0.70963
vt 0.80014 0.71145
vt 0.80014 0.70114
vt 0.79784 0.69900
vt 0.80014 0.69900
vt 0.79784 0.70114
vt 0.79784 0.69900
vt 0.80014 0.70114
vt 0.80014 0.71145
vt 0.79784 0.70963
vt 0.80014 0.70963
vt 0.79784 0.71145
vt 0.79784 0.70963
vt 0.80014 0.71145
vt 0.80014 0.70114
vt 0.79784 0.69900
vt 0.80014 0.69900
vt 0.79784 0.70114
vt 0.79784 0.69900
vt 0.80014 0.70114
vt 0.80014 0.71145
vt 0.79784 0.70963
vt 0.80014 0.70963
vt 0.79784 0.71145
vt 0.79784 0.70963
vt 0.80014 0.71145
vt 0.80014 0.70114
vt 0.79784 0.69900
vt 0.80014 0.69900
vt 0.79784 0.70114
vt 0.79784 0.69900
vt 0.80014 0.70114
vt 0.80014 0.71145
vt 0.79784 0.70963
vt 0.80014 0.70963
vt 0.79784 0.71145
vt 0.79784 0.70963
vt 0.80014 0.71145
vt 0.80014 0.70114
vt 0.79784 0.69900
vt 0.80014 0.69900
vt 0.79784 0.70114
vt 0.79784 0.69900
vt 0.80014 0.70114
vt 0.80014 0.71145
vt 0.79784 0.70963
vt 0.80014 0.70963
vt 0.79784 0.71145
vt 0.79784 0.70963
vt 0.80014 0.71145
vt 0.80014 0.70114
vt 0.79784 0.69900
vt 0.80014 0.69900
vt 0.79784 0.70114
vt 0.79784 0.69900
vt 0.80014 0.70114
vt 0.80014 0.71145
vt 0.79784 0.70963
vt 0.80014 0.70963
vt 0.79784 0.71145
vt 0.79784 0.70963
vt 0.80014 0.71145
vt 0.80014 0.70114
vt 0.79784 0.69900
vt 0.80014 0.69900
vt 0.79784 0.70114
vt 0.79784 0.69900
vt 0.80014 0.70114
vt 0.80014 0.71145
vt 0.79784 0.70963
vt 0.80014 0.70963
vt 0.79784 0.71145
vt 0.79784 0.70963
vt 0.80014 0.71145
vt 0.80014 0.70114
vt 0.79784 0.69900
vt 0.80014 0.69900
vt 0.79784 0.70114
vt 0.79784 0.69900
vt 0.80014 0.70114
vt 0.80014 0.71145
vt 0.79784 0.70963
vt 0.80014 0.70963
vt 0.79784 0.71145
vt 0.79784 0.70963
vt 0.80014 0.71145
vt 0.84285 0.66849
vt 0.84049 0.66744
vt 0.84285 0.66744
vt 0.84049 0.66849
vt 0.84049 0.66744
vt 0.84285 0.66849
vt 0.84285 0.66849
vt 0.84049 0.66744
vt 0.84285 0.66744
vt 0.84049 0.66849
vt 0.84049 0.66744
vt 0.84285 0.66849
vt 0.84285 0.66605
vt 0.84049 0.66744
vt 0.84285 0.66744
vt 0.84285 0.66605
vt 0.84049 0.66605
vt 0.84049 0.66744
vt 0.84285 0.66744
vt 0.84049 0.66605
vt 0.84285 0.66605
vt 0.84285 0.66744
vt 0.84049 0.66744
vt 0.84049 0.66605
vt 0.84285 0.66849
vt 0.84049 0.66744
vt 0.84285 0.66744
vt 0.84285 0.66849
vt 0.84049 0.66849
vt 0.84049 0.66744
vt 0.84285 0.66849
vt 0.84049 0.66744
vt 0.84285 0.66744
vt 0.84049 0.66849
vt 0.84049 0.66744
vt 0.84285 0.66849
vt 0.84285 0.66849
vt 0.84049 0.66744
vt 0.84285 0.66744
vt 0.84049 0.66849
vt 0.84049 0.66744
vt 0.84285 0.66849
vt 0.84285 0.66849
vt 0.84049 0.66744
vt 0.84285 0.66744
vt 0.84049 0.66849
vt 0.84049 0.66744
vt 0.84285 0.66849
vt 0.84285 0.66849
vt 0.84049 0.66744
vt 0.84285 0.66744
vt 0.84049 0.66849
vt 0.84049 0.66744
vt 0.84285 0.66849
vt 0.84285 0.66849
vt 0.84049 0.66744
vt 0.84285 0.66744
vt 0.84049 0.66849
vt 0.84049 0.66744
vt 0.84285 0.66849
vt 0.82965 0.66763
vt 0.83021 0.66597
vt 0.82965 0.66671
vt 0.83021 0.66837
vt 0.83021 0.66597
vt 0.82965 0.66763
vt 0.83021 0.66837
vt 0.83112 0.66569
vt 0.83021 0.66597
vt 0.83112 0.66865
vt 0.83112 0.66569
vt 0.83021 0.66837
vt 0.83112 0.66865
vt 0.83203 0.66597
vt 0.83112 0.66569
vt 0.83203 0.66837
vt 0.83203 0.66597
vt 0.83112 0.66865
vt 0.83203 0.66837
vt 0.83259 0.66671
vt 0.83203 0.66597
vt 0.83259 0.66763
vt 0.83259 0.66671
vt 0.83203 0.66837
vt 0.78960 0.69692
vt 0.79452 0.69527
vt 0.78960 0.69527
vt 0.79452 0.69692
vt 0.79452 0.69527
vt 0.78960 0.69692
vt 0.78960 0.69692
vt 0.79452 0.69527
vt 0.78960 0.69527
vt 0.79452 0.69692
vt 0.79452 0.69527
vt 0.78960 0.69692
vt 0.78960 0.69692
vt 0.79452 0.69527
vt 0.78960 0.69527
vt 0.79452 0.69692
vt 0.79452 0.69527
vt 0.78960 0.69692
vt 0.78960 0.69692
vt 0.79452 0.69527
vt 0.78960 0.69527
vt 0.79452 0.69692
vt 0.79452 0.69527
vt 0.78960 0.69692
vt 0.78960 0.69692
vt 0.79452 0.69527
vt 0.78960 0.69527
vt 0.79452 0.69692
vt 0.79452 0.69527
vt 0.78960 0.69692
vt 0.78960 0.69692
vt 0.79452 0.69527
vt 0.78960 0.69527
vt 0.79452 0.69692
vt 0.79452 0.69527
vt 0.78960 0.69692
vt 0.78960 0.69692
vt 0.79452 0.69527
vt 0.78960 0.69527
vt 0.79452 0.69692
vt 0.79452 0.69527
vt 0.78960 0.69692
vt 0.78960 0.69692
vt 0.79452 0.69527
vt 0.78960 0.69527
vt 0.79452 0.69692
vt 0.79452 0.69527
vt 0.78960 0.69692
vt 0.78960 0.69692
vt 0.79452 0.69527
vt 0.78960 0.69527
vt 0.79452 0.69692
vt 0.79452 0.69527
vt 0.78960 0.69692
vt 0.78960 0.69692
vt 0.79452 0.69527
vt 0.78960 0.69527
vt 0.79452 0.69692
vt 0.79452 0.69527
vt 0.78960 0.69692
vt 0.78960 0.69692
vt 0.79452 0.69527
vt 0.78960 0.69527
vt 0.79452 0.69692
vt 0.79452 0.69527
vt 0.78960 0.69692
vt 0.78960 0.69692
vt 0.79452 0.69527
vt 0.78960 0.69527
vt 0.79452 0.69692
vt 0.79452 0.69527
vt 0.78960 0.69692
vt 0.78960 0.69692
vt 0.79452 0.69527
vt 0.78960 0.69527
vt 0.79452 0.69692
vt 0.79452 0.69527
vt 0.78960 0.69692
vt 0.78960 0.69692
vt 0.79452 0.69527
vt 0.78960 0.69527
vt 0.79452 0.69692
vt 0.79452 0.69527
vt 0.78960 0.69692
vt 0.78960 0.69692
vt 0.79452 0.69527
vt 0.78960 0.69527
vt 0.79452 0.69692
vt 0.79452 0.69527
vt 0.78960 0.69692
vt 0.78960 0.69692
vt 0.79452 0.69527
vt 0.78960 0.69527
vt 0.79452 0.69692
vt 0.79452 0.69527
vt 0.78960 0.69692
vt 0.78960 0.69692
vt 0.79452 0.69527
vt 0.78960 0.69527
vt 0.79452 0.69692
vt 0.79452 0.69527
vt 0.78960 0.69692
vt 0.78960 0.69692
vt 0.79452 0.69527
vt 0.78960 0.69527
vt 0.79452 0.69692
vt 0.79452 0.69527
vt 0.78960 0.69692
vt 0.78960 0.69692
vt 0.79452 0.69527
vt 0.78960 0.69527
vt 0.79452 0.69692
vt 0.79452 0.69527
vt 0.78960 0.69692
vt 0.78960 0.69692
vt 0.79452 0.69527
vt 0.78960 0.69527
vt 0.79452 0.69692
vt 0.79452 0.69527
vt 0.78960 0.69692
vt 0.80014 0.70114
vt 0.79784 0.69900
vt 0.80014 0.69900
vt 0.79784 0.70114
vt 0.79784 0.69900
vt 0.80014 0.70114
vt 0.80014 0.71145
vt 0.79784 0.70963
vt 0.80014 0.70963
vt 0.79784 0.71145
vt 0.79784 0.70963
vt 0.80014 0.71145
vt 0.80014 0.70114
vt 0.79784 0.69900
vt 0.80014 0.69900
vt 0.79784 0.70114
vt 0.79784 0.69900
vt 0.80014 0.70114
vt 0.80014 0.71145
vt 0.79784 0.70963
vt 0.80014 0.70963
vt 0.79784 0.71145
vt 0.79784 0.70963
vt 0.80014 0.71145
vt 0.80014 0.70114
vt 0.79784 0.69900
vt 0.80014 0.69900
vt 0.79784 0.70114
vt 0.79784 0.69900
vt 0.80014 0.70114
vt 0.80014 0.71145
vt 0.79784 0.70963
vt 0.80014 0.70963
vt 0.79784 0.71145
vt 0.79784 0.70963
vt 0.80014 0.71145
vt 0.80014 0.70114
vt 0.79784 0.69900
vt 0.80014 0.69900
vt 0.79784 0.70114
vt 0.79784 0.69900
vt 0.80014 0.70114
vt 0.80014 0.71145
vt 0.79784 0.70963
vt 0.80014 0.70963
vt 0.79784 0.71145
vt 0.79784 0.70963
vt 0.80014 0.71145
vt 0.80014 0.70114
vt 0.79784 0.69900
vt 0.80014 0.69900
vt 0.79784 0.70114
vt 0.79784 0.69900
vt 0.80014 0.70114
vt 0.80014 0.71145
vt 0.79784 0.70963
vt 0.80014 0.70963
vt 0.79784 0.71145
vt 0.79784 0.70963
vt 0.80014 0.71145
vt 0.80014 0.70114
vt 0.79784 0.69900
vt 0.80014 0.69900
vt 0.79784 0.70114
vt 0.79784 0.69900
vt 0.80014 0.70114
vt 0.80014 0.71145
vt 0.79784 0.70963
vt 0.80014 0.70963
vt 0.79784 0.71145
vt 0.79784 0.70963
vt 0.80014 0.71145
vt 0.80014 0.70114
vt 0.79784 0.69900
vt 0.80014 0.69900
vt 0.79784 0.70114
vt 0.79784 0.69900
vt 0.80014 0.70114
vt 0.80014 0.71145
vt 0.79784 0.70963
vt 0.80014 0.70963
vt 0.79784 0.71145
vt 0.79784 0.70963
vt 0.80014 0.71145
vt 0.80014 0.70114
vt 0.79784 0.69900
vt 0.80014 0.69900
vt 0.79784 0.70114
vt 0.79784 0.69900
vt 0.80014 0.70114
vt 0.80014 0.71145
vt 0.79784 0.70963
vt 0.80014 0.70963
vt 0.79784 0.71145
vt 0.79784 0.70963
vt 0.80014 0.71145
vt 0.80014 0.70114
vt 0.79784 0.69900
vt 0.80014 0.69900
vt 0.79784 0.70114
vt 0.79784 0.69900
vt 0.80014 0.70114
vt 0.80014 0.71145
vt 0.79784 0.70963
vt 0.80014 0.70963
vt 0.79784 0.71145
vt 0.79784 0.70963
vt 0.80014 0.71145
vt 0.80014 0.70114
vt 0.79784 0.69900
vt 0.80014 0.69900
vt 0.79784 0.70114
vt 0.79784 0.69900
vt 0.80014 0.70114
vt 0.80014 0.71145
vt 0.79784 0.70963
vt 0.80014 0.70963
vt 0.79784 0.71145
vt 0.79784 0.70963
vt 0.80014 0.71145
vt 0.84285 0.66849
vt 0.84049 0.66744
vt 0.84285 0.66744
vt 0.84049 0.66849
vt 0.84049 0.66744
vt 0.84285 0.66849
vt 0.84285 0.66849
vt 0.84049 0.66744
vt 0.84285 0.66744
vt 0.84049 0.66849
vt 0.84049 0.66744
vt 0.84285 0.66849
vt 0.84285 0.66605
vt 0.84049 0.66744
vt 0.84285 0.66744
vt 0.84285 0.66605
vt 0.84049 0.66605
vt 0.84049 0.66744
vt 0.84285 0.66744
vt 0.84049 0.66605
vt 0.84285 0.66605
vt 0.84285 0.66744
vt 0.84049 0.66744
vt 0.84049 0.66605
vt 0.84285 0.66849
vt 0.84049 0.66744
vt 0.84285 0.66744
vt 0.84285 0.66849
vt 0.84049 0.66849
vt 0.84049 0.66744
vt 0.84285 0.66849
vt 0.84049 0.66744
vt 0.84285 0.66744
vt 0.84049 0.66849
vt 0.84049 0.66744
vt 0.84285 0.66849
vt 0.84285 0.66849
vt 0.84049 0.66744
vt 0.84285 0.66744
vt 0.84049 0.66849
vt 0.84049 0.66744
vt 0.84285 0.66849
vt 0.84285 0.66849
vt 0.84049 0.66744
vt 0.84285 0.66744
vt 0.84049 0.66849
vt 0.84049 0.66744
vt 0.84285 0.66849
vt 0.84285 0.66849
vt 0.84049 0.66744
vt 0.84285 0.66744
vt 0.84049 0.66849
vt 0.84049 0.66744
vt 0.84285 0.66849
vt 0.84285 0.66849
vt 0.84049 0.66744
vt 0.84285 0.66744
vt 0.84049 0.66849
vt 0.84049 0.66744
vt 0.84285 0.66849
vt 0.82965 0.66763
vt 0.83021 0.66597
vt 0.82965 0.66671
vt 0.83021 0.66837
vt 0.83021 0.66597
vt 0.82965 0.66763
vt 0.83021 0.66837
vt 0.83112 0.66569
vt 0.83021 0.66597
vt 0.83112 0.66865
vt 0.83112 0.66569
vt 0.83021 0.66837
vt 0.83112 0.66865
vt 0.83203 0.66597
vt 0.83112 0.66569
vt 0.83203 0.66837
vt 0.83203 0.66597
vt 0.83112 0.66865
vt 0.83203 0.66837
vt 0.83259 0.66671
vt 0.83203 0.66597
vt 0.83259 0.66763
vt 0.83259 0.66671
vt 0.83203 0.66837
vt 0.78960 0.69692
vt 0.79452 0.69527
vt 0.78960 0.69527
vt 0.79452 0.69692
vt 0.79452 0.69527
vt 0.78960 0.69692
vt 0.78960 0.69692
vt 0.79452 0.69527
vt 0.78960 0.69527
vt 0.79452 0.69692
vt 0.79452 0.69527
vt 0.78960 0.69692
vt 0.78960 0.69692
vt 0.79452 0.69527
vt 0.78960 0.69527
vt 0.79452 0.69692
vt 0.79452 0.69527
vt 0.78960 0.69692
vt 0.78960 0.69692
vt 0.79452 0.69527
vt 0.78960 0.69527
vt 0.79452 0.69692
vt 0.79452 0.69527
vt 0.78960 0.69692
vt 0.78960 0.69692
vt 0.79452 0.69527
vt 0.78960 0.69527
vt 0.79452 0.69692
vt 0.79452 0.69527
vt 0.78960 0.69692
vt 0.78960 0.69692
vt 0.79452 0.69527
vt 0.78960 0.69527
vt 0.79452 0.69692
vt 0.79452 0.69527
vt 0.78960 0.69692
vt 0.78960 0.69692
vt 0.79452 0.69527
vt 0.78960 0.69527
vt 0.79452 0.69692
vt 0.79452 0.69527
vt 0.78960 0.69692
vt 0.78960 0.69692
vt 0.79452 0.69527
vt 0.78960 0.69527
vt 0.79452 0.69692
vt 0.79452 0.69527
vt 0.78960 0.69692
vt 0.78960 0.69692
vt 0.79452 0.69527
vt 0.78960 0.69527
vt 0.79452 0.69692
vt 0.79452 0.69527
vt 0.78960 0.69692
vt 0.78960 0.69692
vt 0.79452 0.69527
vt 0.78960 0.69527
vt 0.79452 0.69692
vt 0.79452 0.69527
vt 0.78960 0.69692
vt 0.78960 0.69692
vt 0.79452 0.69527
vt 0.78960 0.69527
vt 0.79452 0.69692
vt 0.79452 0.69527
vt 0.78960 0.69692
vt 0.78960 0.69692
vt 0.79452 0.69527
vt 0.78960 0.69527
vt 0.79452 0.69692
vt 0.79452 0.69527
vt 0.78960 0.69692
vt 0.78960 0.69692
vt 0.79452 0.69527
vt 0.78960 0.69527
vt 0.79452 0.69692
vt 0.79452 0.69527
vt 0.78960 0.69692
vt 0.78960 0.69692
vt 0.79452 0.69527
vt 0.78960 0.69527
vt 0.79452 0.69692
vt 0.79452 0.69527
vt 0.78960 0.69692
vt 0.78960 0.69692
vt 0.79452 0.69527
vt 0.78960 0.69527
vt 0.79452 0.69692
vt 0.79452 0.69527
vt 0.78960 0.69692
vt 0.78960 0.69692
vt 0.79452 0.69527
vt 0.78960 0.69527
vt 0.79452 0.69692
vt 0.79452 0.69527
vt 0.78960 0.69692
vt 0.78960 0.69692
vt 0.79452 0.69527
vt 0.78960 0.69527
vt 0.79452 0.69692
vt 0.79452 0.69527
vt 0.78960 0.69692
vt 0.78960 0.69692
vt 0.79452 0.69527
vt 0.78960 0.69527
vt 0.79452 0.69692
vt 0.79452 0.69527
vt 0.78960 0.69692
vt 0.78960 0.69692
vt 0.79452 0.69527
vt 0.78960 0.69527
vt 0.79452 0.69692
vt 0.79452 0.69527
vt 0.78960 0.69692
vt 0.78960 0.69692
vt 0.79452 0.69527
vt 0.78960 0.69527
vt 0.79452 0.69692
vt 0.79452 0.69527
vt 0.78960 0.69692
vt 0.78960 0.69692
vt 0.79452 0.69527
vt 0.78960 0.69527
vt 0.79452 0.69692
vt 0.79452 0.69527
vt 0.78960 0.69692
vt 0.78960 0.69692
vt 0.79452 0.69527
vt 0.78960 0.69527
vt 0.79452 0.69692
vt 0.79452 0.69527
vt 0.78960 0.69692
vt 0.78960 0.69692
vt 0.79452 0.69527
vt 0.78960 0.69527
vt 0.79452 0.69692
vt 0.79452 0.69527
vt 0.78960 0.69692
vt 0.78960 0.69692
vt 0.79452 0.69527
vt 0.78960 0.69527
vt 0.79452 0.69692
vt 0.79452 0.69527
vt 0.78960 0.69692
vt 0.78960 0.69692
vt 0.79452 0.69527
vt 0.78960 0.69527
vt 0.79452 0.69692
vt 0.79452 0.69527
vt 0.78960 0.69692
vt 0.78960 0.69692
vt 0.79452 0.69527
vt 0.78960 0.69527
vt 0.79452 0.69692
vt 0.79452 0.69527
vt 0.78960 0.69692
vt 0.78960 0.69692
vt 0.79452 0.69527
vt 0.78960 0.69527
vt 0.79452 0.69692
vt 0.79452 0.69527
vt 0.78960 0.69692
vt 0.78960 0.69692
vt 0.79452 0.69527
vt 0.78960 0.69527
vt 0.79452 0.69692
vt 0.79452 0.69527
vt 0.78960 0.69692
vt 0.78960 0.69692
vt 0.79452 0.69527
vt 0.78960 0.69527
vt 0.79452 0.69692
vt 0.79452 0.69527
vt 0.78960 0.69692
vt 0.78960 0.69692
vt 0.79452 0.69527
vt 0.78960 0.69527
vt 0.79452 0.69692
vt 0.79452 0.69527
vt 0.78960 0.69692
vt 0.80014 0.70114
vt 0.79784 0.69900
vt 0.80014 0.69900
vt 0.79784 0.70114
vt 0.79784 0.69900
vt 0.80014 0.70114
vt 0.80014 0.71145
vt 0.79784 0.70963
vt 0.80014 0.70963
vt 0.79784 0.71145
vt 0.79784 0.70963
vt 0.80014 0.71145
vt 0.80014 0.70114
vt 0.79784 0.69900
vt 0.80014 0.69900
vt 0.79784 0.70114
vt 0.79784 0.69900
vt 0.80014 0.70114
vt 0.80014 0.71145
vt 0.79784 0.70963
vt 0.80014 0.70963
vt 0.79784 0.71145
vt 0.79784 0.70963
vt 0.80014 0.71145
vt 0.80014 0.70114
vt 0.79784 0.69900
vt 0.80014 0.69900
vt 0.79784 0.70114
vt 0.79784 0.69900
vt 0.80014 0.70114
vt 0.80014 0.71145
vt 0.79784 0.70963
vt 0.80014 0.70963
vt 0.79784 0.71145
vt 0.79784 0.70963
vt 0.80014 0.71145
vt 0.80014 0.70114
vt 0.79784 0.69900
vt 0.80014 0.69900
vt 0.79784 0.70114
vt 0.79784 0.69900
vt 0.80014 0.70114
vt 0.80014 0.71145
vt 0.79784 0.70963
vt 0.80014 0.70963
vt 0.79784 0.71145
vt 0.79784 0.70963
vt 0.80014 0.71145
vt 0.80014 0.70114
vt 0.79784 0.69900
vt 0.80014 0.69900
vt 0.79784 0.70114
vt 0.79784 0.69900
vt 0.80014 0.70114
vt 0.80014 0.71145
vt 0.79784 0.70963
vt 0.80014 0.70963
vt 0.79784 0.71145
vt 0.79784 0.70963
vt 0.80014 0.71145
vt 0.80014 0.70114
vt 0.79784 0.69900
vt 0.80014 0.69900
vt 0.79784 0.70114
vt 0.79784 0.69900
vt 0.80014 0.70114
vt 0.80014 0.71145
vt 0.79784 0.70963
vt 0.80014 0.70963
vt 0.79784 0.71145
vt 0.79784 0.70963
vt 0.80014 0.71145
vt 0.80014 0.70114
vt 0.79784 0.69900
vt 0.80014 0.69900
vt 0.79784 0.70114
vt 0.79784 0.69900
vt 0.80014 0.70114
vt 0.80014 0.71145
vt 0.79784 0.70963
vt 0.80014 0.70963
vt 0.79784 0.71145
vt 0.79784 0.70963
vt 0.80014 0.71145
vt 0.80014 0.70114
vt 0.79784 0.69900
vt 0.80014 0.69900
vt 0.79784 0.70114
vt 0.79784 0.69900
vt 0.80014 0.70114
vt 0.80014 0.71145
vt 0.79784 0.70963
vt 0.80014 0.70963
vt 0.79784 0.71145
vt 0.79784 0.70963
vt 0.80014 0.71145
vt 0.80014 0.70114
vt 0.79784 0.69900
vt 0.80014 0.69900
vt 0.79784 0.70114
vt 0.79784 0.69900
vt 0.80014 0.70114
vt 0.80014 0.71145
vt 0.79784 0.70963
vt 0.80014 0.70963
vt 0.79784 0.71145
vt 0.79784 0.70963
vt 0.80014 0.71145
vt 0.80014 0.70114
vt 0.79784 0.69900
vt 0.80014 0.69900
vt 0.79784 0.70114
vt 0.79784 0.69900
vt 0.80014 0.70114
vt 0.80014 0.71145
vt 0.79784 0.70963
vt 0.80014 0.70963
vt 0.79784 0.71145
vt 0.79784 0.70963
vt 0.80014 0.71145
vt 0.84285 0.69247
vt 0.84049 0.69142
vt 0.84285 0.69142
vt 0.84049 0.69247
vt 0.84049 0.69142
vt 0.84285 0.69247
vt 0.84285 0.69247
vt 0.84049 0.69142
vt 0.84285 0.69142
vt 0.84049 0.69247
vt 0.84049 0.69142
vt 0.84285 0.69247
vt 0.84285 0.69002
vt 0.84049 0.69142
vt 0.84285 0.69142
vt 0.84285 0.69002
vt 0.84049 0.69002
vt 0.84049 0.69142
vt 0.84285 0.69142
vt 0.84049 0.69002
vt 0.84285 0.69002
vt 0.84285 0.69142
vt 0.84049 0.69142
vt 0.84049 0.69002
vt 0.84285 0.69247
vt 0.84049 0.69142
vt 0.84285 0.69142
vt 0.84285 0.69247
vt 0.84049 0.69247
vt 0.84049 0.69142
vt 0.84285 0.69247
vt 0.84049 0.69142
vt 0.84285 0.69142
vt 0.84049 0.69247
vt 0.84049 0.69142
vt 0.84285 0.69247
vt 0.84285 0.69247
vt 0.84049 0.69142
vt 0.84285 0.69142
vt 0.84049 0.69247
vt 0.84049 0.69142
vt 0.84285 0.69247
vt 0.84285 0.69247
vt 0.84049 0.69142
vt 0.84285 0.69142
vt 0.84049 0.69247
vt 0.84049 0.69142
vt 0.84285 0.69247
vt 0.84285 0.69247
vt 0.84049 0.69142
vt 0.84285 0.69142
vt 0.84049 0.69247
vt 0.84049 0.69142
vt 0.84285 0.69247
vt 0.84285 0.69247
vt 0.84049 0.69142
vt 0.84285 0.69142
vt 0.84049 0.69247
vt 0.84049 0.69142
vt 0.84285 0.69247
vt 0.82965 0.69161
vt 0.83021 0.68995
vt 0.82965 0.69069
vt 0.83021 0.69235
vt 0.83021 0.68995
vt 0.82965 0.69161
vt 0.83021 0.69235
vt 0.83112 0.68967
vt 0.83021 0.68995
vt 0.83112 0.69263
vt 0.83112 0.68967
vt 0.83021 0.69235
vt 0.83112 0.69263
vt 0.83203 0.68995
vt 0.83112 0.68967
vt 0.83203 0.69235
vt 0.83203 0.68995
vt 0.83112 0.69263
vt 0.83203 0.69235
vt 0.83259 0.69069
vt 0.83203 0.68995
vt 0.83259 0.69161
vt 0.83259 0.69069
vt 0.83203 0.69235
vt 0.78960 0.69692
vt 0.79452 0.69527
vt 0.78960 0.69527
vt 0.79452 0.69692
vt 0.79452 0.69527
vt 0.78960 0.69692
vt 0.78960 0.69692
vt 0.79452 0.69527
vt 0.78960 0.69527
vt 0.79452 0.69692
vt 0.79452 0.69527
vt 0.78960 0.69692
vt 0.78960 0.69692
vt 0.79452 0.69527
vt 0.78960 0.69527
vt 0.79452 0.69692
vt 0.79452 0.69527
vt 0.78960 0.69692
vt 0.78960 0.69692
vt 0.79452 0.69527
vt 0.78960 0.69527
vt 0.79452 0.69692
vt 0.79452 0.69527
vt 0.78960 0.69692
vt 0.78960 0.69692
vt 0.79452 0.69527
vt 0.78960 0.69527
vt 0.79452 0.69692
vt 0.79452 0.69527
vt 0.78960 0.69692
vt 0.78960 0.69692
vt 0.79452 0.69527
vt 0.78960 0.69527
vt 0.79452 0.69692
vt 0.79452 0.69527
vt 0.78960 0.69692
vt 0.78960 0.69692
vt 0.79452 0.69527
vt 0.78960 0.69527
vt 0.79452 0.69692
vt 0.79452 0.69527
vt 0.78960 0.69692
vt 0.78960 0.69692
vt 0.79452 0.69527
vt 0.78960 0.69527
vt 0.79452 0.69692
vt 0.79452 0.69527
vt 0.78960 0.69692
vt 0.78960 0.69692
vt 0.79452 0.69527
vt 0.78960 0.69527
vt 0.79452 0.69692
vt 0.79452 0.69527
vt 0.78960 0.69692
vt 0.78960 0.69692
vt 0.79452 0.69527
vt 0.78960 0.69527
vt 0.79452 0.69692
vt 0.79452 0.69527
vt 0.78960 0.69692
vt 0.78960 0.69692
vt 0.79452 0.69527
vt 0.78960 0.69527
vt 0.79452 0.69692
vt 0.79452 0.69527
vt 0.78960 0.69692
vt 0.78960 0.69692
vt 0.79452 0.69527
vt 0.78960 0.69527
vt 0.79452 0.69692
vt 0.79452 0.69527
vt 0.78960 0.69692
vt 0.78960 0.69692
vt 0.79452 0.69527
vt 0.78960 0.69527
vt 0.79452 0.69692
vt 0.79452 0.69527
vt 0.78960 0.69692
vt 0.78960 0.69692
vt 0.79452 0.69527
vt 0.78960 0.69527
vt 0.79452 0.69692
vt 0.79452 0.69527
vt 0.78960 0.69692
vt 0.78960 0.69692
vt 0.79452 0.69527
vt 0.78960 0.69527
vt 0.79452 0.69692
vt 0.79452 0.69527
vt 0.78960 0.69692
vt 0.78960 0.69692
vt 0.79452 0.69527
vt 0.78960 0.69527
vt 0.79452 0.69692
vt 0.79452 0.69527
vt 0.78960 0.69692
vt 0.78960 0.69692
vt 0.79452 0.69527
vt 0.78960 0.69527
vt 0.79452 0.69692
vt 0.79452 0.69527
vt 0.78960 0.69692
vt 0.78960 0.69692
vt 0.79452 0.69527
vt 0.78960 0.69527
vt 0.79452 0.69692
vt 0.79452 0.69527
vt 0.78960 0.69692
vt 0.78960 0.69692
vt 0.79452 0.69527
vt 0.78960 0.69527
vt 0.79452 0.69692
vt 0.79452 0.69527
vt 0.78960 0.69692
vt 0.78960 0.69692
vt 0.79452 0.69527
vt 0.78960 0.69527
vt 0.79452 0.69692
vt 0.79452 0.69527
vt 0.78960 0.69692
vt 0.80014 0.70114
vt 0.79784 0.69900
vt 0.80014 0.69900
vt 0.79784 0.70114
vt 0.79784 0.69900
vt 0.80014 0.70114
vt 0.80014 0.71145
vt 0.79784 0.70963
vt 0.80014 0.70963
vt 0.79784 0.71145
vt 0.79784 0.70963
vt 0.80014 0.71145
vt 0.80014 0.70114
vt 0.79784 0.69900
vt 0.80014 0.69900
vt 0.79784 0.70114
vt 0.79784 0.69900
vt 0.80014 0.70114
vt 0.80014 0.71145
vt 0.79784 0.70963
vt 0.80014 0.70963
vt 0.79784 0.71145
vt 0.79784 0.70963
vt 0.80014 0.71145
vt 0.80014 0.70114
vt 0.79784 0.69900
vt 0.80014 0.69900
vt 0.79784 0.70114
vt 0.79784 0.69900
vt 0.80014 0.70114
vt 0.80014 0.71145
vt 0.79784 0.70963
vt 0.80014 0.70963
vt 0.79784 0.71145
vt 0.79784 0.70963
vt 0.80014 0.71145
vt 0.80014 0.70114
vt 0.79784 0.69900
vt 0.80014 0.69900
vt 0.79784 0.70114
vt 0.79784 0.69900
vt 0.80014 0.70114
vt 0.80014 0.71145
vt 0.79784 0.70963
vt 0.80014 0.70963
vt 0.79784 0.71145
vt 0.79784 0.70963
vt 0.80014 0.71145
vt 0.80014 0.70114
vt 0.79784 0.69900
vt 0.80014 0.69900
vt 0.79784 0.70114
vt 0.79784 0.69900
vt 0.80014 0.70114
vt 0.80014 0.71145
vt 0.79784 0.70963
vt 0.80014 0.70963
vt 0.79784 0.71145
vt 0.79784 0.70963
vt 0.80014 0.71145
vt 0.80014 0.70114
vt 0.79784 0.69900
vt 0.80014 0.69900
vt 0.79784 0.70114
vt 0.79784 0.69900
vt 0.80014 0.70114
vt 0.80014 0.71145
vt 0.79784 0.70963
vt 0.80014 0.70963
vt 0.79784 0.71145
vt 0.79784 0.70963
vt 0.80014 0.71145
vt 0.80014 0.70114
vt 0.79784 0.69900
vt 0.80014 0.69900
vt 0.79784 0.70114
vt 0.79784 0.69900
vt 0.80014 0.70114
vt 0.80014 0.71145
vt 0.79784 0.70963
vt 0.80014 0.70963
vt 0.79784 0.71145
vt 0.79784 0.70963
vt 0.80014 0.71145
vt 0.80014 0.70114
vt 0.79784 0.69900
vt 0.80014 0.69900
vt 0.79784 0.70114
vt 0.79784 0.69900
vt 0.80014 0.70114
vt 0.80014 0.71145
vt 0.79784 0.70963
vt 0.80014 0.70963
vt 0.79784 0.71145
vt 0.79784 0.70963
vt 0.80014 0.71145
vt 0.80014 0.70114
vt 0.79784 0.69900
vt 0.80014 0.69900
vt 0.79784 0.70114
vt 0.79784 0.69900
vt 0.80014 0.70114
vt 0.80014 0.71145
vt 0.79784 0.70963
vt 0.80014 0.70963
vt 0.79784 0.71145
vt 0.79784 0.70963
vt 0.80014 0.71145
vt 0.80014 0.70114
vt 0.79784 0.69900
vt 0.80014 0.69900
vt 0.79784 0.70114
vt 0.79784 0.69900
vt 0.80014 0.70114
vt 0.80014 0.71145
vt 0.79784 0.70963
vt 0.80014 0.70963
vt 0.79784 0.71145
vt 0.79784 0.70963
vt 0.80014 0.71145
vt 0.84285 0.66406
vt 0.84049 0.66301
vt 0.84285 0.66301
vt 0.84049 0.66406
vt 0.84049 0.66301
vt 0.84285 0.66406
vt 0.84285 0.66406
vt 0.84049 0.66301
vt 0.84285 0.66301
vt 0.84049 0.66406
vt 0.84049 0.66301
vt 0.84285 0.66406
vt 0.84285 0.66162
vt 0.84049 0.66301
vt 0.84285 0.66301
vt 0.84285 0.66162
vt 0.84049 0.66162
vt 0.84049 0.66301
vt 0.84285 0.66301
vt 0.84049 0.66162
vt 0.84285 0.66162
vt 0.84285 0.66301
vt 0.84049 0.66301
vt 0.84049 0.66162
vt 0.84285 0.66406
vt 0.84049 0.66301
vt 0.84285 0.66301
vt 0.84285 0.66406
vt 0.84049 0.66406
vt 0.84049 0.66301
vt 0.84285 0.66406
vt 0.84049 0.66301
vt 0.84285 0.66301
vt 0.84049 0.66406
vt 0.84049 0.66301
vt 0.84285 0.66406
vt 0.84285 0.66406
vt 0.84049 0.66301
vt 0.84285 0.66301
vt 0.84049 0.66406
vt 0.84049 0.66301
vt 0.84285 0.66406
vt 0.84285 0.66406
vt 0.84049 0.66301
vt 0.84285 0.66301
vt 0.84049 0.66406
vt 0.84049 0.66301
vt 0.84285 0.66406
vt 0.84285 0.66406
vt 0.84049 0.66301
vt 0.84285 0.66301
vt 0.84049 0.66406
vt 0.84049 0.66301
vt 0.84285 0.66406
vt 0.84285 0.66406
vt 0.84049 0.66301
vt 0.84285 0.66301
vt 0.84049 0.66406
vt 0.84049 0.66301
vt 0.84285 0.66406
vt 0.82965 0.66320
vt 0.83021 0.66154
vt 0.82965 0.66228
vt 0.83021 0.66394
vt 0.83021 0.66154
vt 0.82965 0.66320
vt 0.83021 0.66394
vt 0.83112 0.66126
vt 0.83021 0.66154
vt 0.83112 0.66422
vt 0.83112 0.66126
vt 0.83021 0.66394
vt 0.83112 0.66422
vt 0.83203 0.66154
vt 0.83112 0.66126
vt 0.83203 0.66394
vt 0.83203 0.66154
vt 0.83112 0.66422
vt 0.83203 0.66394
vt 0.83259 0.66228
vt 0.83203 0.66154
vt 0.83259 0.66320
vt 0.83259 0.66228
vt 0.83203 0.66394
vt 0.80919 0.68402
vt 0.80958 0.70732
vt 0.80919 0.70732
vt 0.80958 0.68402
vt 0.80958 0.70732
vt 0.80919 0.68402
vt 0.80958 0.68402
vt 0.80958 0.70732
vt 0.80958 0.70732
vt 0.80958 0.68402
vt 0.80958 0.70732
vt 0.80958 0.68402
vt 0.80958 0.68402
vt 0.80958 0.70732
vt 0.80958 0.70732
vt 0.80958 0.68402
vt 0.80958 0.70732
vt 0.80958 0.68402
vt 0.80958 0.68402
vt 0.80958 0.70732
vt 0.80958 0.70732
vt 0.80958 0.68402
vt 0.80958 0.70732
vt 0.80958 0.68402
vt 0.80958 0.68402
vt 0.80958 0.70732
vt 0.80958 0.70732
vt 0.80958 0.68402
vt 0.80958 0.70732
vt 0.80958 0.68402
vt 0.80958 0.68402
vt 0.80958 0.70732
vt 0.80958 0.70732
vt 0.80958 0.68402
vt 0.80958 0.70732
vt 0.80958 0.68402
vt 0.80958 0.68402
vt 0.80958 0.70732
vt 0.80958 0.70732
vt 0.80958 0.68402
vt 0.80958 0.70732
vt 0.80958 0.68402
vt 0.80958 0.68402
vt 0.80958 0.70732
vt 0.80958 0.70732
vt 0.80958 0.68402
vt 0.80958 0.70732
vt 0.80958 0.68402
vt 0.80958 0.68402
vt 0.80958 0.70732
vt 0.80958 0.70732
vt 0.80958 0.68402
vt 0.80958 0.70732
vt 0.80958 0.68402
vt 0.80958 0.68402
vt 0.80919 0.70732
vt 0.80958 0.70732
vt 0.80919 0.68402
vt 0.80919 0.70732
vt 0.80958 0.68402
vt 0.79270 0.71064
vt 0.79270 0.69831
vt 0.79270 0.71064
vt 0.79270 0.71064
vt 0.79270 0.69831
vt 0.79270 0.71064
vt 0.79270 0.71064
vt 0.79270 0.71064
vt 0.79270 0.69831
vt 0.79270 0.71064
vt 0.79270 0.69831
vt 0.79270 0.71064
vt 0.79270 0.71064
vt 0.79270 0.69831
vt 0.79270 0.71064
vt 0.79270 0.71064
vt 0.79270 0.71064
vt 0.79270 0.69831
vt 0.79270 0.71064
vt 0.79270 0.69831
vt 0.79270 0.71064
vt 0.79270 0.71064
vt 0.79270 0.69831
vt 0.79270 0.71064
vt 0.79270 0.71064
vt 0.79270 0.71064
vt 0.79270 0.69831
vt 0.79270 0.71064
vt 0.79270 0.71064
vt 0.79270 0.69831
vt 0.84233 0.67333
vt 0.83780 0.67336
vt 0.83780 0.67333
vt 0.84233 0.67336
vt 0.83780 0.67336
vt 0.84233 0.67333
vt 0.84233 0.67336
vt 0.83780 0.67333
vt 0.83780 0.67336
vt 0.84233 0.67333
vt 0.83780 0.67333
vt 0.84233 0.67336
vt 0.84233 0.67333
vt 0.83780 0.67300
vt 0.83780 0.67333
vt 0.84233 0.67300
vt 0.83780 0.67300
vt 0.84233 0.67333
vt 0.84233 0.67300
vt 0.83780 0.67257
vt 0.83780 0.67300
vt 0.84233 0.67257
vt 0.83780 0.67257
vt 0.84233 0.67300
vt 0.84233 0.67257
vt 0.83780 0.67183
vt 0.83780 0.67257
vt 0.84233 0.67183
vt 0.83780 0.67183
vt 0.84233 0.67257
vt 0.84233 0.67183
vt 0.83780 0.67100
vt 0.83780 0.67183
vt 0.84233 0.67100
vt 0.83780 0.67100
vt 0.84233 0.67183
vt 0.84233 0.67100
vt 0.83780 0.67183
vt 0.83780 0.67100
vt 0.84233 0.67183
vt 0.83780 0.67183
vt 0.84233 0.67100
vt 0.84233 0.67183
vt 0.83780 0.67257
vt 0.83780 0.67183
vt 0.84233 0.67257
vt 0.83780 0.67257
vt 0.84233 0.67183
vt 0.84233 0.67257
vt 0.83780 0.67300
vt 0.83780 0.67257
vt 0.84233 0.67300
vt 0.83780 0.67300
vt 0.84233 0.67257
vt 0.84233 0.67300
vt 0.83780 0.67333
vt 0.83780 0.67300
vt 0.84233 0.67333
vt 0.83780 0.67333
vt 0.84233 0.67300
vt 0.80919 0.68402
vt 0.80919 0.70732
vt 0.80919 0.70732
vt 0.80919 0.68402
vt 0.80919 0.70732
vt 0.80919 0.68402
vt 0.80919 0.68402
vt 0.80919 0.70732
vt 0.80919 0.70732
vt 0.80919 0.68402
vt 0.80919 0.70732
vt 0.80919 0.68402
vt 0.80919 0.68402
vt 0.80919 0.70732
vt 0.80919 0.70732
vt 0.80919 0.68402
vt 0.80919 0.70732
vt 0.80919 0.68402
vt 0.80919 0.68402
vt 0.80919 0.70732
vt 0.80919 0.70732
vt 0.80919 0.68402
vt 0.80919 0.70732
vt 0.80919 0.68402
vt 0.80919 0.68402
vt 0.80919 0.70732
vt 0.80919 0.70732
vt 0.80919 0.68402
vt 0.80919 0.70732
vt 0.80919 0.68402
vt 0.80919 0.68402
vt 0.80919 0.70732
vt 0.80919 0.70732
vt 0.80919 0.68402
vt 0.80919 0.70732
vt 0.80919 0.68402
vt 0.80919 0.68402
vt 0.80919 0.70732
vt 0.80919 0.70732
vt 0.80919 0.68402
vt 0.80919 0.70732
vt 0.80919 0.68402
vt 0.80919 0.68402
vt 0.80919 0.70732
vt 0.80919 0.70732
vt 0.80919 0.68402
vt 0.80919 0.70732
vt 0.80919 0.68402
vt 0.80919 0.68402
vt 0.80958 0.70732
vt 0.80919 0.70732
vt 0.80958 0.68402
vt 0.80958 0.70732
vt 0.80919 0.68402
vt 0.80958 0.68402
vt 0.80919 0.70732
vt 0.80958 0.70732
vt 0.80919 0.68402
vt 0.80919 0.70732
vt 0.80958 0.68402
vt 0.79402 0.71535
vt 0.78943 0.70734
vt 0.78943 0.71535
vt 0.79402 0.70734
vt 0.78943 0.70734
vt 0.79402 0.71535
vt 0.79402 0.70734
vt 0.78943 0.70028
vt 0.78943 0.70734
vt 0.79402 0.70028
vt 0.78943 0.70028
vt 0.79402 0.70734
vt 0.79402 0.70028
vt 0.78943 0.70734
vt 0.78943 0.70028
vt 0.79402 0.70734
vt 0.78943 0.70734
vt 0.79402 0.70028
vt 0.79402 0.70734
vt 0.78943 0.71535
vt 0.78943 0.70734
vt 0.79402 0.71535
vt 0.78943 0.71535
vt 0.79402 0.70734
vt 0.79402 0.71535
vt 0.78943 0.72392
vt 0.78943 0.71535
vt 0.79402 0.72392
vt 0.78943 0.72392
vt 0.79402 0.71535
vt 0.79402 0.72392
vt 0.78943 0.73248
vt 0.78943 0.72392
vt 0.79402 0.73248
vt 0.78943 0.73248
vt 0.79402 0.72392
vt 0.79402 0.73248
vt 0.78943 0.74054
vt 0.78943 0.73248
vt 0.79402 0.74054
vt 0.78943 0.74054
vt 0.79402 0.73248
vt 0.79402 0.74054
vt 0.78943 0.73248
vt 0.78943 0.74054
vt 0.79402 0.73248
vt 0.78943 0.73248
vt 0.79402 0.74054
vt 0.79402 0.73248
vt 0.78943 0.72392
vt 0.78943 0.73248
vt 0.79402 0.72392
vt 0.78943 0.72392
vt 0.79402 0.73248
vt 0.79402 0.72392
vt 0.78943 0.71535
vt 0.78943 0.72392
vt 0.79402 0.71535
vt 0.78943 0.71535
vt 0.79402 0.72392
vt 0.78483 0.73248
vt 0.78943 0.72392
vt 0.78943 0.73248
vt 0.78483 0.72392
vt 0.78943 0.72392
vt 0.78483 0.73248
vt 0.78483 0.72392
vt 0.78943 0.71535
vt 0.78943 0.72392
vt 0.78483 0.71535
vt 0.78943 0.71535
vt 0.78483 0.72392
vt 0.78483 0.71535
vt 0.78943 0.70734
vt 0.78943 0.71535
vt 0.78483 0.70734
vt 0.78943 0.70734
vt 0.78483 0.71535
vt 0.78483 0.70734
vt 0.78943 0.70028
vt 0.78943 0.70734
vt 0.78483 0.70028
vt 0.78943 0.70028
vt 0.78483 0.70734
vt 0.78483 0.70028
vt 0.78943 0.70734
vt 0.78943 0.70028
vt 0.78483 0.70734
vt 0.78943 0.70734
vt 0.78483 0.70028
vt 0.78483 0.70734
vt 0.78943 0.71535
vt 0.78943 0.70734
vt 0.78483 0.71535
vt 0.78943 0.71535
vt 0.78483 0.70734
vt 0.78483 0.71535
vt 0.78943 0.72392
vt 0.78943 0.71535
vt 0.78483 0.72392
vt 0.78943 0.72392
vt 0.78483 0.71535
vt 0.78483 0.72392
vt 0.78943 0.73248
vt 0.78943 0.72392
vt 0.78483 0.73248
vt 0.78943 0.73248
vt 0.78483 0.72392
vt 0.78483 0.73248
vt 0.78943 0.74054
vt 0.78943 0.73248
vt 0.78483 0.74054
vt 0.78943 0.74054
vt 0.78483 0.73248
vt 0.78483 0.74054
vt 0.78943 0.73248
vt 0.78943 0.74054
vt 0.78483 0.73248
vt 0.78943 0.73248
vt 0.78483 0.74054
vt 0.79449 0.71060
vt 0.79449 0.70198
vt 0.79449 0.71060
vt 0.79449 0.71060
vt 0.79449 0.70198
vt 0.79449 0.71060
vt 0.79449 0.71060
vt 0.79449 0.71060
vt 0.79449 0.70198
vt 0.79449 0.71060
vt 0.79449 0.70198
vt 0.79449 0.71060
vt 0.79449 0.71060
vt 0.79449 0.70198
vt 0.79449 0.71060
vt 0.79449 0.71060
vt 0.79449 0.71060
vt 0.79449 0.70198
vt 0.79449 0.71060
vt 0.79449 0.70198
vt 0.79449 0.71060
vt 0.79449 0.71060
vt 0.79449 0.70198
vt 0.79449 0.71060
vt 0.79449 0.71060
vt 0.79449 0.71060
vt 0.79449 0.70198
vt 0.79449 0.70198
vt 0.79449 0.71060
vt 0.79449 0.71060
vt 0.79548 0.71339
vt 0.79522 0.71339
vt 0.79522 0.71339
vt 0.79548 0.71339
vt 0.79522 0.71339
vt 0.79548 0.71339
vt 0.79548 0.71339
vt 0.79522 0.71339
vt 0.79522 0.71339
vt 0.79548 0.71339
vt 0.79522 0.71339
vt 0.79548 0.71339
vt 0.79548 0.71339
vt 0.79522 0.71339
vt 0.79522 0.71339
vt 0.79548 0.71339
vt 0.79522 0.71339
vt 0.79548 0.71339
vt 0.79548 0.71339
vt 0.79522 0.71339
vt 0.79522 0.71339
vt 0.79548 0.71339
vt 0.79522 0.71339
vt 0.79548 0.71339
vt 0.79548 0.71339
vt 0.79522 0.71339
vt 0.79522 0.71339
vt 0.79548 0.71339
vt 0.79522 0.71339
vt 0.79548 0.71339
vt 0.79548 0.71339
vt 0.79522 0.71339
vt 0.79522 0.71339
vt 0.79548 0.71339
vt 0.79522 0.71339
vt 0.79548 0.71339
vt 0.79548 0.71339
vt 0.79522 0.71339
vt 0.79522 0.71339
vt 0.79548 0.71339
vt 0.79522 0.71339
vt 0.79548 0.71339
vt 0.79548 0.71339
vt 0.79522 0.71339
vt 0.79522 0.71339
vt 0.79548 0.71339
vt 0.79522 0.71339
vt 0.79548 0.71339
vt 0.79548 0.71339
vt 0.79522 0.71302
vt 0.79522 0.71339
vt 0.79548 0.71302
vt 0.79522 0.71302
vt 0.79548 0.71339
vt 0.79548 0.71302
vt 0.79522 0.71339
vt 0.79522 0.71302
vt 0.79548 0.71339
vt 0.79522 0.71339
vt 0.79548 0.71302
vt 0.79270 0.71064
vt 0.79270 0.69831
vt 0.79270 0.71064
vt 0.79270 0.71064
vt 0.79270 0.69831
vt 0.79270 0.71064
vt 0.79270 0.71064
vt 0.79270 0.71064
vt 0.79270 0.69831
vt 0.79270 0.71064
vt 0.79270 0.69831
vt 0.79270 0.71064
vt 0.79270 0.71064
vt 0.79270 0.69831
vt 0.79270 0.71064
vt 0.79270 0.71064
vt 0.79270 0.71064
vt 0.79270 0.69831
vt 0.79270 0.71064
vt 0.79270 0.69831
vt 0.79270 0.71064
vt 0.79270 0.71064
vt 0.79270 0.69831
vt 0.79270 0.71064
vt 0.79270 0.71064
vt 0.79270 0.71064
vt 0.79270 0.69831
vt 0.79270 0.71064
vt 0.79270 0.71064
vt 0.79270 0.69831
vt 0.82927 0.68075
vt 0.82924 0.68505
vt 0.82927 0.68505
vt 0.82924 0.68075
vt 0.82924 0.68505
vt 0.82927 0.68075
vt 0.82924 0.68075
vt 0.82927 0.68505
vt 0.82924 0.68505
vt 0.82927 0.68075
vt 0.82927 0.68505
vt 0.82924 0.68075
vt 0.82927 0.68075
vt 0.82960 0.68505
vt 0.82927 0.68505
vt 0.82960 0.68075
vt 0.82960 0.68505
vt 0.82927 0.68075
vt 0.82960 0.68075
vt 0.83003 0.68505
vt 0.82960 0.68505
vt 0.83003 0.68075
vt 0.83003 0.68505
vt 0.82960 0.68075
vt 0.83003 0.68075
vt 0.83078 0.68505
vt 0.83003 0.68505
vt 0.83078 0.68075
vt 0.83078 0.68505
vt 0.83003 0.68075
vt 0.83078 0.68075
vt 0.83159 0.68505
vt 0.83078 0.68505
vt 0.83160 0.68075
vt 0.83159 0.68505
vt 0.83078 0.68075
vt 0.83160 0.68075
vt 0.83078 0.68505
vt 0.83159 0.68505
vt 0.83078 0.68075
vt 0.83078 0.68505
vt 0.83160 0.68075
vt 0.83078 0.68075
vt 0.83003 0.68505
vt 0.83078 0.68505
vt 0.83003 0.68075
vt 0.83003 0.68505
vt 0.83078 0.68075
vt 0.83003 0.68075
vt 0.82960 0.68505
vt 0.83003 0.68505
vt 0.82960 0.68075
vt 0.82960 0.68505
vt 0.83003 0.68075
vt 0.82960 0.68075
vt 0.82927 0.68505
vt 0.82960 0.68505
vt 0.82927 0.68075
vt 0.82927 0.68505
vt 0.82960 0.68075
vt 0.80919 0.68402
vt 0.80919 0.70732
vt 0.80919 0.70732
vt 0.80919 0.68402
vt 0.80919 0.70732
vt 0.80919 0.68402
vt 0.80919 0.68402
vt 0.80919 0.70732
vt 0.80919 0.70732
vt 0.80919 0.68402
vt 0.80919 0.70732
vt 0.80919 0.68402
vt 0.80919 0.68402
vt 0.80919 0.70732
vt 0.80919 0.70732
vt 0.80919 0.68402
vt 0.80919 0.70732
vt 0.80919 0.68402
vt 0.80919 0.68402
vt 0.80919 0.70732
vt 0.80919 0.70732
vt 0.80919 0.68402
vt 0.80919 0.70732
vt 0.80919 0.68402
vt 0.80919 0.68402
vt 0.80919 0.70732
vt 0.80919 0.70732
vt 0.80919 0.68402
vt 0.80919 0.70732
vt 0.80919 0.68402
vt 0.80919 0.68402
vt 0.80919 0.70732
vt 0.80919 0.70732
vt 0.80919 0.68402
vt 0.80919 0.70732
vt 0.80919 0.68402
vt 0.80919 0.68402
vt 0.80919 0.70732
vt 0.80919 0.70732
vt 0.80919 0.68402
vt 0.80919 0.70732
vt 0.80919 0.68402
vt 0.80919 0.68402
vt 0.80919 0.70732
vt 0.80919 0.70732
vt 0.80919 0.68402
vt 0.80919 0.70732
vt 0.80919 0.68402
vt 0.80919 0.68402
vt 0.80958 0.70732
vt 0.80919 0.70732
vt 0.80958 0.68402
vt 0.80958 0.70732
vt 0.80919 0.68402
vt 0.80958 0.68402
vt 0.80919 0.70732
vt 0.80958 0.70732
vt 0.80919 0.68402
vt 0.80919 0.70732
vt 0.80958 0.68402
vt 0.79402 0.71535
vt 0.78943 0.70734
vt 0.78943 0.71535
vt 0.79402 0.70734
vt 0.78943 0.70734
vt 0.79402 0.71535
vt 0.79402 0.70734
vt 0.78943 0.70028
vt 0.78943 0.70734
vt 0.79402 0.70028
vt 0.78943 0.70028
vt 0.79402 0.70734
vt 0.79402 0.70028
vt 0.78943 0.70734
vt 0.78943 0.70028
vt 0.79402 0.70734
vt 0.78943 0.70734
vt 0.79402 0.70028
vt 0.79402 0.70734
vt 0.78943 0.71535
vt 0.78943 0.70734
vt 0.79402 0.71535
vt 0.78943 0.71535
vt 0.79402 0.70734
vt 0.79402 0.71535
vt 0.78943 0.72392
vt 0.78943 0.71535
vt 0.79402 0.72392
vt 0.78943 0.72392
vt 0.79402 0.71535
vt 0.79402 0.72392
vt 0.78943 0.73248
vt 0.78943 0.72392
vt 0.79402 0.73248
vt 0.78943 0.73248
vt 0.79402 0.72392
vt 0.79402 0.73248
vt 0.78943 0.74054
vt 0.78943 0.73248
vt 0.79402 0.74054
vt 0.78943 0.74054
vt 0.79402 0.73248
vt 0.79402 0.74054
vt 0.78943 0.73248
vt 0.78943 0.74054
vt 0.79402 0.73248
vt 0.78943 0.73248
vt 0.79402 0.74054
vt 0.79402 0.73248
vt 0.78943 0.72392
vt 0.78943 0.73248
vt 0.79402 0.72392
vt 0.78943 0.72392
vt 0.79402 0.73248
vt 0.79402 0.72392
vt 0.78943 0.71535
vt 0.78943 0.72392
vt 0.79402 0.71535
vt 0.78943 0.71535
vt 0.79402 0.72392
vt 0.78483 0.73248
vt 0.78943 0.72392
vt 0.78943 0.73248
vt 0.78483 0.72392
vt 0.78943 0.72392
vt 0.78483 0.73248
vt 0.78483 0.72392
vt 0.78943 0.71535
vt 0.78943 0.72392
vt 0.78483 0.71535
vt 0.78943 0.71535
vt 0.78483 0.72392
vt 0.78483 0.71535
vt 0.78943 0.70734
vt 0.78943 0.71535
vt 0.78483 0.70734
vt 0.78943 0.70734
vt 0.78483 0.71535
vt 0.78483 0.70734
vt 0.78943 0.70028
vt 0.78943 0.70734
vt 0.78483 0.70028
vt 0.78943 0.70028
vt 0.78483 0.70734
vt 0.78483 0.70028
vt 0.78943 0.70734
vt 0.78943 0.70028
vt 0.78483 0.70734
vt 0.78943 0.70734
vt 0.78483 0.70028
vt 0.78483 0.70734
vt 0.78943 0.71535
vt 0.78943 0.70734
vt 0.78483 0.71535
vt 0.78943 0.71535
vt 0.78483 0.70734
vt 0.78483 0.71535
vt 0.78943 0.72392
vt 0.78943 0.71535
vt 0.78483 0.72392
vt 0.78943 0.72392
vt 0.78483 0.71535
vt 0.78483 0.72392
vt 0.78943 0.73248
vt 0.78943 0.72392
vt 0.78483 0.73248
vt 0.78943 0.73248
vt 0.78483 0.72392
vt 0.78483 0.73248
vt 0.78943 0.74054
vt 0.78943 0.73248
vt 0.78483 0.74054
vt 0.78943 0.74054
vt 0.78483 0.73248
vt 0.78483 0.74054
vt 0.78943 0.73248
vt 0.78943 0.74054
vt 0.78483 0.73248
vt 0.78943 0.73248
vt 0.78483 0.74054
vt 0.79548 0.71339
vt 0.79522 0.71339
vt 0.79522 0.71339
vt 0.79548 0.71339
vt 0.79522 0.71339
vt 0.79548 0.71339
vt 0.79548 0.71339
vt 0.79522 0.71339
vt 0.79522 0.71339
vt 0.79548 0.71339
vt 0.79522 0.71339
vt 0.79548 0.71339
vt 0.79548 0.71339
vt 0.79522 0.71339
vt 0.79522 0.71339
vt 0.79548 0.71339
vt 0.79522 0.71339
vt 0.79548 0.71339
vt 0.79548 0.71339
vt 0.79522 0.71339
vt 0.79522 0.71339
vt 0.79548 0.71339
vt 0.79522 0.71339
vt 0.79548 0.71339
vt 0.79548 0.71339
vt 0.79522 0.71339
vt 0.79522 0.71339
vt 0.79548 0.71339
vt 0.79522 0.71339
vt 0.79548 0.71339
vt 0.79548 0.71339
vt 0.79522 0.71339
vt 0.79522 0.71339
vt 0.79548 0.71339
vt 0.79522 0.71339
vt 0.79548 0.71339
vt 0.79548 0.71339
vt 0.79522 0.71339
vt 0.79522 0.71339
vt 0.79548 0.71339
vt 0.79522 0.71339
vt 0.79548 0.71339
vt 0.79548 0.71339
vt 0.79522 0.71339
vt 0.79522 0.71339
vt 0.79548 0.71339
vt 0.79522 0.71339
vt 0.79548 0.71339
vt 0.79548 0.71339
vt 0.79522 0.71302
vt 0.79522 0.71339
vt 0.79548 0.71302
vt 0.79522 0.71302
vt 0.79548 0.71339
vt 0.79548 0.71302
vt 0.79522 0.71339
vt 0.79522 0.71302
vt 0.79548 0.71339
vt 0.79522 0.71339
vt 0.79548 0.71302
vt 0.79270 0.71064
vt 0.79270 0.69831
vt 0.79270 0.71064
vt 0.79270 0.71064
vt 0.79270 0.69831
vt 0.79270 0.71064
vt 0.79270 0.71064
vt 0.79270 0.71064
vt 0.79270 0.69831
vt 0.79270 0.71064
vt 0.79270 0.69831
vt 0.79270 0.71064
vt 0.79270 0.71064
vt 0.79270 0.69831
vt 0.79270 0.71064
vt 0.79270 0.71064
vt 0.79270 0.71064
vt 0.79270 0.69831
vt 0.79270 0.71064
vt 0.79270 0.69831
vt 0.79270 0.71064
vt 0.79270 0.71064
vt 0.79270 0.69831
vt 0.79270 0.71064
vt 0.79270 0.71064
vt 0.79270 0.71064
vt 0.79270 0.69831
vt 0.79270 0.71064
vt 0.79270 0.71064
vt 0.79270 0.69831
vt 0.84233 0.68812
vt 0.83780 0.68812
vt 0.83780 0.68812
vt 0.84233 0.68812
vt 0.83780 0.68812
vt 0.84233 0.68812
vt 0.84233 0.68812
vt 0.83780 0.68812
vt 0.83780 0.68812
vt 0.84233 0.68812
vt 0.83780 0.68812
vt 0.84233 0.68812
vt 0.84233 0.68812
vt 0.83780 0.68778
vt 0.83780 0.68812
vt 0.84233 0.68778
vt 0.83780 0.68778
vt 0.84233 0.68812
vt 0.84233 0.68778
vt 0.83780 0.68735
vt 0.83780 0.68778
vt 0.84233 0.68735
vt 0.83780 0.68735
vt 0.84233 0.68778
vt 0.84233 0.68735
vt 0.83780 0.68661
vt 0.83780 0.68735
vt 0.84233 0.68661
vt 0.83780 0.68661
vt 0.84233 0.68735
vt 0.84233 0.68661
vt 0.83780 0.68579
vt 0.83780 0.68661
vt 0.84233 0.68579
vt 0.83780 0.68579
vt 0.84233 0.68661
vt 0.84233 0.68579
vt 0.83780 0.68661
vt 0.83780 0.68579
vt 0.84233 0.68661
vt 0.83780 0.68661
vt 0.84233 0.68579
vt 0.84233 0.68661
vt 0.83780 0.68735
vt 0.83780 0.68661
vt 0.84233 0.68735
vt 0.83780 0.68735
vt 0.84233 0.68661
vt 0.84233 0.68735
vt 0.83780 0.68778
vt 0.83780 0.68735
vt 0.84233 0.68778
vt 0.83780 0.68778
vt 0.84233 0.68735
vt 0.84233 0.68778
vt 0.83780 0.68812
vt 0.83780 0.68778
vt 0.84233 0.68812
vt 0.83780 0.68812
vt 0.84233 0.68778
vt 0.80919 0.68402
vt 0.80919 0.70732
vt 0.80919 0.70732
vt 0.80919 0.68402
vt 0.80919 0.70732
vt 0.80919 0.68402
vt 0.80919 0.68402
vt 0.80919 0.70732
vt 0.80919 0.70732
vt 0.80919 0.68402
vt 0.80919 0.70732
vt 0.80919 0.68402
vt 0.80919 0.68402
vt 0.80919 0.70732
vt 0.80919 0.70732
vt 0.80919 0.68402
vt 0.80919 0.70732
vt 0.80919 0.68402
vt 0.80919 0.68402
vt 0.80919 0.70732
vt 0.80919 0.70732
vt 0.80919 0.68402
vt 0.80919 0.70732
vt 0.80919 0.68402
vt 0.80919 0.68402
vt 0.80919 0.70732
vt 0.80919 0.70732
vt 0.80919 0.68402
vt 0.80919 0.70732
vt 0.80919 0.68402
vt 0.80919 0.68402
vt 0.80919 0.70732
vt 0.80919 0.70732
vt 0.80919 0.68402
vt 0.80919 0.70732
vt 0.80919 0.68402
vt 0.80919 0.68402
vt 0.80919 0.70732
vt 0.80919 0.70732
vt 0.80919 0.68402
vt 0.80919 0.70732
vt 0.80919 0.68402
vt 0.80919 0.68402
vt 0.80919 0.70732
vt 0.80919 0.70732
vt 0.80919 0.68402
vt 0.80919 0.70732
vt 0.80919 0.68402
vt 0.80919 0.68402
vt 0.80958 0.70732
vt 0.80919 0.70732
vt 0.80958 0.68402
vt 0.80958 0.70732
vt 0.80919 0.68402
vt 0.80958 0.68402
vt 0.80919 0.70732
vt 0.80958 0.70732
vt 0.80919 0.68402
vt 0.80919 0.70732
vt 0.80958 0.68402
vt 0.79402 0.71535
vt 0.78943 0.70734
vt 0.78943 0.71535
vt 0.79402 0.70734
vt 0.78943 0.70734
vt 0.79402 0.71535
vt 0.79402 0.70734
vt 0.78943 0.70028
vt 0.78943 0.70734
vt 0.79402 0.70028
vt 0.78943 0.70028
vt 0.79402 0.70734
vt 0.79402 0.70028
vt 0.78943 0.70734
vt 0.78943 0.70028
vt 0.79402 0.70734
vt 0.78943 0.70734
vt 0.79402 0.70028
vt 0.79402 0.70734
vt 0.78943 0.71535
vt 0.78943 0.70734
vt 0.79402 0.71535
vt 0.78943 0.71535
vt 0.79402 0.70734
vt 0.79402 0.71535
vt 0.78943 0.72392
vt 0.78943 0.71535
vt 0.79402 0.72392
vt 0.78943 0.72392
vt 0.79402 0.71535
vt 0.79402 0.72392
vt 0.78943 0.73248
vt 0.78943 0.72392
vt 0.79402 0.73248
vt 0.78943 0.73248
vt 0.79402 0.72392
vt 0.79402 0.73248
vt 0.78943 0.74054
vt 0.78943 0.73248
vt 0.79402 0.74054
vt 0.78943 0.74054
vt 0.79402 0.73248
vt 0.79402 0.74054
vt 0.78943 0.73248
vt 0.78943 0.74054
vt 0.79402 0.73248
vt 0.78943 0.73248
vt 0.79402 0.74054
vt 0.79402 0.73248
vt 0.78943 0.72392
vt 0.78943 0.73248
vt 0.79402 0.72392
vt 0.78943 0.72392
vt 0.79402 0.73248
vt 0.79402 0.72392
vt 0.78943 0.71535
vt 0.78943 0.72392
vt 0.79402 0.71535
vt 0.78943 0.71535
vt 0.79402 0.72392
vt 0.78483 0.73248
vt 0.78943 0.72392
vt 0.78943 0.73248
vt 0.78483 0.72392
vt 0.78943 0.72392
vt 0.78483 0.73248
vt 0.78483 0.72392
vt 0.78943 0.71535
vt 0.78943 0.72392
vt 0.78483 0.71535
vt 0.78943 0.71535
vt 0.78483 0.72392
vt 0.78483 0.71535
vt 0.78943 0.70734
vt 0.78943 0.71535
vt 0.78483 0.70734
vt 0.78943 0.70734
vt 0.78483 0.71535
vt 0.78483 0.70734
vt 0.78943 0.70028
vt 0.78943 0.70734
vt 0.78483 0.70028
vt 0.78943 0.70028
vt 0.78483 0.70734
vt 0.78483 0.70028
vt 0.78943 0.70734
vt 0.78943 0.70028
vt 0.78483 0.70734
vt 0.78943 0.70734
vt 0.78483 0.70028
vt 0.78483 0.70734
vt 0.78943 0.71535
vt 0.78943 0.70734
vt 0.78483 0.71535
vt 0.78943 0.71535
vt 0.78483 0.70734
vt 0.78483 0.71535
vt 0.78943 0.72392
vt 0.78943 0.71535
vt 0.78483 0.72392
vt 0.78943 0.72392
vt 0.78483 0.71535
vt 0.78483 0.72392
vt 0.78943 0.73248
vt 0.78943 0.72392
vt 0.78483 0.73248
vt 0.78943 0.73248
vt 0.78483 0.72392
vt 0.78483 0.73248
vt 0.78943 0.74054
vt 0.78943 0.73248
vt 0.78483 0.74054
vt 0.78943 0.74054
vt 0.78483 0.73248
vt 0.78483 0.74054
vt 0.78943 0.73248
vt 0.78943 0.74054
vt 0.78483 0.73248
vt 0.78943 0.73248
vt 0.78483 0.74054
vt 0.79548 0.71339
vt 0.79522 0.71339
vt 0.79522 0.71339
vt 0.79548 0.71339
vt 0.79522 0.71339
vt 0.79548 0.71339
vt 0.79548 0.71339
vt 0.79522 0.71339
vt 0.79522 0.71339
vt 0.79548 0.71339
vt 0.79522 0.71339
vt 0.79548 0.71339
vt 0.79548 0.71339
vt 0.79522 0.71339
vt 0.79522 0.71339
vt 0.79548 0.71339
vt 0.79522 0.71339
vt 0.79548 0.71339
vt 0.79548 0.71339
vt 0.79522 0.71339
vt 0.79522 0.71339
vt 0.79548 0.71339
vt 0.79522 0.71339
vt 0.79548 0.71339
vt 0.79548 0.71339
vt 0.79522 0.71339
vt 0.79522 0.71339
vt 0.79548 0.71339
vt 0.79522 0.71339
vt 0.79548 0.71339
vt 0.79548 0.71339
vt 0.79522 0.71339
vt 0.79522 0.71339
vt 0.79548 0.71339
vt 0.79522 0.71339
vt 0.79548 0.71339
vt 0.79548 0.71339
vt 0.79522 0.71339
vt 0.79522 0.71339
vt 0.79548 0.71339
vt 0.79522 0.71339
vt 0.79548 0.71339
vt 0.79548 0.71339
vt 0.79522 0.71339
vt 0.79522 0.71339
vt 0.79548 0.71339
vt 0.79522 0.71339
vt 0.79548 0.71339
vt 0.79548 0.71339
vt 0.79522 0.71302
vt 0.79522 0.71339
vt 0.79548 0.71302
vt 0.79522 0.71302
vt 0.79548 0.71339
vt 0.79548 0.71302
vt 0.79522 0.71339
vt 0.79522 0.71302
vt 0.79548 0.71339
vt 0.79522 0.71339
vt 0.79548 0.71302
vt 0.80919 0.68402
vt 0.80958 0.70732
vt 0.80919 0.70732
vt 0.80958 0.68402
vt 0.80958 0.70732
vt 0.80919 0.68402
vt 0.80958 0.68402
vt 0.80958 0.70732
vt 0.80958 0.70732
vt 0.80958 0.68402
vt 0.80958 0.70732
vt 0.80958 0.68402
vt 0.80958 0.68402
vt 0.80958 0.70732
vt 0.80958 0.70732
vt 0.80958 0.68402
vt 0.80958 0.70732
vt 0.80958 0.68402
vt 0.80958 0.68402
vt 0.80958 0.70732
vt 0.80958 0.70732
vt 0.80958 0.68402
vt 0.80958 0.70732
vt 0.80958 0.68402
vt 0.80958 0.68402
vt 0.80958 0.70732
vt 0.80958 0.70732
vt 0.80958 0.68402
vt 0.80958 0.70732
vt 0.80958 0.68402
vt 0.80958 0.68402
vt 0.80958 0.70732
vt 0.80958 0.70732
vt 0.80958 0.68402
vt 0.80958 0.70732
vt 0.80958 0.68402
vt 0.80958 0.68402
vt 0.80958 0.70732
vt 0.80958 0.70732
vt 0.80958 0.68402
vt 0.80958 0.70732
vt 0.80958 0.68402
vt 0.80958 0.68402
vt 0.80958 0.70732
vt 0.80958 0.70732
vt 0.80958 0.68402
vt 0.80958 0.70732
vt 0.80958 0.68402
vt 0.80958 0.68402
vt 0.80958 0.70732
vt 0.80958 0.70732
vt 0.80958 0.68402
vt 0.80958 0.70732
vt 0.80958 0.68402
vt 0.80958 0.68402
vt 0.80919 0.70732
vt 0.80958 0.70732
vt 0.80919 0.68402
vt 0.80919 0.70732
vt 0.80958 0.68402
vt 0.79270 0.71064
vt 0.79270 0.69831
vt 0.79270 0.71064
vt 0.79270 0.71064
vt 0.79270 0.69831
vt 0.79270 0.71064
vt 0.79270 0.71064
vt 0.79270 0.71064
vt 0.79270 0.69831
vt 0.79270 0.71064
vt 0.79270 0.69831
vt 0.79270 0.71064
vt 0.79270 0.71064
vt 0.79270 0.69831
vt 0.79270 0.71064
vt 0.79270 0.71064
vt 0.79270 0.71064
vt 0.79270 0.69831
vt 0.79270 0.71064
vt 0.79270 0.69831
vt 0.79270 0.71064
vt 0.79270 0.71064
vt 0.79270 0.69831
vt 0.79270 0.71064
vt 0.79270 0.71064
vt 0.79270 0.71064
vt 0.79270 0.69831
vt 0.79270 0.71064
vt 0.79270 0.71064
vt 0.79270 0.69831
vt 0.84233 0.66897
vt 0.83780 0.66897
vt 0.83780 0.66897
vt 0.84233 0.66897
vt 0.83780 0.66897
vt 0.84233 0.66897
vt 0.84233 0.66897
vt 0.83780 0.66897
vt 0.83780 0.66897
vt 0.84233 0.66897
vt 0.83780 0.66897
vt 0.84233 0.66897
vt 0.84233 0.66897
vt 0.83780 0.66864
vt 0.83780 0.66897
vt 0.84233 0.66864
vt 0.83780 0.66864
vt 0.84233 0.66897
vt 0.84233 0.66864
vt 0.83780 0.66821
vt 0.83780 0.66864
vt 0.84233 0.66821
vt 0.83780 0.66821
vt 0.84233 0.66864
vt 0.84233 0.66821
vt 0.83780 0.66746
vt 0.83780 0.66821
vt 0.84233 0.66746
vt 0.83780 0.66746
vt 0.84233 0.66821
vt 0.84233 0.66746
vt 0.83780 0.66664
vt 0.83780 0.66746
vt 0.84233 0.66664
vt 0.83780 0.66664
vt 0.84233 0.66746
vt 0.84233 0.66664
vt 0.83780 0.66746
vt 0.83780 0.66664
vt 0.84233 0.66746
vt 0.83780 0.66746
vt 0.84233 0.66664
vt 0.84233 0.66746
vt 0.83780 0.66821
vt 0.83780 0.66746
vt 0.84233 0.66821
vt 0.83780 0.66821
vt 0.84233 0.66746
vt 0.84233 0.66821
vt 0.83780 0.66864
vt 0.83780 0.66821
vt 0.84233 0.66864
vt 0.83780 0.66864
vt 0.84233 0.66821
vt 0.84233 0.66864
vt 0.83780 0.66897
vt 0.83780 0.66864
vt 0.84233 0.66897
vt 0.83780 0.66897
vt 0.84233 0.66864
vt 0.80919 0.68402
vt 0.80919 0.70732
vt 0.80919 0.70732
vt 0.80919 0.68402
vt 0.80919 0.70732
vt 0.80919 0.68402
vt 0.80919 0.68402
vt 0.80919 0.70732
vt 0.80919 0.70732
vt 0.80919 0.68402
vt 0.80919 0.70732
vt 0.80919 0.68402
vt 0.80919 0.68402
vt 0.80919 0.70732
vt 0.80919 0.70732
vt 0.80919 0.68402
vt 0.80919 0.70732
vt 0.80919 0.68402
vt 0.80919 0.68402
vt 0.80919 0.70732
vt 0.80919 0.70732
vt 0.80919 0.68402
vt 0.80919 0.70732
vt 0.80919 0.68402
vt 0.80919 0.68402
vt 0.80919 0.70732
vt 0.80919 0.70732
vt 0.80919 0.68402
vt 0.80919 0.70732
vt 0.80919 0.68402
vt 0.80919 0.68402
vt 0.80919 0.70732
vt 0.80919 0.70732
vt 0.80919 0.68402
vt 0.80919 0.70732
vt 0.80919 0.68402
vt 0.80919 0.68402
vt 0.80919 0.70732
vt 0.80919 0.70732
vt 0.80919 0.68402
vt 0.80919 0.70732
vt 0.80919 0.68402
vt 0.80919 0.68402
vt 0.80919 0.70732
vt 0.80919 0.70732
vt 0.80919 0.68402
vt 0.80919 0.70732
vt 0.80919 0.68402
vt 0.80919 0.68402
vt 0.80958 0.70732
vt 0.80919 0.70732
vt 0.80958 0.68402
vt 0.80958 0.70732
vt 0.80919 0.68402
vt 0.80958 0.68402
vt 0.80919 0.70732
vt 0.80958 0.70732
vt 0.80919 0.68402
vt 0.80919 0.70732
vt 0.80958 0.68402
vt 0.79402 0.71535
vt 0.78943 0.70734
vt 0.78943 0.71535
vt 0.79402 0.70734
vt 0.78943 0.70734
vt 0.79402 0.71535
vt 0.79402 0.70734
vt 0.78943 0.70028
vt 0.78943 0.70734
vt 0.79402 0.70028
vt 0.78943 0.70028
vt 0.79402 0.70734
vt 0.79402 0.70028
vt 0.78943 0.70734
vt 0.78943 0.70028
vt 0.79402 0.70734
vt 0.78943 0.70734
vt 0.79402 0.70028
vt 0.79402 0.70734
vt 0.78943 0.71535
vt 0.78943 0.70734
vt 0.79402 0.71535
vt 0.78943 0.71535
vt 0.79402 0.70734
vt 0.79402 0.71535
vt 0.78943 0.72392
vt 0.78943 0.71535
vt 0.79402 0.72392
vt 0.78943 0.72392
vt 0.79402 0.71535
vt 0.79402 0.72392
vt 0.78943 0.73248
vt 0.78943 0.72392
vt 0.79402 0.73248
vt 0.78943 0.73248
vt 0.79402 0.72392
vt 0.79402 0.73248
vt 0.78943 0.74054
vt 0.78943 0.73248
vt 0.79402 0.74054
vt 0.78943 0.74054
vt 0.79402 0.73248
vt 0.79402 0.74054
vt 0.78943 0.73248
vt 0.78943 0.74054
vt 0.79402 0.73248
vt 0.78943 0.73248
vt 0.79402 0.74054
vt 0.79402 0.73248
vt 0.78943 0.72392
vt 0.78943 0.73248
vt 0.79402 0.72392
vt 0.78943 0.72392
vt 0.79402 0.73248
vt 0.79402 0.72392
vt 0.78943 0.71535
vt 0.78943 0.72392
vt 0.79402 0.71535
vt 0.78943 0.71535
vt 0.79402 0.72392
vt 0.78483 0.73248
vt 0.78943 0.72392
vt 0.78943 0.73248
vt 0.78483 0.72392
vt 0.78943 0.72392
vt 0.78483 0.73248
vt 0.78483 0.72392
vt 0.78943 0.71535
vt 0.78943 0.72392
vt 0.78483 0.71535
vt 0.78943 0.71535
vt 0.78483 0.72392
vt 0.78483 0.71535
vt 0.78943 0.70734
vt 0.78943 0.71535
vt 0.78483 0.70734
vt 0.78943 0.70734
vt 0.78483 0.71535
vt 0.78483 0.70734
vt 0.78943 0.70028
vt 0.78943 0.70734
vt 0.78483 0.70028
vt 0.78943 0.70028
vt 0.78483 0.70734
vt 0.78483 0.70028
vt 0.78943 0.70734
vt 0.78943 0.70028
vt 0.78483 0.70734
vt 0.78943 0.70734
vt 0.78483 0.70028
vt 0.78483 0.70734
vt 0.78943 0.71535
vt 0.78943 0.70734
vt 0.78483 0.71535
vt 0.78943 0.71535
vt 0.78483 0.70734
vt 0.78483 0.71535
vt 0.78943 0.72392
vt 0.78943 0.71535
vt 0.78483 0.72392
vt 0.78943 0.72392
vt 0.78483 0.71535
vt 0.78483 0.72392
vt 0.78943 0.73248
vt 0.78943 0.72392
vt 0.78483 0.73248
vt 0.78943 0.73248
vt 0.78483 0.72392
vt 0.78483 0.73248
vt 0.78943 0.74054
vt 0.78943 0.73248
vt 0.78483 0.74054
vt 0.78943 0.74054
vt 0.78483 0.73248
vt 0.78483 0.74054
vt 0.78943 0.73248
vt 0.78943 0.74054
vt 0.78483 0.73248
vt 0.78943 0.73248
vt 0.78483 0.74054
vt 0.79449 0.71060
vt 0.79449 0.70198
vt 0.79449 0.71060
vt 0.79449 0.71060
vt 0.79449 0.70198
vt 0.79449 0.71060
vt 0.79449 0.71060
vt 0.79449 0.71060
vt 0.79449 0.70198
vt 0.79449 0.71060
vt 0.79449 0.70198
vt 0.79449 0.71060
vt 0.79449 0.71060
vt 0.79449 0.70198
vt 0.79449 0.71060
vt 0.79449 0.71060
vt 0.79449 0.71060
vt 0.79449 0.70198
vt 0.79449 0.71060
vt 0.79449 0.70198
vt 0.79449 0.71060
vt 0.79449 0.71060
vt 0.79449 0.70198
vt 0.79449 0.71060
vt 0.79449 0.71060
vt 0.79449 0.71060
vt 0.79449 0.70198
vt 0.79449 0.70198
vt 0.79449 0.71060
vt 0.79449 0.71060
vt 0.79548 0.71339
vt 0.79522 0.71339
vt 0.79522 0.71339
vt 0.79548 0.71339
vt 0.79522 0.71339
vt 0.79548 0.71339
vt 0.79548 0.71339
vt 0.79522 0.71339
vt 0.79522 0.71339
vt 0.79548 0.71339
vt 0.79522 0.71339
vt 0.79548 0.71339
vt 0.79548 0.71339
vt 0.79522 0.71339
vt 0.79522 0.71339
vt 0.79548 0.71339
vt 0.79522 0.71339
vt 0.79548 0.71339
vt 0.79548 0.71339
vt 0.79522 0.71339
vt 0.79522 0.71339
vt 0.79548 0.71339
vt 0.79522 0.71339
vt 0.79548 0.71339
vt 0.79548 0.71339
vt 0.79522 0.71339
vt 0.79522 0.71339
vt 0.79548 0.71339
vt 0.79522 0.71339
vt 0.79548 0.71339
vt 0.79548 0.71339
vt 0.79522 0.71339
vt 0.79522 0.71339
vt 0.79548 0.71339
vt 0.79522 0.71339
vt 0.79548 0.71339
vt 0.79548 0.71339
vt 0.79522 0.71339
vt 0.79522 0.71339
vt 0.79548 0.71339
vt 0.79522 0.71339
vt 0.79548 0.71339
vt 0.79548 0.71339
vt 0.79522 0.71339
vt 0.79522 0.71339
vt 0.79548 0.71339
vt 0.79522 0.71339
vt 0.79548 0.71339
vt 0.79548 0.71339
vt 0.79522 0.71302
vt 0.79522 0.71339
vt 0.79548 0.71302
vt 0.79522 0.71302
vt 0.79548 0.71339
vt 0.79548 0.71302
vt 0.79522 0.71339
vt 0.79522 0.71302
vt 0.79548 0.71339
vt 0.79522 0.71339
vt 0.79548 0.71302
vt 0.79270 0.71064
vt 0.79270 0.69831
vt 0.79270 0.71064
vt 0.79270 0.71064
vt 0.79270 0.69831
vt 0.79270 0.71064
vt 0.79270 0.71064
vt 0.79270 0.71064
vt 0.79270 0.69831
vt 0.79270 0.71064
vt 0.79270 0.69831
vt 0.79270 0.71064
vt 0.79270 0.71064
vt 0.79270 0.69831
vt 0.79270 0.71064
vt 0.79270 0.71064
vt 0.79270 0.71064
vt 0.79270 0.69831
vt 0.79270 0.71064
vt 0.79270 0.69831
vt 0.79270 0.71064
vt 0.79270 0.71064
vt 0.79270 0.69831
vt 0.79270 0.71064
vt 0.79270 0.71064
vt 0.79270 0.71064
vt 0.79270 0.69831
vt 0.79270 0.71064
vt 0.79270 0.71064
vt 0.79270 0.69831
vt 0.84233 0.66897
vt 0.83780 0.66897
vt 0.83780 0.66897
vt 0.84233 0.66897
vt 0.83780 0.66897
vt 0.84233 0.66897
vt 0.84233 0.66897
vt 0.83780 0.66897
vt 0.83780 0.66897
vt 0.84233 0.66897
vt 0.83780 0.66897
vt 0.84233 0.66897
vt 0.84233 0.66897
vt 0.83780 0.66864
vt 0.83780 0.66897
vt 0.84233 0.66864
vt 0.83780 0.66864
vt 0.84233 0.66897
vt 0.84233 0.66864
vt 0.83780 0.66821
vt 0.83780 0.66864
vt 0.84233 0.66821
vt 0.83780 0.66821
vt 0.84233 0.66864
vt 0.84233 0.66821
vt 0.83780 0.66746
vt 0.83780 0.66821
vt 0.84233 0.66746
vt 0.83780 0.66746
vt 0.84233 0.66821
vt 0.84233 0.66746
vt 0.83780 0.66664
vt 0.83780 0.66746
vt 0.84233 0.66664
vt 0.83780 0.66664
vt 0.84233 0.66746
vt 0.84233 0.66664
vt 0.83780 0.66746
vt 0.83780 0.66664
vt 0.84233 0.66746
vt 0.83780 0.66746
vt 0.84233 0.66664
vt 0.84233 0.66746
vt 0.83780 0.66821
vt 0.83780 0.66746
vt 0.84233 0.66821
vt 0.83780 0.66821
vt 0.84233 0.66746
vt 0.84233 0.66821
vt 0.83780 0.66864
vt 0.83780 0.66821
vt 0.84233 0.66864
vt 0.83780 0.66864
vt 0.84233 0.66821
vt 0.84233 0.66864
vt 0.83780 0.66897
vt 0.83780 0.66864
vt 0.84233 0.66897
vt 0.83780 0.66897
vt 0.84233 0.66864
vt 0.80919 0.68402
vt 0.80919 0.70732
vt 0.80919 0.70732
vt 0.80919 0.68402
vt 0.80919 0.70732
vt 0.80919 0.68402
vt 0.80919 0.68402
vt 0.80919 0.70732
vt 0.80919 0.70732
vt 0.80919 0.68402
vt 0.80919 0.70732
vt 0.80919 0.68402
vt 0.80919 0.68402
vt 0.80919 0.70732
vt 0.80919 0.70732
vt 0.80919 0.68402
vt 0.80919 0.70732
vt 0.80919 0.68402
vt 0.80919 0.68402
vt 0.80919 0.70732
vt 0.80919 0.70732
vt 0.80919 0.68402
vt 0.80919 0.70732
vt 0.80919 0.68402
vt 0.80919 0.68402
vt 0.80919 0.70732
vt 0.80919 0.70732
vt 0.80919 0.68402
vt 0.80919 0.70732
vt 0.80919 0.68402
vt 0.80919 0.68402
vt 0.80919 0.70732
vt 0.80919 0.70732
vt 0.80919 0.68402
vt 0.80919 0.70732
vt 0.80919 0.68402
vt 0.80919 0.68402
vt 0.80919 0.70732
vt 0.80919 0.70732
vt 0.80919 0.68402
vt 0.80919 0.70732
vt 0.80919 0.68402
vt 0.80919 0.68402
vt 0.80919 0.70732
vt 0.80919 0.70732
vt 0.80919 0.68402
vt 0.80919 0.70732
vt 0.80919 0.68402
vt 0.80919 0.68402
vt 0.80958 0.70732
vt 0.80919 0.70732
vt 0.80958 0.68402
vt 0.80958 0.70732
vt 0.80919 0.68402
vt 0.80958 0.68402
vt 0.80919 0.70732
vt 0.80958 0.70732
vt 0.80919 0.68402
vt 0.80919 0.70732
vt 0.80958 0.68402
vt 0.79402 0.71535
vt 0.78943 0.70734
vt 0.78943 0.71535
vt 0.79402 0.70734
vt 0.78943 0.70734
vt 0.79402 0.71535
vt 0.79402 0.70734
vt 0.78943 0.70028
vt 0.78943 0.70734
vt 0.79402 0.70028
vt 0.78943 0.70028
vt 0.79402 0.70734
vt 0.79402 0.70028
vt 0.78943 0.70734
vt 0.78943 0.70028
vt 0.79402 0.70734
vt 0.78943 0.70734
vt 0.79402 0.70028
vt 0.79402 0.70734
vt 0.78943 0.71535
vt 0.78943 0.70734
vt 0.79402 0.71535
vt 0.78943 0.71535
vt 0.79402 0.70734
vt 0.79402 0.71535
vt 0.78943 0.72392
vt 0.78943 0.71535
vt 0.79402 0.72392
vt 0.78943 0.72392
vt 0.79402 0.71535
vt 0.79402 0.72392
vt 0.78943 0.73248
vt 0.78943 0.72392
vt 0.79402 0.73248
vt 0.78943 0.73248
vt 0.79402 0.72392
vt 0.79402 0.73248
vt 0.78943 0.74054
vt 0.78943 0.73248
vt 0.79402 0.74054
vt 0.78943 0.74054
vt 0.79402 0.73248
vt 0.79402 0.74054
vt 0.78943 0.73248
vt 0.78943 0.74054
vt 0.79402 0.73248
vt 0.78943 0.73248
vt 0.79402 0.74054
vt 0.79402 0.73248
vt 0.78943 0.72392
vt 0.78943 0.73248
vt 0.79402 0.72392
vt 0.78943 0.72392
vt 0.79402 0.73248
vt 0.79402 0.72392
vt 0.78943 0.71535
vt 0.78943 0.72392
vt 0.79402 0.71535
vt 0.78943 0.71535
vt 0.79402 0.72392
vt 0.78483 0.73248
vt 0.78943 0.72392
vt 0.78943 0.73248
vt 0.78483 0.72392
vt 0.78943 0.72392
vt 0.78483 0.73248
vt 0.78483 0.72392
vt 0.78943 0.71535
vt 0.78943 0.72392
vt 0.78483 0.71535
vt 0.78943 0.71535
vt 0.78483 0.72392
vt 0.78483 0.71535
vt 0.78943 0.70734
vt 0.78943 0.71535
vt 0.78483 0.70734
vt 0.78943 0.70734
vt 0.78483 0.71535
vt 0.78483 0.70734
vt 0.78943 0.70028
vt 0.78943 0.70734
vt 0.78483 0.70028
vt 0.78943 0.70028
vt 0.78483 0.70734
vt 0.78483 0.70028
vt 0.78943 0.70734
vt 0.78943 0.70028
vt 0.78483 0.70734
vt 0.78943 0.70734
vt 0.78483 0.70028
vt 0.78483 0.70734
vt 0.78943 0.71535
vt 0.78943 0.70734
vt 0.78483 0.71535
vt 0.78943 0.71535
vt 0.78483 0.70734
vt 0.78483 0.71535
vt 0.78943 0.72392
vt 0.78943 0.71535
vt 0.78483 0.72392
vt 0.78943 0.72392
vt 0.78483 0.71535
vt 0.78483 0.72392
vt 0.78943 0.73248
vt 0.78943 0.72392
vt 0.78483 0.73248
vt 0.78943 0.73248
vt 0.78483 0.72392
vt 0.78483 0.73248
vt 0.78943 0.74054
vt 0.78943 0.73248
vt 0.78483 0.74054
vt 0.78943 0.74054
vt 0.78483 0.73248
vt 0.78483 0.74054
vt 0.78943 0.73248
vt 0.78943 0.74054
vt 0.78483 0.73248
vt 0.78943 0.73248
vt 0.78483 0.74054
vt 0.79548 0.71339
vt 0.79522 0.71339
vt 0.79522 0.71339
vt 0.79548 0.71339
vt 0.79522 0.71339
vt 0.79548 0.71339
vt 0.79548 0.71339
vt 0.79522 0.71339
vt 0.79522 0.71339
vt 0.79548 0.71339
vt 0.79522 0.71339
vt 0.79548 0.71339
vt 0.79548 0.71339
vt 0.79522 0.71339
vt 0.79522 0.71339
vt 0.79548 0.71339
vt 0.79522 0.71339
vt 0.79548 0.71339
vt 0.79548 0.71339
vt 0.79522 0.71339
vt 0.79522 0.71339
vt 0.79548 0.71339
vt 0.79522 0.71339
vt 0.79548 0.71339
vt 0.79548 0.71339
vt 0.79522 0.71339
vt 0.79522 0.71339
vt 0.79548 0.71339
vt 0.79522 0.71339
vt 0.79548 0.71339
vt 0.79548 0.71339
vt 0.79522 0.71339
vt 0.79522 0.71339
vt 0.79548 0.71339
vt 0.79522 0.71339
vt 0.79548 0.71339
vt 0.79548 0.71339
vt 0.79522 0.71339
vt 0.79522 0.71339
vt 0.79548 0.71339
vt 0.79522 0.71339
vt 0.79548 0.71339
vt 0.79548 0.71339
vt 0.79522 0.71339
vt 0.79522 0.71339
vt 0.79548 0.71339
vt 0.79522 0.71339
vt 0.79548 0.71339
vt 0.79548 0.71339
vt 0.79522 0.71302
vt 0.79522 0.71339
vt 0.79548 0.71302
vt 0.79522 0.71302
vt 0.79548 0.71339
vt 0.79548 0.71302
vt 0.79522 0.71339
vt 0.79522 0.71302
vt 0.79548 0.71339
vt 0.79522 0.71339
vt 0.79548 0.71302
vt 0.80919 0.68402
vt 0.80958 0.70732
vt 0.80919 0.70732
vt 0.80958 0.68402
vt 0.80958 0.70732
vt 0.80919 0.68402
vt 0.80958 0.68402
vt 0.80958 0.70732
vt 0.80958 0.70732
vt 0.80958 0.68402
vt 0.80958 0.70732
vt 0.80958 0.68402
vt 0.80958 0.68402
vt 0.80958 0.70732
vt 0.80958 0.70732
vt 0.80958 0.68402
vt 0.80958 0.70732
vt 0.80958 0.68402
vt 0.80958 0.68402
vt 0.80958 0.70732
vt 0.80958 0.70732
vt 0.80958 0.68402
vt 0.80958 0.70732
vt 0.80958 0.68402
vt 0.80958 0.68402
vt 0.80958 0.70732
vt 0.80958 0.70732
vt 0.80958 0.68402
vt 0.80958 0.70732
vt 0.80958 0.68402
vt 0.80958 0.68402
vt 0.80958 0.70732
vt 0.80958 0.70732
vt 0.80958 0.68402
vt 0.80958 0.70732
vt 0.80958 0.68402
vt 0.80958 0.68402
vt 0.80958 0.70732
vt 0.80958 0.70732
vt 0.80958 0.68402
vt 0.80958 0.70732
vt 0.80958 0.68402
vt 0.80958 0.68402
vt 0.80958 0.70732
vt 0.80958 0.70732
vt 0.80958 0.68402
vt 0.80958 0.70732
vt 0.80958 0.68402
vt 0.80958 0.68402
vt 0.80958 0.70732
vt 0.80958 0.70732
vt 0.80958 0.68402
vt 0.80958 0.70732
vt 0.80958 0.68402
vt 0.80958 0.68402
vt 0.80919 0.70732
vt 0.80958 0.70732
vt 0.80919 0.68402
vt 0.80919 0.70732
vt 0.80958 0.68402
vt 0.79270 0.71064
vt 0.79270 0.69831
vt 0.79270 0.71064
vt 0.79270 0.71064
vt 0.79270 0.69831
vt 0.79270 0.71064
vt 0.79270 0.71064
vt 0.79270 0.71064
vt 0.79270 0.69831
vt 0.79270 0.71064
vt 0.79270 0.69831
vt 0.79270 0.71064
vt 0.79270 0.71064
vt 0.79270 0.69831
vt 0.79270 0.71064
vt 0.79270 0.71064
vt 0.79270 0.71064
vt 0.79270 0.69831
vt 0.79270 0.71064
vt 0.79270 0.69831
vt 0.79270 0.71064
vt 0.79270 0.71064
vt 0.79270 0.69831
vt 0.79270 0.71064
vt 0.79270 0.71064
vt 0.79270 0.71064
vt 0.79270 0.69831
vt 0.79270 0.71064
vt 0.79270 0.71064
vt 0.79270 0.69831
vt 0.84233 0.69295
vt 0.83780 0.69297
vt 0.83780 0.69295
vt 0.84233 0.69297
vt 0.83780 0.69297
vt 0.84233 0.69295
vt 0.84233 0.69297
vt 0.83780 0.69295
vt 0.83780 0.69297
vt 0.84233 0.69295
vt 0.83780 0.69295
vt 0.84233 0.69297
vt 0.84233 0.69295
vt 0.83780 0.69261
vt 0.83780 0.69295
vt 0.84233 0.69261
vt 0.83780 0.69261
vt 0.84233 0.69295
vt 0.84233 0.69261
vt 0.83780 0.69218
vt 0.83780 0.69261
vt 0.84233 0.69218
vt 0.83780 0.69218
vt 0.84233 0.69261
vt 0.84233 0.69218
vt 0.83780 0.69144
vt 0.83780 0.69218
vt 0.84233 0.69144
vt 0.83780 0.69144
vt 0.84233 0.69218
vt 0.84233 0.69144
vt 0.83780 0.69062
vt 0.83780 0.69144
vt 0.84233 0.69062
vt 0.83780 0.69062
vt 0.84233 0.69144
vt 0.84233 0.69062
vt 0.83780 0.69144
vt 0.83780 0.69062
vt 0.84233 0.69144
vt 0.83780 0.69144
vt 0.84233 0.69062
vt 0.84233 0.69144
vt 0.83780 0.69218
vt 0.83780 0.69144
vt 0.84233 0.69218
vt 0.83780 0.69218
vt 0.84233 0.69144
vt 0.84233 0.69218
vt 0.83780 0.69261
vt 0.83780 0.69218
vt 0.84233 0.69261
vt 0.83780 0.69261
vt 0.84233 0.69218
vt 0.84233 0.69261
vt 0.83780 0.69295
vt 0.83780 0.69261
vt 0.84233 0.69295
vt 0.83780 0.69295
vt 0.84233 0.69261
vt 0.80919 0.68402
vt 0.80919 0.70732
vt 0.80919 0.70732
vt 0.80919 0.68402
vt 0.80919 0.70732
vt 0.80919 0.68402
vt 0.80919 0.68402
vt 0.80919 0.70732
vt 0.80919 0.70732
vt 0.80919 0.68402
vt 0.80919 0.70732
vt 0.80919 0.68402
vt 0.80919 0.68402
vt 0.80919 0.70732
vt 0.80919 0.70732
vt 0.80919 0.68402
vt 0.80919 0.70732
vt 0.80919 0.68402
vt 0.80919 0.68402
vt 0.80919 0.70732
vt 0.80919 0.70732
vt 0.80919 0.68402
vt 0.80919 0.70732
vt 0.80919 0.68402
vt 0.80919 0.68402
vt 0.80919 0.70732
vt 0.80919 0.70732
vt 0.80919 0.68402
vt 0.80919 0.70732
vt 0.80919 0.68402
vt 0.80919 0.68402
vt 0.80919 0.70732
vt 0.80919 0.70732
vt 0.80919 0.68402
vt 0.80919 0.70732
vt 0.80919 0.68402
vt 0.80919 0.68402
vt 0.80919 0.70732
vt 0.80919 0.70732
vt 0.80919 0.68402
vt 0.80919 0.70732
vt 0.80919 0.68402
vt 0.80919 0.68402
vt 0.80919 0.70732
vt 0.80919 0.70732
vt 0.80919 0.68402
vt 0.80919 0.70732
vt 0.80919 0.68402
vt 0.80919 0.68402
vt 0.80958 0.70732
vt 0.80919 0.70732
vt 0.80958 0.68402
vt 0.80958 0.70732
vt 0.80919 0.68402
vt 0.80958 0.68402
vt 0.80919 0.70732
vt 0.80958 0.70732
vt 0.80919 0.68402
vt 0.80919 0.70732
vt 0.80958 0.68402
vt 0.79402 0.71535
vt 0.78943 0.70734
vt 0.78943 0.71535
vt 0.79402 0.70734
vt 0.78943 0.70734
vt 0.79402 0.71535
vt 0.79402 0.70734
vt 0.78943 0.70028
vt 0.78943 0.70734
vt 0.79402 0.70028
vt 0.78943 0.70028
vt 0.79402 0.70734
vt 0.79402 0.70028
vt 0.78943 0.70734
vt 0.78943 0.70028
vt 0.79402 0.70734
vt 0.78943 0.70734
vt 0.79402 0.70028
vt 0.79402 0.70734
vt 0.78943 0.71535
vt 0.78943 0.70734
vt 0.79402 0.71535
vt 0.78943 0.71535
vt 0.79402 0.70734
vt 0.79402 0.71535
vt 0.78943 0.72392
vt 0.78943 0.71535
vt 0.79402 0.72392
vt 0.78943 0.72392
vt 0.79402 0.71535
vt 0.79402 0.72392
vt 0.78943 0.73248
vt 0.78943 0.72392
vt 0.79402 0.73248
vt 0.78943 0.73248
vt 0.79402 0.72392
vt 0.79402 0.73248
vt 0.78943 0.74054
vt 0.78943 0.73248
vt 0.79402 0.74054
vt 0.78943 0.74054
vt 0.79402 0.73248
vt 0.79402 0.74054
vt 0.78943 0.73248
vt 0.78943 0.74054
vt 0.79402 0.73248
vt 0.78943 0.73248
vt 0.79402 0.74054
vt 0.79402 0.73248
vt 0.78943 0.72392
vt 0.78943 0.73248
vt 0.79402 0.72392
vt 0.78943 0.72392
vt 0.79402 0.73248
vt 0.79402 0.72392
vt 0.78943 0.71535
vt 0.78943 0.72392
vt 0.79402 0.71535
vt 0.78943 0.71535
vt 0.79402 0.72392
vt 0.78483 0.73248
vt 0.78943 0.72392
vt 0.78943 0.73248
vt 0.78483 0.72392
vt 0.78943 0.72392
vt 0.78483 0.73248
vt 0.78483 0.72392
vt 0.78943 0.71535
vt 0.78943 0.72392
vt 0.78483 0.71535
vt 0.78943 0.71535
vt 0.78483 0.72392
vt 0.78483 0.71535
vt 0.78943 0.70734
vt 0.78943 0.71535
vt 0.78483 0.70734
vt 0.78943 0.70734
vt 0.78483 0.71535
vt 0.78483 0.70734
vt 0.78943 0.70028
vt 0.78943 0.70734
vt 0.78483 0.70028
vt 0.78943 0.70028
vt 0.78483 0.70734
vt 0.78483 0.70028
vt 0.78943 0.70734
vt 0.78943 0.70028
vt 0.78483 0.70734
vt 0.78943 0.70734
vt 0.78483 0.70028
vt 0.78483 0.70734
vt 0.78943 0.71535
vt 0.78943 0.70734
vt 0.78483 0.71535
vt 0.78943 0.71535
vt 0.78483 0.70734
vt 0.78483 0.71535
vt 0.78943 0.72392
vt 0.78943 0.71535
vt 0.78483 0.72392
vt 0.78943 0.72392
vt 0.78483 0.71535
vt 0.78483 0.72392
vt 0.78943 0.73248
vt 0.78943 0.72392
vt 0.78483 0.73248
vt 0.78943 0.73248
vt 0.78483 0.72392
vt 0.78483 0.73248
vt 0.78943 0.74054
vt 0.78943 0.73248
vt 0.78483 0.74054
vt 0.78943 0.74054
vt 0.78483 0.73248
vt 0.78483 0.74054
vt 0.78943 0.73248
vt 0.78943 0.74054
vt 0.78483 0.73248
vt 0.78943 0.73248
vt 0.78483 0.74054
vt 0.79449 0.71060
vt 0.79449 0.70198
vt 0.79449 0.71060
vt 0.79449 0.71060
vt 0.79449 0.70198
vt 0.79449 0.71060
vt 0.79449 0.71060
vt 0.79449 0.71060
vt 0.79449 0.70198
vt 0.79449 0.71060
vt 0.79449 0.70198
vt 0.79449 0.71060
vt 0.79449 0.71060
vt 0.79449 0.70198
vt 0.79449 0.71060
vt 0.79449 0.71060
vt 0.79449 0.71060
vt 0.79449 0.70198
vt 0.79449 0.71060
vt 0.79449 0.70198
vt 0.79449 0.71060
vt 0.79449 0.71060
vt 0.79449 0.70198
vt 0.79449 0.71060
vt 0.79449 0.71060
vt 0.79449 0.71060
vt 0.79449 0.70198
vt 0.79449 0.70198
vt 0.79449 0.71060
vt 0.79449 0.71060
vt 0.79548 0.71339
vt 0.79522 0.71339
vt 0.79522 0.71339
vt 0.79548 0.71339
vt 0.79522 0.71339
vt 0.79548 0.71339
vt 0.79548 0.71339
vt 0.79522 0.71339
vt 0.79522 0.71339
vt 0.79548 0.71339
vt 0.79522 0.71339
vt 0.79548 0.71339
vt 0.79548 0.71339
vt 0.79522 0.71339
vt 0.79522 0.71339
vt 0.79548 0.71339
vt 0.79522 0.71339
vt 0.79548 0.71339
vt 0.79548 0.71339
vt 0.79522 0.71339
vt 0.79522 0.71339
vt 0.79548 0.71339
vt 0.79522 0.71339
vt 0.79548 0.71339
vt 0.79548 0.71339
vt 0.79522 0.71339
vt 0.79522 0.71339
vt 0.79548 0.71339
vt 0.79522 0.71339
vt 0.79548 0.71339
vt 0.79548 0.71339
vt 0.79522 0.71339
vt 0.79522 0.71339
vt 0.79548 0.71339
vt 0.79522 0.71339
vt 0.79548 0.71339
vt 0.79548 0.71339
vt 0.79522 0.71339
vt 0.79522 0.71339
vt 0.79548 0.71339
vt 0.79522 0.71339
vt 0.79548 0.71339
vt 0.79548 0.71339
vt 0.79522 0.71339
vt 0.79522 0.71339
vt 0.79548 0.71339
vt 0.79522 0.71339
vt 0.79548 0.71339
vt 0.79548 0.71339
vt 0.79522 0.71302
vt 0.79522 0.71339
vt 0.79548 0.71302
vt 0.79522 0.71302
vt 0.79548 0.71339
vt 0.79548 0.71302
vt 0.79522 0.71339
vt 0.79522 0.71302
vt 0.79548 0.71339
vt 0.79522 0.71339
vt 0.79548 0.71302
vt 0.79270 0.71064
vt 0.79270 0.69831
vt 0.79270 0.71064
vt 0.79270 0.71064
vt 0.79270 0.69831
vt 0.79270 0.71064
vt 0.79270 0.71064
vt 0.79270 0.71064
vt 0.79270 0.69831
vt 0.79270 0.71064
vt 0.79270 0.69831
vt 0.79270 0.71064
vt 0.79270 0.71064
vt 0.79270 0.69831
vt 0.79270 0.71064
vt 0.79270 0.71064
vt 0.79270 0.71064
vt 0.79270 0.69831
vt 0.79270 0.71064
vt 0.79270 0.69831
vt 0.79270 0.71064
vt 0.79270 0.71064
vt 0.79270 0.69831
vt 0.79270 0.71064
vt 0.79270 0.71064
vt 0.79270 0.71064
vt 0.79270 0.69831
vt 0.79270 0.71064
vt 0.79270 0.71064
vt 0.79270 0.69831
vt 0.84233 0.66454
vt 0.83780 0.66457
vt 0.83780 0.66454
vt 0.84233 0.66457
vt 0.83780 0.66457
vt 0.84233 0.66454
vt 0.84233 0.66457
vt 0.83780 0.66454
vt 0.83780 0.66457
vt 0.84233 0.66454
vt 0.83780 0.66454
vt 0.84233 0.66457
vt 0.84233 0.66454
vt 0.83780 0.66421
vt 0.83780 0.66454
vt 0.84233 0.66421
vt 0.83780 0.66421
vt 0.84233 0.66454
vt 0.84233 0.66421
vt 0.83780 0.66378
vt 0.83780 0.66421
vt 0.84233 0.66378
vt 0.83780 0.66378
vt 0.84233 0.66421
vt 0.84233 0.66378
vt 0.83780 0.66303
vt 0.83780 0.66378
vt 0.84233 0.66303
vt 0.83780 0.66303
vt 0.84233 0.66378
vt 0.84233 0.66303
vt 0.83780 0.66221
vt 0.83780 0.66303
vt 0.84233 0.66221
vt 0.83780 0.66221
vt 0.84233 0.66303
vt 0.84233 0.66221
vt 0.83780 0.66303
vt 0.83780 0.66221
vt 0.84233 0.66303
vt 0.83780 0.66303
vt 0.84233 0.66221
vt 0.84233 0.66303
vt 0.83780 0.66378
vt 0.83780 0.66303
vt 0.84233 0.66378
vt 0.83780 0.66378
vt 0.84233 0.66303
vt 0.84233 0.66378
vt 0.83780 0.66421
vt 0.83780 0.66378
vt 0.84233 0.66421
vt 0.83780 0.66421
vt 0.84233 0.66378
vt 0.84233 0.66421
vt 0.83780 0.66454
vt 0.83780 0.66421
vt 0.84233 0.66454
vt 0.83780 0.66454
vt 0.84233 0.66421
vt 0.80919 0.68402
vt 0.80919 0.70732
vt 0.80919 0.70732
vt 0.80919 0.68402
vt 0.80919 0.70732
vt 0.80919 0.68402
vt 0.80919 0.68402
vt 0.80919 0.70732
vt 0.80919 0.70732
vt 0.80919 0.68402
vt 0.80919 0.70732
vt 0.80919 0.68402
vt 0.80919 0.68402
vt 0.80919 0.70732
vt 0.80919 0.70732
vt 0.80919 0.68402
vt 0.80919 0.70732
vt 0.80919 0.68402
vt 0.80919 0.68402
vt 0.80919 0.70732
vt 0.80919 0.70732
vt 0.80919 0.68402
vt 0.80919 0.70732
vt 0.80919 0.68402
vt 0.80919 0.68402
vt 0.80919 0.70732
vt 0.80919 0.70732
vt 0.80919 0.68402
vt 0.80919 0.70732
vt 0.80919 0.68402
vt 0.80919 0.68402
vt 0.80919 0.70732
vt 0.80919 0.70732
vt 0.80919 0.68402
vt 0.80919 0.70732
vt 0.80919 0.68402
vt 0.80919 0.68402
vt 0.80919 0.70732
vt 0.80919 0.70732
vt 0.80919 0.68402
vt 0.80919 0.70732
vt 0.80919 0.68402
vt 0.80919 0.68402
vt 0.80919 0.70732
vt 0.80919 0.70732
vt 0.80919 0.68402
vt 0.80919 0.70732
vt 0.80919 0.68402
vt 0.80919 0.68402
vt 0.80958 0.70732
vt 0.80919 0.70732
vt 0.80958 0.68402
vt 0.80958 0.70732
vt 0.80919 0.68402
vt 0.80958 0.68402
vt 0.80919 0.70732
vt 0.80958 0.70732
vt 0.80919 0.68402
vt 0.80919 0.70732
vt 0.80958 0.68402
vt 0.79402 0.71535
vt 0.78943 0.70734
vt 0.78943 0.71535
vt 0.79402 0.70734
vt 0.78943 0.70734
vt 0.79402 0.71535
vt 0.79402 0.70734
vt 0.78943 0.70028
vt 0.78943 0.70734
vt 0.79402 0.70028
vt 0.78943 0.70028
vt 0.79402 0.70734
vt 0.79402 0.70028
vt 0.78943 0.70734
vt 0.78943 0.70028
vt 0.79402 0.70734
vt 0.78943 0.70734
vt 0.79402 0.70028
vt 0.79402 0.70734
vt 0.78943 0.71535
vt 0.78943 0.70734
vt 0.79402 0.71535
vt 0.78943 0.71535
vt 0.79402 0.70734
vt 0.79402 0.71535
vt 0.78943 0.72392
vt 0.78943 0.71535
vt 0.79402 0.72392
vt 0.78943 0.72392
vt 0.79402 0.71535
vt 0.79402 0.72392
vt 0.78943 0.73248
vt 0.78943 0.72392
vt 0.79402 0.73248
vt 0.78943 0.73248
vt 0.79402 0.72392
vt 0.79402 0.73248
vt 0.78943 0.74054
vt 0.78943 0.73248
vt 0.79402 0.74054
vt 0.78943 0.74054
vt 0.79402 0.73248
vt 0.79402 0.74054
vt 0.78943 0.73248
vt 0.78943 0.74054
vt 0.79402 0.73248
vt 0.78943 0.73248
vt 0.79402 0.74054
vt 0.79402 0.73248
vt 0.78943 0.72392
vt 0.78943 0.73248
vt 0.79402 0.72392
vt 0.78943 0.72392
vt 0.79402 0.73248
vt 0.79402 0.72392
vt 0.78943 0.71535
vt 0.78943 0.72392
vt 0.79402 0.71535
vt 0.78943 0.71535
vt 0.79402 0.72392
vt 0.78483 0.73248
vt 0.78943 0.72392
vt 0.78943 0.73248
vt 0.78483 0.72392
vt 0.78943 0.72392
vt 0.78483 0.73248
vt 0.78483 0.72392
vt 0.78943 0.71535
vt 0.78943 0.72392
vt 0.78483 0.71535
vt 0.78943 0.71535
vt 0.78483 0.72392
vt 0.78483 0.71535
vt 0.78943 0.70734
vt 0.78943 0.71535
vt 0.78483 0.70734
vt 0.78943 0.70734
vt 0.78483 0.71535
vt 0.78483 0.70734
vt 0.78943 0.70028
vt 0.78943 0.70734
vt 0.78483 0.70028
vt 0.78943 0.70028
vt 0.78483 0.70734
vt 0.78483 0.70028
vt 0.78943 0.70734
vt 0.78943 0.70028
vt 0.78483 0.70734
vt 0.78943 0.70734
vt 0.78483 0.70028
vt 0.78483 0.70734
vt 0.78943 0.71535
vt 0.78943 0.70734
vt 0.78483 0.71535
vt 0.78943 0.71535
vt 0.78483 0.70734
vt 0.78483 0.71535
vt 0.78943 0.72392
vt 0.78943 0.71535
vt 0.78483 0.72392
vt 0.78943 0.72392
vt 0.78483 0.71535
vt 0.78483 0.72392
vt 0.78943 0.73248
vt 0.78943 0.72392
vt 0.78483 0.73248
vt 0.78943 0.73248
vt 0.78483 0.72392
vt 0.78483 0.73248
vt 0.78943 0.74054
vt 0.78943 0.73248
vt 0.78483 0.74054
vt 0.78943 0.74054
vt 0.78483 0.73248
vt 0.78483 0.74054
vt 0.78943 0.73248
vt 0.78943 0.74054
vt 0.78483 0.73248
vt 0.78943 0.73248
vt 0.78483 0.74054
vt 0.79548 0.71339
vt 0.79522 0.71339
vt 0.79522 0.71339
vt 0.79548 0.71339
vt 0.79522 0.71339
vt 0.79548 0.71339
vt 0.79548 0.71339
vt 0.79522 0.71339
vt 0.79522 0.71339
vt 0.79548 0.71339
vt 0.79522 0.71339
vt 0.79548 0.71339
vt 0.79548 0.71339
vt 0.79522 0.71339
vt 0.79522 0.71339
vt 0.79548 0.71339
vt 0.79522 0.71339
vt 0.79548 0.71339
vt 0.79548 0.71339
vt 0.79522 0.71339
vt 0.79522 0.71339
vt 0.79548 0.71339
vt 0.79522 0.71339
vt 0.79548 0.71339
vt 0.79548 0.71339
vt 0.79522 0.71339
vt 0.79522 0.71339
vt 0.79548 0.71339
vt 0.79522 0.71339
vt 0.79548 0.71339
vt 0.79548 0.71339
vt 0.79522 0.71339
vt 0.79522 0.71339
vt 0.79548 0.71339
vt 0.79522 0.71339
vt 0.79548 0.71339
vt 0.79548 0.71339
vt 0.79522 0.71339
vt 0.79522 0.71339
vt 0.79548 0.71339
vt 0.79522 0.71339
vt 0.79548 0.71339
vt 0.79548 0.71339
vt 0.79522 0.71339
vt 0.79522 0.71339
vt 0.79548 0.71339
vt 0.79522 0.71339
vt 0.79548 0.71339
vt 0.79548 0.71339
vt 0.79522 0.71302
vt 0.79522 0.71339
vt 0.79548 0.71302
vt 0.79522 0.71302
vt 0.79548 0.71339
vt 0.79548 0.71302
vt 0.79522 0.71339
vt 0.79522 0.71302
vt 0.79548 0.71339
vt 0.79522 0.71339
vt 0.79548 0.71302
vt 0.50339 0.86001
vt 0.50367 0.87330
vt 0.61376 0.86001
vt 0.61376 0.86001
vt 0.50367 0.87330
vt 0.50339 0.86001
vt 0.61376 0.86001
vt 0.61376 0.87330
vt 0.50367 0.87330
vt 0.65405 0.86001
vt 0.61376 0.87330
vt 0.61376 0.86001
vt 0.65405 0.86001
vt 0.65550 0.87330
vt 0.61376 0.87330
vt 0.68914 0.87588
vt 0.65550 0.87330
vt 0.65405 0.86001
vt 0.68914 0.87588
vt 0.68171 0.88350
vt 0.65550 0.87330
vt 0.70164 0.91364
vt 0.68171 0.88350
vt 0.68914 0.87588
vt 0.70164 0.91364
vt 0.65550 0.92053
vt 0.68171 0.88350
vt 0.65550 0.94399
vt 0.65550 0.92053
vt 0.70164 0.91364
vt 0.65550 0.94399
vt 0.61624 0.94399
vt 0.65550 0.92053
vt 0.62439 0.97160
vt 0.61624 0.94399
vt 0.65550 0.94399
vt 0.62439 0.97160
vt 0.50863 0.97160
vt 0.61624 0.94399
vt 0.52068 0.99437
vt 0.50863 0.97160
vt 0.62439 0.97160
vt 0.52068 0.99437
vt 0.62439 0.97160
vt 0.50863 0.97160
vt 0.63399 0.99437
vt 0.62439 0.97160
vt 0.52068 0.99437
vt 0.63399 0.99437
vt 0.65550 0.97160
vt 0.62439 0.97160
vt 0.70164 0.99437
vt 0.65550 0.97160
vt 0.63399 0.99437
vt 0.70164 0.99437
vt 0.70164 0.97160
vt 0.65550 0.97160
vt 0.65550 0.97160
vt 0.70164 0.97160
vt 0.70164 0.99437
vt 0.65550 0.97160
vt 0.70164 0.94399
vt 0.70164 0.97160
vt 0.65550 0.94399
vt 0.70164 0.94399
vt 0.65550 0.97160
vt 0.65550 0.94399
vt 0.70164 0.91364
vt 0.70164 0.94399
vt 0.65550 0.92053
vt 0.70164 0.91364
vt 0.65550 0.94399
vt 0.65550 0.92053
vt 0.68171 0.88350
vt 0.70164 0.91364
vt 0.65550 0.87330
vt 0.68171 0.88350
vt 0.65550 0.92053
vt 0.65550 0.87330
vt 0.68914 0.87588
vt 0.68171 0.88350
vt 0.65405 0.86001
vt 0.68914 0.87588
vt 0.65550 0.87330
vt 0.62439 0.97160
vt 0.61624 0.94399
vt 0.50863 0.97160
vt 0.65550 0.94399
vt 0.61624 0.94399
vt 0.62439 0.97160
vt 0.65550 0.94399
vt 0.65550 0.92053
vt 0.61624 0.94399
vt 0.70164 0.91364
vt 0.65550 0.92053
vt 0.65550 0.94399
vt 0.70164 0.91364
vt 0.68171 0.88350
vt 0.65550 0.92053
vt 0.68914 0.87588
vt 0.68171 0.88350
vt 0.70164 0.91364
vt 0.68914 0.87588
vt 0.65550 0.87330
vt 0.68171 0.88350
vt 0.65405 0.86001
vt 0.65550 0.87330
vt 0.68914 0.87588
vt 0.65405 0.86001
vt 0.61376 0.87330
vt 0.65550 0.87330
vt 0.61376 0.86001
vt 0.61376 0.87330
vt 0.65405 0.86001
vt 0.61376 0.86001
vt 0.50367 0.87330
vt 0.61376 0.87330
vt 0.84199 0.70823
vt 0.83696 0.70669
vt 0.84020 0.71017
vt 0.84199 0.70669
vt 0.83696 0.70669
vt 0.84199 0.70823
vt 0.84199 0.70669
vt 0.84199 0.70823
vt 0.83696 0.70669
vt 0.83696 0.70669
vt 0.82269 0.71146
vt 0.83696 0.71146
vt 0.83696 0.70669
vt 0.82269 0.70669
vt 0.82269 0.71146
vt 0.82269 0.71146
vt 0.82269 0.70669
vt 0.83696 0.70669
vt 0.82269 0.71146
vt 0.83696 0.70669
vt 0.82269 0.70669
vt 0.83696 0.71146
vt 0.83696 0.70669
vt 0.82269 0.71146
vt 0.83696 0.71146
vt 0.84020 0.71017
vt 0.83696 0.70669
vt 0.68914 0.87588
vt 0.70164 0.91364
vt 0.68171 0.88350
vt 0.70164 0.89578
vt 0.70164 0.91364
vt 0.68914 0.87588
vt 0.70164 0.89578
vt 0.68914 0.87588
vt 0.70164 0.91364
vt 0.84336 0.73653
vt 0.84336 0.75045
vt 0.82034 0.75045
vt 0.84336 0.73653
vt 0.82034 0.75045
vt 0.84336 0.75045
vt 0.82034 0.73653
vt 0.82034 0.75045
vt 0.84336 0.73653
vt 0.82034 0.73653
vt 0.82034 0.70968
vt 0.82034 0.75045
vt 0.82034 0.72367
vt 0.82034 0.70968
vt 0.82034 0.73653
vt 0.82034 0.72367
vt 0.84336 0.70968
vt 0.82034 0.70968
vt 0.84336 0.72367
vt 0.84336 0.70968
vt 0.82034 0.72367
vt 0.84336 0.72367
vt 0.82034 0.72367
vt 0.84336 0.70968
vt 0.84336 0.73653
vt 0.82034 0.72367
vt 0.84336 0.72367
vt 0.84336 0.73653
vt 0.82034 0.73653
vt 0.82034 0.72367
vt 0.82034 0.75045
vt 0.82034 0.73653
vt 0.84336 0.73653
vt 0.82034 0.75045
vt 0.82034 0.70968
vt 0.82034 0.73653
vt 0.82034 0.72367
vt 0.82034 0.70968
vt 0.84336 0.70968
vt 0.82034 0.73653
vt 0.82034 0.70968
vt 0.82034 0.72367
vt 0.65550 0.87330
vt 0.61376 0.87330
vt 0.65405 0.86001
vt 0.65550 0.92053
vt 0.61376 0.87330
vt 0.65550 0.87330
vt 0.65550 0.92053
vt 0.61376 0.91364
vt 0.61376 0.87330
vt 0.61624 0.94399
vt 0.61376 0.91364
vt 0.65550 0.92053
vt 0.61624 0.94399
vt 0.50367 0.94399
vt 0.61376 0.91364
vt 0.50863 0.97160
vt 0.50367 0.94399
vt 0.61624 0.94399
vt 0.50863 0.97160
vt 0.61624 0.94399
vt 0.50367 0.94399
vt 0.62439 0.97160
vt 0.61624 0.94399
vt 0.50863 0.97160
vt 0.62439 0.97160
vt 0.65550 0.94399
vt 0.61624 0.94399
vt 0.65550 0.97160
vt 0.65550 0.94399
vt 0.62439 0.97160
vt 0.65550 0.97160
vt 0.70164 0.94399
vt 0.65550 0.94399
vt 0.70164 0.97160
vt 0.70164 0.94399
vt 0.65550 0.97160
vt 0.70164 0.97160
vt 0.65550 0.97160
vt 0.70164 0.94399
vt 0.70164 0.99437
vt 0.65550 0.97160
vt 0.70164 0.97160
vt 0.70164 0.99437
vt 0.63399 0.99437
vt 0.65550 0.97160
vt 0.61376 0.91364
vt 0.50367 0.91364
vt 0.61376 0.87330
vt 0.50367 0.94399
vt 0.50367 0.91364
vt 0.61376 0.91364
vt 0.50367 0.94399
vt 0.61376 0.91364
vt 0.50367 0.91364
vt 0.61624 0.94399
vt 0.61376 0.91364
vt 0.50367 0.94399
vt 0.61624 0.94399
vt 0.65550 0.92053
vt 0.61376 0.91364
vt 0.65550 0.94399
vt 0.65550 0.92053
vt 0.61624 0.94399
vt 0.65550 0.94399
vt 0.70164 0.91364
vt 0.65550 0.92053
vt 0.70164 0.94399
vt 0.70164 0.91364
vt 0.65550 0.94399
vt 0.70164 0.94399
vt 0.65550 0.94399
vt 0.70164 0.91364
vt 0.65550 0.97160
vt 0.65550 0.94399
vt 0.70164 0.94399
vt 0.65550 0.97160
vt 0.62439 0.97160
vt 0.65550 0.94399
vt 0.63399 0.99437
vt 0.62439 0.97160
vt 0.65550 0.97160
vt 0.63399 0.99437
vt 0.52068 0.99437
vt 0.62439 0.97160
vt 0.84199 0.70823
vt 0.83696 0.70669
vt 0.84199 0.70669
vt 0.84020 0.71017
vt 0.83696 0.70669
vt 0.84199 0.70823
vt 0.84020 0.71017
vt 0.83696 0.71146
vt 0.83696 0.70669
vt 0.82269 0.71146
vt 0.83696 0.70669
vt 0.83696 0.71146
vt 0.61376 0.91364
vt 0.61376 0.87330
vt 0.50367 0.91364
vt 0.65550 0.92053
vt 0.61376 0.87330
vt 0.61376 0.91364
vt 0.65550 0.92053
vt 0.65550 0.87330
vt 0.61376 0.87330
vt 0.68171 0.88350
vt 0.65550 0.87330
vt 0.65550 0.92053
vt 0.68171 0.88350
vt 0.68914 0.87588
vt 0.65550 0.87330
vt 0.70164 0.91364
vt 0.68914 0.87588
vt 0.68171 0.88350
vt 0.70164 0.91364
vt 0.70164 0.89578
vt 0.68914 0.87588
vt 0.68914 0.87588
vt 0.70164 0.89578
vt 0.70164 0.91364
vt 0.50863 0.97160
vt 0.52068 0.99437
vt 0.62439 0.97160
vt 0.62439 0.97160
vt 0.52068 0.99437
vt 0.50863 0.97160
vt 0.62439 0.97160
vt 0.63399 0.99437
vt 0.52068 0.99437
vt 0.65550 0.97160
vt 0.63399 0.99437
vt 0.62439 0.97160
vt 0.65550 0.97160
vt 0.70164 0.99437
vt 0.63399 0.99437
vt 0.50367 0.87330
vt 0.50367 0.91364
vt 0.61376 0.87330
vt 0.50367 0.87330
vt 0.61376 0.87330
vt 0.50367 0.91364
vt 0.61376 0.86001
vt 0.61376 0.87330
vt 0.50367 0.87330
vt 0.61376 0.86001
vt 0.65405 0.86001
vt 0.61376 0.87330
vt 0.65405 0.86001
vt 0.65550 0.87330
vt 0.68914 0.87588
vt 0.65405 0.86001
vt 0.61376 0.87330
vt 0.65550 0.87330
vt 0.61376 0.86001
vt 0.61376 0.87330
vt 0.65405 0.86001
vt 0.61376 0.86001
vt 0.50367 0.87330
vt 0.61376 0.87330
vt 0.50339 0.86001
vt 0.50367 0.87330
vt 0.61376 0.86001
vt 0.50339 0.86001
vt 0.61376 0.86001
vt 0.50367 0.87330
vt 0.84020 0.71017
vt 0.83696 0.70669
vt 0.84199 0.70823
vt 0.83696 0.71146
vt 0.83696 0.70669
vt 0.84020 0.71017
vt 0.83696 0.71146
vt 0.82269 0.71146
vt 0.83696 0.70669
vt 0.84336 0.73653
vt 0.84336 0.75045
vt 0.82034 0.75045
vt 0.84336 0.73653
vt 0.82034 0.75045
vt 0.84336 0.75045
vt 0.82034 0.73653
vt 0.82034 0.75045
vt 0.84336 0.73653
vt 0.82034 0.73653
vt 0.82034 0.70968
vt 0.82034 0.75045
vt 0.82034 0.72367
vt 0.82034 0.70968
vt 0.82034 0.73653
vt 0.82034 0.72367
vt 0.84336 0.70968
vt 0.82034 0.70968
vt 0.84336 0.72367
vt 0.84336 0.70968
vt 0.82034 0.72367
vt 0.84336 0.72367
vt 0.82034 0.72367
vt 0.84336 0.70968
vt 0.84336 0.73653
vt 0.82034 0.72367
vt 0.84336 0.72367
vt 0.84336 0.73653
vt 0.82034 0.73653
vt 0.82034 0.72367
vt 0.82034 0.75045
vt 0.82034 0.73653
vt 0.84336 0.73653
vt 0.82034 0.75045
vt 0.82034 0.70968
vt 0.82034 0.73653
vt 0.65550 0.97160
vt 0.70164 0.99437
vt 0.70164 0.97160
vt 0.65550 0.97160
vt 0.63399 0.99437
vt 0.70164 0.99437
vt 0.62439 0.97160
vt 0.63399 0.99437
vt 0.65550 0.97160
vt 0.62439 0.97160
vt 0.52068 0.99437
vt 0.63399 0.99437
vt 0.84020 0.71017
vt 0.83696 0.70669
vt 0.83696 0.71146
vt 0.84199 0.70823
vt 0.83696 0.70669
vt 0.84020 0.71017
vt 0.84199 0.70823
vt 0.84199 0.70669
vt 0.83696 0.70669
vt 0.82034 0.72367
vt 0.82034 0.70968
vt 0.84336 0.70968
vt 0.82034 0.73653
vt 0.82034 0.70968
vt 0.82034 0.72367
vt 0.65550 0.92053
vt 0.65550 0.87330
vt 0.68171 0.88350
vt 0.65550 0.92053
vt 0.61376 0.87330
vt 0.65550 0.87330
vt 0.61376 0.91364
vt 0.61376 0.87330
vt 0.65550 0.92053
vt 0.61376 0.91364
vt 0.50367 0.91364
vt 0.61376 0.87330
vt 0.50367 0.94399
vt 0.50367 0.91364
vt 0.61376 0.91364
vt 0.50367 0.94399
vt 0.61376 0.91364
vt 0.50367 0.91364
vt 0.61624 0.94399
vt 0.61376 0.91364
vt 0.50367 0.94399
vt 0.61624 0.94399
vt 0.65550 0.92053
vt 0.61376 0.91364
vt 0.65550 0.97160
vt 0.65550 0.94399
vt 0.62439 0.97160
vt 0.70164 0.94399
vt 0.65550 0.94399
vt 0.65550 0.97160
vt 0.70164 0.94399
vt 0.70164 0.91364
vt 0.65550 0.94399
vt 0.65550 0.87330
vt 0.65550 0.92053
vt 0.68171 0.88350
vt 0.61376 0.87330
vt 0.65550 0.92053
vt 0.65550 0.87330
vt 0.61376 0.87330
vt 0.61376 0.91364
vt 0.65550 0.92053
vt 0.50367 0.91364
vt 0.61376 0.91364
vt 0.61376 0.87330
vt 0.65550 0.97160
vt 0.70164 0.97160
vt 0.70164 0.94399
vt 0.61624 0.94399
vt 0.61376 0.91364
vt 0.65550 0.92053
vt 0.61624 0.94399
vt 0.50367 0.94399
vt 0.61376 0.91364
vt 0.50863 0.97160
vt 0.50367 0.94399
vt 0.61624 0.94399
vt 0.50863 0.97160
vt 0.61624 0.94399
vt 0.50367 0.94399
vt 0.50367 0.87330
vt 0.50367 0.91364
vt 0.61376 0.87330
vt 0.61376 0.87330
vt 0.50367 0.91364
vt 0.50367 0.87330
vt 0.84336 0.73653
vt 0.82034 0.72367
vt 0.82034 0.73653
vt 0.84336 0.72367
vt 0.82034 0.72367
vt 0.84336 0.73653
vt 0.62439 0.97160
vt 0.65550 0.94399
vt 0.65550 0.97160
vt 0.61624 0.94399
vt 0.65550 0.94399
vt 0.62439 0.97160
vt 0.61624 0.94399
vt 0.65550 0.92053
vt 0.65550 0.94399
vt 0.50863 0.97160
vt 0.61624 0.94399
vt 0.62439 0.97160
vt 0.82269 0.71146
vt 0.82269 0.70669
vt 0.83696 0.70669
vt 0.84336 0.73653
vt 0.82034 0.72367
vt 0.82034 0.73653
vt 0.84336 0.72367
vt 0.82034 0.72367
vt 0.84336 0.73653
vt 0.65550 0.92053
vt 0.70164 0.91364
vt 0.68171 0.88350
vn -0.732237 0.6386402 -0.2365751
vn -0.73123 0.6403869 -0.2349626
vn -0.7329754 0.6376082 -0.2370715
vn -0.7309749 0.6410838 -0.2338532
vn -0.73123 0.6403869 -0.2349626
vn -0.732237 0.6386402 -0.2365751
vn -0.7346207 0.6356418 -0.2372594
vn -0.7329754 0.6376082 -0.2370715
vn -0.7355336 0.6347016 -0.2369481
vn -0.732237 0.6386402 -0.2365751
vn -0.7329754 0.6376082 -0.2370715
vn -0.7346207 0.6356418 -0.2372594
vn -0.7372105 0.6332508 -0.2356144
vn -0.7355336 0.6347016 -0.2369481
vn -0.7379832 0.6327212 -0.2346162
vn -0.7346207 0.6356418 -0.2372594
vn -0.7355336 0.6347016 -0.2369481
vn -0.7372105 0.6332508 -0.2356144
vn -0.7390574 0.6323214 -0.2323015
vn -0.7379832 0.6327212 -0.2346162
vn -0.7393431 0.6324645 -0.2309986
vn -0.7372105 0.6332508 -0.2356144
vn -0.7379832 0.6327212 -0.2346162
vn -0.7390574 0.6323214 -0.2323015
vn -0.7393534 0.6333376 -0.2285608
vn -0.7393431 0.6324645 -0.2309986
vn -0.7390628 0.6340798 -0.2274404
vn -0.7390574 0.6323214 -0.2323015
vn -0.7393431 0.6324645 -0.2309986
vn -0.7393534 0.6333376 -0.2285608
vn -0.7380722 0.6358057 -0.2258334
vn -0.7390628 0.6340798 -0.2274404
vn -0.7373458 0.6368225 -0.2253413
vn -0.7393534 0.6333376 -0.2285608
vn -0.7390628 0.6340798 -0.2274404
vn -0.7380722 0.6358057 -0.2258334
vn -0.7356993 0.638786 -0.2251648
vn -0.7373458 0.6368225 -0.2253413
vn -0.7347806 0.6397378 -0.2254623
vn -0.7380722 0.6358057 -0.2258334
vn -0.7373458 0.6368225 -0.2253413
vn -0.7356993 0.638786 -0.2251648
vn -0.7331141 0.6411898 -0.2267587
vn -0.7347806 0.6397378 -0.2254623
vn -0.7323771 0.6416767 -0.2277611
vn -0.7356993 0.638786 -0.2251648
vn -0.7347806 0.6397378 -0.2254623
vn -0.7331141 0.6411898 -0.2267587
vn -0.7313379 0.6420285 -0.2300963
vn -0.7323771 0.6416767 -0.2277611
vn -0.7310282 0.6419035 -0.2314255
vn -0.7331141 0.6411898 -0.2267587
vn -0.7323771 0.6416767 -0.2277611
vn -0.7313379 0.6420285 -0.2300963
vn -0.7309749 0.6410838 -0.2338532
vn -0.7310282 0.6419035 -0.2314255
vn -0.73123 0.6403869 -0.2349626
vn -0.7313379 0.6420285 -0.2300963
vn -0.7310282 0.6419035 -0.2314255
vn -0.7309749 0.6410838 -0.2338532
vn -0.6431614 0.7292116 -0.2336536
vn -0.6424534 0.7117953 -0.2839034
vn -0.6493649 0.7318998 -0.2065138
vn -0.6479431 0.6970653 -0.3070337
vn -0.6424534 0.7117953 -0.2839034
vn -0.6431614 0.7292116 -0.2336536
vn -0.6711205 0.7241898 -0.1585764
vn -0.6493649 0.7318998 -0.2065138
vn -0.686671 0.7137918 -0.1377838
vn -0.6431614 0.7292116 -0.2336536
vn -0.6493649 0.7318998 -0.2065138
vn -0.6711205 0.7241898 -0.1585764
vn -0.7211845 0.683872 -0.1105087
vn -0.686671 0.7137918 -0.1377838
vn -0.7401417 0.6643572 -0.1040183
vn -0.6711205 0.7241898 -0.1585764
vn -0.686671 0.7137918 -0.1377838
vn -0.7211845 0.683872 -0.1105087
vn -0.77422 0.6236705 -0.1077895
vn -0.7401417 0.6643572 -0.1040183
vn -0.7893243 0.6025145 -0.118082
vn -0.7211845 0.683872 -0.1105087
vn -0.7401417 0.6643572 -0.1040183
vn -0.77422 0.6236705 -0.1077895
vn -0.8099267 0.5666303 -0.1514892
vn -0.7893243 0.6025145 -0.118082
vn -0.815405 0.5519275 -0.1746159
vn -0.77422 0.6236705 -0.1077895
vn -0.7893243 0.6025145 -0.118082
vn -0.8099267 0.5666303 -0.1514892
vn -0.8147025 0.5345204 -0.2248287
vn -0.815405 0.5519275 -0.1746159
vn -0.8085098 0.5318165 -0.2519586
vn -0.8099267 0.5666303 -0.1514892
vn -0.815405 0.5519275 -0.1746159
vn -0.8147025 0.5345204 -0.2248287
vn -0.7867639 0.5395123 -0.299882
vn -0.8085098 0.5318165 -0.2519586
vn -0.7712213 0.5498991 -0.3206696
vn -0.8147025 0.5345204 -0.2248287
vn -0.8085098 0.5318165 -0.2519586
vn -0.7867639 0.5395123 -0.299882
vn -0.7367316 0.5798036 -0.3479289
vn -0.7712213 0.5498991 -0.3206696
vn -0.7177798 0.5993078 -0.3544326
vn -0.7867639 0.5395123 -0.299882
vn -0.7712213 0.5498991 -0.3206696
vn -0.7367316 0.5798036 -0.3479289
vn -0.6837022 0.6399775 -0.3506854
vn -0.7177798 0.5993078 -0.3544326
vn -0.6685668 0.6611499 -0.3404401
vn -0.7367316 0.5798036 -0.3479289
vn -0.7177798 0.5993078 -0.3544326
vn -0.6837022 0.6399775 -0.3506854
vn -0.6479431 0.6970653 -0.3070337
vn -0.6685668 0.6611499 -0.3404401
vn -0.6424534 0.7117953 -0.2839034
vn -0.6837022 0.6399775 -0.3506854
vn -0.6685668 0.6611499 -0.3404401
vn -0.6479431 0.6970653 -0.3070337
vn -0.6757882 0.7187233 -0.1635461
vn -0.6554842 0.7259209 -0.2082776
vn -0.6902944 0.7090308 -0.1441144
vn -0.6496984 0.7234081 -0.2336081
vn -0.6554842 0.7259209 -0.2082776
vn -0.6757882 0.7187233 -0.1635461
vn -0.6496984 0.7234081 -0.2336081
vn -0.6490442 0.7071466 -0.2805093
vn -0.6554842 0.7259209 -0.2082776
vn -0.654153 0.6934074 -0.3021092
vn -0.6490442 0.7071466 -0.2805093
vn -0.6496984 0.7234081 -0.2336081
vn -0.654153 0.6934074 -0.3021092
vn -0.6733851 0.659893 -0.3333074
vn -0.6490442 0.7071466 -0.2805093
vn -0.6874792 0.6401328 -0.342932
vn -0.6733851 0.659893 -0.3333074
vn -0.654153 0.6934074 -0.3021092
vn -0.6874792 0.6401328 -0.342932
vn -0.7193111 0.6021276 -0.3464594
vn -0.6733851 0.659893 -0.3333074
vn -0.7370152 0.583891 -0.3404115
vn -0.7193111 0.6021276 -0.3464594
vn -0.6874792 0.6401328 -0.342932
vn -0.7370152 0.583891 -0.3404115
vn -0.7692509 0.5559387 -0.3149371
vn -0.7193111 0.6021276 -0.3464594
vn -0.7837564 0.5462664 -0.2954978
vn -0.7692509 0.5559387 -0.3149371
vn -0.7370152 0.583891 -0.3404115
vn -0.7837564 0.5462664 -0.2954978
vn -0.8040546 0.539108 -0.2507165
vn -0.7692509 0.5559387 -0.3149371
vn -0.8098465 0.5416296 -0.2253579
vn -0.8040546 0.539108 -0.2507165
vn -0.7837564 0.5462664 -0.2954978
vn -0.8098465 0.5416296 -0.2253579
vn -0.8105227 0.5578626 -0.1784443
vn -0.8040546 0.539108 -0.2507165
vn -0.8054067 0.5715927 -0.1568496
vn -0.8105227 0.5578626 -0.1784443
vn -0.8098465 0.5416296 -0.2253579
vn -0.8054067 0.5715927 -0.1568496
vn -0.7861459 0.6051322 -0.125658
vn -0.8105227 0.5578626 -0.1784443
vn -0.7720256 0.6249056 -0.1160589
vn -0.7861459 0.6051322 -0.125658
vn -0.8054067 0.5715927 -0.1568496
vn -0.7720256 0.6249056 -0.1160589
vn -0.7402039 0.6628996 -0.1125279
vn -0.7861459 0.6051322 -0.125658
vn -0.7225065 0.6811122 -0.1186202
vn -0.7402039 0.6628996 -0.1125279
vn -0.7720256 0.6249056 -0.1160589
vn -0.7225065 0.6811122 -0.1186202
vn -0.6902944 0.7090308 -0.1441144
vn -0.7402039 0.6628996 -0.1125279
vn -0.6757882 0.7187233 -0.1635461
vn -0.6902944 0.7090308 -0.1441144
vn -0.7225065 0.6811122 -0.1186202
vn 0.4648716 0.2257711 -0.8561085
vn 0.6236466 0.5022828 -0.59898
vn 0.5560506 0.3719169 -0.7432939
vn 0.6660785 0.6157579 -0.4209294
vn 0.6236466 0.5022828 -0.59898
vn 0.4648716 0.2257711 -0.8561085
vn -0.8058926 -0.3018897 0.509313
vn -0.6535597 -0.03664081 0.7559876
vn -0.7345248 -0.1852545 0.6528049
vn -0.5418885 0.119729 0.8318785
vn -0.6535597 -0.03664081 0.7559876
vn -0.8058926 -0.3018897 0.509313
vn 0.08615214 -0.2504967 -0.9642766
vn 0.2220237 -0.0959086 -0.970313
vn 0.2220351 -0.09591237 -0.97031
vn 0.4648716 0.2257711 -0.8561085
vn 0.2220237 -0.0959086 -0.970313
vn 0.08615214 -0.2504967 -0.9642766
vn -0.5418885 0.119729 0.8318785
vn -0.2901971 0.4202281 0.8597641
vn -0.6535597 -0.03664081 0.7559876
vn -0.1501668 0.5643196 0.8117841
vn -0.2901971 0.4202281 0.8597641
vn -0.5418885 0.119729 0.8318785
vn -0.3255678 -0.6310245 -0.7041405
vn -0.1968606 -0.5270505 -0.8267187
vn -0.1969187 -0.5270265 -0.8267202
vn 0.08615214 -0.2504967 -0.9642766
vn -0.1968606 -0.5270505 -0.8267187
vn -0.3255678 -0.6310245 -0.7041405
vn -0.1501668 0.5643196 0.8117841
vn 0.1047653 0.7852533 0.6102471
vn -0.2901971 0.4202281 0.8597641
vn 0.2196564 0.8620924 0.4566702
vn 0.1047653 0.7852533 0.6102471
vn -0.1501668 0.5643196 0.8117841
vn -0.6128448 -0.7705724 -0.1750413
vn -0.5405368 -0.7568864 -0.3673459
vn -0.540466 -0.756932 -0.3673563
vn -0.3255678 -0.6310245 -0.7041405
vn -0.5405368 -0.7568864 -0.3673459
vn -0.6128448 -0.7705724 -0.1750413
vn 0.2196564 0.8620924 0.4566702
vn 0.3803862 0.9191158 0.1026283
vn 0.1047653 0.7852533 0.6102471
vn 0.4261961 0.8993224 -0.09785803
vn 0.3803862 0.9191158 0.1026283
vn 0.2196564 0.8620924 0.4566702
vn -0.6661032 -0.6157312 0.4209296
vn -0.6777562 -0.6976076 0.2323586
vn -0.6778076 -0.6975541 0.2323691
vn -0.6128448 -0.7705724 -0.1750413
vn -0.6777562 -0.6976076 0.2323586
vn -0.6661032 -0.6157312 0.4209296
vn 0.4261961 0.8993224 -0.09785803
vn 0.4313774 0.7706327 -0.4690829
vn 0.3803862 0.9191158 0.1026283
vn 0.3907313 0.6617454 -0.639861
vn 0.4313774 0.7706327 -0.4690829
vn 0.4261961 0.8993224 -0.09785803
vn -0.4648975 -0.2257419 0.8561023
vn -0.5560828 -0.3718801 0.7432882
vn -0.5560594 -0.371917 0.7432873
vn -0.6661032 -0.6157312 0.4209296
vn -0.5560828 -0.3718801 0.7432882
vn -0.4648975 -0.2257419 0.8561023
vn 0.3907313 0.6617454 -0.639861
vn 0.2384238 0.3964913 -0.8865376
vn 0.4313774 0.7706327 -0.4690829
vn 0.1267612 0.2401166 -0.9624323
vn 0.2384238 0.3964913 -0.8865376
vn 0.3907313 0.6617454 -0.639861
vn -0.08613777 0.2505042 0.964276
vn -0.2220176 0.09590463 0.9703147
vn -0.222013 0.09589549 0.9703167
vn -0.4648975 -0.2257419 0.8561023
vn -0.2220176 0.09590463 0.9703147
vn -0.08613777 0.2505042 0.964276
vn 0.1267612 0.2401166 -0.9624323
vn -0.1249453 -0.06039583 -0.9903237
vn 0.2384238 0.3964913 -0.8865376
vn -0.2649643 -0.204529 -0.9423174
vn -0.1249453 -0.06039583 -0.9903237
vn 0.1267612 0.2401166 -0.9624323
vn 0.3255113 0.6310886 0.7041091
vn 0.1968336 0.5270983 0.8266946
vn 0.1968342 0.5270973 0.8266951
vn -0.08613777 0.2505042 0.964276
vn 0.1968336 0.5270983 0.8266946
vn 0.3255113 0.6310886 0.7041091
vn -0.2649643 -0.204529 -0.9423174
vn -0.519848 -0.425487 -0.7407557
vn -0.1249453 -0.06039583 -0.9903237
vn -0.6347181 -0.5023171 -0.5872058
vn -0.519848 -0.425487 -0.7407557
vn -0.2649643 -0.204529 -0.9423174
vn 0.612891 0.7705318 0.1750581
vn 0.5405489 0.7568765 0.3673486
vn 0.5405958 0.7568192 0.3673975
vn 0.3255113 0.6310886 0.7041091
vn 0.5405489 0.7568765 0.3673486
vn 0.612891 0.7705318 0.1750581
vn -0.6347181 -0.5023171 -0.5872058
vn -0.7954606 -0.5593407 -0.2331963
vn -0.519848 -0.425487 -0.7407557
vn -0.8413407 -0.5395136 -0.03272715
vn -0.7954606 -0.5593407 -0.2331963
vn -0.6347181 -0.5023171 -0.5872058
vn 0.6660785 0.6157579 -0.4209294
vn 0.6777523 0.6976117 -0.2323575
vn 0.6236466 0.5022828 -0.59898
vn 0.612891 0.7705318 0.1750581
vn 0.6777523 0.6976117 -0.2323575
vn 0.6660785 0.6157579 -0.4209294
vn -0.8413407 -0.5395136 -0.03272715
vn -0.8516113 -0.4988323 0.1610111
vn -0.7954606 -0.5593407 -0.2331963
vn -0.8058926 -0.3018897 0.509313
vn -0.8516113 -0.4988323 0.1610111
vn -0.8413407 -0.5395136 -0.03272715
vn 0.458446 0.8490147 0.2626812
vn 0.5578604 0.8191853 -0.1331441
vn 0.5673098 0.7429147 -0.355299
vn 0.3618094 0.8144501 0.4536133
vn 0.5578604 0.8191853 -0.1331441
vn 0.458446 0.8490147 0.2626812
vn 0.5673098 0.7429147 -0.355299
vn 0.4809277 0.5149038 -0.7096356
vn 0.3901842 0.3653687 -0.8451403
vn 0.5578604 0.8191853 -0.1331441
vn 0.4809277 0.5149038 -0.7096356
vn 0.5673098 0.7429147 -0.355299
vn -0.3642476 -0.4771153 -0.799803
vn -0.5796082 -0.6257021 -0.5220644
vn -0.6690681 -0.6664681 -0.3288895
vn -0.3642476 -0.4771153 -0.799803
vn -0.2356783 -0.3663876 -0.9001201
vn -0.5796082 -0.6257021 -0.5220644
vn 0.0276898 -0.09717006 -0.9948826
vn -0.2356783 -0.3663876 -0.9001201
vn -0.3642476 -0.4771153 -0.799803
vn 0.0276898 -0.09717006 -0.9948826
vn 0.1596962 0.04950895 -0.9859241
vn -0.2356783 -0.3663876 -0.9001201
vn 0.3901842 0.3653687 -0.8451403
vn 0.1596962 0.04950895 -0.9859241
vn 0.0276898 -0.09717006 -0.9948826
vn 0.3901842 0.3653687 -0.8451403
vn 0.4809277 0.5149038 -0.7096356
vn 0.1596962 0.04950895 -0.9859241
vn -0.6690681 -0.6664681 -0.3288895
vn -0.7676221 -0.6373703 0.0671979
vn -0.7709172 -0.5664361 0.2912679
vn -0.5796082 -0.6257021 -0.5220644
vn -0.7676221 -0.6373703 0.0671979
vn -0.6690681 -0.6664681 -0.3288895
vn -0.7709172 -0.5664361 0.2912679
vn -0.6847305 -0.3382573 0.6455436
vn -0.5980379 -0.1852173 0.7797726
vn -0.7676221 -0.6373703 0.0671979
vn -0.6847305 -0.3382573 0.6455436
vn -0.7709172 -0.5664361 0.2912679
vn -0.5980379 -0.1852173 0.7797726
vn -0.3686107 0.1315759 0.920225
vn -0.2449118 0.2854663 0.9265675
vn -0.6847305 -0.3382573 0.6455436
vn -0.3686107 0.1315759 0.920225
vn -0.5980379 -0.1852173 0.7797726
vn -0.2449118 0.2854663 0.9265675
vn 0.01820697 0.5548848 0.8317279
vn 0.1456261 0.666585 0.731066
vn -0.3686107 0.1315759 0.920225
vn 0.01820697 0.5548848 0.8317279
vn -0.2449118 0.2854663 0.9265675
vn 0.1456261 0.666585 0.731066
vn 0.3618094 0.8144501 0.4536133
vn 0.458446 0.8490147 0.2626812
vn 0.01820697 0.5548848 0.8317279
vn 0.3618094 0.8144501 0.4536133
vn 0.1456261 0.666585 0.731066
vn -0.9485025 0.3158463 0.02417356
vn -0.9177123 0.3957818 -0.03407586
vn -0.9485025 0.3158463 0.02417356
vn -0.8983769 0.4346231 -0.06341919
vn -0.9177123 0.3957818 -0.03407586
vn -0.9484947 0.3158727 0.02413437
vn -0.8983769 0.4346231 -0.06341919
vn -0.7679262 0.6071072 -0.2042308
vn -0.9177123 0.3957818 -0.03407586
vn -0.7352227 0.6371983 -0.2311406
vn -0.7679262 0.6071072 -0.2042308
vn -0.8265298 0.5427363 -0.1492849
vn -0.7352227 0.6371983 -0.2311406
vn -0.5448467 0.759881 -0.3545744
vn -0.7679262 0.6071072 -0.2042308
vn -0.5013903 0.7787818 -0.3769705
vn -0.5448467 0.759881 -0.3545744
vn -0.6261473 0.7164542 -0.307625
vn -0.5013903 0.7787818 -0.3769705
vn -0.3645266 0.8222168 -0.437127
vn -0.5448467 0.759881 -0.3545744
vn -0.3645824 0.8222157 -0.4370824
vn -0.3645266 0.8222168 -0.437127
vn -0.3645824 0.8222157 -0.4370824
vn 0.2839362 0.9493469 0.1346131
vn 0.2851955 0.9486645 0.1367449
vn 0.2829435 0.9497557 0.1338177
vn 0.2854397 0.9484025 0.138047
vn 0.2851955 0.9486645 0.1367449
vn 0.2839362 0.9493469 0.1346131
vn 0.280597 0.9505653 0.1330074
vn 0.2829435 0.9497557 0.1338177
vn 0.2792793 0.9509537 0.1330048
vn 0.2839362 0.9493469 0.1346131
vn 0.2829435 0.9497557 0.1338177
vn 0.280597 0.9505653 0.1330074
vn 0.2769228 0.9515448 0.1337024
vn 0.2792793 0.9509537 0.1330048
vn 0.2758437 0.9517531 0.1344478
vn 0.280597 0.9505653 0.1330074
vn 0.2792793 0.9509537 0.1330048
vn 0.2769228 0.9515448 0.1337024
vn 0.2742797 0.9519155 0.1364827
vn 0.2758437 0.9517531 0.1344478
vn 0.2737997 0.95187 0.137758
vn 0.2769228 0.9515448 0.1337024
vn 0.2758437 0.9517531 0.1344478
vn 0.2742797 0.9519155 0.1364827
vn 0.273632 0.9515464 0.140303
vn 0.2737997 0.95187 0.137758
vn 0.2739671 0.9512608 0.1415808
vn 0.2742797 0.9519155 0.1364827
vn 0.2737997 0.95187 0.137758
vn 0.273632 0.9515464 0.140303
vn 0.2752916 0.9505661 0.1436623
vn 0.2739671 0.9512608 0.1415808
vn 0.2762382 0.9501615 0.1445187
vn 0.273632 0.9515464 0.140303
vn 0.2739671 0.9512608 0.1415808
vn 0.2752916 0.9505661 0.1436623
vn 0.2785052 0.9493629 0.1454131
vn 0.2762382 0.9501615 0.1445187
vn 0.2797946 0.9489737 0.1454783
vn 0.2752916 0.9505661 0.1436623
vn 0.2762382 0.9501615 0.1445187
vn 0.2785052 0.9493629 0.1454131
vn 0.2822351 0.948366 0.1447251
vn 0.2797946 0.9489737 0.1454783
vn 0.2833121 0.948171 0.1438958
vn 0.2785052 0.9493629 0.1454131
vn 0.2797946 0.9489737 0.1454783
vn 0.2822351 0.948366 0.1447251
vn 0.284856 0.9480157 0.1418568
vn 0.2833121 0.948171 0.1438958
vn 0.2852969 0.9480746 0.1405708
vn 0.2822351 0.948366 0.1447251
vn 0.2833121 0.948171 0.1438958
vn 0.284856 0.9480157 0.1418568
vn 0.2854397 0.9484025 0.138047
vn 0.2852969 0.9480746 0.1405708
vn 0.2851955 0.9486645 0.1367449
vn 0.284856 0.9480157 0.1418568
vn 0.2852969 0.9480746 0.1405708
vn 0.2854397 0.9484025 0.138047
vn 0.3498969 0.9083605 0.2290272
vn 0.3803845 0.9051048 0.1899813
vn 0.3286966 0.9124469 0.2437197
vn 0.3897013 0.9059284 0.1656102
vn 0.3803845 0.9051048 0.1899813
vn 0.3498969 0.9083605 0.2290272
vn 0.3897013 0.9059284 0.1656102
vn 0.3928196 0.9122162 0.116423
vn 0.3803845 0.9051048 0.1899813
vn 0.3866369 0.9176675 0.09164253
vn 0.3928196 0.9122162 0.116423
vn 0.3897013 0.9059284 0.1656102
vn 0.3866369 0.9176675 0.09164253
vn 0.361161 0.9310994 0.05115373
vn 0.3928196 0.9122162 0.116423
vn 0.3418639 0.9390805 0.03545342
vn 0.361161 0.9310994 0.05115373
vn 0.3866369 0.9176675 0.09164253
vn 0.3418639 0.9390805 0.03545342
vn 0.2975636 0.9545106 0.01912095
vn 0.361161 0.9310994 0.05115373
vn 0.2725484 0.9619638 0.01852003
vn 0.2975636 0.9545106 0.01912095
vn 0.3418639 0.9390805 0.03545342
vn 0.2725484 0.9619638 0.01852003
vn 0.2263386 0.9735029 0.03260278
vn 0.2975636 0.9545106 0.01912095
vn 0.2051314 0.977591 0.04729436
vn 0.2263386 0.9735029 0.03260278
vn 0.2725484 0.9619638 0.01852003
vn 0.2051314 0.977591 0.04729436
vn 0.1746446 0.9808392 0.08633594
vn 0.2263386 0.9735029 0.03260278
vn 0.1653472 0.9800038 0.1106927
vn 0.1746446 0.9808392 0.08633594
vn 0.2051314 0.977591 0.04729436
vn 0.1653472 0.9800038 0.1106927
vn 0.1622458 0.9737138 0.1598679
vn 0.1746446 0.9808392 0.08633594
vn 0.1684096 0.9682637 0.1846718
vn 0.1622458 0.9737138 0.1598679
vn 0.1653472 0.9800038 0.1106927
vn 0.1684096 0.9682637 0.1846718
vn 0.1938629 0.9548349 0.2251834
vn 0.1622458 0.9737138 0.1598679
vn 0.2131334 0.9468598 0.2408959
vn 0.1938629 0.9548349 0.2251834
vn 0.1684096 0.9682637 0.1846718
vn 0.2131334 0.9468598 0.2408959
vn 0.2574499 0.9314246 0.2572311
vn 0.1938629 0.9548349 0.2251834
vn 0.282483 0.9239784 0.2578123
vn 0.2574499 0.9314246 0.2572311
vn 0.2131334 0.9468598 0.2408959
vn 0.282483 0.9239784 0.2578123
vn 0.3286966 0.9124469 0.2437197
vn 0.2574499 0.9314246 0.2572311
vn 0.3498969 0.9083605 0.2290272
vn 0.3286966 0.9124469 0.2437197
vn 0.282483 0.9239784 0.2578123
vn 0.6896925 -0.09786586 -0.7174586
vn 0.8996427 -0.2085541 -0.3835993
vn 0.8118734 -0.1565664 -0.5624489
vn 0.9505944 -0.2534632 -0.1792396
vn 0.8996427 -0.2085541 -0.3835993
vn 0.6896925 -0.09786586 -0.7174586
vn -0.7841134 0.4682897 0.4072726
vn -0.5827166 0.3620807 0.7275571
vn -0.7057102 0.4081359 0.5791359
vn -0.4301824 0.2989956 0.8517894
vn -0.5827166 0.3620807 0.7275571
vn -0.7841134 0.4682897 0.4072726
vn 0.1653649 0.09515152 -0.9816316
vn 0.3555689 0.03220136 -0.9340953
vn 0.3555694 0.03219457 -0.9340954
vn 0.6896925 -0.09786586 -0.7174586
vn 0.3555689 0.03220136 -0.9340953
vn 0.1653649 0.09515152 -0.9816316
vn -0.4301824 0.2989956 0.8517894
vn -0.07969923 0.1769408 0.9809893
vn -0.5827166 0.3620807 0.7275571
vn 0.118241 0.1179697 0.9859526
vn -0.07969923 0.1769408 0.9809893
vn -0.4301824 0.2989956 0.8517894
vn -0.4221337 0.2518416 -0.8708496
vn -0.2365654 0.2086668 -0.9489443
vn -0.2365653 0.2086659 -0.9489445
vn 0.1653649 0.09515152 -0.9816316
vn -0.2365654 0.2086668 -0.9489443
vn -0.4221337 0.2518416 -0.8708496
vn 0.118241 0.1179697 0.9859526
vn 0.4838909 0.0266426 0.8747227
vn -0.07969923 0.1769408 0.9809893
vn 0.6516194 -0.005700045 0.7585248
vn 0.4838909 0.0266426 0.8747227
vn 0.118241 0.1179697 0.9859526
vn -0.8483908 0.3122853 -0.4274471
vn -0.7383324 0.3053829 -0.6013376
vn -0.7383334 0.3053508 -0.6013526
vn -0.4221337 0.2518416 -0.8708496
vn -0.7383324 0.3053829 -0.6013376
vn -0.8483908 0.3122853 -0.4274471
vn 0.6516194 -0.005700045 0.7585248
vn 0.8928048 -0.0313857 0.4493491
vn 0.4838909 0.0266426 0.8747227
vn 0.9662628 -0.02472249 0.2563689
vn 0.8928048 -0.0313857 0.4493491
vn 0.6516194 -0.005700045 0.7585248
vn -0.9505954 0.2534647 0.1792317
vn -0.9580931 0.285447 -0.02403587
vn -0.9580932 0.2854465 -0.02403611
vn -0.8483908 0.3122853 -0.4274471
vn -0.9580931 0.285447 -0.02403587
vn -0.9505954 0.2534647 0.1792317
vn 0.9662628 -0.02472249 0.2563689
vn 0.9908465 0.02504337 -0.1326513
vn 0.8928048 -0.0313857 0.4493491
vn 0.9419747 0.06814855 -0.3286937
vn 0.9908465 0.02504337 -0.1326513
vn 0.9662628 -0.02472249 0.2563689
vn -0.6896964 0.09786084 0.7174554
vn -0.8118805 0.1565285 0.5624494
vn -0.811872 0.156543 0.5624574
vn -0.9505954 0.2534647 0.1792317
vn -0.8118805 0.1565285 0.5624494
vn -0.6896964 0.09786084 0.7174554
vn 0.9419747 0.06814855 -0.3286937
vn 0.7405696 0.1743435 -0.6489693
vn 0.9908465 0.02504337 -0.1326513
vn 0.5880343 0.2374311 -0.7732026
vn 0.7405696 0.1743435 -0.6489693
vn 0.9419747 0.06814855 -0.3286937
vn -0.1653667 -0.09515662 0.981631
vn -0.355569 -0.03221045 0.934095
vn -0.355569 -0.03221045 0.934095
vn -0.6896964 0.09786084 0.7174554
vn -0.355569 -0.03221045 0.934095
vn -0.1653667 -0.09515662 0.981631
vn 0.5880343 0.2374311 -0.7732026
vn 0.2375642 0.3594979 -0.9023995
vn 0.7405696 0.1743435 -0.6489693
vn 0.03963195 0.4184749 -0.9073634
vn 0.2375642 0.3594979 -0.9023995
vn 0.5880343 0.2374311 -0.7732026
vn 0.4221227 -0.2518392 0.8708556
vn 0.2365597 -0.2086649 0.9489461
vn 0.2365594 -0.2086652 0.9489462
vn -0.1653667 -0.09515662 0.981631
vn 0.2365597 -0.2086649 0.9489461
vn 0.4221227 -0.2518392 0.8708556
vn 0.03963195 0.4184749 -0.9073634
vn -0.3260224 0.5097893 -0.796131
vn 0.2375642 0.3594979 -0.9023995
vn -0.4937457 0.5421485 -0.6799194
vn -0.3260224 0.5097893 -0.796131
vn 0.03963195 0.4184749 -0.9073634
vn 0.8483908 -0.3122858 0.4274466
vn 0.7383323 -0.3053833 0.6013374
vn 0.7383497 -0.3053527 0.6013316
vn 0.4221227 -0.2518392 0.8708556
vn 0.7383323 -0.3053833 0.6013374
vn 0.8483908 -0.3122858 0.4274466
vn -0.4937457 0.5421485 -0.6799194
vn -0.7349161 0.5678442 -0.3707446
vn -0.3260224 0.5097893 -0.796131
vn -0.8083693 0.5611907 -0.1777762
vn -0.7349161 0.5678442 -0.3707446
vn -0.4937457 0.5421485 -0.6799194
vn 0.9505944 -0.2534632 -0.1792396
vn 0.9580925 -0.2854492 0.02403477
vn 0.8996427 -0.2085541 -0.3835993
vn 0.8483908 -0.3122858 0.4274466
vn 0.9580925 -0.2854492 0.02403477
vn 0.9505944 -0.2534632 -0.1792396
vn -0.8083693 0.5611907 -0.1777762
vn -0.8464432 0.5322798 0.01457039
vn -0.7349161 0.5678442 -0.3707446
vn -0.7841134 0.4682897 0.4072726
vn -0.8464432 0.5322798 0.01457039
vn -0.8083693 0.5611907 -0.1777762
vn -0.01848555 0.9755604 0.2189526
vn -0.01848555 0.9755604 0.2189526
vn 0.1325834 0.9744822 0.181125
vn -0.1691335 0.9529676 0.2514891
vn -0.01848555 0.9755604 0.2189526
vn -0.01848555 0.9755604 0.2189526
vn 0.9708281 -0.1615174 0.1772149
vn 0.8141612 -0.1701678 0.5551438
vn 0.6765456 -0.1488694 0.7211962
vn 0.9889779 -0.1371101 -0.05588986
vn 0.8141612 -0.1701678 0.5551438
vn 0.9708281 -0.1615174 0.1772149
vn 0.9889779 -0.1371101 -0.05588986
vn 0.8849578 -0.04665466 -0.4633284
vn 0.7680255 0.01657468 -0.6402048
vn 0.9708281 -0.1615174 0.1772149
vn 0.8849578 -0.04665466 -0.4633284
vn 0.9889779 -0.1371101 -0.05588986
vn -0.2790449 0.368548 -0.8867393
vn -0.5937459 0.4302661 -0.6799535
vn -0.7341142 0.442305 -0.5152113
vn -0.2790449 0.368548 -0.8867393
vn -0.09565649 0.3218542 -0.9419447
vn -0.5937459 0.4302661 -0.6799535
vn 0.2766389 0.2114464 -0.9374229
vn -0.09565649 0.3218542 -0.9419447
vn -0.2790449 0.368548 -0.8867393
vn 0.2766389 0.2114464 -0.9374229
vn 0.4533884 0.1449842 -0.8794422
vn -0.09565649 0.3218542 -0.9419447
vn 0.7680255 0.01657468 -0.6402048
vn 0.4533884 0.1449842 -0.8794422
vn 0.2766389 0.2114464 -0.9374229
vn 0.7680255 0.01657468 -0.6402048
vn 0.8849578 -0.04665466 -0.4633284
vn 0.4533884 0.1449842 -0.8794422
vn -0.7341142 0.442305 -0.5152113
vn -0.8910717 0.4325423 -0.1374724
vn -0.9115535 0.4001986 0.09440058
vn -0.5937459 0.4302661 -0.6799535
vn -0.8910717 0.4325423 -0.1374724
vn -0.7341142 0.442305 -0.5152113
vn -0.9115535 0.4001986 0.09440058
vn -0.8074783 0.310022 0.5018617
vn -0.6889946 0.2520173 0.6795395
vn -0.8910717 0.4325423 -0.1374724
vn -0.8074783 0.310022 0.5018617
vn -0.9115535 0.4001986 0.09440058
vn -0.6889946 0.2520173 0.6795395
vn -0.3739414 0.124977 0.9189933
vn -0.1940179 0.06924729 0.9785509
vn -0.8074783 0.310022 0.5018617
vn -0.3739414 0.124977 0.9189933
vn -0.6889946 0.2520173 0.6795395
vn -0.1940179 0.06924729 0.9785509
vn 0.178397 -0.04085037 0.9831104
vn 0.3622077 -0.08607712 0.9281144
vn -0.3739414 0.124977 0.9189933
vn 0.178397 -0.04085037 0.9831104
vn -0.1940179 0.06924729 0.9785509
vn 0.3622077 -0.08607712 0.9281144
vn 0.6765456 -0.1488694 0.7211962
vn 0.8141612 -0.1701678 0.5551438
vn 0.178397 -0.04085037 0.9831104
vn 0.6765456 -0.1488694 0.7211962
vn 0.3622077 -0.08607712 0.9281144
vn 0.6685548 0.7436568 -0.002981931
vn 0.5919839 0.8054023 0.02970427
vn 0.6685548 0.7436568 -0.002981931
vn 0.550806 0.8333578 0.04612628
vn 0.5919839 0.8054023 0.02970427
vn 0.6683779 0.7438167 -0.002787858
vn 0.550806 0.8333578 0.04612628
vn 0.3276512 0.9365892 0.12428
vn 0.5919839 0.8054023 0.02970427
vn 0.4199726 0.9026707 0.09385455
vn 0.3276512 0.9365892 0.12428
vn 0.4199726 0.9026707 0.09385455
vn 0.1325834 0.9744822 0.181125
vn 0.1326306 0.9744815 0.1810938
vn 0.3276512 0.9365892 0.12428
vn -0.1691335 0.9529676 0.2514891
vn -0.1692076 0.952942 0.2515361
vn -0.1692076 0.952942 0.2515361
vn 0.09582017 0.9145371 0.392989
vn 0.09771574 0.9137046 0.3944562
vn 0.09459732 0.9148709 0.3925081
vn 0.09842167 0.9131849 0.3954825
vn 0.09771574 0.9137046 0.3944562
vn 0.09582017 0.9145371 0.392989
vn 0.09199734 0.9151931 0.3923749
vn 0.09459732 0.9148709 0.3925081
vn 0.09065968 0.9151971 0.3926769
vn 0.09582017 0.9145371 0.392989
vn 0.09459732 0.9148709 0.3925081
vn 0.09199734 0.9151931 0.3923749
vn 0.08841185 0.9148586 0.393976
vn 0.09065968 0.9151971 0.3926769
vn 0.08749181 0.9145363 0.3949285
vn 0.09199734 0.9151931 0.3923749
vn 0.09065968 0.9151971 0.3926769
vn 0.08841185 0.9148586 0.393976
vn 0.08644877 0.9136613 0.3971772
vn 0.08749181 0.9145363 0.3949285
vn 0.08632109 0.9131215 0.3984444
vn 0.08841185 0.9148586 0.393976
vn 0.08749181 0.9145363 0.3949285
vn 0.08644877 0.9136613 0.3971772
vn 0.08690251 0.9120479 0.4007701
vn 0.08632109 0.9131215 0.3984444
vn 0.0877026 0.9115304 0.4017717
vn 0.08644877 0.9136613 0.3971772
vn 0.08632109 0.9131215 0.3984444
vn 0.08690251 0.9120479 0.4007701
vn 0.08970736 0.9107017 0.403206
vn 0.0877026 0.9115304 0.4017717
vn 0.09099548 0.9103832 0.4036363
vn 0.08690251 0.9120479 0.4007701
vn 0.0877026 0.9115304 0.4017717
vn 0.08970736 0.9107017 0.403206
vn 0.09349235 0.9100626 0.4037889
vn 0.09099548 0.9103832 0.4036363
vn 0.09476935 0.9100616 0.4034931
vn 0.08970736 0.9107017 0.403206
vn 0.09099548 0.9103832 0.4036363
vn 0.09349235 0.9100626 0.4037889
vn 0.0969541 0.9104066 0.4021935
vn 0.09476935 0.9100616 0.4034931
vn 0.09788179 0.9107203 0.4012578
vn 0.09349235 0.9100626 0.4037889
vn 0.09476935 0.9100616 0.4034931
vn 0.0969541 0.9104066 0.4021935
vn 0.09893797 0.9115782 0.3990443
vn 0.09788179 0.9107203 0.4012578
vn 0.09903473 0.9121181 0.3977849
vn 0.0969541 0.9104066 0.4021935
vn 0.09788179 0.9107203 0.4012578
vn 0.09893797 0.9115782 0.3990443
vn 0.09842167 0.9131849 0.3954825
vn 0.09903473 0.9121181 0.3977849
vn 0.09771574 0.9137046 0.3944562
vn 0.09893797 0.9115782 0.3990443
vn 0.09903473 0.9121181 0.3977849
vn 0.09842167 0.9131849 0.3954825
vn 0.1909189 0.8696791 0.4552013
vn 0.2103636 0.8862692 0.4126429
vn 0.1738112 0.8632941 0.473828
vn 0.2127514 0.8964558 0.3887209
vn 0.2103636 0.8862692 0.4126429
vn 0.1909189 0.8696791 0.4552013
vn 0.2127514 0.8964558 0.3887209
vn 0.2018054 0.9167522 0.3447319
vn 0.2103636 0.8862692 0.4126429
vn 0.1884729 0.9268492 0.3246975
vn 0.2018054 0.9167522 0.3447319
vn 0.2127514 0.8964558 0.3887209
vn 0.1884729 0.9268492 0.3246975
vn 0.1512115 0.9430969 0.2961473
vn 0.2018054 0.9167522 0.3447319
vn 0.1272842 0.9492382 0.2876557
vn 0.1512115 0.9430969 0.2961473
vn 0.1884729 0.9268492 0.3246975
vn 0.1272842 0.9492382 0.2876557
vn 0.07807984 0.9552273 0.2853847
vn 0.1512115 0.9430969 0.2961473
vn 0.05276392 0.9550701 0.2916456
vn 0.07807984 0.9552273 0.2853847
vn 0.1272842 0.9492382 0.2876557
vn 0.05276392 0.9550701 0.2916456
vn 0.01034109 0.9485176 0.3165557
vn 0.07807984 0.9552273 0.2853847
vn -0.006756421 0.9421183 0.3352124
vn 0.01034109 0.9485176 0.3165557
vn 0.05276392 0.9550701 0.2916456
vn -0.006756421 0.9421183 0.3352124
vn -0.02619819 0.9255379 0.3777476
vn 0.01034109 0.9485176 0.3165557
vn -0.02856753 0.9153518 0.4016405
vn -0.02619819 0.9255379 0.3777476
vn -0.006756421 0.9421183 0.3352124
vn -0.02856753 0.9153518 0.4016405
vn -0.01760995 0.8950608 0.4455964
vn -0.02619819 0.9255379 0.3777476
vn -0.004299842 0.8849573 0.4656523
vn -0.01760995 0.8950608 0.4455964
vn -0.02856753 0.9153518 0.4016405
vn -0.004299842 0.8849573 0.4656523
vn 0.0329157 0.8687115 0.4942237
vn -0.01760995 0.8950608 0.4455964
vn 0.0568062 0.8625808 0.50272
vn 0.0329157 0.8687115 0.4942237
vn -0.004299842 0.8849573 0.4656523
vn 0.0568062 0.8625808 0.50272
vn 0.1060219 0.8566015 0.5049686
vn 0.0329157 0.8687115 0.4942237
vn 0.1313683 0.8567544 0.4987126
vn 0.1060219 0.8566015 0.5049686
vn 0.0568062 0.8625808 0.50272
vn 0.1313683 0.8567544 0.4987126
vn 0.1738112 0.8632941 0.473828
vn 0.1060219 0.8566015 0.5049686
vn 0.1909189 0.8696791 0.4552013
vn 0.1738112 0.8632941 0.473828
vn 0.1313683 0.8567544 0.4987126
vn 0.4880255 0.3068761 -0.8171036
vn 0.7950551 0.1728488 -0.581387
vn 0.6554394 0.2450423 -0.7143906
vn 0.9049511 0.08953425 -0.4159897
vn 0.7950551 0.1728488 -0.581387
vn 0.4880255 0.3068761 -0.8171036
vn -0.7365224 0.09187815 0.6701444
vn -0.4419856 -0.03670121 0.8962711
vn -0.6057625 0.01146903 0.795563
vn -0.2528721 -0.08533671 0.963729
vn -0.4419856 -0.03670121 0.8962711
vn -0.7365224 0.09187815 0.6701444
vn -0.1153185 0.4070169 -0.9061121
vn 0.08968782 0.3905799 -0.9161898
vn 0.08968738 0.3905813 -0.9161892
vn 0.4880255 0.3068761 -0.8171036
vn 0.08968782 0.3905799 -0.9161898
vn -0.1153185 0.4070169 -0.9061121
vn -0.2528721 -0.08533671 0.963729
vn 0.1368056 -0.1327505 0.9816628
vn -0.4419856 -0.03670121 0.8962711
vn 0.3373721 -0.1315248 0.9321381
vn 0.1368056 -0.1327505 0.9816628
vn -0.2528721 -0.08533671 0.963729
vn -0.6746112 0.3516965 -0.6490064
vn -0.5103233 0.3869203 -0.7680253
vn -0.510324 0.3869227 -0.7680236
vn -0.1153185 0.4070169 -0.9061121
vn -0.5103233 0.3869203 -0.7680253
vn -0.6746112 0.3516965 -0.6490064
vn 0.3373721 -0.1315248 0.9321381
vn 0.6733408 -0.07968658 0.7350255
vn 0.1368056 -0.1327505 0.9816628
vn 0.8087487 -0.02906876 0.5874356
vn 0.6733408 -0.07968658 0.7350255
vn 0.3373721 -0.1315248 0.9321381
vn -0.9762195 0.1620298 -0.1440204
vn -0.9153919 0.235469 -0.3265154
vn -0.915391 0.2354594 -0.3265246
vn -0.6746112 0.3516965 -0.6490064
vn -0.9153919 0.235469 -0.3265154
vn -0.9762195 0.1620298 -0.1440204
vn 0.8087487 -0.02906876 0.5874356
vn 0.9626879 0.1022345 0.2505602
vn 0.6733408 -0.07968658 0.7350255
vn 0.9812167 0.1829181 0.06127551
vn 0.9626879 0.1022345 0.2505602
vn 0.8087487 -0.02906876 0.5874356
vn -0.9049551 -0.08953107 0.4159815
vn -0.9708259 -0.005935979 0.2397127
vn -0.9708259 -0.005936287 0.2397124
vn -0.9762195 0.1620298 -0.1440204
vn -0.9708259 -0.005935979 0.2397127
vn -0.9049551 -0.08953107 0.4159815
vn 0.9812167 0.1829181 0.06127551
vn 0.894321 0.3435264 -0.28667
vn 0.9626879 0.1022345 0.2505602
vn 0.7889031 0.4234525 -0.4453313
vn 0.894321 0.3435264 -0.28667
vn 0.9812167 0.1829181 0.06127551
vn -0.4880155 -0.3068404 0.8171231
vn -0.6554261 -0.2450439 0.7144022
vn -0.6554132 -0.2450184 0.7144226
vn -0.9049551 -0.08953107 0.4159815
vn -0.6554261 -0.2450439 0.7144022
vn -0.4880155 -0.3068404 0.8171231
vn 0.7889031 0.4234525 -0.4453313
vn 0.4943758 0.5520258 -0.6714612
vn 0.894321 0.3435264 -0.28667
vn 0.3052471 0.6006901 -0.7389153
vn 0.4943758 0.5520258 -0.6714612
vn 0.7889031 0.4234525 -0.4453313
vn 0.1153033 -0.4069984 0.9061224
vn -0.08970743 -0.390543 0.9162036
vn -0.08973134 -0.390585 0.9161834
vn -0.4880155 -0.3068404 0.8171231
vn -0.08970743 -0.390543 0.9162036
vn 0.1153033 -0.4069984 0.9061224
vn 0.3052471 0.6006901 -0.7389153
vn -0.08444344 0.6481228 -0.7568396
vn 0.4943758 0.5520258 -0.6714612
vn -0.2850139 0.6469079 -0.7073028
vn -0.08444344 0.6481228 -0.7568396
vn 0.3052471 0.6006901 -0.7389153
vn 0.6746092 -0.3516919 0.6490111
vn 0.5103224 -0.3869241 0.7680241
vn 0.5103276 -0.3869126 0.7680265
vn 0.1153033 -0.4069984 0.9061224
vn 0.5103224 -0.3869241 0.7680241
vn 0.6746092 -0.3516919 0.6490111
vn -0.2850139 0.6469079 -0.7073028
vn -0.6209829 0.5950513 -0.5101905
vn -0.08444344 0.6481228 -0.7568396
vn -0.7563912 0.5444105 -0.3626151
vn -0.6209829 0.5950513 -0.5101905
vn -0.2850139 0.6469079 -0.7073028
vn 0.97622 -0.1620245 0.1440237
vn 0.91539 -0.2354634 0.3265244
vn 0.9153892 -0.2354673 0.3265242
vn 0.6746092 -0.3516919 0.6490111
vn 0.91539 -0.2354634 0.3265244
vn 0.97622 -0.1620245 0.1440237
vn -0.7563912 0.5444105 -0.3626151
vn -0.9103234 0.4130954 -0.0257602
vn -0.6209829 0.5950513 -0.5101905
vn -0.9288518 0.3324161 0.1635052
vn -0.9103234 0.4130954 -0.0257602
vn -0.7563912 0.5444105 -0.3626151
vn 0.9049511 0.08953425 -0.4159897
vn 0.9708233 0.005940951 -0.2397225
vn 0.7950551 0.1728488 -0.581387
vn 0.97622 -0.1620245 0.1440237
vn 0.9708233 0.005940951 -0.2397225
vn 0.9049511 0.08953425 -0.4159897
vn -0.9288518 0.3324161 0.1635052
vn -0.9093623 0.2416414 0.3386295
vn -0.9103234 0.4130954 -0.0257602
vn -0.7365224 0.09187815 0.6701444
vn -0.9093623 0.2416414 0.3386295
vn -0.9288518 0.3324161 0.1635052
vn 0.9457132 -0.0769068 0.3157722
vn 0.9950089 0.0807614 -0.0586096
vn 0.9473333 0.1730172 -0.2694896
vn 0.85379 -0.142867 0.5006314
vn 0.9950089 0.0807614 -0.0586096
vn 0.9457132 -0.0769068 0.3157722
vn 0.9473333 0.1730172 -0.2694896
vn 0.7257351 0.3392323 -0.5985233
vn 0.5567158 0.4128099 -0.7208714
vn 0.9950089 0.0807614 -0.0586096
vn 0.7257351 0.3392323 -0.5985233
vn 0.9473333 0.1730172 -0.2694896
vn -0.5692109 0.5041075 -0.6495188
vn -0.8263262 0.4132012 -0.3826876
vn -0.9191552 0.3383309 -0.2017086
vn -0.5692109 0.5041075 -0.6495188
vn -0.4003462 0.5291404 -0.7481535
vn -0.8263262 0.4132012 -0.3826876
vn -0.02441746 0.5332655 -0.8455955
vn -0.4003462 0.5291404 -0.7481535
vn -0.5692109 0.5041075 -0.6495188
vn -0.02441746 0.5332655 -0.8455955
vn 0.1713463 0.5068464 -0.8448358
vn -0.4003462 0.5291404 -0.7481535
vn 0.5567158 0.4128099 -0.7208714
vn 0.1713463 0.5068464 -0.8448358
vn -0.02441746 0.5332655 -0.8455955
vn 0.5567158 0.4128099 -0.7208714
vn 0.7257351 0.3392323 -0.5985233
vn 0.1713463 0.5068464 -0.8448358
vn -0.9191552 0.3383309 -0.2017086
vn -0.9685534 0.1796118 0.1721746
vn -0.9216585 0.07972327 0.3797235
vn -0.8263262 0.4132012 -0.3826876
vn -0.9685534 0.1796118 0.1721746
vn -0.9191552 0.3383309 -0.2017086
vn -0.9216585 0.07972327 0.3797235
vn -0.7000415 -0.08622002 0.7088781
vn -0.5304936 -0.1547632 0.8334418
vn -0.9685534 0.1796118 0.1721746
vn -0.7000415 -0.08622002 0.7088781
vn -0.9216585 0.07972327 0.3797235
vn -0.5304936 -0.1547632 0.8334418
vn -0.1449804 -0.2474724 0.9579866
vn 0.05183955 -0.2635767 0.9632447
vn -0.7000415 -0.08622002 0.7088781
vn -0.1449804 -0.2474724 0.9579866
vn -0.5304936 -0.1547632 0.8334418
vn 0.05183955 -0.2635767 0.9632447
vn 0.4277951 -0.2591504 0.8659288
vn 0.5967793 -0.2327261 0.7679148
vn -0.1449804 -0.2474724 0.9579866
vn 0.4277951 -0.2591504 0.8659288
vn 0.05183955 -0.2635767 0.9632447
vn 0.5967793 -0.2327261 0.7679148
vn 0.85379 -0.142867 0.5006314
vn 0.9457132 -0.0769068 0.3157722
vn 0.4277951 -0.2591504 0.8659288
vn 0.85379 -0.142867 0.5006314
vn 0.5967793 -0.2327261 0.7679148
vn -0.3019595 0.7559031 0.5808882
vn -0.2171665 0.8063434 0.5501355
vn -0.3019595 0.7559031 0.5808882
vn -0.1733654 0.8285934 0.5323322
vn -0.2171665 0.8063434 0.5501355
vn -0.3021662 0.7556751 0.5810773
vn -0.1733654 0.8285934 0.5323322
vn 0.04811849 0.9045498 0.4236441
vn -0.2171665 0.8063434 0.5501355
vn 0.09269786 0.9126269 0.3981447
vn 0.04811849 0.9045498 0.4236441
vn -0.04041669 0.8813545 0.4707237
vn 0.09269786 0.9126269 0.3981447
vn 0.3083353 0.9159843 0.256714
vn 0.04811849 0.9045498 0.4236441
vn 0.3499672 0.9091795 0.2256449
vn 0.3083353 0.9159843 0.256714
vn 0.2236627 0.9220415 0.3159344
vn 0.3499672 0.9091795 0.2256449
vn 0.4677274 0.8742653 0.1299665
vn 0.3083353 0.9159843 0.256714
vn 0.4676771 0.8742793 0.130054
vn 0.4677274 0.8742653 0.1299665
vn 0.4676771 0.8742793 0.130054
vn 0.005453368 0.9999791 -0.003459782
vn 0.006383013 0.9999792 -0.0009830314
vn 0.004586147 0.9999791 -0.004547098
vn 0.006445399 0.9999792 0.000406347
vn 0.006383013 0.9999792 -0.0009830314
vn 0.005453368 0.9999791 -0.003459782
vn 0.002378244 0.9999791 -0.006004331
vn 0.004586147 0.9999791 -0.004547098
vn 0.001037553 0.9999791 -0.006374298
vn 0.005453368 0.9999791 -0.003459782
vn 0.004586147 0.9999791 -0.004547098
vn 0.002378244 0.9999791 -0.006004331
vn -0.001605247 0.9999791 -0.006255521
vn 0.001037553 0.9999791 -0.006374298
vn -0.002907332 0.9999791 -0.005766792
vn 0.002378244 0.9999791 -0.006004331
vn 0.001037553 0.9999791 -0.006374298
vn -0.001605247 0.9999791 -0.006255521
vn -0.004975566 0.9999792 -0.00411726
vn -0.002907332 0.9999791 -0.005766792
vn -0.005741727 0.9999792 -0.002956508
vn -0.001605247 0.9999791 -0.006255521
vn -0.002907332 0.9999791 -0.005766792
vn -0.004975566 0.9999792 -0.00411726
vn -0.006445447 0.9999792 -0.0004063786
vn -0.005741727 0.9999792 -0.002956508
vn -0.006382996 0.9999792 0.0009829986
vn -0.004975566 0.9999792 -0.00411726
vn -0.005741727 0.9999792 -0.002956508
vn -0.006445447 0.9999792 -0.0004063786
vn -0.00545332 0.9999791 0.003459758
vn -0.006382996 0.9999792 0.0009829986
vn -0.00458608 0.9999791 0.004547098
vn -0.006445447 0.9999792 -0.0004063786
vn -0.006382996 0.9999792 0.0009829986
vn -0.00545332 0.9999791 0.003459758
vn -0.002378229 0.9999791 0.006004401
vn -0.00458608 0.9999791 0.004547098
vn -0.00103753 0.9999791 0.006374281
vn -0.00545332 0.9999791 0.003459758
vn -0.00458608 0.9999791 0.004547098
vn -0.002378229 0.9999791 0.006004401
vn 0.001605197 0.9999791 0.006255439
vn -0.00103753 0.9999791 0.006374281
vn 0.002907269 0.9999791 0.00576664
vn -0.002378229 0.9999791 0.006004401
vn -0.00103753 0.9999791 0.006374281
vn 0.001605197 0.9999791 0.006255439
vn 0.004975438 0.9999792 0.004117165
vn 0.002907269 0.9999791 0.00576664
vn 0.005741633 0.9999792 0.002956476
vn 0.001605197 0.9999791 0.006255439
vn 0.002907269 0.9999791 0.00576664
vn 0.004975438 0.9999792 0.004117165
vn 0.006445399 0.9999792 0.000406347
vn 0.005741633 0.9999792 0.002956476
vn 0.006383013 0.9999792 -0.0009830314
vn 0.004975438 0.9999792 0.004117165
vn 0.005741633 0.9999792 0.002956476
vn 0.006445399 0.9999792 0.000406347
vn 0.1153529 0.991547 0.05939837
vn 0.129489 0.9915473 0.008164477
vn 0.09996165 0.9915469 0.0827181
vn 0.128234 0.9915473 -0.01974924
vn 0.129489 0.9915473 0.008164477
vn 0.1153529 0.991547 0.05939837
vn 0.05840979 0.9915471 0.1158565
vn 0.09996165 0.9915469 0.0827181
vn 0.03224987 0.9915473 0.1256739
vn 0.1153529 0.991547 0.05939837
vn 0.09996165 0.9915469 0.0827181
vn 0.05840979 0.9915471 0.1158565
vn -0.0208446 0.9915472 0.1280609
vn 0.03224987 0.9915473 0.1256739
vn -0.04777875 0.9915473 0.1206279
vn 0.05840979 0.9915471 0.1158565
vn 0.03224987 0.9915473 0.1256739
vn -0.0208446 0.9915472 0.1280609
vn -0.09213458 0.9915473 0.09135122
vn -0.04777875 0.9915473 0.1206279
vn -0.1095565 0.9915473 0.0695062
vn -0.0208446 0.9915472 0.1280609
vn -0.04777875 0.9915473 0.1206279
vn -0.09213458 0.9915473 0.09135122
vn -0.1282342 0.9915473 0.0197487
vn -0.1095565 0.9915473 0.0695062
vn -0.1294894 0.9915472 -0.008163836
vn -0.09213458 0.9915473 0.09135122
vn -0.1095565 0.9915473 0.0695062
vn -0.1282342 0.9915473 0.0197487
vn -0.1153522 0.9915472 -0.05939712
vn -0.1294894 0.9915472 -0.008163836
vn -0.09996006 0.9915471 -0.08271734
vn -0.1282342 0.9915473 0.0197487
vn -0.1294894 0.9915472 -0.008163836
vn -0.1153522 0.9915472 -0.05939712
vn -0.05840949 0.9915471 -0.1158563
vn -0.09996006 0.9915471 -0.08271734
vn -0.03225018 0.9915471 -0.1256747
vn -0.1153522 0.9915472 -0.05939712
vn -0.09996006 0.9915471 -0.08271734
vn -0.05840949 0.9915471 -0.1158563
vn 0.0208436 0.9915473 -0.1280602
vn -0.03225018 0.9915471 -0.1256747
vn 0.04777889 0.9915473 -0.1206283
vn -0.05840949 0.9915471 -0.1158563
vn -0.03225018 0.9915471 -0.1256747
vn 0.0208436 0.9915473 -0.1280602
vn 0.09213604 0.9915472 -0.09135143
vn 0.04777889 0.9915473 -0.1206283
vn 0.1095581 0.9915472 -0.06950725
vn 0.0208436 0.9915473 -0.1280602
vn 0.04777889 0.9915473 -0.1206283
vn 0.09213604 0.9915472 -0.09135143
vn 0.128234 0.9915473 -0.01974924
vn 0.1095581 0.9915472 -0.06950725
vn 0.129489 0.9915473 0.008164477
vn 0.09213604 0.9915472 -0.09135143
vn 0.1095581 0.9915472 -0.06950725
vn 0.128234 0.9915473 -0.01974924
vn 0.05464847 0.9926044 0.1083969
vn 0.09352432 0.9926046 0.07739188
vn 0.0301736 0.9926044 0.1175836
vn 0.1079251 0.9926046 0.05557329
vn 0.09352432 0.9926046 0.07739188
vn 0.05464847 0.9926044 0.1083969
vn 0.1079251 0.9926046 0.05557329
vn 0.1211522 0.9926046 0.00763886
vn 0.09352432 0.9926046 0.07739188
vn 0.1199781 0.9926046 -0.01847743
vn 0.1211522 0.9926046 0.00763886
vn 0.1079251 0.9926046 0.05557329
vn 0.1199781 0.9926046 -0.01847743
vn 0.1025033 0.9926047 -0.06503136
vn 0.1211522 0.9926046 0.00763886
vn 0.08620319 0.9926046 -0.08546961
vn 0.1025033 0.9926047 -0.06503136
vn 0.1199781 0.9926046 -0.01847743
vn 0.08620319 0.9926046 -0.08546961
vn 0.04470243 0.9926047 -0.1128612
vn 0.1025033 0.9926047 -0.06503136
vn 0.01950224 0.9926047 -0.1198147
vn 0.04470243 0.9926047 -0.1128612
vn 0.08620319 0.9926046 -0.08546961
vn 0.01950224 0.9926047 -0.1198147
vn -0.03017298 0.9926048 -0.1175808
vn 0.04470243 0.9926047 -0.1128612
vn -0.05464767 0.9926048 -0.1083943
vn -0.03017298 0.9926048 -0.1175808
vn 0.01950224 0.9926047 -0.1198147
vn -0.05464767 0.9926048 -0.1083943
vn -0.09352288 0.9926047 -0.07739017
vn -0.03017298 0.9926048 -0.1175808
vn -0.1079231 0.9926048 -0.05557238
vn -0.09352288 0.9926047 -0.07739017
vn -0.05464767 0.9926048 -0.1083943
vn -0.1079231 0.9926048 -0.05557238
vn -0.1211501 0.9926048 -0.007638618
vn -0.09352288 0.9926047 -0.07739017
vn -0.1199758 0.9926049 0.018477
vn -0.1211501 0.9926048 -0.007638618
vn -0.1079231 0.9926048 -0.05557238
vn -0.1199758 0.9926049 0.018477
vn -0.1025025 0.9926048 0.06503072
vn -0.1211501 0.9926048 -0.007638618
vn -0.08620222 0.9926048 0.08546923
vn -0.1025025 0.9926048 0.06503072
vn -0.1199758 0.9926049 0.018477
vn -0.08620222 0.9926048 0.08546923
vn -0.04470222 0.9926046 0.1128617
vn -0.1025025 0.9926048 0.06503072
vn -0.01950194 0.9926046 0.1198159
vn -0.04470222 0.9926046 0.1128617
vn -0.08620222 0.9926048 0.08546923
vn -0.01950194 0.9926046 0.1198159
vn 0.0301736 0.9926044 0.1175836
vn -0.04470222 0.9926046 0.1128617
vn 0.05464847 0.9926044 0.1083969
vn 0.0301736 0.9926044 0.1175836
vn -0.01950194 0.9926046 0.1198159
vn 0.8444003 -9.256532E-09 -0.5357131
vn 0.9883474 9.256545E-09 -0.1522155
vn 0.9362204 0 -0.3514135
vn 0.9980188 1.851309E-08 0.06291834
vn 0.9883474 9.256545E-09 -0.1522155
vn 0.8444003 -9.256532E-09 -0.5357131
vn -0.9481354 0.282344 0.1460181
vn -0.8100415 0.2823463 0.5139197
vn -0.9011807 0.2710166 0.3382655
vn -0.681222 0.2823555 0.6754347
vn -0.8100415 0.2823463 0.5139197
vn -0.9481354 0.282344 0.1460181
vn 0.3682513 -1.85131E-08 -0.9297264
vn 0.5508671 -2.656493E-08 -0.8345931
vn 0.5508671 -2.656493E-08 -0.8345931
vn 0.8444003 -9.256532E-09 -0.5357131
vn 0.5508671 -2.656493E-08 -0.8345931
vn 0.3682513 -1.85131E-08 -0.9297264
vn -0.681222 0.2823555 0.6754347
vn -0.353262 0.2823544 0.891898
vn -0.8100415 0.2823463 0.5139197
vn -0.1541146 0.2823561 0.9468495
vn -0.353262 0.2823544 0.891898
vn -0.681222 0.2823555 0.6754347
vn -0.2485612 -9.256579E-09 -0.9686164
vn -0.04490782 0 -0.9989913
vn -0.04490782 0 -0.9989913
vn 0.3682513 -1.85131E-08 -0.9297264
vn -0.04490782 0 -0.9989913
vn -0.2485612 -9.256579E-09 -0.9686164
vn -0.1541146 0.2823561 0.9468495
vn 0.2384434 0.282349 0.9292061
vn -0.353262 0.2823544 0.891898
vn 0.4318613 0.2823465 0.8566074
vn 0.2384434 0.282349 0.9292061
vn -0.1541146 0.2823561 0.9468495
vn -0.7704281 -9.256664E-09 -0.6375271
vn -0.6235195 -2.656505E-08 -0.7818079
vn -0.6235195 -2.656505E-08 -0.7818079
vn -0.2485612 -9.256579E-09 -0.9686164
vn -0.6235195 -2.656505E-08 -0.7818079
vn -0.7704281 -9.256664E-09 -0.6375271
vn 0.4318613 0.2823465 0.8566074
vn 0.7390815 0.282344 0.6115886
vn 0.2384434 0.282349 0.9292061
vn 0.8528845 0.2823424 0.4391708
vn 0.7390815 0.282344 0.6115886
vn 0.4318613 0.2823465 0.8566074
vn -0.9980185 1.388473E-08 -0.06292218
vn -0.9639751 2.656486E-08 -0.2659925
vn -0.9639751 2.656486E-08 -0.2659925
vn -0.7704281 -9.256664E-09 -0.6375271
vn -0.9639751 2.656486E-08 -0.2659925
vn -0.9980185 1.388473E-08 -0.06292218
vn 0.8528845 0.2823424 0.4391708
vn 0.9574124 0.2823433 0.06036612
vn 0.7390815 0.282344 0.6115886
vn 0.9481339 0.2823472 -0.1460219
vn 0.9574124 0.2823433 0.06036612
vn 0.8528845 0.2823424 0.4391708
vn -0.8444012 -1.918813E-14 0.5357113
vn -0.9362229 -1.328249E-08 0.351407
vn -0.9362229 -1.328249E-08 0.3514071
vn -0.9980185 1.388473E-08 -0.06292218
vn -0.9362229 -1.328249E-08 0.351407
vn -0.8444012 -1.918813E-14 0.5357113
vn 0.9481339 0.2823472 -0.1460219
vn 0.8100387 0.2823519 -0.5139211
vn 0.9574124 0.2823433 0.06036612
vn 0.6812253 0.2823512 -0.6754333
vn 0.8100387 0.2823519 -0.5139211
vn 0.9481339 0.2823472 -0.1460219
vn -0.3682494 1.851304E-08 0.9297271
vn -0.5508602 2.656492E-08 0.8345977
vn -0.5508602 2.656492E-08 0.8345977
vn -0.8444012 -1.918813E-14 0.5357113
vn -0.5508602 2.656492E-08 0.8345977
vn -0.3682494 1.851304E-08 0.9297271
vn 0.6812253 0.2823512 -0.6754333
vn 0.3532637 0.2823477 -0.8918995
vn 0.8100387 0.2823519 -0.5139211
vn 0.1541169 0.2823407 -0.9468536
vn 0.3532637 0.2823477 -0.8918995
vn 0.6812253 0.2823512 -0.6754333
vn 0.2485533 -9.256601E-09 0.9686183
vn 0.0448961 0 0.9989918
vn 0.0448961 0 0.9989918
vn -0.3682494 1.851304E-08 0.9297271
vn 0.0448961 0 0.9989918
vn 0.2485533 -9.256601E-09 0.9686183
vn 0.1541169 0.2823407 -0.9468536
vn -0.2384479 0.2823404 -0.9292076
vn 0.3532637 0.2823477 -0.8918995
vn -0.4318601 0.2823402 -0.8566102
vn -0.2384479 0.2823404 -0.9292076
vn 0.1541169 0.2823407 -0.9468536
vn 0.7704282 -9.256644E-09 0.6375268
vn 0.6235191 -2.656508E-08 0.7818083
vn 0.6235191 -2.656508E-08 0.7818083
vn 0.2485533 -9.256601E-09 0.9686183
vn 0.6235191 -2.656508E-08 0.7818083
vn 0.7704282 -9.256644E-09 0.6375268
vn -0.4318601 0.2823402 -0.8566102
vn -0.7390785 0.2823426 -0.6115928
vn -0.2384479 0.2823404 -0.9292076
vn -0.8528827 0.2823388 -0.4391767
vn -0.7390785 0.2823426 -0.6115928
vn -0.4318601 0.2823402 -0.8566102
vn 0.9980188 1.851309E-08 0.06291834
vn 0.9639758 2.656497E-08 0.2659901
vn 0.9883474 9.256545E-09 -0.1522155
vn 0.7704282 -9.256644E-09 0.6375268
vn 0.9639758 2.656497E-08 0.2659901
vn 0.9980188 1.851309E-08 0.06291834
vn -0.8528827 0.2823388 -0.4391767
vn -0.9278961 0.271008 -0.2560543
vn -0.7390785 0.2823426 -0.6115928
vn -0.9481354 0.282344 0.1460181
vn -0.9278961 0.271008 -0.2560543
vn -0.8528827 0.2823388 -0.4391767
vn 0.6732681 0.1432348 0.7253922
vn 0.9092322 0.1426517 0.391085
vn 0.9763805 0.1384671 0.1658561
vn 0.4988456 0.1481061 0.8539426
vn 0.9092322 0.1426517 0.391085
vn 0.6732681 0.1432348 0.7253922
vn 0.9763805 0.1384671 0.1658561
vn 0.9545937 0.1386103 -0.2637013
vn 0.8718657 0.1413679 -0.468898
vn 0.9092322 0.1426517 0.391085
vn 0.9545937 0.1386103 -0.2637013
vn 0.9763805 0.1384671 0.1658561
vn -0.1384538 0.148674 -0.9791459
vn -0.4988624 0.1481025 -0.8539333
vn -0.6732773 0.1432268 -0.7253854
vn -0.1384538 0.148674 -0.9791459
vn 0.05851553 0.1479068 -0.9872687
vn -0.4988624 0.1481025 -0.8539333
vn 0.434162 0.147743 -0.8886369
vn 0.05851553 0.1479068 -0.9872687
vn -0.1384538 0.148674 -0.9791459
vn 0.434162 0.147743 -0.8886369
vn 0.602485 0.1420927 -0.78538
vn 0.05851553 0.1479068 -0.9872687
vn 0.8718657 0.1413679 -0.468898
vn 0.602485 0.1420927 -0.78538
vn 0.434162 0.147743 -0.8886369
vn 0.8718657 0.1413679 -0.468898
vn 0.9545937 0.1386103 -0.2637013
vn 0.602485 0.1420927 -0.78538
vn -0.6732773 0.1432268 -0.7253854
vn -0.9092318 0.1426456 -0.3910884
vn -0.9763789 0.1384652 -0.1658667
vn -0.4988624 0.1481025 -0.8539333
vn -0.9092318 0.1426456 -0.3910884
vn -0.6732773 0.1432268 -0.7253854
vn -0.9763789 0.1384652 -0.1658667
vn -0.9545931 0.1386078 0.2637045
vn -0.871861 0.141366 0.4689072
vn -0.9092318 0.1426456 -0.3910884
vn -0.9545931 0.1386078 0.2637045
vn -0.9763789 0.1384652 -0.1658667
vn -0.871861 0.141366 0.4689072
vn -0.6024809 0.1420894 0.7853837
vn -0.4341658 0.1477386 0.8886359
vn -0.9545931 0.1386078 0.2637045
vn -0.6024809 0.1420894 0.7853837
vn -0.871861 0.141366 0.4689072
vn -0.4341658 0.1477386 0.8886359
vn -0.05852476 0.1479014 0.9872691
vn 0.138438 0.1486703 0.9791487
vn -0.6024809 0.1420894 0.7853837
vn -0.05852476 0.1479014 0.9872691
vn -0.4341658 0.1477386 0.8886359
vn 0.138438 0.1486703 0.9791487
vn 0.4988456 0.1481061 0.8539426
vn 0.6732681 0.1432348 0.7253922
vn -0.05852476 0.1479014 0.9872691
vn 0.4988456 0.1481061 0.8539426
vn 0.138438 0.1486703 0.9791487
vn -0.4495752 0.8930196 0.01995917
vn -0.3549218 0.9347633 0.01575448
vn -0.4495752 0.8930196 0.01995917
vn -0.3055649 0.9520747 0.01356199
vn -0.3549218 0.9347633 0.01575448
vn -0.4495624 0.8930261 0.01995309
vn -0.3055649 0.9520747 0.01356199
vn -0.05193722 0.9986477 0.002305149
vn -0.3549218 0.9347633 0.01575448
vn -2.736388E-07 1 1.305708E-08
vn -0.05193722 0.9986477 0.002305149
vn -0.1541565 0.9880228 0.006843079
vn -2.736388E-07 1 1.305708E-08
vn 0.2553783 0.9667748 -0.01133722
vn -0.05193722 0.9986477 0.002305149
vn 0.3055685 0.9520735 -0.01356562
vn 0.2553783 0.9667748 -0.01133722
vn 0.1541579 0.9880226 -0.006843794
vn 0.3055685 0.9520735 -0.01356562
vn 0.4495656 0.8930244 -0.01995855
vn 0.2553783 0.9667748 -0.01133722
vn 0.4495661 0.8930241 -0.01995879
vn 0.4495656 0.8930244 -0.01995855
vn 0.4495661 0.8930241 -0.01995879
vn 0.1649367 0.4529271 -0.8761582
vn 0.166558 0.4545459 -0.8750123
vn 0.1638261 0.4523196 -0.8766803
vn 0.1670739 0.4556031 -0.874364
vn 0.166558 0.4545459 -0.8750123
vn 0.1649367 0.4529271 -0.8761582
vn 0.1613588 0.4518787 -0.8773649
vn 0.1638261 0.4523196 -0.8766803
vn 0.1600212 0.4519901 -0.8775524
vn 0.1649367 0.4529271 -0.8761582
vn 0.1638261 0.4523196 -0.8766803
vn 0.1613588 0.4518787 -0.8773649
vn 0.1575971 0.4529944 -0.8774733
vn 0.1600212 0.4519901 -0.8775524
vn 0.1565989 0.4538889 -0.8771898
vn 0.1613588 0.4518787 -0.8773649
vn 0.1600212 0.4519901 -0.8775524
vn 0.1575971 0.4529944 -0.8774733
vn 0.1552701 0.4559439 -0.8763599
vn 0.1565989 0.4538889 -0.8771898
vn 0.1549805 0.4571496 -0.8757827
vn 0.1575971 0.4529944 -0.8774733
vn 0.1565989 0.4538889 -0.8771898
vn 0.1552701 0.4559439 -0.8763599
vn 0.1551311 0.4593883 -0.8745839
vn 0.1549805 0.4571496 -0.8757827
vn 0.1555741 0.4604938 -0.8739234
vn 0.1552701 0.4559439 -0.8763599
vn 0.1549805 0.4571496 -0.8757827
vn 0.1551311 0.4593883 -0.8745839
vn 0.1571441 0.4621639 -0.8727603
vn 0.1555741 0.4604938 -0.8739234
vn 0.1582761 0.462676 -0.8722841
vn 0.1551311 0.4593883 -0.8745839
vn 0.1555741 0.4604938 -0.8739234
vn 0.1571441 0.4621639 -0.8727603
vn 0.1607345 0.4630139 -0.8716552
vn 0.1582761 0.462676 -0.8722841
vn 0.1620738 0.4628196 -0.8715103
vn 0.1571441 0.4621639 -0.8727603
vn 0.1582761 0.462676 -0.8722841
vn 0.1607345 0.4630139 -0.8716552
vn 0.1643884 0.4618582 -0.8715869
vn 0.1620738 0.4628196 -0.8715103
vn 0.1654453 0.461099 -0.8717889
vn 0.1607345 0.4630139 -0.8716552
vn 0.1620738 0.4628196 -0.8715103
vn 0.1643884 0.4618582 -0.8715869
vn 0.1668565 0.4590841 -0.872583
vn 0.1654453 0.461099 -0.8717889
vn 0.1672172 0.4578925 -0.8731398
vn 0.1643884 0.4618582 -0.8715869
vn 0.1654453 0.461099 -0.8717889
vn 0.1668565 0.4590841 -0.872583
vn 0.1670739 0.4556031 -0.874364
vn 0.1672172 0.4578925 -0.8731398
vn 0.166558 0.4545459 -0.8750123
vn 0.1668565 0.4590841 -0.872583
vn 0.1672172 0.4578925 -0.8731398
vn 0.1670739 0.4556031 -0.874364
vn 0.2450635 0.5232021 -0.816213
vn 0.2716031 0.4841691 -0.8317526
vn 0.225093 0.5393476 -0.8114416
vn 0.2780969 0.4612941 -0.8425379
vn 0.2716031 0.4841691 -0.8317526
vn 0.2450635 0.5232021 -0.816213
vn 0.2780969 0.4612941 -0.8425379
vn 0.2753252 0.4176098 -0.8659089
vn 0.2716031 0.4841691 -0.8317526
vn 0.266063 0.3967184 -0.8785358
vn 0.2753252 0.4176098 -0.8659089
vn 0.2780969 0.4612941 -0.8425379
vn 0.266063 0.3967184 -0.8785358
vn 0.2351469 0.3649166 -0.9008563
vn 0.2753252 0.4176098 -0.8659089
vn 0.213535 0.3539524 -0.9105605
vn 0.2351469 0.3649166 -0.9008563
vn 0.266063 0.3967184 -0.8785358
vn 0.213535 0.3539524 -0.9105605
vn 0.1660819 0.3462785 -0.9233137
vn 0.2351469 0.3649166 -0.9008563
vn 0.1403352 0.3495648 -0.9263427
vn 0.1660819 0.3462785 -0.9233137
vn 0.213535 0.3539524 -0.9105605
vn 0.1403352 0.3495648 -0.9263427
vn 0.09462924 0.3689772 -0.9246088
vn 0.1660819 0.3462785 -0.9233137
vn 0.07464077 0.3851131 -0.9198461
vn 0.09462924 0.3689772 -0.9246088
vn 0.1403352 0.3495648 -0.9263427
vn 0.07464077 0.3851131 -0.9198461
vn 0.04805534 0.4240935 -0.9043426
vn 0.09462924 0.3689772 -0.9246088
vn 0.04144719 0.4469521 -0.8935972
vn 0.04805534 0.4240935 -0.9043426
vn 0.07464077 0.3851131 -0.9198461
vn 0.04144719 0.4469521 -0.8935972
vn 0.04420562 0.4907369 -0.8701858
vn 0.04805534 0.4240935 -0.9043426
vn 0.0535855 0.5116168 -0.8575413
vn 0.04420562 0.4907369 -0.8701858
vn 0.04144719 0.4469521 -0.8935972
vn 0.0535855 0.5116168 -0.8575413
vn 0.08458826 0.5433779 -0.8352158
vn 0.04420562 0.4907369 -0.8701858
vn 0.1062637 0.5542468 -0.8255414
vn 0.08458826 0.5433779 -0.8352158
vn 0.0535855 0.5116168 -0.8575413
vn 0.1062637 0.5542468 -0.8255414
vn 0.1536309 0.5618938 -0.8128178
vn 0.08458826 0.5433779 -0.8352158
vn 0.1793613 0.5586986 -0.8097442
vn 0.1536309 0.5618938 -0.8128178
vn 0.1062637 0.5542468 -0.8255414
vn 0.1793613 0.5586986 -0.8097442
vn 0.225093 0.5393476 -0.8114416
vn 0.1536309 0.5618938 -0.8128178
vn 0.2450635 0.5232021 -0.816213
vn 0.225093 0.5393476 -0.8114416
vn 0.1793613 0.5586986 -0.8097442
vn 0.6208388 -0.7357765 -0.2705408
vn 0.8763624 -0.4738359 -0.08642161
vn 0.7648057 -0.6178986 -0.1824109
vn 0.9532261 -0.3017359 0.01776329
vn 0.8763624 -0.4738359 -0.08642161
vn 0.6208388 -0.7357765 -0.2705408
vn -0.7952299 0.5837116 -0.1639824
vn -0.5500983 0.8350047 0.01261647
vn -0.6925487 0.718747 -0.0614754
vn -0.3787616 0.9211719 0.08934196
vn -0.5500983 0.8350047 0.01261647
vn -0.7952299 0.5837116 -0.1639824
vn 0.05133565 -0.8888035 -0.4554042
vn 0.2521092 -0.8757778 -0.4116481
vn 0.2521303 -0.8758151 -0.411556
vn 0.6208388 -0.7357765 -0.2705408
vn 0.2521092 -0.8757778 -0.4116481
vn 0.05133565 -0.8888035 -0.4554042
vn -0.3787616 0.9211719 0.08934196
vn -0.003803682 0.9817452 0.1901625
vn -0.5500983 0.8350047 0.01261647
vn 0.1997845 0.9561224 0.2142803
vn -0.003803682 0.9817452 0.1901625
vn -0.3787616 0.9211719 0.08934196
vn -0.5378014 -0.7023122 -0.4663982
vn -0.3569087 -0.7991433 -0.4837213
vn -0.3569253 -0.7990946 -0.4837895
vn 0.05133565 -0.8888035 -0.4554042
vn -0.3569087 -0.7991433 -0.4837213
vn -0.5378014 -0.7023122 -0.4663982
vn 0.1997845 0.9561224 0.2142803
vn 0.5614036 0.8028508 0.2006408
vn -0.003803682 0.9817452 0.1901625
vn 0.7193975 0.6752216 0.1629202
vn 0.5614036 0.8028508 0.2006408
vn 0.1997845 0.9561224 0.2142803
vn -0.9215087 -0.2475755 -0.2992128
vn -0.8295937 -0.4172502 -0.3710482
vn -0.8295935 -0.4172541 -0.3710444
vn -0.5378014 -0.7023122 -0.4663982
vn -0.8295937 -0.4172502 -0.3710482
vn -0.9215087 -0.2475755 -0.2992128
vn 0.7193975 0.6752216 0.1629202
vn 0.9294775 0.3666853 0.04017055
vn 0.5614036 0.8028508 0.2006408
vn 0.9815692 0.1857581 -0.04489866
vn 0.9294775 0.3666853 0.04017055
vn 0.7193975 0.6752216 0.1629202
vn -0.9532453 0.3016801 -0.01768261
vn -0.9854084 0.123995 -0.1166008
vn -0.9854084 0.1239951 -0.1166009
vn -0.9215087 -0.2475755 -0.2992128
vn -0.9854084 0.123995 -0.1166008
vn -0.9532453 0.3016801 -0.01768261
vn 0.9815692 0.1857581 -0.04489866
vn 0.9599268 -0.1602608 -0.2299068
vn 0.9294775 0.3666853 0.04017055
vn 0.8861845 -0.3253466 -0.3298893
vn 0.9599268 -0.1602608 -0.2299068
vn 0.9815692 0.1857581 -0.04489866
vn -0.6208315 0.7357889 0.2705237
vn -0.7648345 0.6178722 0.1823793
vn -0.7647897 0.61795 0.182304
vn -0.9532453 0.3016801 -0.01768261
vn -0.7648345 0.6178722 0.1823793
vn -0.6208315 0.7357889 0.2705237
vn 0.8861845 -0.3253466 -0.3298893
vn 0.6410542 -0.5766137 -0.506524
vn 0.9599268 -0.1602608 -0.2299068
vn 0.4696733 -0.6628072 -0.5831755
vn 0.6410542 -0.5766137 -0.506524
vn 0.8861845 -0.3253466 -0.3298893
vn -0.05134149 0.8887317 0.4555437
vn -0.2520917 0.8757489 0.4117205
vn -0.2521811 0.8756638 0.4118466
vn -0.6208315 0.7357889 0.2705237
vn -0.2520917 0.8757489 0.4117205
vn -0.05134149 0.8887317 0.4555437
vn 0.4696733 -0.6628072 -0.5831755
vn 0.09472151 -0.7234069 -0.6838936
vn 0.6410542 -0.5766137 -0.506524
vn -0.108864 -0.6978054 -0.7079664
vn 0.09472151 -0.7234069 -0.6838936
vn 0.4696733 -0.6628072 -0.5831755
vn 0.5377805 0.7022642 0.4664946
vn 0.356875 0.7990768 0.483856
vn 0.3569104 0.7990968 0.4837968
vn -0.05134149 0.8887317 0.4555437
vn 0.356875 0.7990768 0.483856
vn 0.5377805 0.7022642 0.4664946
vn -0.108864 -0.6978054 -0.7079664
vn -0.4704627 -0.5445202 -0.6943793
vn 0.09472151 -0.7234069 -0.6838936
vn -0.6284569 -0.4168797 -0.6566988
vn -0.4704627 -0.5445202 -0.6943793
vn -0.108864 -0.6978054 -0.7079664
vn 0.9215121 0.247563 0.2992131
vn 0.8295969 0.4172362 0.3710566
vn 0.8295968 0.4172361 0.3710574
vn 0.5377805 0.7022642 0.4664946
vn 0.8295969 0.4172362 0.3710566
vn 0.9215121 0.247563 0.2992131
vn -0.6284569 -0.4168797 -0.6566988
vn -0.838541 -0.1083281 -0.5339608
vn -0.4704627 -0.5445202 -0.6943793
vn -0.8906255 0.07259896 -0.4489052
vn -0.838541 -0.1083281 -0.5339608
vn -0.6284569 -0.4168797 -0.6566988
vn 0.9532261 -0.3017359 0.01776329
vn 0.9854048 -0.1240067 0.1166189
vn 0.8763624 -0.4738359 -0.08642161
vn 0.9215121 0.247563 0.2992131
vn 0.9854048 -0.1240067 0.1166189
vn 0.9532261 -0.3017359 0.01776329
vn -0.8906255 0.07259896 -0.4489052
vn -0.9048763 0.24336 -0.3492493
vn -0.838541 -0.1083281 -0.5339608
vn -0.7952299 0.5837116 -0.1639824
vn -0.9048763 0.24336 -0.3492493
vn -0.8906255 0.07259896 -0.4489052
vn 0.8814104 0.4191273 0.2178259
vn 0.9966165 0.06265387 0.05320069
vn 0.9877427 -0.146742 -0.05320999
vn 0.7595637 0.587965 0.2781368
vn 0.9966165 0.06265387 0.05320069
vn 0.8814104 0.4191273 0.2178259
vn 0.9877427 -0.146742 -0.05320999
vn 0.8319879 -0.4893876 -0.2613353
vn 0.6903623 -0.6262771 -0.3621836
vn 0.9966165 0.06265387 0.05320069
vn 0.8319879 -0.4893876 -0.2613353
vn 0.9877427 -0.146742 -0.05320999
vn -0.4141398 -0.6818225 -0.6029977
vn -0.7118677 -0.4524353 -0.5371656
vn -0.8352714 -0.2880816 -0.4683275
vn -0.4141398 -0.6818225 -0.6029977
vn -0.2325979 -0.7584749 -0.6087809
vn -0.7118677 -0.4524353 -0.5371656
vn 0.1497484 -0.8109537 -0.565623
vn -0.2325979 -0.7584749 -0.6087809
vn -0.4141398 -0.6818225 -0.6029977
vn 0.1497484 -0.8109537 -0.565623
vn 0.3387875 -0.7888388 -0.5127929
vn -0.2325979 -0.7584749 -0.6087809
vn 0.6903623 -0.6262771 -0.3621836
vn 0.3387875 -0.7888388 -0.5127929
vn 0.1497484 -0.8109537 -0.565623
vn 0.6903623 -0.6262771 -0.3621836
vn 0.8319879 -0.4893876 -0.2613353
vn 0.3387875 -0.7888388 -0.5127929
vn -0.8352714 -0.2880816 -0.4683275
vn -0.9506669 0.06783514 -0.302706
vn -0.9431503 0.2734115 -0.188981
vn -0.7118677 -0.4524353 -0.5371656
vn -0.9506669 0.06783514 -0.302706
vn -0.8352714 -0.2880816 -0.4683275
vn -0.9431503 0.2734115 -0.188981
vn -0.7873568 0.6162083 0.01888917
vn -0.6448457 0.7556229 0.1149273
vn -0.9506669 0.06783514 -0.302706
vn -0.7873568 0.6162083 0.01888917
vn -0.9431503 0.2734115 -0.188981
vn -0.6448457 0.7556229 0.1149273
vn -0.2930002 0.9188563 0.2642992
vn -0.1021175 0.9461324 0.3072548
vn -0.7873568 0.6162083 0.01888917
vn -0.2930002 0.9188563 0.2642992
vn -0.6448457 0.7556229 0.1149273
vn -0.1021175 0.9461324 0.3072548
vn 0.2802817 0.893796 0.3501014
vn 0.4620303 0.8178644 0.3429662
vn -0.2930002 0.9188563 0.2642992
vn 0.2802817 0.893796 0.3501014
vn -0.1021175 0.9461324 0.3072548
vn 0.4620303 0.8178644 0.3429662
vn 0.7595637 0.587965 0.2781368
vn 0.8814104 0.4191273 0.2178259
vn 0.2802817 0.893796 0.3501014
vn 0.7595637 0.587965 0.2781368
vn 0.4620303 0.8178644 0.3429662
vn -0.2706071 0.5840071 -0.7653154
vn -0.1765034 0.5660828 -0.805231
vn -0.2706071 0.5840071 -0.7653154
vn -0.1281498 0.5546885 -0.8221304
vn -0.1765034 0.5660828 -0.805231
vn -0.2702998 0.5838269 -0.7655614
vn -0.1281498 0.5546885 -0.8221304
vn 0.1129303 0.4771603 -0.8715303
vn -0.1765034 0.5660828 -0.805231
vn 0.1609681 0.4575607 -0.874487
vn 0.1129303 0.4771603 -0.8715303
vn 0.01694977 0.5122108 -0.8586926
vn 0.1609681 0.4575607 -0.874487
vn 0.3909899 0.3427191 -0.8542076
vn 0.1129303 0.4771603 -0.8715303
vn 0.4348758 0.3164064 -0.8430719
vn 0.3909899 0.3427191 -0.8542076
vn 0.301172 0.3918963 -0.8693174
vn 0.4348758 0.3164064 -0.8430719
vn 0.5580497 0.2332084 -0.7963634
vn 0.3909899 0.3427191 -0.8542076
vn 0.5580717 0.2331778 -0.796357
vn 0.5580497 0.2332084 -0.7963634
vn 0.5580717 0.2331778 -0.796357
vn -0.6670134 -0.1594074 -0.727793
vn -0.6688859 -0.1585094 -0.726269
vn -0.6661464 -0.1602488 -0.728402
vn -0.6698824 -0.1584569 -0.7253615
vn -0.6688859 -0.1585094 -0.726269
vn -0.6670134 -0.1594074 -0.727793
vn -0.6648729 -0.1623851 -0.7290921
vn -0.6661464 -0.1602488 -0.728402
vn -0.6644622 -0.1636763 -0.7291778
vn -0.6670134 -0.1594074 -0.727793
vn -0.6661464 -0.1602488 -0.728402
vn -0.6648729 -0.1623851 -0.7290921
vn -0.6642621 -0.1662155 -0.7287855
vn -0.6644622 -0.1636763 -0.7291778
vn -0.6644706 -0.1674673 -0.7283088
vn -0.6648729 -0.1623851 -0.7290921
vn -0.6644622 -0.1636763 -0.7291778
vn -0.6642621 -0.1662155 -0.7287855
vn -0.6654384 -0.1694539 -0.7269644
vn -0.6644706 -0.1674673 -0.7283088
vn -0.6661932 -0.1701807 -0.7261028
vn -0.6642621 -0.1662155 -0.7287855
vn -0.6644706 -0.1674673 -0.7283088
vn -0.6654384 -0.1694539 -0.7269644
vn -0.6679465 -0.1708422 -0.7243346
vn -0.6661932 -0.1701807 -0.7261028
vn -0.6689512 -0.1707641 -0.7234252
vn -0.6654384 -0.1694539 -0.7269644
vn -0.6661932 -0.1701807 -0.7261028
vn -0.6679465 -0.1708422 -0.7243346
vn -0.670819 -0.1698554 -0.721908
vn -0.6689512 -0.1707641 -0.7234252
vn -0.6716881 -0.1690216 -0.7212955
vn -0.6679465 -0.1708422 -0.7243346
vn -0.6689512 -0.1707641 -0.7234252
vn -0.670819 -0.1698554 -0.721908
vn -0.672964 -0.1669011 -0.7205996
vn -0.6716881 -0.1690216 -0.7212955
vn -0.6733784 -0.1656146 -0.7205093
vn -0.670819 -0.1698554 -0.721908
vn -0.6716881 -0.1690216 -0.7212955
vn -0.672964 -0.1669011 -0.7205996
vn -0.6735762 -0.163069 -0.7209048
vn -0.6733784 -0.1656146 -0.7205093
vn -0.6733537 -0.1618241 -0.721393
vn -0.672964 -0.1669011 -0.7205996
vn -0.6733784 -0.1656146 -0.7205093
vn -0.6735762 -0.163069 -0.7209048
vn -0.6723817 -0.1598508 -0.7227383
vn -0.6733537 -0.1618241 -0.721393
vn -0.6716269 -0.1591228 -0.7236003
vn -0.6735762 -0.163069 -0.7209048
vn -0.6733537 -0.1618241 -0.721393
vn -0.6723817 -0.1598508 -0.7227383
vn -0.6698824 -0.1584569 -0.7253615
vn -0.6716269 -0.1591228 -0.7236003
vn -0.6688859 -0.1585094 -0.726269
vn -0.6723817 -0.1598508 -0.7227383
vn -0.6716269 -0.1591228 -0.7236003
vn -0.6698824 -0.1584569 -0.7253615
vn -0.7194552 -0.04913877 -0.6927986
vn -0.6832886 -0.03543481 -0.7292882
vn -0.734941 -0.06421793 -0.6750836
vn -0.6626135 -0.03680702 -0.7480567
vn -0.6832886 -0.03543481 -0.7292882
vn -0.7194552 -0.04913877 -0.6927986
vn -0.7548242 -0.105061 -0.6474587
vn -0.734941 -0.06421793 -0.6750836
vn -0.7592232 -0.1308314 -0.637545
vn -0.7194552 -0.04913877 -0.6927986
vn -0.734941 -0.06421793 -0.6750836
vn -0.7548242 -0.105061 -0.6474587
vn -0.7552454 -0.18322 -0.629313
vn -0.7592232 -0.1308314 -0.637545
vn -0.7468631 -0.2098279 -0.6310055
vn -0.7548242 -0.105061 -0.6474587
vn -0.7592232 -0.1308314 -0.637545
vn -0.7552454 -0.18322 -0.629313
vn -0.7205215 -0.2537257 -0.6453464
vn -0.7468631 -0.2098279 -0.6310055
vn -0.7025619 -0.2710049 -0.6579995
vn -0.7552454 -0.18322 -0.629313
vn -0.7468631 -0.2098279 -0.6310055
vn -0.7205215 -0.2537257 -0.6453464
vn -0.6639397 -0.2896715 -0.6894017
vn -0.7025619 -0.2710049 -0.6579995
vn -0.6432677 -0.2910482 -0.708165
vn -0.7205215 -0.2537257 -0.6453464
vn -0.7025619 -0.2710049 -0.6579995
vn -0.6639397 -0.2896715 -0.6894017
vn -0.6071056 -0.2773491 -0.7446479
vn -0.6432677 -0.2910482 -0.708165
vn -0.5916077 -0.2622817 -0.7623705
vn -0.6639397 -0.2896715 -0.6894017
vn -0.6432677 -0.2910482 -0.708165
vn -0.6071056 -0.2773491 -0.7446479
vn -0.5717189 -0.2214436 -0.7900003
vn -0.5916077 -0.2622817 -0.7623705
vn -0.5673139 -0.1956766 -0.799916
vn -0.6071056 -0.2773491 -0.7446479
vn -0.5916077 -0.2622817 -0.7623705
vn -0.5717189 -0.2214436 -0.7900003
vn -0.5712999 -0.1432906 -0.8081364
vn -0.5673139 -0.1956766 -0.799916
vn -0.5796806 -0.1166763 -0.8064475
vn -0.5717189 -0.2214436 -0.7900003
vn -0.5673139 -0.1956766 -0.799916
vn -0.5712999 -0.1432906 -0.8081364
vn -0.6060234 -0.07276855 -0.7921114
vn -0.5796806 -0.1166763 -0.8064475
vn -0.6239817 -0.05547521 -0.7794675
vn -0.5712999 -0.1432906 -0.8081364
vn -0.5796806 -0.1166763 -0.8064475
vn -0.6060234 -0.07276855 -0.7921114
vn -0.6626135 -0.03680702 -0.7480567
vn -0.6239817 -0.05547521 -0.7794675
vn -0.6832886 -0.03543481 -0.7292882
vn -0.6060234 -0.07276855 -0.7921114
vn -0.6239817 -0.05547521 -0.7794675
vn -0.6626135 -0.03680702 -0.7480567
vn -0.7495314 -0.1090659 -0.6529222
vn -0.7309527 -0.07090977 -0.6787342
vn -0.7536405 -0.1331383 -0.6436617
vn -0.7164779 -0.05682725 -0.6952915
vn -0.7309527 -0.07090977 -0.6787342
vn -0.7495314 -0.1090659 -0.6529222
vn -0.7164779 -0.05682725 -0.6952915
vn -0.6826915 -0.04402502 -0.7293794
vn -0.7309527 -0.07090977 -0.6787342
vn -0.6633785 -0.04530636 -0.7469113
vn -0.6826915 -0.04402502 -0.7293794
vn -0.7164779 -0.05682725 -0.6952915
vn -0.6633785 -0.04530636 -0.7469113
vn -0.627291 -0.06274393 -0.7762534
vn -0.6826915 -0.04402502 -0.7293794
vn -0.6105132 -0.07889702 -0.7880667
vn -0.627291 -0.06274393 -0.7762534
vn -0.6633785 -0.04530636 -0.7469113
vn -0.6105132 -0.07889702 -0.7880667
vn -0.5859038 -0.1199166 -0.8014593
vn -0.627291 -0.06274393 -0.7762534
vn -0.5780764 -0.1447797 -0.8030359
vn -0.5859038 -0.1199166 -0.8014593
vn -0.6105132 -0.07889702 -0.7880667
vn -0.5780764 -0.1447797 -0.8030359
vn -0.574358 -0.1937158 -0.7953535
vn -0.5859038 -0.1199166 -0.8014593
vn -0.5784776 -0.2177833 -0.786088
vn -0.574358 -0.1937158 -0.7953535
vn -0.5780764 -0.1447797 -0.8030359
vn -0.5784776 -0.2177833 -0.786088
vn -0.5970607 -0.2559288 -0.7602756
vn -0.574358 -0.1937158 -0.7953535
vn -0.6115249 -0.2700253 -0.7437229
vn -0.5970607 -0.2559288 -0.7602756
vn -0.5784776 -0.2177833 -0.786088
vn -0.6115249 -0.2700253 -0.7437229
vn -0.645302 -0.2828442 -0.709637
vn -0.5970607 -0.2559288 -0.7602756
vn -0.6646112 -0.2815603 -0.6921099
vn -0.645302 -0.2828442 -0.709637
vn -0.6115249 -0.2700253 -0.7437229
vn -0.6646112 -0.2815603 -0.6921099
vn -0.7007023 -0.2641051 -0.6627706
vn -0.645302 -0.2828442 -0.709637
vn -0.7174799 -0.2479419 -0.650959
vn -0.7007023 -0.2641051 -0.6627706
vn -0.6646112 -0.2815603 -0.6921099
vn -0.7174799 -0.2479419 -0.650959
vn -0.7420859 -0.2069349 -0.6375629
vn -0.7007023 -0.2641051 -0.6627706
vn -0.7499183 -0.1820779 -0.6359798
vn -0.7420859 -0.2069349 -0.6375629
vn -0.7174799 -0.2479419 -0.650959
vn -0.7499183 -0.1820779 -0.6359798
vn -0.7536405 -0.1331383 -0.6436617
vn -0.7420859 -0.2069349 -0.6375629
vn -0.7495314 -0.1090659 -0.6529222
vn -0.7536405 -0.1331383 -0.6436617
vn -0.7499183 -0.1820779 -0.6359798
vn 0.302687 0.8303155 -0.4679281
vn 0.005083829 0.9741262 -0.2259476
vn 0.1572189 0.9217615 -0.3544547
vn -0.1541812 0.9846868 -0.08136445
vn 0.005083829 0.9741262 -0.2259476
vn 0.302687 0.8303155 -0.4679281
vn -0.1937164 -0.9809824 0.0121484
vn -0.4792281 -0.8430164 0.244262
vn -0.3325839 -0.9318907 0.1448027
vn -0.6119468 -0.7151908 0.3376735
vn -0.4792281 -0.8430164 0.244262
vn -0.1937164 -0.9809824 0.0121484
vn 0.6439258 0.3587798 -0.6757489
vn 0.5542253 0.5393549 -0.6339802
vn 0.5542243 0.5393538 -0.6339819
vn 0.302687 0.8303155 -0.4679281
vn 0.5542253 0.5393549 -0.6339802
vn 0.6439258 0.3587798 -0.6757489
vn -0.6119468 -0.7151908 0.3376735
vn -0.8065979 -0.3906826 0.4435844
vn -0.4792281 -0.8430164 0.244262
vn -0.8685415 -0.1939868 0.4560757
vn -0.8065979 -0.3906826 0.4435844
vn -0.6119468 -0.7151908 0.3376735
vn 0.7392071 -0.2497875 -0.6254433
vn 0.7395272 -0.04906048 -0.6713367
vn 0.7395311 -0.04905699 -0.6713325
vn 0.6439258 0.3587798 -0.6757489
vn 0.7395272 -0.04906048 -0.6713367
vn 0.7392071 -0.2497875 -0.6254433
vn -0.8685415 -0.1939868 0.4560757
vn -0.8980032 0.1931448 0.3953298
vn -0.8065979 -0.3906826 0.4435844
vn -0.8655117 0.3835733 0.3221198
vn -0.8980032 0.1931448 0.3953298
vn -0.8685415 -0.1939868 0.4560757
vn 0.5521346 -0.7629423 -0.3362539
vn 0.6423541 -0.6187388 -0.4522651
vn 0.6423445 -0.6187444 -0.4522711
vn 0.7392071 -0.2497875 -0.6254433
vn 0.6423541 -0.6187388 -0.4522651
vn 0.5521346 -0.7629423 -0.3362539
vn -0.8655117 0.3835733 0.3221198
vn -0.7185125 0.6854439 0.1179258
vn -0.8980032 0.1931448 0.3953298
vn -0.6040011 0.7968765 -0.01306152
vn -0.7185125 0.6854439 0.1179258
vn -0.8655117 0.3835733 0.3221198
vn 0.1541823 -0.9846866 0.08136368
vn 0.2998497 -0.9520679 -0.06047434
vn 0.2998521 -0.9520671 -0.06047317
vn 0.5521346 -0.7629423 -0.3362539
vn 0.2998497 -0.9520679 -0.06047434
vn 0.1541823 -0.9846866 0.08136368
vn -0.6040011 0.7968765 -0.01306152
vn -0.3367189 0.8981525 -0.282741
vn -0.7185125 0.6854439 0.1179258
vn -0.1839512 0.888024 -0.4213969
vn -0.3367189 0.8981525 -0.282741
vn -0.6040011 0.7968765 -0.01306152
vn -0.3026894 -0.8303163 0.4679253
vn -0.1572198 -0.9217632 0.3544499
vn -0.1572198 -0.9217631 0.3544499
vn 0.1541823 -0.9846866 0.08136368
vn -0.1572198 -0.9217632 0.3544499
vn -0.3026894 -0.8303163 0.4679253
vn -0.1839512 0.888024 -0.4213969
vn 0.1015313 0.750088 -0.6534979
vn -0.3367189 0.8981525 -0.282741
vn 0.2342424 0.62225 -0.7469509
vn 0.1015313 0.750088 -0.6534979
vn -0.1839512 0.888024 -0.4213969
vn -0.6439292 -0.3587798 0.6757458
vn -0.5542289 -0.539355 0.6339769
vn -0.5542249 -0.5393558 0.6339797
vn -0.3026894 -0.8303163 0.4679253
vn -0.5542289 -0.539355 0.6339769
vn -0.6439292 -0.3587798 0.6757458
vn 0.2342424 0.62225 -0.7469509
vn 0.4288875 0.2976921 -0.8528981
vn 0.1015313 0.750088 -0.6534979
vn 0.4908181 0.1009843 -0.8653901
vn 0.4288875 0.2976921 -0.8528981
vn 0.2342424 0.62225 -0.7469509
vn -0.7392066 0.2497908 0.6254427
vn -0.7395294 0.04906573 0.6713338
vn -0.7395334 0.04906709 0.6713292
vn -0.6439292 -0.3587798 0.6757458
vn -0.7395294 0.04906573 0.6713338
vn -0.7392066 0.2497908 0.6254427
vn 0.4908181 0.1009843 -0.8653901
vn 0.5202925 -0.2860994 -0.8046385
vn 0.4288875 0.2976921 -0.8528981
vn 0.4878028 -0.4765182 -0.7314225
vn 0.5202925 -0.2860994 -0.8046385
vn 0.4908181 0.1009843 -0.8653901
vn -0.5521373 0.7629384 0.3362579
vn -0.6423572 0.6187323 0.4522695
vn -0.6423545 0.6187316 0.4522743
vn -0.7392066 0.2497908 0.6254427
vn -0.6423572 0.6187323 0.4522695
vn -0.5521373 0.7629384 0.3362579
vn 0.4878028 -0.4765182 -0.7314225
vn 0.3408059 -0.7783815 -0.5272321
vn 0.5202925 -0.2860994 -0.8046385
vn 0.2263179 -0.8898156 -0.3962428
vn 0.3408059 -0.7783815 -0.5272321
vn 0.4878028 -0.4765182 -0.7314225
vn -0.1541812 0.9846868 -0.08136445
vn -0.2998485 0.9520682 0.06047319
vn 0.005083829 0.9741262 -0.2259476
vn -0.5521373 0.7629384 0.3362579
vn -0.2998485 0.9520682 0.06047319
vn -0.1541812 0.9846868 -0.08136445
vn 0.2263179 -0.8898156 -0.3962428
vn 0.107342 -0.9610673 -0.2546124
vn 0.3408059 -0.7783815 -0.5272321
vn -0.1937164 -0.9809824 0.0121484
vn 0.107342 -0.9610673 -0.2546124
vn 0.2263179 -0.8898156 -0.3962428
vn -0.7020451 0.6439785 0.3040137
vn -0.4813148 0.8751996 0.04859684
vn -0.3201498 0.9410384 -0.1093204
vn -0.7810019 0.4717369 0.4092679
vn -0.4813148 0.8751996 0.04859684
vn -0.7020451 0.6439785 0.3040137
vn -0.3201498 0.9410384 -0.1093204
vn -0.001958944 0.9174696 -0.3978013
vn 0.1560604 0.8344209 -0.5285707
vn -0.4813148 0.8751996 0.04859684
vn -0.001958944 0.9174696 -0.3978013
vn -0.3201498 0.9410384 -0.1093204
vn 0.6355939 -0.1656912 -0.7540339
vn 0.5828515 -0.5205012 -0.6239893
vn 0.5104249 -0.6911175 -0.5116864
vn 0.6355939 -0.1656912 -0.7540339
vn 0.620786 0.02867758 -0.7834556
vn 0.5828515 -0.5205012 -0.6239893
vn 0.5077445 0.3996831 -0.7631834
vn 0.620786 0.02867758 -0.7834556
vn 0.6355939 -0.1656912 -0.7540339
vn 0.5077445 0.3996831 -0.7631834
vn 0.4174238 0.5670868 -0.7100493
vn 0.620786 0.02867758 -0.7834556
vn 0.1560604 0.8344209 -0.5285707
vn 0.4174238 0.5670868 -0.7100493
vn 0.5077445 0.3996831 -0.7631834
vn 0.1560604 0.8344209 -0.5285707
vn -0.001958944 0.9174696 -0.3978013
vn 0.4174238 0.5670868 -0.7100493
vn 0.5104249 -0.6911175 -0.5116864
vn 0.2904687 -0.9221633 -0.2554269
vn 0.1348867 -0.9866337 -0.0914298
vn 0.5828515 -0.5205012 -0.6239893
vn 0.2904687 -0.9221633 -0.2554269
vn 0.5104249 -0.6911175 -0.5116864
vn 0.1348867 -0.9866337 -0.0914298
vn -0.1834705 -0.9631163 0.1968383
vn -0.345167 -0.8809848 0.3236132
vn 0.2904687 -0.9221633 -0.2554269
vn -0.1834705 -0.9631163 0.1968383
vn 0.1348867 -0.9866337 -0.0914298
vn -0.345167 -0.8809848 0.3236132
vn -0.6075073 -0.6138925 0.5040547
vn -0.7054151 -0.4483096 0.5490065
vn -0.1834705 -0.9631163 0.1968383
vn -0.6075073 -0.6138925 0.5040547
vn -0.345167 -0.8809848 0.3236132
vn -0.7054151 -0.4483096 0.5490065
vn -0.8186673 -0.07737334 0.569032
vn -0.8345045 0.1167376 0.5384932
vn -0.6075073 -0.6138925 0.5040547
vn -0.8186673 -0.07737334 0.569032
vn -0.7054151 -0.4483096 0.5490065
vn -0.8345045 0.1167376 0.5384932
vn -0.7810019 0.4717369 0.4092679
vn -0.7020451 0.6439785 0.3040137
vn -0.8186673 -0.07737334 0.569032
vn -0.7810019 0.4717369 0.4092679
vn -0.8345045 0.1167376 0.5384932
vn -0.5634817 -0.5902595 -0.5779985
vn -0.5985273 -0.5038944 -0.6227807
vn -0.5634817 -0.5902595 -0.5779985
vn -0.6138275 -0.4581294 -0.6429101
vn -0.5985273 -0.5038944 -0.6227807
vn -0.5634666 -0.590395 -0.5778748
vn -0.6138275 -0.4581294 -0.6429101
vn -0.6641152 -0.2156467 -0.7158546
vn -0.5985273 -0.5038944 -0.6227807
vn -0.6689349 -0.1646246 -0.7248622
vn -0.6641152 -0.2156467 -0.7158546
vn -0.6492906 -0.3146711 -0.6923901
vn -0.6689349 -0.1646246 -0.7248622
vn -0.6659753 0.09269229 -0.7401927
vn -0.6641152 -0.2156467 -0.7158546
vn -0.6599256 0.1446117 -0.7372827
vn -0.6659753 0.09269229 -0.7401927
vn -0.6725495 -0.01061451 -0.7399762
vn -0.6599256 0.1446117 -0.7372827
vn -0.6312985 0.2963155 -0.7167004
vn -0.6659753 0.09269229 -0.7401927
vn -0.6313061 0.2963017 -0.7166995
vn -0.6312985 0.2963155 -0.7167004
vn -0.6313061 0.2963017 -0.7166995
vn 0.06358785 0.9381849 0.3402439
vn 0.06549835 0.9374419 0.3419248
vn 0.06232341 0.938468 0.3396962
vn 0.06613278 0.9369885 0.3430437
vn 0.06549835 0.9374419 0.3419248
vn 0.06358785 0.9381849 0.3402439
vn 0.05975004 0.9387524 0.3393728
vn 0.06232341 0.938468 0.3396962
vn 0.05841066 0.9387499 0.3396127
vn 0.06358785 0.9381849 0.3402439
vn 0.06232341 0.938468 0.3396962
vn 0.05975004 0.9387524 0.3393728
vn 0.05611545 0.9384635 0.3407894
vn 0.05841066 0.9387499 0.3396127
vn 0.05519574 0.9381654 0.341759
vn 0.05975004 0.9387524 0.3393728
vn 0.05841066 0.9387499 0.3396127
vn 0.05611545 0.9384635 0.3407894
vn 0.05407825 0.9374267 0.3439575
vn 0.05519574 0.9381654 0.341759
vn 0.05386971 0.9369745 0.3452201
vn 0.05611545 0.9384635 0.3407894
vn 0.05519574 0.9381654 0.341759
vn 0.05407825 0.9374267 0.3439575
vn 0.054266 0.9360775 0.3475832
vn 0.05386971 0.9369745 0.3452201
vn 0.05488458 0.9356272 0.3486969
vn 0.05407825 0.9374267 0.3439575
vn 0.05386971 0.9369745 0.3452201
vn 0.054266 0.9360775 0.3475832
vn 0.05675823 0.9348923 0.3503639
vn 0.05488458 0.9356272 0.3486969
vn 0.05796833 0.9346007 0.3509434
vn 0.054266 0.9360775 0.3475832
vn 0.05488458 0.9356272 0.3486969
vn 0.05675823 0.9348923 0.3503639
vn 0.0605218 0.9343086 0.3512897
vn 0.05796833 0.9346007 0.3509434
vn 0.06186123 0.9342926 0.3510989
vn 0.05675823 0.9348923 0.3503639
vn 0.05796833 0.9346007 0.3509434
vn 0.0605218 0.9343086 0.3512897
vn 0.0642075 0.9345807 0.3499091
vn 0.06186123 0.9342926 0.3510989
vn 0.06516077 0.9348786 0.3489356
vn 0.0605218 0.9343086 0.3512897
vn 0.06186123 0.9342926 0.3510989
vn 0.0642075 0.9345807 0.3499091
vn 0.06631271 0.9356285 0.3467016
vn 0.06516077 0.9348786 0.3489356
vn 0.06653039 0.936083 0.3454308
vn 0.0642075 0.9345807 0.3499091
vn 0.06516077 0.9348786 0.3489356
vn 0.06631271 0.9356285 0.3467016
vn 0.06613278 0.9369885 0.3430437
vn 0.06653039 0.936083 0.3454308
vn 0.06549835 0.9374419 0.3419248
vn 0.06631271 0.9356285 0.3467016
vn 0.06653039 0.936083 0.3454308
vn 0.06613278 0.9369885 0.3430437
vn 0.1546295 0.898243 0.4113991
vn 0.1767646 0.9123702 0.3692356
vn 0.1363703 0.8928205 0.4292725
vn 0.1806723 0.9210833 0.3449103
vn 0.1767646 0.9123702 0.3692356
vn 0.1546295 0.898243 0.4113991
vn 0.1806723 0.9210833 0.3449103
vn 0.1725455 0.9384987 0.2990789
vn 0.1767646 0.9123702 0.3692356
vn 0.1605276 0.9471933 0.2775894
vn 0.1725455 0.9384987 0.2990789
vn 0.1806723 0.9210833 0.3449103
vn 0.1605276 0.9471933 0.2775894
vn 0.1251451 0.9612485 0.2456424
vn 0.1725455 0.9384987 0.2990789
vn 0.1017845 0.9665943 0.2352346
vn 0.1251451 0.9612485 0.2456424
vn 0.1605276 0.9471933 0.2775894
vn 0.1017845 0.9665943 0.2352346
vn 0.0527541 0.9719069 0.2293772
vn 0.1251451 0.9612485 0.2456424
vn 0.02705508 0.9718575 0.2340107
vn 0.0527541 0.9719069 0.2293772
vn 0.1017845 0.9665943 0.2352346
vn 0.02705508 0.9718575 0.2340107
vn -0.01688491 0.9664138 0.2564358
vn 0.0527541 0.9719069 0.2293772
vn -0.03519025 0.9610159 0.2742448
vn -0.01688491 0.9664138 0.2564358
vn 0.02705508 0.9718575 0.2340107
vn -0.03519025 0.9610159 0.2742448
vn -0.05737029 0.946908 0.3163444
vn -0.01688491 0.9664138 0.2564358
vn -0.06125405 0.9382022 0.3406237
vn -0.05737029 0.946908 0.3163444
vn -0.03519025 0.9610159 0.2742448
vn -0.06125405 0.9382022 0.3406237
vn -0.05305859 0.9207912 0.3864303
vn -0.05737029 0.946908 0.3163444
vn -0.04101761 0.9120944 0.4079235
vn -0.05305859 0.9207912 0.3864303
vn -0.06125405 0.9382022 0.3406237
vn -0.04101761 0.9120944 0.4079235
vn -0.00568857 0.8980422 0.4398726
vn -0.05305859 0.9207912 0.3864303
vn 0.01760663 0.8926657 0.4503754
vn -0.00568857 0.8980422 0.4398726
vn -0.04101761 0.9120944 0.4079235
vn 0.01760663 0.8926657 0.4503754
vn 0.0666596 0.8873288 0.4562939
vn -0.00568857 0.8980422 0.4398726
vn 0.0923732 0.8873653 0.451719
vn 0.0666596 0.8873288 0.4562939
vn 0.01760663 0.8926657 0.4503754
vn 0.0923732 0.8873653 0.451719
vn 0.1363703 0.8928205 0.4292725
vn 0.0666596 0.8873288 0.4562939
vn 0.1546295 0.898243 0.4113991
vn 0.1363703 0.8928205 0.4292725
vn 0.0923732 0.8873653 0.451719
vn 0.5393713 0.260613 -0.8007244
vn 0.8308807 0.1447663 -0.5372898
vn 0.699974 0.2070545 -0.6834946
vn 0.9300514 0.07306276 -0.3600923
vn 0.8308807 0.1447663 -0.5372898
vn 0.5393713 0.260613 -0.8007244
vn -0.780093 0.1255569 0.6129362
vn -0.5004451 0.01443043 0.8656482
vn -0.6574702 0.05449006 0.7515078
vn -0.3159397 -0.02791285 0.9483687
vn -0.5004451 0.01443043 0.8656482
vn -0.780093 0.1255569 0.6129362
vn -0.05732536 0.3485994 -0.9355172
vn 0.1479821 0.3337436 -0.9309763
vn 0.1479853 0.3337344 -0.930979
vn 0.5393713 0.260613 -0.8007244
vn 0.1479821 0.3337436 -0.9309763
vn -0.05732536 0.3485994 -0.9355172
vn -0.3159397 -0.02791285 0.9483687
vn 0.0719725 -0.06999528 0.9949477
vn -0.5004451 0.01443043 0.8656482
vn 0.2753768 -0.06974027 0.9588034
vn 0.0719725 -0.06999528 0.9949477
vn -0.3159397 -0.02791285 0.9483687
vn -0.6321247 0.3035 -0.7129561
vn -0.4604936 0.3329876 -0.8228396
vn -0.4605065 0.3330264 -0.8228167
vn -0.05732536 0.3485994 -0.9355172
vn -0.4604936 0.3329876 -0.8228396
vn -0.6321247 0.3035 -0.7129561
vn 0.2753768 -0.06974027 0.9588034
vn 0.6233946 -0.0267023 0.7814515
vn 0.0719725 -0.06999528 0.9949477
vn 0.768003 0.01607122 0.640245
vn 0.6233946 -0.0267023 0.7814515
vn 0.2753768 -0.06974027 0.9588034
vn -0.9654833 0.1424261 -0.2180755
vn -0.8931106 0.2050093 -0.4004055
vn -0.8931088 0.2049959 -0.4004169
vn -0.6321247 0.3035 -0.7129561
vn -0.8931106 0.2050093 -0.4004055
vn -0.9654833 0.1424261 -0.2180755
vn 0.768003 0.01607122 0.640245
vn 0.9431846 0.1278033 0.3067073
vn 0.6233946 -0.0267023 0.7814515
vn 0.9737564 0.1967649 0.114377
vn 0.9431846 0.1278033 0.3067073
vn 0.768003 0.01607122 0.640245
vn -0.9300529 -0.07305459 0.36009
vn -0.9845755 -0.001288471 0.1749562
vn -0.9845774 -0.001300124 0.1749457
vn -0.9654833 0.1424261 -0.2180755
vn -0.9845755 -0.001288471 0.1749562
vn -0.9300529 -0.07305459 0.36009
vn 0.9737564 0.1967649 0.114377
vn 0.9091898 0.3345177 -0.2479351
vn 0.9431846 0.1278033 0.3067073
vn 0.8140543 0.4033116 -0.4179181
vn 0.9091898 0.3345177 -0.2479351
vn 0.9737564 0.1967649 0.114377
vn -0.5393668 -0.2605946 0.8007335
vn -0.6999604 -0.2070632 0.6835061
vn -0.6999536 -0.2070471 0.6835178
vn -0.9300529 -0.07305459 0.36009
vn -0.6999604 -0.2070632 0.6835061
vn -0.5393668 -0.2605946 0.8007335
vn 0.8140543 0.4033116 -0.4179181
vn 0.5344101 0.5144545 -0.6706285
vn 0.9091898 0.3345177 -0.2479351
vn 0.3499102 0.5567824 -0.7533634
vn 0.5344101 0.5144545 -0.6706285
vn 0.8140543 0.4033116 -0.4179181
vn 0.05731869 -0.3486546 0.9354971
vn -0.1480011 -0.3337767 0.9309613
vn -0.1480187 -0.3338111 0.9309462
vn -0.5393668 -0.2605946 0.8007335
vn -0.1480011 -0.3337767 0.9309613
vn 0.05731869 -0.3486546 0.9354971
vn 0.3499102 0.5567824 -0.7533634
vn -0.03801546 0.5988529 -0.7999563
vn 0.5344101 0.5144545 -0.6706285
vn -0.2414286 0.5985757 -0.7638191
vn -0.03801546 0.5988529 -0.7999563
vn 0.3499102 0.5567824 -0.7533634
vn 0.6321269 -0.3035285 0.7129419
vn 0.4605019 -0.3330265 0.8228192
vn 0.4605054 -0.3330184 0.8228205
vn 0.05731869 -0.3486546 0.9354971
vn 0.4605019 -0.3330265 0.8228192
vn 0.6321269 -0.3035285 0.7129419
vn -0.2414286 0.5985757 -0.7638191
vn -0.5894461 0.5555322 -0.5864617
vn -0.03801546 0.5988529 -0.7999563
vn -0.7340445 0.5127669 -0.4452516
vn -0.5894461 0.5555322 -0.5864617
vn -0.2414286 0.5985757 -0.7638191
vn 0.9654814 -0.1424407 0.2180745
vn 0.8931081 -0.2050294 0.4004014
vn 0.8931081 -0.2050294 0.4004014
vn 0.6321269 -0.3035285 0.7129419
vn 0.8931081 -0.2050294 0.4004014
vn 0.9654814 -0.1424407 0.2180745
vn -0.7340445 0.5127669 -0.4452516
vn -0.9092223 0.4010408 -0.1117194
vn -0.5894461 0.5555322 -0.5864617
vn -0.9397973 0.3320867 0.08062033
vn -0.9092223 0.4010408 -0.1117194
vn -0.7340445 0.5127669 -0.4452516
vn 0.9300514 0.07306276 -0.3600923
vn 0.9845746 0.001283281 -0.174961
vn 0.8308807 0.1447663 -0.5372898
vn 0.9654814 -0.1424407 0.2180745
vn 0.9845746 0.001283281 -0.174961
vn 0.9300514 0.07306276 -0.3600923
vn -0.9397973 0.3320867 0.08062033
vn -0.9314325 0.2525685 0.2619977
vn -0.9092223 0.4010408 -0.1117194
vn -0.780093 0.1255569 0.6129362
vn -0.9314325 0.2525685 0.2619977
vn -0.9397973 0.3320867 0.08062033
vn 0.923057 -0.04710501 0.3817683
vn 0.9961626 0.08749132 0.002323151
vn 0.9620534 0.1659424 -0.2166025
vn 0.8194513 -0.1024184 0.563924
vn 0.9961626 0.08749132 0.002323151
vn 0.923057 -0.04710501 0.3817683
vn 0.9620534 0.1659424 -0.2166025
vn 0.7618092 0.3090221 -0.5693437
vn 0.6008218 0.3730576 -0.7069946
vn 0.9961626 0.08749132 0.002323151
vn 0.7618092 0.3090221 -0.5693437
vn 0.9620534 0.1659424 -0.2166025
vn -0.5279157 0.456682 -0.7160634
vn -0.8016561 0.379824 -0.4616075
vn -0.9058369 0.3153889 -0.2828241
vn -0.5279157 0.456682 -0.7160634
vn -0.3530306 0.4773159 -0.8046982
vn -0.8016561 0.379824 -0.4616075
vn 0.02851216 0.4793558 -0.8771574
vn -0.3530306 0.4773159 -0.8046982
vn -0.5279157 0.456682 -0.7160634
vn 0.02851216 0.4793558 -0.8771574
vn 0.2239591 0.4551142 -0.8618084
vn -0.3530306 0.4773159 -0.8046982
vn 0.6008218 0.3730576 -0.7069946
vn 0.2239591 0.4551142 -0.8618084
vn 0.02851216 0.4793558 -0.8771574
vn 0.6008218 0.3730576 -0.7069946
vn 0.7618092 0.3090221 -0.5693437
vn 0.2239591 0.4551142 -0.8618084
vn -0.9058369 0.3153889 -0.2828241
vn -0.9790044 0.1797091 0.09620382
vn -0.9453985 0.0934293 0.3122385
vn -0.8016561 0.379824 -0.4616075
vn -0.9790044 0.1797091 0.09620382
vn -0.9058369 0.3153889 -0.2828241
vn -0.9453985 0.0934293 0.3122385
vn -0.745126 -0.04939576 0.6650921
vn -0.58381 -0.1082675 0.8046392
vn -0.9790044 0.1797091 0.09620382
vn -0.745126 -0.04939576 0.6650921
vn -0.9453985 0.0934293 0.3122385
vn -0.58381 -0.1082675 0.8046392
vn -0.206854 -0.1889696 0.959949
vn -0.01073098 -0.2026245 0.9791978
vn -0.745126 -0.04939576 0.6650921
vn -0.206854 -0.1889696 0.959949
vn -0.58381 -0.1082675 0.8046392
vn -0.01073098 -0.2026245 0.9791978
vn 0.3708333 -0.2002754 0.9068477
vn 0.545783 -0.1782051 0.8187575
vn -0.206854 -0.1889696 0.959949
vn 0.3708333 -0.2002754 0.9068477
vn -0.01073098 -0.2026245 0.9791978
vn 0.545783 -0.1782051 0.8187575
vn 0.8194513 -0.1024184 0.563924
vn 0.923057 -0.04710501 0.3817683
vn 0.3708333 -0.2002754 0.9068477
vn 0.8194513 -0.1024184 0.563924
vn 0.545783 -0.1782051 0.8187575
vn -0.3448545 0.7872251 0.5112261
vn -0.2584526 0.836637 0.4829503
vn -0.3448545 0.7872251 0.5112261
vn -0.2136672 0.8582343 0.4666692
vn -0.2584526 0.836637 0.4829503
vn -0.3448987 0.7871808 0.5112644
vn -0.2136672 0.8582343 0.4666692
vn 0.01400842 0.9295986 0.3683073
vn -0.2584526 0.836637 0.4829503
vn 0.06013543 0.9365476 0.3453437
vn 0.01400842 0.9295986 0.3683073
vn -0.07727469 0.9084566 0.4107739
vn 0.06013543 0.9365476 0.3453437
vn 0.2845656 0.9333935 0.21863
vn 0.01400842 0.9295986 0.3683073
vn 0.3281774 0.925124 0.1909066
vn 0.2845656 0.9333935 0.21863
vn 0.1961207 0.9422085 0.2716249
vn 0.3281774 0.925124 0.1909066
vn 0.4522815 0.8856072 0.1055529
vn 0.2845656 0.9333935 0.21863
vn 0.4522859 0.8856058 0.1055464
vn 0.4522815 0.8856072 0.1055529
vn 0.4522859 0.8856058 0.1055464
vn 0.6236352 0.5023034 -0.5989747
vn 0.4648668 0.2257717 -0.856111
vn 0.666015 0.6158199 -0.4209396
vn 0.4090497 0.1451088 -0.9009007
vn 0.4648668 0.2257717 -0.856111
vn 0.6236352 0.5023034 -0.5989747
vn 0.4090497 0.1451088 -0.9009007
vn 0.08616468 -0.250506 -0.9642732
vn 0.4648668 0.2257717 -0.856111
vn 0.01327756 -0.3275339 -0.9447462
vn 0.08616468 -0.250506 -0.9642732
vn 0.2220307 -0.09591186 -0.970311
vn 0.01327756 -0.3275339 -0.9447462
vn -0.3255304 -0.631046 -0.7041385
vn 0.08616468 -0.250506 -0.9642732
vn -0.3876992 -0.6749911 -0.627755
vn -0.3255304 -0.631046 -0.7041385
vn -0.1968832 -0.5270396 -0.8267202
vn -0.3876992 -0.6749911 -0.627755
vn -0.6128839 -0.7705412 -0.1750418
vn -0.3255304 -0.631046 -0.7041385
vn -0.6405112 -0.7646619 -0.07097635
vn -0.6128839 -0.7705412 -0.1750418
vn -0.5405607 -0.756872 -0.3673405
vn -0.6405112 -0.7646619 -0.07097635
vn -0.6661168 -0.6157286 0.4209118
vn -0.6128839 -0.7705412 -0.1750418
vn -0.6486947 -0.5622409 0.5129137
vn -0.6661168 -0.6157286 0.4209118
vn -0.6777878 -0.6975843 0.232336
vn -0.6486947 -0.5622409 0.5129137
vn -0.4649031 -0.2257374 0.8561004
vn -0.6661168 -0.6157286 0.4209118
vn -0.4090729 -0.1450876 0.9008935
vn -0.4649031 -0.2257374 0.8561004
vn -0.556095 -0.3718702 0.743284
vn -0.4090729 -0.1450876 0.9008935
vn -0.08611408 0.250479 0.9642847
vn -0.4649031 -0.2257374 0.8561004
vn -0.01320986 0.3274995 0.9447591
vn -0.08611408 0.250479 0.9642847
vn -0.2220111 0.09590181 0.9703165
vn -0.01320986 0.3274995 0.9447591
vn 0.3255631 0.6310148 0.7041514
vn -0.08611408 0.250479 0.9642847
vn 0.3876925 0.6749779 0.6277735
vn 0.3255631 0.6310148 0.7041514
vn 0.1968844 0.5270388 0.8267204
vn 0.3876925 0.6749779 0.6277735
vn 0.6128045 0.7706068 0.1750312
vn 0.3255631 0.6310148 0.7041514
vn 0.6403926 0.7647649 0.07093647
vn 0.6128045 0.7706068 0.1750312
vn 0.5404449 0.7569748 0.3672992
vn 0.6403926 0.7647649 0.07093647
vn 0.666015 0.6158199 -0.4209396
vn 0.6128045 0.7706068 0.1750312
vn 0.6236352 0.5023034 -0.5989747
vn 0.666015 0.6158199 -0.4209396
vn 0.6776648 0.6976941 -0.2323652
vn -0.1123941 0.93835 -0.3269049
vn -0.260895 0.9646625 0.03687977
vn -0.1554102 0.8493173 -0.5044878
vn -0.2021994 0.9771451 0.06559565
vn -0.260895 0.9646625 0.03687977
vn -0.2021994 0.9771451 0.06559565
vn -0.4270589 0.8267746 0.3661483
vn -0.4270589 0.8267746 0.3661483
vn -0.260895 0.9646625 0.03687977
vn -0.7012393 0.5445428 0.4601485
vn -0.9218022 0.2843657 0.2634706
vn -0.7012393 0.5445428 0.4601485
vn -0.9197903 0.23851 0.311607
vn -0.9218022 0.2843657 0.2634706
vn -0.9197903 0.23851 0.311607
vn -0.9994198 0.0253267 -0.02277562
vn -0.9994198 0.0253267 -0.02277562
vn -0.9218022 0.2843657 0.2634706
vn -0.9096299 -0.01345924 -0.4152019
vn -0.7053043 0.1908598 -0.6827288
vn -0.9096299 -0.01345924 -0.4152019
vn -0.6847326 0.1369368 -0.7158141
vn -0.7053043 0.1908598 -0.6827288
vn -0.6847326 0.1369368 -0.7158141
vn -0.4106199 0.4190833 -0.8097906
vn -0.4106199 0.4190833 -0.8097906
vn -0.7053043 0.1908598 -0.6827288
vn -0.1920057 0.7251968 -0.6612288
vn -0.1554102 0.8493173 -0.5044878
vn -0.1920057 0.7251968 -0.6612288
vn 0.6907361 0.7227003 -0.02424896
vn 0.6961549 0.5886626 -0.4109072
vn 0.7065217 0.6716589 -0.2229385
vn 0.6538001 0.4752557 -0.5887933
vn 0.6961549 0.5886626 -0.4109072
vn 0.6907361 0.7227003 -0.02424896
vn 0.6538001 0.4752557 -0.5887933
vn 0.4951394 0.1989875 -0.8457193
vn 0.6961549 0.5886626 -0.4109072
vn 0.378834 0.03612649 -0.9247594
vn 0.4951394 0.1989875 -0.8457193
vn 0.6538001 0.4752557 -0.5887933
vn 0.378834 0.03612649 -0.9247594
vn 0.1166978 -0.2768433 -0.9538027
vn 0.4951394 0.1989875 -0.8457193
vn -0.02913229 -0.4269512 -0.9038054
vn 0.1166978 -0.2768433 -0.9538027
vn 0.378834 0.03612649 -0.9247594
vn -0.02913229 -0.4269512 -0.9038054
vn -0.2946021 -0.6570667 -0.6938826
vn 0.1166978 -0.2768433 -0.9538027
vn -0.4142463 -0.7370802 -0.5339597
vn -0.2946021 -0.6570667 -0.6938826
vn -0.02913229 -0.4269512 -0.9038054
vn -0.4142463 -0.7370802 -0.5339597
vn -0.5816676 -0.7964632 -0.1652552
vn -0.2946021 -0.6570667 -0.6938826
vn -0.6294396 -0.7758297 0.04352246
vn -0.5816676 -0.7964632 -0.1652552
vn -0.4142463 -0.7370802 -0.5339597
vn -0.6294396 -0.7758297 0.04352246
vn -0.6348555 -0.6417907 0.4301899
vn -0.5816676 -0.7964632 -0.1652552
vn -0.5924975 -0.5283846 0.6080761
vn -0.6348555 -0.6417907 0.4301899
vn -0.6294396 -0.7758297 0.04352246
vn -0.5924975 -0.5283846 0.6080761
vn -0.433834 -0.2521122 0.8650015
vn -0.6348555 -0.6417907 0.4301899
vn -0.3175322 -0.08925521 0.9440376
vn -0.433834 -0.2521122 0.8650015
vn -0.5924975 -0.5283846 0.6080761
vn -0.3175322 -0.08925521 0.9440376
vn -0.05540533 0.2237078 0.9730802
vn -0.433834 -0.2521122 0.8650015
vn 0.0904207 0.3738145 0.9230856
vn -0.05540533 0.2237078 0.9730802
vn -0.3175322 -0.08925521 0.9440376
vn 0.0904207 0.3738145 0.9230856
vn 0.3558987 0.6039394 0.7131573
vn -0.05540533 0.2237078 0.9730802
vn 0.4755501 0.6839572 0.5532222
vn 0.3558987 0.6039394 0.7131573
vn 0.0904207 0.3738145 0.9230856
vn 0.4755501 0.6839572 0.5532222
vn 0.5694215 0.7308848 0.3762535
vn 0.3558987 0.6039394 0.7131573
vn 0.6907361 0.7227003 -0.02424896
vn 0.5694215 0.7308848 0.3762535
vn 0.4755501 0.6839572 0.5532222
vn 0.6607198 0.7498661 -0.03391378
vn 0.6661219 0.615723 -0.4209122
vn 0.6129143 0.7705139 0.1750557
vn 0.6486852 0.5622518 -0.5129139
vn 0.6661219 0.615723 -0.4209122
vn 0.6607198 0.7498661 -0.03391378
vn 0.6486852 0.5622518 -0.5129139
vn 0.4648781 0.2257627 -0.8561073
vn 0.6661219 0.615723 -0.4209122
vn 0.4090334 0.1451137 -0.9009073
vn 0.4648781 0.2257627 -0.8561073
vn 0.5560318 0.3719219 -0.7433056
vn 0.4090334 0.1451137 -0.9009073
vn 0.08613476 -0.2504976 -0.9642779
vn 0.4648781 0.2257627 -0.8561073
vn 0.01324826 -0.3275266 -0.9447492
vn 0.08613476 -0.2504976 -0.9642779
vn 0.2220151 -0.09590939 -0.9703148
vn 0.01324826 -0.3275266 -0.9447492
vn -0.3254826 -0.6310853 -0.7041253
vn 0.08613476 -0.2504976 -0.9642779
vn -0.3876073 -0.6750593 -0.6277385
vn -0.3254826 -0.6310853 -0.7041253
vn -0.1968005 -0.5270925 -0.8267062
vn -0.3876073 -0.6750593 -0.6277385
vn -0.6128654 -0.7705597 -0.1750254
vn -0.3254826 -0.6310853 -0.7041253
vn -0.6405299 -0.7646476 -0.070961
vn -0.6128654 -0.7705597 -0.1750254
vn -0.5405843 -0.7568641 -0.3673219
vn -0.6405299 -0.7646476 -0.070961
vn -0.6660743 -0.6157666 0.4209235
vn -0.6128654 -0.7705597 -0.1750254
vn -0.6486249 -0.5623088 0.5129275
vn -0.6660743 -0.6157666 0.4209235
vn -0.6776938 -0.6976728 0.2323444
vn -0.6486249 -0.5623088 0.5129275
vn -0.4648713 -0.2257636 0.8561108
vn -0.6660743 -0.6157666 0.4209235
vn -0.4090476 -0.1451077 0.9009017
vn -0.4648713 -0.2257636 0.8561108
vn -0.5560423 -0.3719184 0.7432994
vn -0.4090476 -0.1451077 0.9009017
vn -0.08610775 0.2504685 0.9642879
vn -0.4648713 -0.2257636 0.8561108
vn -0.01319867 0.3274786 0.9447664
vn -0.08610775 0.2504685 0.9642879
vn -0.2220025 0.09589369 0.9703193
vn -0.01319867 0.3274786 0.9447664
vn 0.3255799 0.6310006 0.7041562
vn -0.08610775 0.2504685 0.9642879
vn 0.3877108 0.6749709 0.6277697
vn 0.3255799 0.6310006 0.7041562
vn 0.1968867 0.5270229 0.8267301
vn 0.3877108 0.6749709 0.6277697
vn 0.6129143 0.7705139 0.1750557
vn 0.3255799 0.6310006 0.7041562
vn 0.6607198 0.7498661 -0.03391378
vn 0.6129143 0.7705139 0.1750557
vn 0.5405881 0.7568418 0.3673623
vn -0.2284623 0.3704546 0.9003157
vn -0.6728981 0.1409156 0.7261895
vn -0.3117308 0.5699467 0.7602531
vn -0.5458632 -0.01674089 0.8377073
vn -0.6728981 0.1409156 0.7261895
vn -0.2284623 0.3704546 0.9003157
vn -0.5458632 -0.01674089 0.8377073
vn -0.8940269 -0.2405406 0.3779632
vn -0.6728981 0.1409156 0.7261895
vn -0.7807625 -0.4257385 0.4573365
vn -0.8940269 -0.2405406 0.3779632
vn -0.6841754 -0.2456814 0.6866913
vn -0.7807625 -0.4257385 0.4573365
vn -0.8906619 -0.428712 -0.1514184
vn -0.8940269 -0.2405406 0.3779632
vn -0.7727588 -0.6241736 -0.115114
vn -0.8906619 -0.428712 -0.1514184
vn -0.803687 -0.5656181 0.184834
vn -0.7727588 -0.6241736 -0.115114
vn -0.6640718 -0.3517475 -0.6597593
vn -0.8906619 -0.428712 -0.1514184
vn -0.5248527 -0.5362958 -0.6609967
vn -0.6640718 -0.3517475 -0.6597593
vn -0.6688669 -0.6238716 -0.4042295
vn -0.5248527 -0.5362958 -0.6609967
vn -0.300825 -0.03902336 -0.9528807
vn -0.6640718 -0.3517475 -0.6597593
vn -0.1318275 -0.1955997 -0.9717832
vn -0.300825 -0.03902336 -0.9528807
vn -0.3313111 -0.3981298 -0.8554097
vn -0.1318275 -0.1955997 -0.9717832
vn 0.0603321 0.3900204 -0.9188277
vn -0.300825 -0.03902336 -0.9528807
vn 0.2562425 0.2677553 -0.928788
vn 0.0603321 0.3900204 -0.9188277
vn 0.08010338 0.02538566 -0.9964635
vn 0.2562425 0.2677553 -0.928788
vn 0.2814531 0.771493 -0.5705987
vn 0.0603321 0.3900204 -0.9188277
vn 0.491185 0.6767564 -0.5483961
vn 0.2814531 0.771493 -0.5705987
vn 0.4082579 0.4848608 -0.773457
vn 0.491185 0.6767564 -0.5483961
vn 0.278084 0.9596715 -0.04123039
vn 0.2814531 0.771493 -0.5705987
vn 0.4831486 0.8752084 0.02403198
vn 0.278084 0.9596715 -0.04123039
vn 0.5277408 0.8048055 -0.2716207
vn 0.4831486 0.8752084 0.02403198
vn 0.05151534 0.8826905 0.4671228
vn 0.278084 0.9596715 -0.04123039
vn 0.2352794 0.7872893 0.5699291
vn 0.05151534 0.8826905 0.4671228
vn 0.3929728 0.8630261 0.3174247
vn 0.2352794 0.7872893 0.5699291
vn -0.3117308 0.5699467 0.7602531
vn 0.05151534 0.8826905 0.4671228
vn -0.2284623 0.3704546 0.9003157
vn -0.3117308 0.5699467 0.7602531
vn 0.05537527 0.6372967 0.7686265
vn -0.1711233 0.4377312 -0.8826712
vn -0.300825 -0.03902336 -0.9528807
vn 0.0603321 0.3900204 -0.9188277
vn -0.4387632 0.1301233 -0.8891317
vn -0.300825 -0.03902336 -0.9528807
vn -0.1711233 0.4377312 -0.8826712
vn -0.4387632 0.1301233 -0.8891317
vn -0.6640718 -0.3517475 -0.6597593
vn -0.300825 -0.03902336 -0.9528807
vn -0.7561077 -0.1449535 -0.6381927
vn -0.6640718 -0.3517475 -0.6597593
vn -0.5937598 -0.04774781 -0.8032246
vn -0.7561077 -0.1449535 -0.6381927
vn -0.8906619 -0.428712 -0.1514184
vn -0.6640718 -0.3517475 -0.6597593
vn -0.9562368 -0.2159318 -0.1974455
vn -0.8906619 -0.428712 -0.1514184
vn -0.8707942 -0.2330148 -0.4329225
vn -0.9562368 -0.2159318 -0.1974455
vn -0.8940269 -0.2405406 0.3779632
vn -0.8906619 -0.428712 -0.1514184
vn -0.962707 -0.05570963 0.2647485
vn -0.8940269 -0.2405406 0.3779632
vn -0.9813947 -0.1852486 0.05047405
vn -0.962707 -0.05570963 0.2647485
vn -0.6728981 0.1409156 0.7261895
vn -0.8940269 -0.2405406 0.3779632
vn -0.7730478 0.2745143 0.5718732
vn -0.6728981 0.1409156 0.7261895
vn -0.883328 0.07732449 0.462334
vn -0.7730478 0.2745143 0.5718732
vn -0.3117308 0.5699467 0.7602531
vn -0.6728981 0.1409156 0.7261895
vn -0.4596993 0.6486203 0.606604
vn -0.3117308 0.5699467 0.7602531
vn -0.6140309 0.4544078 0.6453524
vn -0.4596993 0.6486203 0.606604
vn 0.05151534 0.8826905 0.4671228
vn -0.3117308 0.5699467 0.7602531
vn -0.14238 0.9237232 0.3556171
vn 0.05151534 0.8826905 0.4671228
vn -0.2764 0.8019829 0.5295531
vn -0.14238 0.9237232 0.3556171
vn 0.278084 0.9596715 -0.04123039
vn 0.05151534 0.8826905 0.4671228
vn 0.05770653 0.9946975 -0.08512866
vn 0.278084 0.9596715 -0.04123039
vn 0.000591252 0.9872432 0.1592182
vn 0.05770653 0.9946975 -0.08512866
vn 0.2814531 0.771493 -0.5705987
vn 0.278084 0.9596715 -0.04123039
vn 0.0642015 0.8344756 -0.5472921
vn 0.2814531 0.771493 -0.5705987
vn 0.1112106 0.9394671 -0.3240893
vn 0.0642015 0.8344756 -0.5472921
vn 0.0603321 0.3900204 -0.9188277
vn 0.2814531 0.771493 -0.5705987
vn -0.1711233 0.4377312 -0.8826712
vn 0.0603321 0.3900204 -0.9188277
vn 0.0132048 0.6768808 -0.7359743
vn 0.7389234 -0.6266986 0.2474692
vn 0.7351896 -0.6372191 0.2311891
vn 0.7348058 -0.630963 0.2488903
vn 0.7457255 -0.6221495 0.2383771
vn 0.7351896 -0.6372191 0.2311891
vn 0.7457255 -0.6221495 0.2383771
vn 0.7484288 -0.6233172 0.2265617
vn 0.7484288 -0.6233172 0.2265617
vn 0.7351896 -0.6372191 0.2311891
vn 0.7216631 -0.6508694 0.2357364
vn 0.7351896 -0.6372191 0.2311891
vn 0.7230293 -0.6514658 0.2298285
vn 0.7240639 -0.6444413 0.2458189
vn 0.7351896 -0.6372191 0.2311891
vn 0.7240639 -0.6444413 0.2458189
vn 0.7306607 -0.6352039 0.2503021
vn 0.7348058 -0.630963 0.2488903
vn 0.7351896 -0.6372191 0.2311891
vn 0.7394254 -0.638994 0.2119831
vn 0.7351896 -0.6372191 0.2311891
vn 0.7427395 -0.6343846 0.21423
vn 0.7311775 -0.6474843 0.2148107
vn 0.7351896 -0.6372191 0.2311891
vn 0.7311775 -0.6474843 0.2148107
vn 0.7243686 -0.652038 0.2239121
vn 0.7230293 -0.6514658 0.2298285
vn 0.7351896 -0.6372191 0.2311891
vn 0.7351896 -0.6372191 0.2311891
vn 0.7460258 -0.6297515 0.2164689
vn 0.7427395 -0.6343846 0.21423
vn 0.8098656 -0.5415917 0.2253801
vn 0.8104997 -0.557884 0.1784823
vn 0.8151401 -0.5436916 0.1998654
vn 0.8079706 -0.5648431 0.1677369
vn 0.8104997 -0.557884 0.1784823
vn 0.8098656 -0.5415917 0.2253801
vn 0.8079706 -0.5648431 0.1677369
vn 0.7861188 -0.6051612 0.1256868
vn 0.8104997 -0.557884 0.1784823
vn 0.779146 -0.615082 0.1208552
vn 0.7861188 -0.6051612 0.1256868
vn 0.7997065 -0.5849838 0.135143
vn 0.779146 -0.615082 0.1208552
vn 0.7402013 -0.6629037 0.112521
vn 0.7861188 -0.6051612 0.1256868
vn 0.7314103 -0.6720744 0.115564
vn 0.7402013 -0.6629037 0.112521
vn 0.7573909 -0.6442385 0.1063762
vn 0.7314103 -0.6720744 0.115564
vn 0.6902858 -0.7090416 0.1441031
vn 0.7402013 -0.6629037 0.112521
vn 0.6830928 -0.7139454 0.153838
vn 0.6902858 -0.7090416 0.1441031
vn 0.7043369 -0.6988412 0.1246221
vn 0.6830928 -0.7139454 0.153838
vn 0.6554875 -0.725922 0.2082631
vn 0.6902858 -0.7090416 0.1441031
vn 0.6526611 -0.7247193 0.2209422
vn 0.6554875 -0.725922 0.2082631
vn 0.6608434 -0.7279149 0.1828282
vn 0.6526611 -0.7247193 0.2209422
vn 0.6489732 -0.7071952 0.2805508
vn 0.6554875 -0.725922 0.2082631
vn 0.6515557 -0.7003993 0.2914038
vn 0.6489732 -0.7071952 0.2805508
vn 0.6433434 -0.72051 0.2587949
vn 0.6515557 -0.7003993 0.2914038
vn 0.6733482 -0.6599011 0.3333659
vn 0.6489732 -0.7071952 0.2805508
vn 0.6804718 -0.6500688 0.3381846
vn 0.6733482 -0.6599011 0.3333659
vn 0.6587822 -0.6792101 0.323543
vn 0.6804718 -0.6500688 0.3381846
vn 0.719303 -0.6021637 0.3464136
vn 0.6733482 -0.6599011 0.3333659
vn 0.7282186 -0.5931196 0.3433758
vn 0.719303 -0.6021637 0.3464136
vn 0.7011351 -0.6199697 0.3522035
vn 0.7282186 -0.5931196 0.3433758
vn 0.7692319 -0.5560051 0.3148665
vn 0.719303 -0.6021637 0.3464136
vn 0.7765637 -0.5511816 0.3052011
vn 0.7692319 -0.5560051 0.3148665
vn 0.7542019 -0.5653163 0.3340617
vn 0.7765637 -0.5511816 0.3052011
vn 0.7977422 -0.5361912 0.275874
vn 0.7692319 -0.5560051 0.3148665
vn 0.8098656 -0.5415917 0.2253801
vn 0.7977422 -0.5361912 0.275874
vn 0.797749 -0.5361804 0.2758754
vn 0.8383583 0.5315388 0.1209222
vn 0.6680579 0.5740474 0.4734644
vn 0.8071926 0.5858248 -0.07245465
vn 0.6945276 0.5185084 0.4987791
vn 0.6680579 0.5740474 0.4734644
vn 0.6945276 0.5185084 0.4987791
vn 0.3662087 0.5818031 0.7262207
vn 0.3662087 0.5818031 0.7262207
vn 0.6680579 0.5740474 0.4734644
vn -0.02131739 0.6972694 0.7164922
vn -0.2661909 0.8524173 0.4500301
vn -0.02131739 0.6972694 0.7164922
vn -0.31984 0.8207474 0.4733669
vn -0.2661909 0.8524173 0.4500301
vn -0.31984 0.8207474 0.4733669
vn -0.4155474 0.9051628 0.08944818
vn -0.4155474 0.9051628 0.08944818
vn -0.2661909 0.8524173 0.4500301
vn -0.2717855 0.9181836 -0.2882216
vn 0.08053723 0.8838363 -0.4608113
vn -0.2717855 0.9181836 -0.2882216
vn 0.05658927 0.8548852 -0.5157219
vn 0.08053723 0.8838363 -0.4608113
vn 0.05658927 0.8548852 -0.5157219
vn 0.444138 0.7393975 -0.5059968
vn 0.444138 0.7393975 -0.5059968
vn 0.08053723 0.8838363 -0.4608113
vn 0.7426795 0.6159086 -0.2628382
vn 0.8071926 0.5858248 -0.07245465
vn 0.7426795 0.6159086 -0.2628382
vn 0.9125006 -0.3447038 0.2202775
vn 0.938104 -0.2928785 -0.1848869
vn 0.8359925 -0.3516362 0.4212703
vn 0.887204 -0.2479839 -0.3890672
vn 0.938104 -0.2928785 -0.1848869
vn 0.9125006 -0.3447038 0.2202775
vn 0.887204 -0.2479839 -0.3890672
vn 0.67744 -0.1373803 -0.7226354
vn 0.938104 -0.2928785 -0.1848869
vn 0.518575 -0.07167071 -0.8520231
vn 0.67744 -0.1373803 -0.7226354
vn 0.887204 -0.2479839 -0.3890672
vn 0.518575 -0.07167071 -0.8520231
vn 0.1535636 0.055464 -0.9865811
vn 0.67744 -0.1373803 -0.7226354
vn -0.05258469 0.1168901 -0.991752
vn 0.1535636 0.055464 -0.9865811
vn 0.518575 -0.07167071 -0.8520231
vn -0.05258469 0.1168901 -0.991752
vn -0.4334196 0.211996 -0.8759027
vn 0.1535636 0.055464 -0.9865811
vn -0.6081084 0.2456766 -0.7548822
vn -0.4334196 0.211996 -0.8759027
vn -0.05258469 0.1168901 -0.991752
vn -0.6081084 0.2456766 -0.7548822
vn -0.8593028 0.2724263 -0.4328774
vn -0.4334196 0.211996 -0.8759027
vn -0.9358088 0.2654959 -0.2318921
vn -0.8593028 0.2724263 -0.4328774
vn -0.6081084 0.2456766 -0.7548822
vn -0.9358088 0.2654959 -0.2318921
vn -0.961416 0.2136711 0.1732751
vn -0.8593028 0.2724263 -0.4328774
vn -0.9105163 0.1687766 0.3774581
vn -0.961416 0.2136711 0.1732751
vn -0.9358088 0.2654959 -0.2318921
vn -0.9105163 0.1687766 0.3774581
vn -0.7007486 0.05817171 0.7110329
vn -0.961416 0.2136711 0.1732751
vn -0.5418838 -0.007538233 0.8404198
vn -0.7007486 0.05817171 0.7110329
vn -0.9105163 0.1687766 0.3774581
vn -0.5418838 -0.007538233 0.8404198
vn -0.176874 -0.1346737 0.9749763
vn -0.7007486 0.05817171 0.7110329
vn 0.02926542 -0.1960988 0.9801474
vn -0.176874 -0.1346737 0.9749763
vn -0.5418838 -0.007538233 0.8404198
vn 0.02926542 -0.1960988 0.9801474
vn 0.4100997 -0.2912058 0.8643018
vn -0.176874 -0.1346737 0.9749763
vn 0.5847929 -0.3248868 0.7432806
vn 0.4100997 -0.2912058 0.8643018
vn 0.02926542 -0.1960988 0.9801474
vn 0.5847929 -0.3248868 0.7432806
vn 0.8359925 -0.3516362 0.4212703
vn 0.4100997 -0.2912058 0.8643018
vn 0.9125006 -0.3447038 0.2202775
vn 0.8359925 -0.3516362 0.4212703
vn 0.5847929 -0.3248868 0.7432806
vn 0.9249493 -0.3053965 0.2262783
vn 0.9505808 -0.2535131 -0.1792408
vn 0.8483742 -0.3123365 0.4274429
vn 0.9305227 -0.2323836 -0.2830646
vn 0.9505808 -0.2535131 -0.1792408
vn 0.9249493 -0.3053965 0.2262783
vn 0.9305227 -0.2323836 -0.2830646
vn 0.6896961 -0.09786233 -0.7174554
vn 0.9505808 -0.2535131 -0.1792408
vn 0.6137615 -0.06535818 -0.7867817
vn 0.6896961 -0.09786233 -0.7174554
vn 0.8118853 -0.1565177 -0.5624452
vn 0.6137615 -0.06535818 -0.7867817
vn 0.165355 0.09513668 -0.9816348
vn 0.6896961 -0.09786233 -0.7174554
vn 0.06255601 0.1266114 -0.9899781
vn 0.165355 0.09513668 -0.9816348
vn 0.3555567 0.03220363 -0.9340999
vn 0.06255601 0.1266114 -0.9899781
vn -0.4221389 0.2517891 -0.8708623
vn 0.165355 0.09513668 -0.9816348
vn -0.5125402 0.2702112 -0.8150389
vn -0.4221389 0.2517891 -0.8708623
vn -0.236568 0.2086247 -0.9489528
vn -0.5125402 0.2702112 -0.8150389
vn -0.848389 0.3122977 -0.427442
vn -0.4221389 0.2517891 -0.8708623
vn -0.8918554 0.310655 -0.328767
vn -0.848389 0.3122977 -0.427442
vn -0.7383339 0.3054082 -0.6013227
vn -0.8918554 0.310655 -0.328767
vn -0.9505938 0.2534755 0.1792258
vn -0.848389 0.3122977 -0.427442
vn -0.9305386 0.2323441 0.2830447
vn -0.9505938 0.2534755 0.1792258
vn -0.9580948 0.2854398 -0.02405354
vn -0.9305386 0.2323441 0.2830447
vn -0.6897027 0.09785032 0.7174508
vn -0.9505938 0.2534755 0.1792258
vn -0.6137654 0.0653543 0.7867789
vn -0.6897027 0.09785032 0.7174508
vn -0.8118812 0.1565321 0.5624471
vn -0.6137654 0.0653543 0.7867789
vn -0.1653647 -0.09516005 0.981631
vn -0.6897027 0.09785032 0.7174508
vn -0.06256364 -0.1266353 0.9899746
vn -0.1653647 -0.09516005 0.981631
vn -0.3555619 -0.03220779 0.9340978
vn -0.06256364 -0.1266353 0.9899746
vn 0.4221264 -0.251838 0.8708543
vn -0.1653647 -0.09516005 0.981631
vn 0.5125263 -0.2702636 0.8150305
vn 0.4221264 -0.251838 0.8708543
vn 0.2365596 -0.2086654 0.9489461
vn 0.5125263 -0.2702636 0.8150305
vn 0.8483742 -0.3123365 0.4274429
vn 0.4221264 -0.251838 0.8708543
vn 0.9249493 -0.3053965 0.2262783
vn 0.8483742 -0.3123365 0.4274429
vn 0.7383149 -0.3054269 0.6013367
vn -0.1074044 0.09275095 0.9898797
vn -0.4343032 0.4522196 0.7790239
vn 0.06889185 0.2778805 0.9581422
vn -0.5466733 0.2511871 0.7987825
vn -0.4343032 0.4522196 0.7790239
vn -0.1074044 0.09275095 0.9898797
vn -0.5466733 0.2511871 0.7987825
vn -0.7271022 0.6049988 0.3244981
vn -0.4343032 0.4522196 0.7790239
vn -0.8572301 0.4149406 0.3049278
vn -0.7271022 0.6049988 0.3244981
vn -0.744986 0.3320319 0.5785767
vn -0.8572301 0.4149406 0.3049278
vn -0.6977049 0.6778409 -0.2318183
vn -0.7271022 0.6049988 0.3244981
vn -0.8193259 0.4916559 -0.2949229
vn -0.6977049 0.6778409 -0.2318183
vn -0.8885946 0.4586869 0.002495646
vn -0.8193259 0.4916559 -0.2949229
vn -0.3573197 0.6429487 -0.6774509
vn -0.6977049 0.6778409 -0.2318183
vn -0.4474355 0.452041 -0.771661
vn -0.3573197 0.6429487 -0.6774509
vn -0.6727588 0.4782234 -0.5645337
vn -0.4474355 0.452041 -0.771661
vn 0.1640565 0.5136388 -0.8421763
vn -0.3573197 0.6429487 -0.6774509
vn 0.1163987 0.3112562 -0.9431708
vn 0.1640565 0.5136388 -0.8421763
vn -0.1798991 0.3832212 -0.9059681
vn 0.1163987 0.3112562 -0.9431708
vn 0.6672461 0.3393151 -0.6630595
vn 0.1640565 0.5136388 -0.8421763
vn 0.6568061 0.1230229 -0.7439565
vn 0.6672461 0.3393151 -0.6630595
vn 0.4017153 0.2099185 -0.8913805
vn 0.6568061 0.1230229 -0.7439565
vn 0.960061 0.1865408 -0.2085318
vn 0.6672461 0.3393151 -0.6630595
vn 0.9673624 -0.0407315 -0.250102
vn 0.960061 0.1865408 -0.2085318
vn 0.8499221 0.02452502 -0.5263376
vn 0.9673624 -0.0407315 -0.250102
vn 0.9306524 0.1136898 0.3477942
vn 0.960061 0.1865408 -0.2085318
vn 0.9294546 -0.1174425 0.3497449
vn 0.9306524 0.1136898 0.3477942
vn 0.9935282 -0.1021254 0.04972124
vn 0.9294546 -0.1174425 0.3497449
vn 0.5902535 0.1485738 0.7934273
vn 0.9306524 0.1136898 0.3477942
vn 0.5575606 -0.07784127 0.8264787
vn 0.5902535 0.1485738 0.7934273
vn 0.7776831 -0.1216784 0.6167685
vn 0.5575606 -0.07784127 0.8264787
vn 0.06889185 0.2778805 0.9581422
vn 0.5902535 0.1485738 0.7934273
vn -0.1074044 0.09275095 0.9898797
vn 0.06889185 0.2778805 0.9581422
vn 0.2848219 -0.02666647 0.9582096
vn 0.5912172 0.5529084 -0.5871582
vn 0.1640565 0.5136388 -0.8421763
vn 0.6672461 0.3393151 -0.6630595
vn 0.2203703 0.6807194 -0.6986116
vn 0.1640565 0.5136388 -0.8421763
vn 0.5912172 0.5529084 -0.5871582
vn 0.2203703 0.6807194 -0.6986116
vn -0.3573197 0.6429487 -0.6774509
vn 0.1640565 0.5136388 -0.8421763
vn -0.2348856 0.7944327 -0.5600944
vn -0.3573197 0.6429487 -0.6774509
vn -0.02524845 0.7304035 -0.6825492
vn -0.2348856 0.7944327 -0.5600944
vn -0.6977049 0.6778409 -0.2318183
vn -0.3573197 0.6429487 -0.6774509
vn -0.5351392 0.8263974 -0.1751956
vn -0.6977049 0.6778409 -0.2318183
vn -0.4297148 0.808379 -0.402329
vn -0.5351392 0.8263974 -0.1751956
vn -0.7271022 0.6049988 0.3244981
vn -0.6977049 0.6778409 -0.2318183
vn -0.5657243 0.7644622 0.3091175
vn -0.7271022 0.6049988 0.3244981
vn -0.6068168 0.7923409 0.0630023
vn -0.5657243 0.7644622 0.3091175
vn -0.4343032 0.4522196 0.7790239
vn -0.7271022 0.6049988 0.3244981
vn -0.3150353 0.6322224 0.7078473
vn -0.4343032 0.4522196 0.7790239
vn -0.4890388 0.6883648 0.5357194
vn -0.3150353 0.6322224 0.7078473
vn 0.06889185 0.2778805 0.9581422
vn -0.4343032 0.4522196 0.7790239
vn 0.1213159 0.480241 0.8687067
vn 0.06889185 0.2778805 0.9581422
vn -0.1211633 0.5362152 0.8353398
vn 0.1213159 0.480241 0.8687067
vn 0.5902535 0.1485738 0.7934273
vn 0.06889185 0.2778805 0.9581422
vn 0.5765429 0.3665378 0.7302387
vn 0.5902535 0.1485738 0.7934273
vn 0.3561261 0.3939737 0.8473247
vn 0.5765429 0.3665378 0.7302387
vn 0.9306524 0.1136898 0.3477942
vn 0.5902535 0.1485738 0.7934273
vn 0.876824 0.3345921 0.3452941
vn 0.9306524 0.1136898 0.3477942
vn 0.7606212 0.316025 0.5670835
vn 0.876824 0.3345921 0.3452941
vn 0.960061 0.1865408 -0.2085318
vn 0.9306524 0.1136898 0.3477942
vn 0.9074309 0.3965381 -0.1390206
vn 0.960061 0.1865408 -0.2085318
vn 0.9377529 0.3320681 0.1017371
vn 0.9074309 0.3965381 -0.1390206
vn 0.6672461 0.3393151 -0.6630595
vn 0.960061 0.1865408 -0.2085318
vn 0.5912172 0.5529084 -0.5871582
vn 0.6672461 0.3393151 -0.6630595
vn 0.8198929 0.4360291 -0.3710182
vn -0.1653553 -0.9799997 -0.1107172
vn -0.1622548 -0.9737076 -0.1598965
vn -0.1559442 -0.9784923 -0.1350345
vn -0.1653711 -0.9710646 -0.1722962
vn -0.1622548 -0.9737076 -0.1598965
vn -0.1653553 -0.9799997 -0.1107172
vn -0.1653711 -0.9710646 -0.1722962
vn -0.1939518 -0.9548467 -0.2250565
vn -0.1622548 -0.9737076 -0.1598965
vn -0.2036346 -0.9509463 -0.2328822
vn -0.1939518 -0.9548467 -0.2250565
vn -0.1746116 -0.9621593 -0.2091897
vn -0.2036346 -0.9509463 -0.2328822
vn -0.2574872 -0.9314699 -0.2570297
vn -0.1939518 -0.9548467 -0.2250565
vn -0.2700018 -0.9278253 -0.25737
vn -0.2574872 -0.9314699 -0.2570297
vn -0.2323433 -0.9382753 -0.2562343
vn -0.2700018 -0.9278253 -0.25737
vn -0.3286509 -0.9124816 -0.2436517
vn -0.2574872 -0.9314699 -0.2570297
vn -0.3392769 -0.9105098 -0.2363536
vn -0.3286509 -0.9124816 -0.2436517
vn -0.307273 -0.915934 -0.2581633
vn -0.3392769 -0.9105098 -0.2363536
vn -0.3803859 -0.9051087 -0.18996
vn -0.3286509 -0.9124816 -0.2436517
vn -0.3851043 -0.9055855 -0.1777908
vn -0.3803859 -0.9051087 -0.18996
vn -0.3708838 -0.90363 -0.2142384
vn -0.3851043 -0.9055855 -0.1777908
vn -0.3927104 -0.9122606 -0.1164438
vn -0.3803859 -0.9051087 -0.18996
vn -0.3895961 -0.9150847 -0.1040914
vn -0.3927104 -0.9122606 -0.1164438
vn -0.3985482 -0.9062259 -0.1411169
vn -0.3895961 -0.9150847 -0.1040914
vn -0.3610934 -0.931124 -0.0511831
vn -0.3927104 -0.9122606 -0.1164438
vn -0.3515166 -0.9351797 -0.04330224
vn -0.3610934 -0.931124 -0.0511831
vn -0.3801377 -0.9225147 -0.06679952
vn -0.3515166 -0.9351797 -0.04330224
vn -0.2975753 -0.9545067 -0.01913044
vn -0.3610934 -0.931124 -0.0511831
vn -0.2850988 -0.9583133 -0.01882122
vn -0.2975753 -0.9545067 -0.01913044
vn -0.3223565 -0.9464124 -0.01974696
vn -0.2850988 -0.9583133 -0.01882122
vn -0.2262906 -0.973518 -0.03248814
vn -0.2975753 -0.9545067 -0.01913044
vn -0.2156674 -0.9756556 -0.03979617
vn -0.2262906 -0.973518 -0.03248814
vn -0.2473238 -0.9687709 -0.01772092
vn -0.2156674 -0.9756556 -0.03979617
vn -0.1837382 -0.9810283 -0.06183738
vn -0.2262906 -0.973518 -0.03248814
vn -0.1653553 -0.9799997 -0.1107172
vn -0.1837382 -0.9810283 -0.06183738
vn -0.1837968 -0.9810156 -0.06186451
vn 0.7054231 0.6939679 0.1441772
vn 0.6256829 0.5863756 0.5144751
vn 0.6149513 0.7884836 -0.01134333
vn 0.6691507 0.5360192 0.5147048
vn 0.6256829 0.5863756 0.5144751
vn 0.6691507 0.5360192 0.5147048
vn 0.4040744 0.4369208 0.803632
vn 0.4040744 0.4369208 0.803632
vn 0.6256829 0.5863756 0.5144751
vn 0.01140833 0.4345234 0.9005883
vn -0.3209857 0.5805989 0.7482468
vn 0.01140833 0.4345234 0.9005883
vn -0.3587392 0.5297344 0.7685623
vn -0.3209857 0.5805989 0.7482468
vn -0.3587392 0.5297344 0.7685623
vn -0.565148 0.6862338 0.4579204
vn -0.565148 0.6862338 0.4579204
vn -0.3209857 0.5805989 0.7482468
vn -0.5288718 0.8441927 0.08736894
vn -0.2335442 0.9614499 -0.1451588
vn -0.5288718 0.8441927 0.08736894
vn -0.2638077 0.9432858 -0.2015379
vn -0.2335442 0.9614499 -0.1451588
vn -0.2638077 0.9432858 -0.2015379
vn 0.1287704 0.9456885 -0.2984819
vn 0.1287704 0.9456885 -0.2984819
vn -0.2335442 0.9614499 -0.1451588
vn 0.4990789 0.850431 -0.1663954
vn 0.6149513 0.7884836 -0.01134333
vn 0.4990789 0.850431 -0.1663954
vn 0.990803 -0.1158995 -0.06983492
vn 0.9002984 0.05138646 -0.4322296
vn 0.9715032 -0.1999376 0.1273058
vn 0.7904968 0.1346346 -0.5974851
vn 0.9002984 0.05138646 -0.4322296
vn 0.990803 -0.1158995 -0.06983492
vn 0.7904968 0.1346346 -0.5974851
vn 0.4837316 0.2685467 -0.8329985
vn 0.9002984 0.05138646 -0.4322296
vn 0.2867728 0.3192081 -0.9032541
vn 0.4837316 0.2685467 -0.8329985
vn 0.7904968 0.1346346 -0.5974851
vn 0.2867728 0.3192081 -0.9032541
vn -0.1190786 0.368596 -0.9219313
vn 0.4837316 0.2685467 -0.8329985
vn -0.327971 0.3673212 -0.8703507
vn -0.1190786 0.368596 -0.9219313
vn 0.2867728 0.3192081 -0.9032541
vn -0.327971 0.3673212 -0.8703507
vn -0.6778889 0.3133228 -0.665053
vn -0.1190786 0.368596 -0.9219313
vn -0.8189133 0.2606 -0.5113402
vn -0.6778889 0.3133228 -0.665053
vn -0.327971 0.3673212 -0.8703507
vn -0.8189133 0.2606 -0.5113402
vn -0.9792367 0.1238417 -0.1604958
vn -0.6778889 0.3133228 -0.665053
vn -0.9985355 0.03980524 0.03664029
vn -0.9792367 0.1238417 -0.1604958
vn -0.8189133 0.2606 -0.5113402
vn -0.9985355 0.03980524 0.03664029
vn -0.9080326 -0.1274786 0.3990317
vn -0.9792367 0.1238417 -0.1604958
vn -0.7982306 -0.2107267 0.5642893
vn -0.9080326 -0.1274786 0.3990317
vn -0.9985355 0.03980524 0.03664029
vn -0.7982306 -0.2107267 0.5642893
vn -0.4914637 -0.3446384 0.7998049
vn -0.9080326 -0.1274786 0.3990317
vn -0.2945036 -0.3953013 0.8700603
vn -0.4914637 -0.3446384 0.7998049
vn -0.7982306 -0.2107267 0.5642893
vn -0.2945036 -0.3953013 0.8700603
vn 0.111347 -0.4446914 0.8887359
vn -0.4914637 -0.3446384 0.7998049
vn 0.3202381 -0.4434183 0.8371548
vn 0.111347 -0.4446914 0.8887359
vn -0.2945036 -0.3953013 0.8700603
vn 0.3202381 -0.4434183 0.8371548
vn 0.6701547 -0.3894183 0.6318594
vn 0.111347 -0.4446914 0.8887359
vn 0.8111776 -0.336695 0.4781502
vn 0.6701547 -0.3894183 0.6318594
vn 0.3202381 -0.4434183 0.8371548
vn 0.8111776 -0.336695 0.4781502
vn 0.9715032 -0.1999376 0.1273058
vn 0.6701547 -0.3894183 0.6318594
vn 0.990803 -0.1158995 -0.06983492
vn 0.9715032 -0.1999376 0.1273058
vn 0.8111776 -0.336695 0.4781502
vn 0.9955348 -0.07791907 -0.05328631
vn 0.904953 0.08949956 -0.415993
vn 0.9762201 -0.1620296 0.1440173
vn 0.8549758 0.1319225 -0.5016104
vn 0.904953 0.08949956 -0.415993
vn 0.9955348 -0.07791907 -0.05328631
vn 0.8549758 0.1319225 -0.5016104
vn 0.488023 0.3068386 -0.8171191
vn 0.904953 0.08949956 -0.415993
vn 0.3917301 0.3341376 -0.8572628
vn 0.488023 0.3068386 -0.8171191
vn 0.6554372 0.2450283 -0.7143974
vn 0.3917301 0.3341376 -0.8572628
vn -0.1153229 0.4069756 -0.90613
vn 0.488023 0.3068386 -0.8171191
vn -0.221141 0.408716 -0.8854649
vn -0.1153229 0.4069756 -0.90613
vn 0.08967295 0.3905545 -0.9162021
vn -0.221141 0.408716 -0.8854649
vn -0.674606 0.3516531 -0.6490355
vn -0.1153229 0.4069756 -0.90613
vn -0.7495404 0.3271732 -0.5754538
vn -0.674606 0.3516531 -0.6490355
vn -0.5103111 0.3868813 -0.7680532
vn -0.7495404 0.3271732 -0.5754538
vn -0.9762217 0.1620108 -0.1440266
vn -0.674606 0.3516531 -0.6490355
vn -0.9916442 0.1206606 -0.04564041
vn -0.9762217 0.1620108 -0.1440266
vn -0.9153971 0.2354398 -0.3265216
vn -0.9916442 0.1206606 -0.04564041
vn -0.9049556 -0.08950607 0.4159861
vn -0.9762217 0.1620108 -0.1440266
vn -0.8549777 -0.1319271 0.501606
vn -0.9049556 -0.08950607 0.4159861
vn -0.9708248 -0.005917237 0.2397173
vn -0.8549777 -0.1319271 0.501606
vn -0.4880219 -0.3068312 0.8171227
vn -0.9049556 -0.08950607 0.4159861
vn -0.3917268 -0.3341215 0.8572708
vn -0.4880219 -0.3068312 0.8171227
vn -0.6554329 -0.2449986 0.7144114
vn -0.3917268 -0.3341215 0.8572708
vn 0.1153217 -0.4069733 0.9061312
vn -0.4880219 -0.3068312 0.8171227
vn 0.2211383 -0.4087134 0.8854668
vn 0.1153217 -0.4069733 0.9061312
vn -0.08967809 -0.3905474 0.9162046
vn 0.2211383 -0.4087134 0.8854668
vn 0.6746014 -0.3516687 0.6490318
vn 0.1153217 -0.4069733 0.9061312
vn 0.7495343 -0.3271962 0.5754486
vn 0.6746014 -0.3516687 0.6490318
vn 0.5103024 -0.3868948 0.7680521
vn 0.7495343 -0.3271962 0.5754486
vn 0.9762201 -0.1620296 0.1440173
vn 0.6746014 -0.3516687 0.6490318
vn 0.9955348 -0.07791907 -0.05328631
vn 0.9762201 -0.1620296 0.1440173
vn 0.9153956 -0.2354536 0.3265158
vn 0.1312464 -0.2203714 0.9665459
vn -0.3085815 0.07416923 0.9483019
vn 0.2490702 0.008706434 0.9684464
vn -0.3657933 -0.1478532 0.9188769
vn -0.3085815 0.07416923 0.9483019
vn 0.1312464 -0.2203714 0.9665459
vn -0.3657933 -0.1478532 0.9188769
vn -0.7336143 0.2565291 0.6292876
vn -0.3085815 0.07416923 0.9483019
vn -0.8199615 0.05040053 0.5701959
vn -0.7336143 0.2565291 0.6292876
vn -0.6263871 -0.06940723 0.7764162
vn -0.8199615 0.05040053 0.5701959
vn -0.8636739 0.4861177 0.1332554
vn -0.7336143 0.2565291 0.6292876
vn -0.9539559 0.2980523 0.03366268
vn -0.8636739 0.4861177 0.1332554
vn -0.9361752 0.1654474 0.310167
vn -0.9539559 0.2980523 0.03366268
vn -0.6490844 0.6752509 -0.3503223
vn -0.8636739 0.4861177 0.1332554
vn -0.7165915 0.5005333 -0.4857605
vn -0.6490844 0.6752509 -0.3503223
vn -0.8817269 0.4025427 -0.2460032
vn -0.7165915 0.5005333 -0.4857605
vn -0.171801 0.7516883 -0.6367489
vn -0.6490844 0.6752509 -0.3503223
vn -0.1985363 0.5804785 -0.7897013
vn -0.171801 0.7516883 -0.6367489
vn -0.48384 0.5512928 -0.6796876
vn -0.1985363 0.5804785 -0.7897013
vn 0.3858629 0.686235 -0.6165966
vn -0.171801 0.7516883 -0.6367489
vn 0.4023252 0.5073668 -0.7620455
vn 0.3858629 0.686235 -0.6165966
vn 0.1054949 0.5549012 -0.8252004
vn 0.4023252 0.5073668 -0.7620455
vn 0.8108832 0.5038992 -0.2975807
vn 0.3858629 0.686235 -0.6165966
vn 0.8564835 0.3091296 -0.4133705
vn 0.8108832 0.5038992 -0.2975807
vn 0.6611808 0.4119828 -0.6269852
vn 0.8564835 0.3091296 -0.4133705
vn 0.9409449 0.274297 0.1984544
vn 0.8108832 0.5038992 -0.2975807
vn 0.9904844 0.06143526 0.1231524
vn 0.9409449 0.274297 0.1984544
vn 0.9709818 0.1770744 -0.1607462
vn 0.9904844 0.06143526 0.1231524
vn 0.7263473 0.08514557 0.6820338
vn 0.9409449 0.274297 0.1984544
vn 0.753122 -0.1410347 0.6425858
vn 0.7263473 0.08514557 0.6820338
vn 0.9165329 -0.06000495 0.3954326
vn 0.753122 -0.1410347 0.6425858
vn 0.2490702 0.008706434 0.9684464
vn 0.7263473 0.08514557 0.6820338
vn 0.1312464 -0.2203714 0.9665459
vn 0.2490702 0.008706434 0.9684464
vn 0.5186479 -0.2087631 0.8291094
vn 0.2872353 0.8392653 -0.4616598
vn -0.171801 0.7516883 -0.6367489
vn 0.3858629 0.686235 -0.6165966
vn -0.1183909 0.8811989 -0.4576813
vn -0.171801 0.7516883 -0.6367489
vn 0.2872353 0.8392653 -0.4616598
vn -0.1183909 0.8811989 -0.4576813
vn -0.6490844 0.6752509 -0.3503223
vn -0.171801 0.7516883 -0.6367489
vn -0.5366687 0.8166636 -0.2122436
vn -0.6490844 0.6752509 -0.3503223
vn -0.3565038 0.8519602 -0.3834957
vn -0.5366687 0.8166636 -0.2122436
vn -0.8636739 0.4861177 0.1332554
vn -0.6490844 0.6752509 -0.3503223
vn -0.7282957 0.6532029 0.2071509
vn -0.8636739 0.4861177 0.1332554
vn -0.6829999 0.7298973 -0.02758831
vn -0.7282957 0.6532029 0.2071509
vn -0.7336143 0.2565291 0.6292876
vn -0.8636739 0.4861177 0.1332554
vn -0.6201026 0.4532448 0.6403453
vn -0.7336143 0.2565291 0.6292876
vn -0.7276738 0.5353373 0.4288417
vn -0.6201026 0.4532448 0.6403453
vn -0.3085815 0.07416923 0.9483019
vn -0.7336143 0.2565291 0.6292876
vn -0.2534145 0.293162 0.9218662
vn -0.3085815 0.07416923 0.9483019
vn -0.4734428 0.3425747 0.8114769
vn -0.2534145 0.293162 0.9218662
vn 0.2490702 0.008706434 0.9684464
vn -0.3085815 0.07416923 0.9483019
vn 0.2317163 0.2341187 0.9441907
vn 0.2490702 0.008706434 0.9684464
vn -0.01741774 0.2252621 0.9741426
vn 0.2317163 0.2341187 0.9441907
vn 0.7263473 0.08514557 0.6820338
vn 0.2490702 0.008706434 0.9684464
vn 0.6499908 0.2986468 0.6988005
vn 0.7263473 0.08514557 0.6820338
vn 0.466234 0.2281971 0.8547235
vn 0.6499908 0.2986468 0.6988005
vn 0.9409449 0.274297 0.1984544
vn 0.7263473 0.08514557 0.6820338
vn 0.8416409 0.4621511 0.2793869
vn 0.9409449 0.274297 0.1984544
vn 0.7927686 0.3502889 0.4988144
vn 0.8416409 0.4621511 0.2793869
vn 0.8108832 0.5038992 -0.2975807
vn 0.9409449 0.274297 0.1984544
vn 0.733462 0.6620982 -0.1538172
vn 0.8108832 0.5038992 -0.2975807
vn 0.8374588 0.5448573 0.04234827
vn 0.733462 0.6620982 -0.1538172
vn 0.3858629 0.686235 -0.6165966
vn 0.8108832 0.5038992 -0.2975807
vn 0.2872353 0.8392653 -0.4616598
vn 0.3858629 0.686235 -0.6165966
vn 0.5832447 0.7375822 -0.3402913
vn 0.0287027 -0.9153473 -0.4016412
vn 0.01768264 -0.8950512 -0.4456128
vn 0.03106903 -0.9045118 -0.4253154
vn 0.01097983 -0.8900885 -0.4556555
vn 0.01768264 -0.8950512 -0.4456128
vn 0.0287027 -0.9153473 -0.4016412
vn 0.01097983 -0.8900885 -0.4556555
vn -0.0328755 -0.8686619 -0.4943135
vn 0.01768264 -0.8950512 -0.4456128
vn -0.04481772 -0.8656331 -0.498669
vn -0.0328755 -0.8686619 -0.4943135
vn -0.008910649 -0.8741958 -0.485492
vn -0.04481772 -0.8656331 -0.498669
vn -0.1060144 -0.8565573 -0.5050452
vn -0.0328755 -0.8686619 -0.4943135
vn -0.1186762 -0.8567473 -0.5018965
vn -0.1060144 -0.8565573 -0.5050452
vn -0.08062495 -0.8558591 -0.5108864
vn -0.1186762 -0.8567473 -0.5018965
vn -0.1739083 -0.863239 -0.4738926
vn -0.1060144 -0.8565573 -0.5050452
vn -0.1825516 -0.8664777 -0.4646412
vn -0.1739083 -0.863239 -0.4738926
vn -0.1567202 -0.856209 -0.4922855
vn -0.1825516 -0.8664777 -0.4646412
vn -0.2104341 -0.8862441 -0.4126607
vn -0.1739083 -0.863239 -0.4738926
vn -0.211547 -0.8914366 -0.4007352
vn -0.2104341 -0.8862441 -0.4126607
vn -0.207877 -0.8754758 -0.4362675
vn -0.211547 -0.8914366 -0.4007352
vn -0.2017912 -0.9167589 -0.3447222
vn -0.2104341 -0.8862441 -0.4126607
vn -0.1951836 -0.9218916 -0.3346927
vn -0.2017912 -0.9167589 -0.3447222
vn -0.2150192 -0.9060313 -0.364519
vn -0.1951836 -0.9218916 -0.3346927
vn -0.1512361 -0.9430912 -0.2961532
vn -0.2017912 -0.9167589 -0.3447222
vn -0.1392821 -0.94623 -0.2919747
vn -0.1512361 -0.9430912 -0.2961532
vn -0.1749645 -0.9362993 -0.3045178
vn -0.1392821 -0.94623 -0.2919747
vn -0.07804264 -0.9552627 -0.2852763
vn -0.1512361 -0.9430912 -0.2961532
vn -0.06534085 -0.9552927 -0.2883513
vn -0.07804264 -0.9552627 -0.2852763
vn -0.1033444 -0.9547923 -0.2787323
vn -0.06534085 -0.9552927 -0.2883513
vn -0.0102897 -0.9485423 -0.3164835
vn -0.07804264 -0.9552627 -0.2852763
vn -0.001807023 -0.9454066 -0.3258882
vn -0.0102897 -0.9485423 -0.3164835
vn -0.02743026 -0.9542618 -0.2977114
vn -0.001807023 -0.9454066 -0.3258882
vn 0.02393198 -0.9351101 -0.3535482
vn -0.0102897 -0.9485423 -0.3164835
vn 0.0287027 -0.9153473 -0.4016412
vn 0.02393198 -0.9351101 -0.3535482
vn 0.02404498 -0.9351143 -0.3535296
vn 0.9883479 -1.313353E-08 -0.1522124
vn 0.8443986 -3.940062E-08 -0.5357156
vn 0.9980181 -6.566765E-09 0.0629274
vn 0.7818053 -4.953882E-08 -0.6235226
vn 0.8443986 -3.940062E-08 -0.5357156
vn 0.9883479 -1.313353E-08 -0.1522124
vn 0.7818053 -4.953882E-08 -0.6235226
vn 0.3682502 -7.85702E-06 -0.9297268
vn 0.8443986 -3.940062E-08 -0.5357156
vn 0.2659997 -1.181483E-05 -0.9639732
vn 0.3682502 -7.85702E-06 -0.9297268
vn 0.5508674 -1.876537E-05 -0.8345929
vn 0.2659997 -1.181483E-05 -0.9639732
vn -0.248559 -1.298529E-06 -0.9686168
vn 0.3682502 -7.85702E-06 -0.9297268
vn -0.3514101 -9.907723E-09 -0.9362217
vn -0.248559 -1.298529E-06 -0.9686168
vn -0.04490753 -1.884564E-08 -0.9989913
vn -0.3514101 -9.907723E-09 -0.9362217
vn -0.7704268 6.987144E-06 -0.6375287
vn -0.248559 -1.298529E-06 -0.9686168
vn -0.8345964 1.054201E-05 -0.5508622
vn -0.7704268 6.987144E-06 -0.6375287
vn -0.6235182 1.344946E-05 -0.781809
vn -0.8345964 1.054201E-05 -0.5508622
vn -0.9980186 3.524334E-06 -0.06292021
vn -0.7704268 6.987144E-06 -0.6375287
vn -0.9989913 1.846234E-06 0.04490739
vn -0.9980186 3.524334E-06 -0.06292021
vn -0.9639755 5.885721E-06 -0.2659913
vn -0.9989913 1.846234E-06 0.04490739
vn -0.8444006 -5.030942E-06 0.5357125
vn -0.9980186 3.524334E-06 -0.06292021
vn -0.7818069 -6.342474E-06 0.6235207
vn -0.8444006 -5.030942E-06 0.5357125
vn -0.9362216 -2.373969E-06 0.3514104
vn -0.7818069 -6.342474E-06 0.6235207
vn -0.3682476 -3.356822E-06 0.9297279
vn -0.8444006 -5.030942E-06 0.5357125
vn -0.2659958 2.972328E-08 0.9639744
vn -0.3682476 -3.356822E-06 0.9297279
vn -0.5508606 3.769154E-08 0.8345975
vn -0.2659958 2.972328E-08 0.9639744
vn 0.2485625 1.313343E-08 0.9686159
vn -0.3682476 -3.356822E-06 0.9297279
vn 0.3514155 9.907676E-09 0.9362197
vn 0.2485625 1.313343E-08 0.9686159
vn 0.04490651 1.884551E-08 0.9989914
vn 0.3514155 9.907676E-09 0.9362197
vn 0.7704288 0 0.6375262
vn 0.2485625 1.313343E-08 0.9686159
vn 0.8345952 0 0.550864
vn 0.7704288 0 0.6375262
vn 0.6235251 0 0.7818035
vn 0.8345952 0 0.550864
vn 0.9980181 -6.566765E-09 0.0629274
vn 0.7704288 0 0.6375262
vn 0.9883479 -1.313353E-08 -0.1522124
vn 0.9980181 -6.566765E-09 0.0629274
vn 0.963972 0 0.2660039
vn 0.6308071 0.7561617 0.174075
vn 0.3757711 0.7979938 0.4711708
vn 0.6348432 0.772114 -0.02853401
vn 0.4080219 0.7561591 0.5116071
vn 0.3757711 0.7979938 0.4711708
vn 0.4080219 0.7561591 0.5116071
vn 0.02938614 0.7561585 0.6537285
vn 0.02938614 0.7561585 0.6537285
vn 0.3757711 0.7979938 0.4711708
vn -0.3604832 0.756156 0.5461503
vn -0.5642303 0.7979918 0.2117861
vn -0.3604832 0.756156 0.5461503
vn -0.6126524 0.756156 0.2299682
vn -0.5642303 0.7979918 0.2117861
vn -0.6126524 0.756156 0.2299682
vn -0.6308143 0.7561569 -0.1740693
vn -0.6308143 0.7561569 -0.1740693
vn -0.5642303 0.7979918 0.2117861
vn -0.4080254 0.7561577 -0.5116062
vn -0.02706501 0.7979922 -0.6020597
vn -0.4080254 0.7561577 -0.5116062
vn -0.02938089 0.7561579 -0.6537294
vn -0.02706501 0.7979922 -0.6020597
vn -0.02938089 0.7561579 -0.6537294
vn 0.3604679 0.7561588 -0.5461564
vn 0.3604679 0.7561588 -0.5461564
vn -0.02706501 0.7979922 -0.6020597
vn 0.6126469 0.7561617 -0.2299639
vn 0.6348432 0.772114 -0.02853401
vn 0.6126469 0.7561617 -0.2299639
vn 0.8882844 -0.04169029 0.4573979
vn 0.9971507 -0.04169052 0.06287119
vn 0.9632068 -0.03988427 0.2657858
vn 0.9874886 -0.04169059 -0.1520794
vn 0.9971507 -0.04169052 0.06287119
vn 0.8882844 -0.04169029 0.4573979
vn 0.9874886 -0.04169059 -0.1520794
vn 0.8436649 -0.04169007 -0.5352492
vn 0.9971507 -0.04169052 0.06287119
vn 0.7095044 -0.04168991 -0.7034668
vn 0.8436649 -0.04169007 -0.5352492
vn 0.9874886 -0.04169059 -0.1520794
vn 0.7095044 -0.04168991 -0.7034668
vn 0.3679288 -0.04169003 -0.9289189
vn 0.8436649 -0.04169007 -0.5352492
vn 0.160513 -0.0416902 -0.9861529
vn 0.3679288 -0.04169003 -0.9289189
vn 0.7095044 -0.04168991 -0.7034668
vn 0.160513 -0.0416902 -0.9861529
vn -0.2483452 -0.04168992 -0.9677742
vn 0.3679288 -0.04169003 -0.9289189
vn -0.4497868 -0.04168967 -0.8921627
vn -0.2483452 -0.04168992 -0.9677742
vn 0.160513 -0.0416902 -0.9861529
vn -0.4497868 -0.04168967 -0.8921627
vn -0.7697573 -0.04168966 -0.6369742
vn -0.2483452 -0.04168992 -0.9677742
vn -0.8882853 -0.04168977 -0.4573964
vn -0.7697573 -0.04168966 -0.6369742
vn -0.4497868 -0.04168967 -0.8921627
vn -0.8882853 -0.04168977 -0.4573964
vn -0.9971507 -0.04168997 -0.06286797
vn -0.7697573 -0.04168966 -0.6369742
vn -0.9874885 -0.0416904 0.1520805
vn -0.9971507 -0.04168997 -0.06286797
vn -0.8882853 -0.04168977 -0.4573964
vn -0.9874885 -0.0416904 0.1520805
vn -0.8436657 -0.04169076 0.5352479
vn -0.9971507 -0.04168997 -0.06286797
vn -0.7095052 -0.04169091 0.7034661
vn -0.8436657 -0.04169076 0.5352479
vn -0.9874885 -0.0416904 0.1520805
vn -0.7095052 -0.04169091 0.7034661
vn -0.3679298 -0.04169061 0.9289187
vn -0.8436657 -0.04169076 0.5352479
vn -0.1605143 -0.04169014 0.9861527
vn -0.3679298 -0.04169061 0.9289187
vn -0.7095052 -0.04169091 0.7034661
vn -0.1605143 -0.04169014 0.9861527
vn 0.2483428 -0.04169001 0.9677746
vn -0.3679298 -0.04169061 0.9289187
vn 0.4497863 -0.04168993 0.8921628
vn 0.2483428 -0.04169001 0.9677746
vn -0.1605143 -0.04169014 0.9861527
vn 0.4497863 -0.04168993 0.8921628
vn 0.6230239 -0.03988438 0.7811855
vn 0.2483428 -0.04169001 0.9677746
vn 0.8882844 -0.04169029 0.4573979
vn 0.6230239 -0.03988438 0.7811855
vn 0.4497863 -0.04168993 0.8921628
vn 0.8890561 0 0.4577983
vn 0.9980182 -7.012458E-09 0.06292659
vn 0.7704247 0 0.637531
vn 0.9989914 -1.05802E-08 -0.04490408
vn 0.9980182 -7.012458E-09 0.06292659
vn 0.8890561 0 0.4577983
vn 0.9989914 -1.05802E-08 -0.04490408
vn 0.8443981 -2.804981E-08 -0.5357167
vn 0.9980182 -7.012458E-09 0.06292659
vn 0.781804 -3.174058E-08 -0.6235244
vn 0.8443981 -2.804981E-08 -0.5357167
vn 0.9362199 -2.012472E-08 -0.351415
vn 0.781804 -3.174058E-08 -0.6235244
vn 0.3682464 -4.506951E-06 -0.9297283
vn 0.8443981 -2.804981E-08 -0.5357167
vn 0.2659963 -6.778802E-06 -0.9639742
vn 0.3682464 -4.506951E-06 -0.9297283
vn 0.5508614 -1.076962E-05 -0.834597
vn 0.2659963 -6.778802E-06 -0.9639742
vn -0.2485616 -7.402563E-07 -0.9686162
vn 0.3682464 -4.506951E-06 -0.9297283
vn -0.3514141 0 -0.9362202
vn -0.2485616 -7.402563E-07 -0.9686162
vn -0.0449068 0 -0.9989913
vn -0.3514141 0 -0.9362202
vn -0.7704276 0 -0.6375277
vn -0.2485616 -7.402563E-07 -0.9686162
vn -0.8345946 0 -0.5508648
vn -0.7704276 0 -0.6375277
vn -0.6235226 0 -0.7818055
vn -0.8345946 0 -0.5508648
vn -0.998018 0 -0.06292942
vn -0.7704276 0 -0.6375277
vn -0.9989915 0 0.04489973
vn -0.998018 0 -0.06292942
vn -0.9639724 0 -0.2660027
vn -0.9989915 0 0.04489973
vn -0.8444014 -1.402489E-08 0.5357111
vn -0.998018 0 -0.06292942
vn -0.7818074 -2.116037E-08 0.6235201
vn -0.8444014 -1.402489E-08 0.5357111
vn -0.9362229 0 0.3514071
vn -0.7818074 -2.116037E-08 0.6235201
vn -0.3682469 -2.804974E-08 0.9297282
vn -0.8444014 -1.402489E-08 0.5357111
vn -0.2659959 -2.116034E-08 0.9639743
vn -0.3682469 -2.804974E-08 0.9297282
vn -0.5508612 -4.024936E-08 0.8345971
vn -0.2659959 -2.116034E-08 0.9639743
vn 0.2485597 0 0.9686167
vn -0.3682469 -2.804974E-08 0.9297282
vn 0.3514109 0 0.9362214
vn 0.2485597 0 0.9686167
vn 0.0449068 0 0.9989913
vn 0.3514109 0 0.9362214
vn 0.7704247 0 0.637531
vn 0.2485597 0 0.9686167
vn 0.8890561 0 0.4577983
vn 0.7704247 0 0.637531
vn 0.6235173 0 0.7818097
vn -0.3611157 0.1958682 0.911719
vn -0.7046424 0.4166117 0.5743814
vn -0.2324515 0.4166122 0.8788634
vn -0.7664914 0.1969702 0.611305
vn -0.7046424 0.4166117 0.5743814
vn -0.3611157 0.1958682 0.911719
vn -0.7664914 0.1969702 0.611305
vn -0.9076804 0.4166116 0.05050904
vn -0.7046424 0.4166117 0.5743814
vn -0.9794204 0.1969704 0.04402766
vn -0.9076804 0.4166116 0.05050904
vn -0.919585 0.1876794 0.3451665
vn -0.9794204 0.1969704 0.04402766
vn -0.7640175 0.41661 -0.4926594
vn -0.9076804 0.4166116 0.05050904
vn -0.8182458 0.1969606 -0.5400746
vn -0.7640175 0.41661 -0.4926594
vn -0.9468462 0.1876683 -0.2612722
vn -0.8182458 0.1969606 -0.5400746
vn -0.3285247 0.4166076 -0.8476496
vn -0.7640175 0.41661 -0.4926594
vn -0.3445288 0.1969639 -0.9178809
vn -0.3285247 0.4166076 -0.8476496
vn -0.6124408 0.187671 -0.7679168
vn -0.3445288 0.1969639 -0.9178809
vn 0.2324523 0.4166093 -0.8788645
vn -0.3285247 0.4166076 -0.8476496
vn 0.260785 0.196968 -0.9450899
vn 0.2324523 0.4166093 -0.8788645
vn -0.04411122 0.1876747 -0.9812404
vn 0.260785 0.196968 -0.9450899
vn 0.7046419 0.41661 -0.5743831
vn 0.2324523 0.4166093 -0.8788645
vn 0.7664925 0.1969644 -0.6113055
vn 0.7046419 0.41661 -0.5743831
vn 0.5410782 0.1876719 -0.8197646
vn 0.7664925 0.1969644 -0.6113055
vn 0.9076816 0.4166093 -0.05050671
vn 0.7046419 0.41661 -0.5743831
vn 0.9794205 0.1969711 -0.04402325
vn 0.9076816 0.4166093 -0.05050671
vn 0.9195834 0.1876782 -0.3451715
vn 0.9794205 0.1969711 -0.04402325
vn 0.7640169 0.4166073 0.4926631
vn 0.9076816 0.4166093 -0.05050671
vn 0.818244 0.1969744 0.5400721
vn 0.7640169 0.4166073 0.4926631
vn 0.9468424 0.1876817 0.2612761
vn 0.818244 0.1969744 0.5400721
vn 0.3285249 0.4166105 0.8476481
vn 0.7640169 0.4166073 0.4926631
vn 0.3445288 0.1969695 0.9178796
vn 0.3285249 0.4166105 0.8476481
vn 0.6124405 0.1876764 0.7679157
vn 0.3445288 0.1969695 0.9178796
vn -0.2324515 0.4166122 0.8788634
vn 0.3285249 0.4166105 0.8476481
vn -0.3611157 0.1958682 0.911719
vn -0.2324515 0.4166122 0.8788634
vn 0.0441073 0.1876745 0.9812405
vn 0.5633436 0.6088247 -0.5585486
vn 0.2324523 0.4166093 -0.8788645
vn 0.7046419 0.41661 -0.5743831
vn 0.2105615 0.6110569 -0.7630684
vn 0.2324523 0.4166093 -0.8788645
vn 0.5633436 0.6088247 -0.5585486
vn 0.2105615 0.6110569 -0.7630684
vn -0.3285247 0.4166076 -0.8476496
vn 0.2324523 0.4166093 -0.8788645
vn -0.2781723 0.6110584 -0.741099
vn -0.3285247 0.4166076 -0.8476496
vn -0.03619961 0.5917968 -0.8052741
vn -0.2781723 0.6110584 -0.741099
vn -0.7640175 0.41661 -0.4926594
vn -0.3285247 0.4166076 -0.8476496
vn -0.6606525 0.6110618 -0.4360527
vn -0.7640175 0.41661 -0.4926594
vn -0.5026094 0.5918004 -0.6302033
vn -0.6606525 0.6110618 -0.4360527
vn -0.9076804 0.4166116 0.05050904
vn -0.7640175 0.41661 -0.4926594
vn -0.7907863 0.6110594 0.03554669
vn -0.9076804 0.4166116 0.05050904
vn -0.7770462 0.5917994 -0.2144125
vn -0.7907863 0.6110594 0.03554669
vn -0.7046424 0.4166117 0.5743814
vn -0.9076804 0.4166116 0.05050904
vn -0.6188679 0.6110591 0.4935682
vn -0.7046424 0.4166117 0.5743814
vn -0.7546767 0.5917978 0.2832645
vn -0.6188679 0.6110591 0.4935682
vn -0.2324515 0.4166122 0.8788634
vn -0.7046424 0.4166117 0.5743814
vn -0.2105569 0.6110622 0.7630655
vn -0.2324515 0.4166122 0.8788634
vn -0.4440396 0.591801 0.6727558
vn -0.2105569 0.6110622 0.7630655
vn 0.3285249 0.4166105 0.8476481
vn -0.2324515 0.4166122 0.8788634
vn 0.2781721 0.6110537 0.7411031
vn 0.3285249 0.4166105 0.8476481
vn 0.03619034 0.5917917 0.8052782
vn 0.2781721 0.6110537 0.7411031
vn 0.7640169 0.4166073 0.4926631
vn 0.3285249 0.4166105 0.8476481
vn 0.6606582 0.6110479 0.4360635
vn 0.7640169 0.4166073 0.4926631
vn 0.502615 0.5917875 0.6302109
vn 0.6606582 0.6110479 0.4360635
vn 0.9076816 0.4166093 -0.05050671
vn 0.7640169 0.4166073 0.4926631
vn 0.7907863 0.6110594 -0.03554931
vn 0.9076816 0.4166093 -0.05050671
vn 0.7770467 0.5917995 0.2144107
vn 0.7907863 0.6110594 -0.03554931
vn 0.7046419 0.41661 -0.5743831
vn 0.9076816 0.4166093 -0.05050671
vn 0.5633436 0.6088247 -0.5585486
vn 0.7046419 0.41661 -0.5743831
vn 0.7546735 0.5917996 -0.2832692
vn 0.0008865995 -0.9998051 0.01972329
vn -1.195707E-08 -1 2.961734E-09
vn -0.004994714 -0.9998237 0.01810081
vn 0.0123104 -0.9998051 0.01543533
vn -1.195707E-08 -1 2.961734E-09
vn 0.0123104 -0.9998051 0.01543533
vn 0.01903189 -0.999805 0.005251765
vn 0.01903189 -0.999805 0.005251765
vn -1.195707E-08 -1 2.961734E-09
vn -0.01903201 -0.999805 -0.005251529
vn -1.195707E-08 -1 2.961734E-09
vn -0.01567141 -0.9998237 -0.01034371
vn -0.0184841 -0.9998051 0.006937998
vn -1.195707E-08 -1 2.961734E-09
vn -0.0184841 -0.9998051 0.006937998
vn -0.01087584 -0.9998051 0.01647766
vn -0.004994714 -0.9998237 0.01810081
vn -1.195707E-08 -1 2.961734E-09
vn 0.01087581 -0.9998051 -0.01647761
vn -1.195707E-08 -1 2.961734E-09
vn 0.01468016 -0.9998237 -0.01170805
vn -0.0008866012 -0.9998051 -0.01972332
vn -1.195707E-08 -1 2.961734E-09
vn -0.0008866012 -0.9998051 -0.01972332
vn -0.01231022 -0.9998051 -0.01543551
vn -0.01567141 -0.9998237 -0.01034371
vn -1.195707E-08 -1 2.961734E-09
vn -1.195707E-08 -1 2.961734E-09
vn 0.01848395 -0.9998051 -0.006938058
vn 0.01468016 -0.9998237 -0.01170805
vn 0.1079117 -0.9926063 0.05556653
vn 0.1211372 -0.9926063 0.007637873
vn 0.1222274 -0.9919289 0.03372798
vn 0.1205607 -0.9926912 -0.005419165
vn 0.1211372 -0.9926063 0.007637873
vn 0.1079117 -0.9926063 0.05556653
vn 0.1205607 -0.9926912 -0.005419165
vn 0.1024908 -0.9926065 -0.06502315
vn 0.1211372 -0.9926063 0.007637873
vn 0.09434947 -0.9926913 -0.07524694
vn 0.1024908 -0.9926065 -0.06502315
vn 0.1187081 -0.9919289 -0.04455771
vn 0.09434947 -0.9926913 -0.07524694
vn 0.04469688 -0.9926065 -0.1128477
vn 0.1024908 -0.9926065 -0.06502315
vn 0.03210125 -0.9926911 -0.1163351
vn 0.04469688 -0.9926065 -0.1128477
vn 0.06984743 -0.9919286 -0.1058248
vn 0.03210125 -0.9926911 -0.1163351
vn -0.03016908 -0.9926067 -0.1175665
vn 0.04469688 -0.9926065 -0.1128477
vn -0.04240818 -0.9926915 -0.1129829
vn -0.03016908 -0.9926067 -0.1175665
vn -0.005693799 -0.9919292 -0.1266651
vn -0.04240818 -0.9926915 -0.1129829
vn -0.09351139 -0.9926066 -0.07738036
vn -0.03016908 -0.9926067 -0.1175665
vn -0.10072 -0.9926913 -0.06647879
vn -0.09351139 -0.9926066 -0.07738036
vn -0.07905909 -0.9919291 -0.09912846
vn -0.10072 -0.9926913 -0.06647879
vn -0.1211353 -0.9926067 -0.007637523
vn -0.09351139 -0.9926066 -0.07738036
vn -0.1205584 -0.9926915 0.005419206
vn -0.1211353 -0.9926067 -0.007637523
vn -0.1222237 -0.9919294 -0.03372695
vn -0.1205584 -0.9926915 0.005419206
vn -0.10249 -0.9926066 0.06502271
vn -0.1211353 -0.9926067 -0.007637523
vn -0.09434856 -0.9926914 0.07524674
vn -0.10249 -0.9926066 0.06502271
vn -0.118706 -0.9919293 0.04455579
vn -0.09434856 -0.9926914 0.07524674
vn -0.04469677 -0.9926065 0.1128477
vn -0.10249 -0.9926066 0.06502271
vn -0.03210094 -0.9926912 0.1163342
vn -0.04469677 -0.9926065 0.1128477
vn -0.06984635 -0.991929 0.1058226
vn -0.03210094 -0.9926912 0.1163342
vn 0.03017001 -0.9926063 0.117569
vn -0.04469677 -0.9926065 0.1128477
vn 0.04240981 -0.992691 0.1129863
vn 0.03017001 -0.9926063 0.117569
vn 0.005694 -0.9919288 0.1266681
vn 0.04240981 -0.992691 0.1129863
vn 0.07905981 -0.9919288 0.09913039
vn 0.03017001 -0.9926063 0.117569
vn 0.1079117 -0.9926063 0.05556653
vn 0.07905981 -0.9919288 0.09913039
vn 0.07905912 -0.9919289 0.09912986
vn 0.766631 0.2648485 -0.584921
vn 0.628518 0.6165453 -0.4741699
vn 0.7091117 0.1054171 -0.6971714
vn 0.6646478 0.6190264 -0.4183896
vn 0.628518 0.6165453 -0.4741699
vn 0.6646478 0.6190264 -0.4183896
vn 0.3554607 0.8688288 -0.344651
vn 0.3554607 0.8688288 -0.344651
vn 0.628518 0.6165453 -0.4741699
vn -0.04333141 0.9190118 -0.3918414
vn -0.3324492 0.7374595 -0.5879039
vn -0.04333141 0.9190118 -0.3918414
vn -0.3786632 0.7503524 -0.5418354
vn -0.3324492 0.7374595 -0.5879039
vn -0.3786632 0.7503524 -0.5418354
vn -0.523073 0.4270438 -0.7375829
vn -0.523073 0.4270438 -0.7375829
vn -0.3324492 0.7374595 -0.5879039
vn -0.4211335 0.07296788 -0.9040591
vn -0.08657813 -0.1164887 -0.9894113
vn -0.4211335 0.07296788 -0.9040591
vn -0.1117382 -0.1769844 -0.9778504
vn -0.08657813 -0.1164887 -0.9894113
vn -0.1117382 -0.1769844 -0.9778504
vn 0.286756 -0.2271259 -0.9306906
vn 0.286756 -0.2271259 -0.9306906
vn -0.08657813 -0.1164887 -0.9894113
vn 0.622287 -0.05837091 -0.7806098
vn 0.7091117 0.1054171 -0.6971714
vn 0.622287 -0.05837091 -0.7806098
vn 0.9682376 0.03984963 0.2468362
vn 0.9456946 -0.3205155 0.0541445
vn 0.9139904 0.2282756 0.3354284
vn 0.8689034 -0.4924546 -0.04995482
vn 0.9456946 -0.3205155 0.0541445
vn 0.9682376 0.03984963 0.2468362
vn 0.8689034 -0.4924546 -0.04995482
vn 0.6136118 -0.7541702 -0.2338973
vn 0.9456946 -0.3205155 0.0541445
vn 0.4351047 -0.8439482 -0.3137441
vn 0.6136118 -0.7541702 -0.2338973
vn 0.8689034 -0.4924546 -0.04995482
vn 0.4351047 -0.8439482 -0.3137441
vn 0.04458219 -0.9070419 -0.4186735
vn 0.6136118 -0.7541702 -0.2338973
vn -0.1674422 -0.8803624 -0.4437625
vn 0.04458219 -0.9070419 -0.4186735
vn 0.4351047 -0.8439482 -0.3137441
vn -0.1674422 -0.8803624 -0.4437625
vn -0.5440425 -0.7207357 -0.4296023
vn 0.04458219 -0.9070419 -0.4186735
vn -0.7086094 -0.5877914 -0.3903513
vn -0.5440425 -0.7207357 -0.4296023
vn -0.1674422 -0.8803624 -0.4437625
vn -0.7086094 -0.5877914 -0.3903513
vn -0.927422 -0.2664174 -0.2625075
vn -0.5440425 -0.7207357 -0.4296023
vn -0.9816663 -0.07800048 -0.173918
vn -0.927422 -0.2664174 -0.2625075
vn -0.7086094 -0.5877914 -0.3903513
vn -0.9816663 -0.07800048 -0.173918
vn -0.9591231 0.2823665 0.01877213
vn -0.927422 -0.2664174 -0.2625075
vn -0.8823316 0.4543061 0.1228706
vn -0.9591231 0.2823665 0.01877213
vn -0.9816663 -0.07800048 -0.173918
vn -0.8823316 0.4543061 0.1228706
vn -0.627039 0.7160228 0.3068118
vn -0.9591231 0.2823665 0.01877213
vn -0.4485325 0.8058017 0.3866553
vn -0.627039 0.7160228 0.3068118
vn -0.8823316 0.4543061 0.1228706
vn -0.4485325 0.8058017 0.3866553
vn -0.05799814 0.8688955 0.4915861
vn -0.627039 0.7160228 0.3068118
vn 0.1540268 0.8422133 0.5166745
vn -0.05799814 0.8688955 0.4915861
vn -0.4485325 0.8058017 0.3866553
vn 0.1540268 0.8422133 0.5166745
vn 0.5306178 0.6825864 0.5025144
vn -0.05799814 0.8688955 0.4915861
vn 0.6951745 0.5496483 0.4632703
vn 0.5306178 0.6825864 0.5025144
vn 0.1540268 0.8422133 0.5166745
vn 0.6951745 0.5496483 0.4632703
vn 0.9139904 0.2282756 0.3354284
vn 0.5306178 0.6825864 0.5025144
vn 0.9682376 0.03984963 0.2468362
vn 0.9139904 0.2282756 0.3354284
vn 0.6951745 0.5496483 0.4632703
vn 0.9758026 0.05897181 0.2105508
vn 0.9532366 -0.301707 0.01769307
vn 0.9215096 0.2475659 0.2992178
vn 0.9201569 -0.3900188 -0.03459719
vn 0.9532366 -0.301707 0.01769307
vn 0.9758026 0.05897181 0.2105508
vn 0.9201569 -0.3900188 -0.03459719
vn 0.6208683 -0.7357323 -0.2705932
vn 0.9532366 -0.301707 0.01769307
vn 0.5346506 -0.785224 -0.3123651
vn 0.6208683 -0.7357323 -0.2705932
vn 0.7648368 -0.6178606 -0.1824095
vn 0.5346506 -0.785224 -0.3123651
vn 0.05135044 -0.8887365 -0.4555334
vn 0.6208683 -0.7357323 -0.2705932
vn -0.05507676 -0.8805038 -0.4708287
vn 0.05135044 -0.8887365 -0.4555334
vn 0.2521293 -0.8757206 -0.4117575
vn -0.05507676 -0.8805038 -0.4708287
vn -0.5377894 -0.7022806 -0.4664596
vn 0.05135044 -0.8887365 -0.4555334
vn -0.6237727 -0.6394712 -0.4494266
vn -0.5377894 -0.7022806 -0.4664596
vn -0.3568904 -0.7991048 -0.4837985
vn -0.6237727 -0.6394712 -0.4494266
vn -0.9215078 -0.2475646 -0.2992247
vn -0.5377894 -0.7022806 -0.4664596
vn -0.9542018 -0.1541628 -0.256384
vn -0.9215078 -0.2475646 -0.2992247
vn -0.8295932 -0.4172272 -0.371075
vn -0.9542018 -0.1541628 -0.256384
vn -0.9532371 0.3017055 -0.01768893
vn -0.9215078 -0.2475646 -0.2992247
vn -0.9201565 0.3900186 0.03461036
vn -0.9532371 0.3017055 -0.01768893
vn -0.9854099 0.123989 -0.1165943
vn -0.9201565 0.3900186 0.03461036
vn -0.6208577 0.7357393 0.2705984
vn -0.9532371 0.3017055 -0.01768893
vn -0.534641 0.785231 0.312364
vn -0.6208577 0.7357393 0.2705984
vn -0.76482 0.6178808 0.1824115
vn -0.534641 0.785231 0.312364
vn -0.05135185 0.8887412 0.455524
vn -0.6208577 0.7357393 0.2705984
vn 0.05507647 0.8805109 0.4708153
vn -0.05135185 0.8887412 0.455524
vn -0.25213 0.8757305 0.4117361
vn 0.05507647 0.8805109 0.4708153
vn 0.5377891 0.702278 0.4664639
vn -0.05135185 0.8887412 0.455524
vn 0.6237722 0.6394657 0.4494352
vn 0.5377891 0.702278 0.4664639
vn 0.3568892 0.7990969 0.4838123
vn 0.6237722 0.6394657 0.4494352
vn 0.9215096 0.2475659 0.2992178
vn 0.5377891 0.702278 0.4664639
vn 0.9758026 0.05897181 0.2105508
vn 0.9215096 0.2475659 0.2992178
vn 0.8295934 0.4172367 0.3710641
vn -0.01880493 0.9611355 0.275436
vn -0.4108798 0.9084533 -0.07674795
vn 0.1267302 0.9898174 0.06481477
vn -0.4924569 0.8599541 0.1340349
vn -0.4108798 0.9084533 -0.07674795
vn -0.01880493 0.9611355 0.275436
vn -0.4924569 0.8599541 0.1340349
vn -0.7658962 0.5528994 -0.3281851
vn -0.4108798 0.9084533 -0.07674795
vn -0.8704016 0.4725098 -0.1383318
vn -0.7658962 0.5528994 -0.3281851
vn -0.7209908 0.6927813 0.01504788
vn -0.8704016 0.4725098 -0.1383318
vn -0.8027543 0.05894898 -0.5933892
vn -0.7658962 0.5528994 -0.3281851
vn -0.9037881 -0.06103728 -0.4236056
vn -0.8027543 0.05894898 -0.5933892
vn -0.9376729 0.2076514 -0.2786586
vn -0.9037881 -0.06103728 -0.4236056
vn -0.507355 -0.3846961 -0.771103
vn -0.8027543 0.05894898 -0.5933892
vn -0.5798334 -0.5368214 -0.6128752
vn -0.507355 -0.3846961 -0.771103
vn -0.7846304 -0.3239587 -0.5285889
vn -0.5798334 -0.5368214 -0.6128752
vn 0.007464334 -0.608612 -0.793433
vn -0.507355 -0.3846961 -0.771103
vn -0.02227654 -0.7731599 -0.6338198
vn 0.007464334 -0.608612 -0.793433
vn -0.3203118 -0.6990569 -0.639312
vn -0.02227654 -0.7731599 -0.6338198
vn 0.5450588 -0.527244 -0.6518626
vn 0.007464334 -0.608612 -0.793433
vn 0.5558891 -0.6797366 -0.4784827
vn 0.5450588 -0.527244 -0.6518626
vn 0.277853 -0.774312 -0.5685409
vn 0.5558891 -0.6797366 -0.4784827
vn 0.9000884 -0.1716826 -0.4004575
vn 0.5450588 -0.527244 -0.6518626
vn 0.9338489 -0.2922633 -0.2061761
vn 0.9000884 -0.1716826 -0.4004575
vn 0.7814583 -0.5210195 -0.3433101
vn 0.9338489 -0.2922633 -0.2061761
vn 0.936945 0.3222457 -0.1352482
vn 0.9000884 -0.1716826 -0.4004575
vn 0.9672316 0.2412517 0.0791254
vn 0.936945 0.3222457 -0.1352482
vn 0.998124 -0.03592824 -0.04957804
vn 0.9672316 0.2412517 0.0791254
vn 0.6415276 0.765924 0.04245976
vn 0.936945 0.3222457 -0.1352482
vn 0.6432633 0.7170604 0.2683963
vn 0.6415276 0.765924 0.04245976
vn 0.8450838 0.4956698 0.2003624
vn 0.6432633 0.7170604 0.2683963
vn 0.1267302 0.9898174 0.06481477
vn 0.6415276 0.765924 0.04245976
vn -0.01880493 0.9611355 0.275436
vn 0.1267302 0.9898174 0.06481477
vn 0.3807434 0.8707794 0.3110912
vn 0.4488513 -0.3763999 -0.8104664
vn 0.007464334 -0.608612 -0.793433
vn 0.5450588 -0.527244 -0.6518626
vn 0.05480267 -0.4174367 -0.907052
vn 0.007464334 -0.608612 -0.793433
vn 0.4488513 -0.3763999 -0.8104664
vn 0.05480267 -0.4174367 -0.907052
vn -0.507355 -0.3846961 -0.771103
vn 0.007464334 -0.608612 -0.793433
vn -0.3953612 -0.2266076 -0.8901341
vn -0.507355 -0.3846961 -0.771103
vn -0.192384 -0.3733726 -0.9075139
vn -0.3953612 -0.2266076 -0.8901341
vn -0.8027543 0.05894898 -0.5933892
vn -0.507355 -0.3846961 -0.771103
vn -0.6569334 0.1575164 -0.7373109
vn -0.8027543 0.05894898 -0.5933892
vn -0.5734162 -0.06557076 -0.8166361
vn -0.6569334 0.1575164 -0.7373109
vn -0.7658962 0.5528994 -0.3281851
vn -0.8027543 0.05894898 -0.5933892
vn -0.6299505 0.588315 -0.5069991
vn -0.7658962 0.5528994 -0.3281851
vn -0.6989983 0.3707303 -0.6115232
vn -0.6299505 0.588315 -0.5069991
vn -0.4108798 0.9084533 -0.07674795
vn -0.7658962 0.5528994 -0.3281851
vn -0.3248514 0.9011491 -0.2870573
vn -0.4108798 0.9084533 -0.07674795
vn -0.5213104 0.7687584 -0.3704672
vn -0.3248514 0.9011491 -0.2870573
vn 0.1267302 0.9898174 0.06481477
vn -0.4108798 0.9084533 -0.07674795
vn 0.1420487 0.9765674 -0.1616735
vn 0.1267302 0.9898174 0.06481477
vn -0.1077903 0.9766921 -0.1856174
vn 0.1420487 0.9765674 -0.1616735
vn 0.6415276 0.765924 0.04245976
vn 0.1267302 0.9898174 0.06481477
vn 0.5921606 0.7857758 -0.1786119
vn 0.6415276 0.765924 0.04245976
vn 0.3829331 0.9149301 -0.1275351
vn 0.5921606 0.7857758 -0.1786119
vn 0.936945 0.3222457 -0.1352482
vn 0.6415276 0.765924 0.04245976
vn 0.8537502 0.4015988 -0.3314051
vn 0.936945 0.3222457 -0.1352482
vn 0.7640415 0.6070768 -0.2183999
vn 0.8537502 0.4015988 -0.3314051
vn 0.9000884 -0.1716826 -0.4004575
vn 0.936945 0.3222457 -0.1352482
vn 0.8268005 -0.02916076 -0.561739
vn 0.9000884 -0.1716826 -0.4004575
vn 0.8896415 0.1708056 -0.4235136
vn 0.8268005 -0.02916076 -0.561739
vn 0.5450588 -0.527244 -0.6518626
vn 0.9000884 -0.1716826 -0.4004575
vn 0.4488513 -0.3763999 -0.8104664
vn 0.5450588 -0.527244 -0.6518626
vn 0.7118393 -0.2272895 -0.6645483
vn -0.04158071 -0.447008 0.8935631
vn -0.04427455 -0.4907416 0.8701797
vn -0.03503716 -0.4695195 0.8822267
vn -0.04888548 -0.5012353 0.863929
vn -0.04427455 -0.4907416 0.8701797
vn -0.04158071 -0.447008 0.8935631
vn -0.04888548 -0.5012353 0.863929
vn -0.08456106 -0.5433556 0.835233
vn -0.04427455 -0.4907416 0.8701797
vn -0.09541838 -0.5488302 0.8304702
vn -0.08456106 -0.5433556 0.835233
vn -0.06287292 -0.5320772 0.8443583
vn -0.09541838 -0.5488302 0.8304702
vn -0.1536368 -0.5618894 0.81282
vn -0.08456106 -0.5433556 0.835233
vn -0.1665172 -0.5603182 0.8113664
vn -0.1536368 -0.5618894 0.81282
vn -0.1278175 -0.5647427 0.8153089
vn -0.1665172 -0.5603182 0.8113664
vn -0.22502 -0.5392576 0.8115216
vn -0.1536368 -0.5618894 0.81282
vn -0.2349994 -0.5312253 0.8139871
vn -0.22502 -0.5392576 0.8115216
vn -0.2049118 -0.5549775 0.8062328
vn -0.2349994 -0.5312253 0.8139871
vn -0.271544 -0.4841494 0.8317833
vn -0.22502 -0.5392576 0.8115216
vn -0.2748854 -0.4727614 0.8372185
vn -0.271544 -0.4841494 0.8317833
vn -0.2648076 -0.5066749 0.8204618
vn -0.2748854 -0.4727614 0.8372185
vn -0.2754645 -0.4175332 0.8659016
vn -0.271544 -0.4841494 0.8317833
vn -0.2708519 -0.4071234 0.87229
vn -0.2754645 -0.4175332 0.8659016
vn -0.2846129 -0.4380937 0.8526838
vn -0.2708519 -0.4071234 0.87229
vn -0.2351393 -0.3649627 0.9008396
vn -0.2754645 -0.4175332 0.8659016
vn -0.2243027 -0.3595821 0.9057533
vn -0.2351393 -0.3649627 0.9008396
vn -0.2565974 -0.3756392 0.8905354
vn -0.2243027 -0.3595821 0.9057533
vn -0.1660892 -0.3464749 0.9232386
vn -0.2351393 -0.3649627 0.9008396
vn -0.1532495 -0.3481383 0.9248321
vn -0.1660892 -0.3464749 0.9232386
vn -0.1916644 -0.343023 0.9195653
vn -0.1532495 -0.3481383 0.9248321
vn -0.09466374 -0.3690384 0.9245808
vn -0.1660892 -0.3464749 0.9232386
vn -0.08466361 -0.377109 0.9222912
vn -0.09466374 -0.3690384 0.9245808
vn -0.1145331 -0.3526361 0.9287251
vn -0.08466361 -0.377109 0.9222912
vn -0.0547041 -0.4010155 0.9144366
vn -0.09466374 -0.3690384 0.9245808
vn -0.04158071 -0.447008 0.8935631
vn -0.0547041 -0.4010155 0.9144366
vn -0.05474384 -0.401027 0.9144292
vn 0.005064573 0.9741101 -0.2260174
vn 0.3026927 0.8303134 -0.4679283
vn -0.1541896 0.9846784 -0.08145039
vn 0.3740732 0.7681768 -0.51959
vn 0.3026927 0.8303134 -0.4679283
vn 0.005064573 0.9741101 -0.2260174
vn 0.3740732 0.7681768 -0.51959
vn 0.6439557 0.3587894 -0.6757154
vn 0.3026927 0.8303134 -0.4679283
vn 0.6801867 0.2577683 -0.6862229
vn 0.6439557 0.3587894 -0.6757154
vn 0.5542584 0.5393627 -0.6339446
vn 0.6801867 0.2577683 -0.6862229
vn 0.7391911 -0.2497894 -0.6254616
vn 0.6439557 0.3587894 -0.6757154
vn 0.7264749 -0.3510836 -0.5907407
vn 0.7391911 -0.2497894 -0.6254616
vn 0.7395173 -0.04906917 -0.6713468
vn 0.7264749 -0.3510836 -0.5907407
vn 0.5520951 -0.7629514 -0.3362978
vn 0.7391911 -0.2497894 -0.6254616
vn 0.495295 -0.8258318 -0.2696013
vn 0.5520951 -0.7629514 -0.3362978
vn 0.6423295 -0.6187318 -0.4523094
vn 0.495295 -0.8258318 -0.2696013
vn 0.1541107 -0.9846997 0.08134125
vn 0.5520951 -0.7629514 -0.3362978
vn 0.07491635 -0.9851431 0.1545332
vn 0.1541107 -0.9846997 0.08134125
vn 0.2997864 -0.9520864 -0.06049434
vn 0.07491635 -0.9851431 0.1545332
vn -0.302744 -0.830311 0.4678992
vn 0.1541107 -0.9846997 0.08134125
vn -0.3740807 -0.7681545 0.5196174
vn -0.302744 -0.830311 0.4678992
vn -0.157293 -0.9217587 0.3544291
vn -0.3740807 -0.7681545 0.5196174
vn -0.643955 -0.3587888 0.6757165
vn -0.302744 -0.830311 0.4678992
vn -0.6801925 -0.2577697 0.6862165
vn -0.643955 -0.3587888 0.6757165
vn -0.5542675 -0.5393637 0.6339357
vn -0.6801925 -0.2577697 0.6862165
vn -0.7391974 0.2497861 0.6254553
vn -0.643955 -0.3587888 0.6757165
vn -0.7264834 0.3510799 0.5907325
vn -0.7391974 0.2497861 0.6254553
vn -0.7395287 0.04905506 0.6713354
vn -0.7264834 0.3510799 0.5907325
vn -0.5520927 0.7629535 0.3362968
vn -0.7391974 0.2497861 0.6254553
vn -0.4952917 0.8258327 0.2696044
vn -0.5520927 0.7629535 0.3362968
vn -0.6423233 0.6187388 0.4523088
vn -0.4952917 0.8258327 0.2696044
vn -0.1541896 0.9846784 -0.08145039
vn -0.5520927 0.7629535 0.3362968
vn 0.005064573 0.9741101 -0.2260174
vn -0.1541896 0.9846784 -0.08145039
vn -0.2998819 0.9520679 0.06031207
vn -0.7020366 0.498517 -0.5085525
vn -0.9209361 0.2414931 -0.3058723
vn -0.5641379 0.4989037 -0.6579085
vn -0.9261749 0.2803878 -0.2521567
vn -0.9209361 0.2414931 -0.3058723
vn -0.9261749 0.2803878 -0.2521567
vn -0.9897593 -0.0924057 -0.1088024
vn -0.9897593 -0.0924057 -0.1088024
vn -0.9209361 0.2414931 -0.3058723
vn -0.8685282 -0.4773964 -0.1332351
vn -0.6285657 -0.6868891 -0.3648131
vn -0.8685282 -0.4773964 -0.1332351
vn -0.6086554 -0.7277041 -0.3162049
vn -0.6285657 -0.6868891 -0.3648131
vn -0.6086554 -0.7277041 -0.3162049
vn -0.3096564 -0.7475367 -0.587624
vn -0.3096564 -0.7475367 -0.587624
vn -0.6285657 -0.6868891 -0.3648131
vn -0.08547761 -0.5293838 -0.8440654
vn -0.08812317 -0.1609399 -0.9830223
vn -0.08547761 -0.5293838 -0.8440654
vn -0.0218837 -0.1565805 -0.9874229
vn -0.08812317 -0.1609399 -0.9830223
vn -0.0218837 -0.1565805 -0.9874229
vn -0.1431485 0.2284567 -0.9629727
vn -0.1431485 0.2284567 -0.9629727
vn -0.08812317 -0.1609399 -0.9830223
vn -0.4029272 0.4786741 -0.7800776
vn -0.5641379 0.4989037 -0.6579085
vn -0.4029272 0.4786741 -0.7800776
vn -0.4045255 0.8851947 0.2297597
vn -0.1261528 0.990694 -0.05109684
vn -0.2729186 0.9578834 0.08930229
vn 0.03297047 0.9801411 -0.1955416
vn -0.1261528 0.990694 -0.05109684
vn -0.4045255 0.8851947 0.2297597
vn 0.03297047 0.9801411 -0.1955416
vn 0.3303204 0.8364495 -0.4373106
vn -0.1261528 0.990694 -0.05109684
vn 0.4685347 0.703319 -0.5346193
vn 0.3303204 0.8364495 -0.4373106
vn 0.03297047 0.9801411 -0.1955416
vn 0.4685347 0.703319 -0.5346193
vn 0.6712621 0.3653274 -0.6449364
vn 0.3303204 0.8364495 -0.4373106
vn 0.7357723 0.1604773 -0.657941
vn 0.6712621 0.3653274 -0.6449364
vn 0.4685347 0.703319 -0.5346193
vn 0.7357723 0.1604773 -0.657941
vn 0.7664521 -0.2427137 -0.5946775
vn 0.6712621 0.3653274 -0.6449364
vn 0.732623 -0.4410383 -0.51841
vn 0.7664521 -0.2427137 -0.5946775
vn 0.7357723 0.1604773 -0.657941
vn 0.732623 -0.4410383 -0.51841
vn 0.5795432 -0.75542 -0.3057292
vn 0.7664521 -0.2427137 -0.5946775
vn 0.4602927 -0.8714716 -0.1693161
vn 0.5795432 -0.75542 -0.3057292
vn 0.732623 -0.4410383 -0.51841
vn 0.4602927 -0.8714716 -0.1693161
vn 0.1819124 -0.9769672 0.1115484
vn 0.5795432 -0.75542 -0.3057292
vn 0.02279371 -0.9664099 0.2559928
vn 0.1819124 -0.9769672 0.1115484
vn 0.4602927 -0.8714716 -0.1693161
vn 0.02279371 -0.9664099 0.2559928
vn -0.2745322 -0.8227285 0.497745
vn 0.1819124 -0.9769672 0.1115484
vn -0.4127466 -0.6896002 0.5950563
vn -0.2745322 -0.8227285 0.497745
vn 0.02279371 -0.9664099 0.2559928
vn -0.4127466 -0.6896002 0.5950563
vn -0.6154799 -0.3516116 0.705375
vn -0.2745322 -0.8227285 0.497745
vn -0.6799974 -0.1467473 0.7183794
vn -0.6154799 -0.3516116 0.705375
vn -0.4127466 -0.6896002 0.5950563
vn -0.6799974 -0.1467473 0.7183794
vn -0.7106792 0.2564301 0.6551175
vn -0.6154799 -0.3516116 0.705375
vn -0.6768503 0.4547632 0.5788474
vn -0.7106792 0.2564301 0.6551175
vn -0.6799974 -0.1467473 0.7183794
vn -0.6768503 0.4547632 0.5788474
vn -0.6151721 0.6248058 0.4808131
vn -0.7106792 0.2564301 0.6551175
vn -0.4045255 0.8851947 0.2297597
vn -0.6151721 0.6248058 0.4808131
vn -0.6768503 0.4547632 0.5788474
vn -0.4327486 0.8791086 0.199742
vn -0.1540941 0.9847054 -0.08130354
vn -0.5521389 0.7629526 0.3362232
vn -0.07486682 0.9851633 -0.1544292
vn -0.1540941 0.9847054 -0.08130354
vn -0.4327486 0.8791086 0.199742
vn -0.07486682 0.9851633 -0.1544292
vn 0.3027309 0.8303224 -0.4678876
vn -0.1540941 0.9847054 -0.08130354
vn 0.37404 0.7681494 -0.5196543
vn 0.3027309 0.8303224 -0.4678876
vn 0.1572383 0.921748 -0.3544811
vn 0.37404 0.7681494 -0.5196543
vn 0.6439309 0.3587872 -0.6757403
vn 0.3027309 0.8303224 -0.4678876
vn 0.6801677 0.2577662 -0.6862423
vn 0.6439309 0.3587872 -0.6757403
vn 0.5542216 0.5393594 -0.6339793
vn 0.6801677 0.2577662 -0.6862423
vn 0.7392031 -0.2497936 -0.6254455
vn 0.6439309 0.3587872 -0.6757403
vn 0.7264931 -0.3510894 -0.5907151
vn 0.7392031 -0.2497936 -0.6254455
vn 0.7395196 -0.04906788 -0.6713444
vn 0.7264931 -0.3510894 -0.5907151
vn 0.5521357 -0.7629526 -0.3362285
vn 0.7392031 -0.2497936 -0.6254455
vn 0.4953424 -0.8258287 -0.2695237
vn 0.5521357 -0.7629526 -0.3362285
vn 0.6423704 -0.6187348 -0.4522473
vn 0.4953424 -0.8258287 -0.2695237
vn 0.1541676 -0.9846855 0.08140552
vn 0.5521357 -0.7629526 -0.3362285
vn 0.07497817 -0.9851304 0.1545843
vn 0.1541676 -0.9846855 0.08140552
vn 0.2998197 -0.9520808 -0.06041811
vn 0.07497817 -0.9851304 0.1545843
vn -0.3026683 -0.8303188 0.4679343
vn 0.1541676 -0.9846855 0.08140552
vn -0.3740118 -0.7681615 0.519657
vn -0.3026683 -0.8303188 0.4679343
vn -0.157198 -0.9217631 0.3544597
vn -0.3740118 -0.7681615 0.519657
vn -0.6439536 -0.3587838 0.6757205
vn -0.3026683 -0.8303188 0.4679343
vn -0.6802106 -0.2577624 0.6862013
vn -0.6439536 -0.3587838 0.6757205
vn -0.5543087 -0.5393576 0.6339049
vn -0.6802106 -0.2577624 0.6862013
vn -0.7392051 0.2497909 0.6254443
vn -0.6439536 -0.3587838 0.6757205
vn -0.7264971 0.3510837 0.5907135
vn -0.7392051 0.2497909 0.6254443
vn -0.7395219 0.04906191 0.6713423
vn -0.7264971 0.3510837 0.5907135
vn -0.5521389 0.7629526 0.3362232
vn -0.7392051 0.2497909 0.6254443
vn -0.4327486 0.8791086 0.199742
vn -0.5521389 0.7629526 0.3362232
vn -0.6423733 0.6187395 0.4522369
vn -0.7624723 -0.384077 0.5206928
vn -0.624909 -0.760877 0.1748001
vn -0.8998883 -0.2936701 0.322427
vn -0.4984277 -0.785543 0.3667317
vn -0.624909 -0.760877 0.1748001
vn -0.7624723 -0.384077 0.5206928
vn -0.4984277 -0.785543 0.3667317
vn -0.2177028 -0.9636354 -0.1549593
vn -0.624909 -0.760877 0.1748001
vn -0.05829684 -0.9982608 0.008766529
vn -0.2177028 -0.9636354 -0.1549593
vn -0.2800274 -0.9362614 0.2121303
vn -0.05829684 -0.9982608 0.008766529
vn 0.1662156 -0.824521 -0.5408674
vn -0.2177028 -0.9636354 -0.1549593
vn 0.3538999 -0.8420672 -0.4070351
vn 0.1662156 -0.824521 -0.5408674
vn 0.1689946 -0.9660504 -0.1954158
vn 0.3538999 -0.8420672 -0.4070351
vn 0.3802085 -0.3966774 -0.8355172
vn 0.1662156 -0.824521 -0.5408674
vn 0.5805175 -0.376637 -0.7219031
vn 0.3802085 -0.3966774 -0.8355172
vn 0.5054016 -0.6386486 -0.5802562
vn 0.5805175 -0.376637 -0.7219031
vn 0.3425312 0.1564891 -0.9263821
vn 0.3802085 -0.3966774 -0.8355172
vn 0.535098 0.2202786 -0.8155659
vn 0.3425312 0.1564891 -0.9263821
vn 0.6008599 -0.07908469 -0.7954327
vn 0.535098 0.2202786 -0.8155659
vn 0.06756353 0.6236926 -0.7787443
vn 0.3425312 0.1564891 -0.9263821
vn 0.2349683 0.7206925 -0.6522211
vn 0.06756353 0.6236926 -0.7787443
vn 0.4188586 0.498878 -0.7587347
vn 0.2349683 0.7206925 -0.6522211
vn -0.3396588 0.8264621 -0.4489903
vn 0.06756353 0.6236926 -0.7787443
vn -0.2052393 0.9334165 -0.2942966
vn -0.3396588 0.8264621 -0.4489903
vn 0.02890433 0.8744935 -0.4841753
vn -0.2052393 0.9334165 -0.2942966
vn -0.7235866 0.6873423 -0.06311181
vn -0.3396588 0.8264621 -0.4489903
vn -0.6173809 0.7772263 0.1214922
vn -0.7235866 0.6873423 -0.06311181
vn -0.4200208 0.9042692 -0.07667962
vn -0.6173809 0.7772263 0.1214922
vn -0.9375757 0.2594933 0.2315498
vn -0.7235866 0.6873423 -0.06311181
vn -0.8440322 0.3117827 0.43635
vn -0.9375757 0.2594933 0.2315498
vn -0.7564904 0.576851 0.3081644
vn -0.8440322 0.3117827 0.43635
vn -0.8998883 -0.2936701 0.322427
vn -0.9375757 0.2594933 0.2315498
vn -0.7624723 -0.384077 0.5206928
vn -0.8998883 -0.2936701 0.322427
vn -0.8519304 0.01729187 0.5233696
vn -0.05738702 0.4527479 -0.8897901
vn 0.3425312 0.1564891 -0.9263821
vn 0.06756353 0.6236926 -0.7787443
vn 0.1296652 0.1034389 -0.9861479
vn 0.3425312 0.1564891 -0.9263821
vn -0.05738702 0.4527479 -0.8897901
vn 0.1296652 0.1034389 -0.9861479
vn 0.3802085 -0.3966774 -0.8355172
vn 0.3425312 0.1564891 -0.9263821
vn 0.1663229 -0.3785172 -0.9105281
vn 0.3802085 -0.3966774 -0.8355172
vn 0.2002539 -0.1369858 -0.9701204
vn 0.1663229 -0.3785172 -0.9105281
vn 0.1662156 -0.824521 -0.5408674
vn 0.3802085 -0.3966774 -0.8355172
vn -0.01667137 -0.7543104 -0.6563063
vn 0.1662156 -0.824521 -0.5408674
vn 0.1219114 -0.5961854 -0.7935367
vn -0.01667137 -0.7543104 -0.6563063
vn -0.2177028 -0.9636354 -0.1549593
vn 0.1662156 -0.824521 -0.5408674
vn -0.3493839 -0.8804322 -0.3205778
vn -0.2177028 -0.9636354 -0.1549593
vn -0.1541486 -0.8648925 -0.4777019
vn -0.3493839 -0.8804322 -0.3205778
vn -0.624909 -0.760877 0.1748001
vn -0.2177028 -0.9636354 -0.1549593
vn -0.7048335 -0.7086698 -0.0315752
vn -0.624909 -0.760877 0.1748001
vn -0.5225973 -0.8404602 -0.1432441
vn -0.7048335 -0.7086698 -0.0315752
vn -0.8998883 -0.2936701 0.322427
vn -0.624909 -0.760877 0.1748001
vn -0.9471698 -0.3046474 0.1002974
vn -0.8998883 -0.2936701 0.322427
vn -0.8426248 -0.5322074 0.08209184
vn -0.9471698 -0.3046474 0.1002974
vn -0.9375757 0.2594933 0.2315498
vn -0.8998883 -0.2936701 0.322427
vn -0.9838481 0.1772984 0.02466497
vn -0.9375757 0.2594933 0.2315498
vn -0.9919995 -0.05788665 0.1121895
vn -0.9838481 0.1772984 0.02466497
vn -0.7235866 0.6873423 -0.06311181
vn -0.9375757 0.2594933 0.2315498
vn -0.8008639 0.5530897 -0.2295848
vn -0.7235866 0.6873423 -0.06311181
vn -0.9136747 0.4013078 -0.06442627
vn -0.8008639 0.5530897 -0.2295848
vn -0.3396588 0.8264621 -0.4489903
vn -0.7235866 0.6873423 -0.06311181
vn -0.4681132 0.6792205 -0.5652695
vn -0.3396588 0.8264621 -0.4489903
vn -0.637574 0.6700268 -0.3802152
vn -0.4681132 0.6792205 -0.5652695
vn 0.06756353 0.6236926 -0.7787443
vn -0.3396588 0.8264621 -0.4489903
vn -0.05738702 0.4527479 -0.8897901
vn 0.06756353 0.6236926 -0.7787443
vn -0.2691398 0.6455868 -0.7146898
vn 0.6542049 0.1655851 0.7379686
vn 0.6689352 0.164643 0.7248576
vn 0.6560468 0.159778 0.7376136
vn 0.656121 0.1768195 0.7336486
vn 0.6689352 0.164643 0.7248576
vn 0.656121 0.1768195 0.7336486
vn 0.6628885 0.1834052 0.7259074
vn 0.6628885 0.1834052 0.7259074
vn 0.6689352 0.164643 0.7248576
vn 0.6747223 0.1458142 0.7235248
vn 0.6689352 0.164643 0.7248576
vn 0.6781156 0.1491068 0.7196711
vn 0.6657053 0.1464124 0.7317104
vn 0.6689352 0.164643 0.7248576
vn 0.6657053 0.1464124 0.7317104
vn 0.6578644 0.153965 0.7372309
vn 0.6560468 0.159778 0.7376136
vn 0.6689352 0.164643 0.7248576
vn 0.6797431 0.1752638 0.7122025
vn 0.6689352 0.164643 0.7248576
vn 0.6758403 0.1790385 0.7149723
vn 0.6834024 0.1636432 0.7114648
vn 0.6689352 0.164643 0.7248576
vn 0.6834024 0.1636432 0.7114648
vn 0.6814836 0.1523939 0.7157907
vn 0.6781156 0.1491068 0.7196711
vn 0.6689352 0.164643 0.7248576
vn 0.6689352 0.164643 0.7248576
vn 0.6719124 0.1828066 0.7177156
vn 0.6758403 0.1790385 0.7149723
vn 0.6115213 0.2700286 0.7437247
vn 0.6453018 0.2828488 0.7096353
vn 0.6255695 0.2838927 0.726683
vn 0.6550107 0.2822542 0.7009235
vn 0.6453018 0.2828488 0.7096353
vn 0.6115213 0.2700286 0.7437247
vn 0.6550107 0.2822542 0.7009235
vn 0.7007078 0.2641451 0.6627489
vn 0.6453018 0.2828488 0.7096353
vn 0.7091581 0.2560851 0.6568983
vn 0.7007078 0.2641451 0.6627489
vn 0.6834618 0.2801171 0.6741027
vn 0.7091581 0.2560851 0.6568983
vn 0.7420837 0.2069451 0.6375622
vn 0.7007078 0.2641451 0.6627489
vn 0.7460557 0.1945251 0.6368366
vn 0.7420837 0.2069451 0.6375622
vn 0.7337466 0.2316495 0.6387133
vn 0.7460557 0.1945251 0.6368366
vn 0.7536398 0.1331313 0.643664
vn 0.7420837 0.2069451 0.6375622
vn 0.751655 0.1211024 0.6483434
vn 0.7536398 0.1331313 0.643664
vn 0.7572374 0.157095 0.633966
vn 0.751655 0.1211024 0.6483434
vn 0.7309488 0.070915 0.6787378
vn 0.7536398 0.1331313 0.643664
vn 0.7237711 0.06388696 0.6870764
vn 0.7309488 0.070915 0.6787378
vn 0.7449072 0.08494715 0.6617383
vn 0.7237711 0.06388696 0.6870764
vn 0.6826924 0.04403131 0.7293782
vn 0.7309488 0.070915 0.6787378
vn 0.673094 0.04467176 0.7382067
vn 0.6826924 0.04403131 0.7293782
vn 0.7015264 0.04271877 0.7113621
vn 0.673094 0.04467176 0.7382067
vn 0.6272916 0.06274419 0.7762529
vn 0.6826924 0.04403131 0.7293782
vn 0.6189559 0.07082831 0.7822258
vn 0.6272916 0.06274419 0.7762529
vn 0.6436282 0.04655303 0.7639213
vn 0.6189559 0.07082831 0.7822258
vn 0.5859135 0.1199231 0.8014513
vn 0.6272916 0.06274419 0.7762529
vn 0.5820502 0.132366 0.8023073
vn 0.5859135 0.1199231 0.8014513
vn 0.5933418 0.09499841 0.7993253
vn 0.5820502 0.132366 0.8023073
vn 0.5743601 0.1937197 0.7953511
vn 0.5859135 0.1199231 0.8014513
vn 0.5764618 0.2057739 0.7907903
vn 0.5743601 0.1937197 0.7953511
vn 0.5698638 0.1695316 0.8040612
vn 0.5764618 0.2057739 0.7907903
vn 0.5821829 0.2416921 0.7763042
vn 0.5743601 0.1937197 0.7953511
vn 0.6115213 0.2700286 0.7437247
vn 0.5821829 0.2416921 0.7763042
vn 0.5821899 0.2416834 0.7763016
vn 0.6897516 0.7090319 0.1466852
vn 0.5862163 0.6238282 0.5169033
vn 0.6091881 0.7927693 -0.02017213
vn 0.6299032 0.574052 0.5231504
vn 0.5862163 0.6238282 0.5169033
vn 0.6299032 0.574052 0.5231504
vn 0.3468046 0.4902965 0.7995849
vn 0.3468046 0.4902965 0.7995849
vn 0.5862163 0.6238282 0.5169033
vn -0.05132937 0.4897777 0.8703351
vn -0.3738301 0.6225977 0.687476
vn -0.05132937 0.4897777 0.8703351
vn -0.4125477 0.5726967 0.7083946
vn -0.3738301 0.6225977 0.687476
vn -0.4125477 0.5726967 0.7083946
vn -0.5988078 0.707381 0.3755549
vn -0.5988078 0.707381 0.3755549
vn -0.3738301 0.6225977 0.687476
vn -0.538953 0.8423355 -0.0008993894
vn -0.2295248 0.9480428 -0.220303
vn -0.538953 0.8423355 -0.0008993894
vn -0.2559037 0.9260789 -0.2772926
vn -0.2295248 0.9480428 -0.220303
vn -0.2559037 0.9260789 -0.2772926
vn 0.1423847 0.9265945 -0.3480652
vn 0.1423847 0.9265945 -0.3480652
vn -0.2295248 0.9480428 -0.220303
vn 0.5034384 0.8437304 -0.1861955
vn 0.6091881 0.7927693 -0.02017213
vn 0.5034384 0.8437304 -0.1861955
vn 0.9939798 -0.109518 0.003185689
vn 0.9267377 0.03394251 -0.374173
vn 0.9621363 -0.1813348 0.2034978
vn 0.8276507 0.1055881 -0.551222
vn 0.9267377 0.03394251 -0.374173
vn 0.9939798 -0.109518 0.003185689
vn 0.8276507 0.1055881 -0.551222
vn 0.5363971 0.221341 -0.814424
vn 0.9267377 0.03394251 -0.374173
vn 0.34423 0.2654493 -0.900579
vn 0.5363971 0.221341 -0.814424
vn 0.8276507 0.1055881 -0.551222
vn 0.34423 0.2654493 -0.900579
vn -0.05978204 0.3092812 -0.9490898
vn 0.5363971 0.221341 -0.814424
vn -0.27163 0.3090056 -0.9114454
vn -0.05978204 0.3092812 -0.9490898
vn 0.34423 0.2654493 -0.900579
vn -0.27163 0.3090056 -0.9114454
vn -0.6340859 0.2641742 -0.7267374
vn -0.05978204 0.3092812 -0.9490898
vn -0.7846971 0.2196185 -0.579671
vn -0.6340859 0.2641742 -0.7267374
vn -0.27163 0.3090056 -0.9114454
vn -0.7846971 0.2196185 -0.579671
vn -0.9671505 0.1032468 -0.2322938
vn -0.6340859 0.2641742 -0.7267374
vn -0.9989941 0.03143078 -0.03198132
vn -0.9671505 0.1032468 -0.2322938
vn -0.7846971 0.2196185 -0.579671
vn -0.9989941 0.03143078 -0.03198132
vn -0.9317517 -0.1120319 0.3453808
vn -0.9671505 0.1032468 -0.2322938
vn -0.8326648 -0.1836782 0.5224288
vn -0.9317517 -0.1120319 0.3453808
vn -0.9989941 0.03143078 -0.03198132
vn -0.8326648 -0.1836782 0.5224288
vn -0.5414138 -0.2994318 0.7856284
vn -0.9317517 -0.1120319 0.3453808
vn -0.3492467 -0.34354 0.8717839
vn -0.5414138 -0.2994318 0.7856284
vn -0.8326648 -0.1836782 0.5224288
vn -0.3492467 -0.34354 0.8717839
vn 0.05476736 -0.3873714 0.9202957
vn -0.5414138 -0.2994318 0.7856284
vn 0.2666151 -0.3870945 0.882652
vn 0.05476736 -0.3873714 0.9202957
vn -0.3492467 -0.34354 0.8717839
vn 0.2666151 -0.3870945 0.882652
vn 0.6290693 -0.3422641 0.6979451
vn 0.05476736 -0.3873714 0.9202957
vn 0.7796825 -0.2977076 0.5508771
vn 0.6290693 -0.3422641 0.6979451
vn 0.2666151 -0.3870945 0.882652
vn 0.7796825 -0.2977076 0.5508771
vn 0.9621363 -0.1813348 0.2034978
vn 0.6290693 -0.3422641 0.6979451
vn 0.9939798 -0.109518 0.003185689
vn 0.9621363 -0.1813348 0.2034978
vn 0.7796825 -0.2977076 0.5508771
vn 0.997353 -0.0705535 0.0175907
vn 0.9300525 0.0730291 -0.3600965
vn 0.965483 -0.1424247 0.2180778
vn 0.8856158 0.1095188 -0.4513208
vn 0.9300525 0.0730291 -0.3600965
vn 0.997353 -0.0705535 0.0175907
vn 0.8856158 0.1095188 -0.4513208
vn 0.5393762 0.2605858 -0.8007301
vn 0.9300525 0.0730291 -0.3600965
vn 0.445801 0.2843104 -0.848781
vn 0.5393762 0.2605858 -0.8007301
vn 0.6999682 0.2070459 -0.6835033
vn 0.445801 0.2843104 -0.848781
vn -0.05732727 0.3486112 -0.9355128
vn 0.5393762 0.2605858 -0.8007301
vn -0.1642995 0.3505148 -0.9220332
vn -0.05732727 0.3486112 -0.9355128
vn 0.1479921 0.3337617 -0.9309682
vn -0.1642995 0.3505148 -0.9220332
vn -0.6321342 0.3034624 -0.7129636
vn -0.05732727 0.3486112 -0.9355128
vn -0.7116425 0.2828094 -0.6431047
vn -0.6321342 0.3034624 -0.7129636
vn -0.4605097 0.3329644 -0.82284
vn -0.7116425 0.2828094 -0.6431047
vn -0.9654852 0.1424014 -0.2180837
vn -0.6321342 0.3034624 -0.7129636
vn -0.987159 0.1070918 -0.1185269
vn -0.9654852 0.1424014 -0.2180837
vn -0.8931154 0.2049889 -0.4004056
vn -0.987159 0.1070918 -0.1185269
vn -0.9300546 -0.07304935 0.3600869
vn -0.9654852 0.1424014 -0.2180837
vn -0.8856188 -0.1095377 0.4513105
vn -0.9300546 -0.07304935 0.3600869
vn -0.9845759 -0.001287916 0.1749537
vn -0.8856188 -0.1095377 0.4513105
vn -0.5393796 -0.2605971 0.8007241
vn -0.9300546 -0.07304935 0.3600869
vn -0.4458023 -0.2843206 0.8487768
vn -0.5393796 -0.2605971 0.8007241
vn -0.6999707 -0.2070531 0.6834986
vn -0.4458023 -0.2843206 0.8487768
vn 0.05732633 -0.3486222 0.9355087
vn -0.5393796 -0.2605971 0.8007241
vn 0.1642982 -0.3505253 0.9220296
vn 0.05732633 -0.3486222 0.9355087
vn -0.148 -0.3337708 0.9309637
vn 0.1642982 -0.3505253 0.9220296
vn 0.6321348 -0.3034803 0.7129555
vn 0.05732633 -0.3486222 0.9355087
vn 0.7116414 -0.2828317 0.6430964
vn 0.6321348 -0.3034803 0.7129555
vn 0.4605086 -0.3329818 0.8228337
vn 0.7116414 -0.2828317 0.6430964
vn 0.965483 -0.1424247 0.2180778
vn 0.6321348 -0.3034803 0.7129555
vn 0.997353 -0.0705535 0.0175907
vn 0.965483 -0.1424247 0.2180778
vn 0.8931107 -0.2050085 0.4004059
vn 0.06799643 -0.1584531 0.9850225
vn -0.3715312 0.1297116 0.9193147
vn 0.1839507 0.07153703 0.980329
vn -0.4252162 -0.09430574 0.9001654
vn -0.3715312 0.1297116 0.9193147
vn 0.06799643 -0.1584531 0.9850225
vn -0.4252162 -0.09430574 0.9001654
vn -0.775534 0.2873688 0.5621088
vn -0.3715312 0.1297116 0.9193147
vn -0.8564219 0.07707096 0.5104916
vn -0.775534 0.2873688 0.5621088
vn -0.6762444 -0.02763489 0.736159
vn -0.8564219 0.07707096 0.5104916
vn -0.873744 0.4842851 0.04515933
vn -0.775534 0.2873688 0.5621088
vn -0.9559759 0.2894615 -0.04818958
vn -0.873744 0.4842851 0.04515933
vn -0.9557978 0.1744974 0.2366464
vn -0.9559759 0.2894615 -0.04818958
vn -0.6286358 0.645263 -0.4341115
vn -0.873744 0.4842851 0.04515933
vn -0.685856 0.461722 -0.5625072
vn -0.6286358 0.645263 -0.4341115
vn -0.8659556 0.377092 -0.3285161
vn -0.685856 0.461722 -0.5625072
vn -0.1338437 0.7088134 -0.6925818
vn -0.6286358 0.645263 -0.4341115
vn -0.149233 0.5281178 -0.8359553
vn -0.1338437 0.7088134 -0.6925818
vn -0.4410591 0.5028075 -0.7434055
vn -0.149233 0.5281178 -0.8359553
vn 0.4216475 0.6506304 -0.6315802
vn -0.1338437 0.7088134 -0.6925818
vn 0.4489067 0.4632607 -0.7641155
vn 0.4216475 0.6506304 -0.6315802
vn 0.1566459 0.5036297 -0.8495995
vn 0.4489067 0.4632607 -0.7641155
vn 0.8256459 0.4929787 -0.2743736
vn 0.4216475 0.6506304 -0.6315802
vn 0.8801114 0.2918773 -0.3744484
vn 0.8256459 0.4929787 -0.2743736
vn 0.6988135 0.3791782 -0.6065343
vn 0.8801114 0.2918773 -0.3744484
vn 0.9238542 0.2960514 0.2425841
vn 0.8256459 0.4929787 -0.2743736
vn 0.9796655 0.07947055 0.1842285
vn 0.9238542 0.2960514 0.2425841
vn 0.9783685 0.1770305 -0.1070301
vn 0.9796655 0.07947055 0.1842285
vn 0.6787502 0.1350802 0.7218393
vn 0.9238542 0.2960514 0.2425841
vn 0.7095462 -0.09281964 0.6985191
vn 0.6787502 0.1350802 0.7218393
vn 0.8885295 -0.02558916 0.4581055
vn 0.7095462 -0.09281964 0.6985191
vn 0.1839507 0.07153703 0.980329
vn 0.6787502 0.1350802 0.7218393
vn 0.06799643 -0.1584531 0.9850225
vn 0.1839507 0.07153703 0.980329
vn 0.4636035 -0.1513106 0.8730276
vn 0.3119229 0.8119686 -0.4933672
vn -0.1338437 0.7088134 -0.6925818
vn 0.4216475 0.6506304 -0.6315802
vn -0.09331776 0.8497988 -0.5187812
vn -0.1338437 0.7088134 -0.6925818
vn 0.3119229 0.8119686 -0.4933672
vn -0.09331776 0.8497988 -0.5187812
vn -0.6286358 0.645263 -0.4341115
vn -0.1338437 0.7088134 -0.6925818
vn -0.5265633 0.7961659 -0.2980788
vn -0.6286358 0.645263 -0.4341115
vn -0.3355626 0.8226456 -0.4589685
vn -0.5265633 0.7961659 -0.2980788
vn -0.873744 0.4842851 0.04515933
vn -0.6286358 0.645263 -0.4341115
vn -0.7446739 0.6570551 0.1172158
vn -0.873744 0.4842851 0.04515933
vn -0.6843484 0.7194855 -0.1183553
vn -0.7446739 0.6570551 0.1172158
vn -0.775534 0.2873688 0.5621088
vn -0.873744 0.4842851 0.04515933
vn -0.6642904 0.4855771 0.5682722
vn -0.775534 0.2873688 0.5621088
vn -0.7580596 0.5532119 0.3454019
vn -0.6642904 0.4855771 0.5682722
vn -0.3715312 0.1297116 0.9193147
vn -0.775534 0.2873688 0.5621088
vn -0.316142 0.3472123 0.8828918
vn -0.3715312 0.1297116 0.9193147
vn -0.5286468 0.3873315 0.7553193
vn -0.316142 0.3472123 0.8828918
vn 0.1839507 0.07153703 0.980329
vn -0.3715312 0.1297116 0.9193147
vn 0.1667943 0.2948045 0.9408879
vn 0.1839507 0.07153703 0.980329
vn -0.0837245 0.2851876 0.9548081
vn 0.1667943 0.2948045 0.9408879
vn 0.6787502 0.1350802 0.7218393
vn 0.1839507 0.07153703 0.980329
vn 0.6000795 0.3483995 0.720085
vn 0.6787502 0.1350802 0.7218393
vn 0.4067965 0.2858331 0.8676499
vn 0.6000795 0.3483995 0.720085
vn 0.9238542 0.2960514 0.2425841
vn 0.6787502 0.1350802 0.7218393
vn 0.818184 0.4874925 0.3048379
vn 0.9238542 0.2960514 0.2425841
vn 0.7555297 0.3889896 0.5271263
vn 0.818184 0.4874925 0.3048379
vn 0.8256459 0.4929787 -0.2743736
vn 0.9238542 0.2960514 0.2425841
vn 0.7378007 0.6589842 -0.1462537
vn 0.8256459 0.4929787 -0.2743736
vn 0.8292569 0.5552679 0.06333086
vn 0.7378007 0.6589842 -0.1462537
vn 0.4216475 0.6506304 -0.6315802
vn 0.8256459 0.4929787 -0.2743736
vn 0.3119229 0.8119686 -0.4933672
vn 0.4216475 0.6506304 -0.6315802
vn 0.5998197 0.7211615 -0.3466159
vn 0.06126097 -0.9381953 -0.3406418
vn 0.05306177 -0.920794 -0.3864231
vn 0.06512386 -0.9288349 -0.3647255
vn 0.04701255 -0.9165351 -0.3971814
vn 0.05306177 -0.920794 -0.3864231
vn 0.06126097 -0.9381953 -0.3406418
vn 0.04701255 -0.9165351 -0.3971814
vn 0.005690515 -0.898047 -0.4398627
vn 0.05306177 -0.920794 -0.3864231
vn -0.005953208 -0.8954375 -0.4451474
vn 0.005690515 -0.898047 -0.4398627
vn 0.02899865 -0.9027731 -0.4291384
vn -0.005953208 -0.8954375 -0.4451474
vn -0.06667297 -0.8873281 -0.4562935
vn 0.005690515 -0.898047 -0.4398627
vn -0.07955431 -0.8873998 -0.4540846
vn -0.06667297 -0.8873281 -0.4562935
vn -0.04090698 -0.8866682 -0.4605933
vn -0.07955431 -0.8873998 -0.4540846
vn -0.1363705 -0.8928184 -0.4292766
vn -0.06667297 -0.8873281 -0.4562935
vn -0.1454881 -0.8956178 -0.4203593
vn -0.1363705 -0.8928184 -0.4292766
vn -0.1179849 -0.8868281 -0.4467836
vn -0.1454881 -0.8956178 -0.4203593
vn -0.1767596 -0.9123675 -0.3692448
vn -0.1363705 -0.8928184 -0.4292766
vn -0.1787115 -0.9168037 -0.3571179
vn -0.1767596 -0.9123675 -0.3692448
vn -0.1727808 -0.9030324 -0.3932929
vn -0.1787115 -0.9168037 -0.3571179
vn -0.172542 -0.938502 -0.2990706
vn -0.1767596 -0.9123675 -0.3692448
vn -0.1665803 -0.9429319 -0.2883235
vn -0.172542 -0.938502 -0.2990706
vn -0.1844903 -0.9291648 -0.3203375
vn -0.1665803 -0.9429319 -0.2883235
vn -0.1251435 -0.9612513 -0.2456321
vn -0.172542 -0.938502 -0.2990706
vn -0.113467 -0.9640073 -0.2404478
vn -0.1251435 -0.9612513 -0.2456321
vn -0.1483658 -0.9552369 -0.2559498
vn -0.113467 -0.9640073 -0.2404478
vn -0.0527665 -0.9719065 -0.2293766
vn -0.1251435 -0.9612513 -0.2456321
vn -0.03992949 -0.9719627 -0.2317198
vn -0.0527665 -0.9719065 -0.2293766
vn -0.07840621 -0.9712687 -0.2246992
vn -0.03992949 -0.9719627 -0.2317198
vn 0.01696061 -0.9664379 -0.2563399
vn -0.0527665 -0.9719065 -0.2293766
vn 0.02613945 -0.963823 -0.2652582
vn 0.01696061 -0.9664379 -0.2563399
vn -0.001298089 -0.971195 -0.2382823
vn 0.02613945 -0.963823 -0.2652582
vn 0.05353747 -0.9549717 -0.2918268
vn 0.01696061 -0.9664379 -0.2563399
vn 0.06126097 -0.9381953 -0.3406418
vn 0.05353747 -0.9549717 -0.2918268
vn 0.05353806 -0.9549717 -0.2918267
vn -0.01609931 0.9960846 -0.08692713
vn -0.01476356 0.9967083 -0.07971525
vn -0.007290759 0.9950747 -0.09885973
vn -0.02859732 0.9950747 -0.09491387
vn -0.01476356 0.9967083 -0.07971525
vn -0.01609931 0.9960846 -0.08692713
vn -0.02859732 0.9950747 -0.09491387
vn 0.07519465 0.9856203 -0.151322
vn -0.01476356 0.9967083 -0.07971525
vn 0.2695907 0.9100066 -0.3149744
vn 0.07519465 0.9856203 -0.151322
vn -0.02859732 0.9950747 -0.09491387
vn 0.2695907 0.9100066 -0.3149744
vn 0.2187607 0.8711445 -0.4396032
vn 0.07519465 0.9856203 -0.151322
vn 0.2252075 0.7031895 -0.6743933
vn 0.2187607 0.8711445 -0.4396032
vn 0.2695907 0.9100066 -0.3149744
vn 0.2252075 0.7031895 -0.6743933
vn 0.1282002 0.6619975 -0.7384607
vn 0.2187607 0.8711445 -0.4396032
vn 0.00128369 0.4164615 -0.9091526
vn 0.1282002 0.6619975 -0.7384607
vn 0.2252075 0.7031895 -0.6743933
vn 0.940502 0.3159797 -0.1249513
vn 0.9072223 0.2234831 0.3563752
vn 0.9962756 0.0009335345 0.08622125
vn 0.9784802 0.203921 -0.03151155
vn 0.9072223 0.2234831 0.3563752
vn 0.940502 0.3159797 -0.1249513
vn 0.7449467 0.2229139 0.6287798
vn 0.6419622 0.3628822 0.6754267
vn 0.9072223 0.2234831 0.3563752
vn 0.6164148 -0.1486647 0.7732605
vn 0.6419622 0.3628822 0.6754267
vn 0.7449467 0.2229139 0.6287798
vn 0.6164148 -0.1486647 0.7732605
vn 0.2418433 -0.1263114 0.9620589
vn 0.2418433 -0.1263114 0.9620589
vn 0.1015745 -0.8299938 0.5484461
vn 0.09919552 -0.838625 0.535601
vn 0.1298269 -0.8382167 0.5296583
vn 0.1015745 -0.8299938 0.5484461
vn -0.06992839 -0.8147334 0.5756036
vn 0.09919552 -0.838625 0.535601
vn -0.2529134 -0.8484024 0.465025
vn -0.06992839 -0.8147334 0.5756036
vn 0.1015745 -0.8299938 0.5484461
vn -0.2529134 -0.8484024 0.465025
vn -0.6845168 -0.572904 0.450797
vn -0.06992839 -0.8147334 0.5756036
vn -0.4965541 -0.8631203 0.091964
vn -0.6845168 -0.572904 0.450797
vn -0.2529134 -0.8484024 0.465025
vn -0.4965541 -0.8631203 0.091964
vn -0.5228316 -0.8469185 0.09683076
vn -0.6845168 -0.572904 0.450797
vn -0.5317383 -0.8355859 -0.1380238
vn -0.5228316 -0.8469185 0.09683076
vn -0.4965541 -0.8631203 0.091964
vn -0.9779382 -0.2068182 0.02938101
vn -0.9832491 0.007748897 0.1821022
vn -0.9636652 -0.1987362 0.1784751
vn -0.9784802 0.2039213 0.03151199
vn -0.9832491 0.007748897 0.1821022
vn -0.9779382 -0.2068182 0.02938101
vn -0.9784802 0.2039213 0.03151199
vn -0.9683613 0.2495511 0.0008955598
vn -0.9832491 0.007748897 0.1821022
vn -0.9072226 0.2234819 -0.3563752
vn -0.9683613 0.2495511 0.0008955598
vn -0.9784802 0.2039213 0.03151199
vn -0.9072226 0.2234819 -0.3563752
vn -0.9962759 0.0009335459 -0.0862177
vn -0.9683613 0.2495511 0.0008955598
vn -0.9348145 0.104561 -0.3393952
vn -0.9962759 0.0009335459 -0.0862177
vn -0.9072226 0.2234819 -0.3563752
vn -0.2187596 0.8711448 0.4396033
vn 0.0454595 0.6107917 0.7904853
vn -0.1282022 0.6619962 0.7384614
vn -0.2695911 0.9100067 0.3149737
vn 0.0454595 0.6107917 0.7904853
vn -0.2187596 0.8711448 0.4396033
vn -0.1802709 -0.114705 0.9769061
vn -0.1802709 -0.114705 0.9769061
vn 0.1187339 -0.126311 0.9848593
vn -0.488511 -0.1519735 0.8592213
vn -0.1802709 -0.114705 0.9769061
vn -0.1802709 -0.114705 0.9769061
vn -0.6937177 0.468741 0.5468435
vn -0.7194234 0.2234815 0.6576368
vn -0.3019779 0.5040362 0.8091706
vn -0.9044541 0.2495511 0.3459582
vn -0.7194234 0.2234815 0.6576368
vn -0.6937177 0.468741 0.5468435
vn -0.9044541 0.2495511 0.3459582
vn -0.9104455 -0.07372462 0.4070061
vn -0.7194234 0.2234815 0.6576368
vn -0.397512 0.6381659 -0.6593395
vn -0.3841565 0.6619968 -0.6435714
vn -0.3267853 0.416461 -0.8483936
vn -0.397512 0.6381659 -0.6593395
vn -0.3616814 0.8711448 -0.3321044
vn -0.3841565 0.6619968 -0.6435714
vn -0.3645082 0.9100069 -0.1975375
vn -0.3616814 0.8711448 -0.3321044
vn -0.397512 0.6381659 -0.6593395
vn -0.3645082 0.9100069 -0.1975375
vn -0.1243992 0.9856203 -0.1143566
vn -0.3616814 0.8711448 -0.3321044
vn -0.007290759 0.9950747 -0.09885973
vn -0.1243992 0.9856203 -0.1143566
vn -0.3645082 0.9100069 -0.1975375
vn -0.007290759 0.9950747 -0.09885973
vn -0.01476356 0.9967083 -0.07971525
vn -0.1243992 0.9856203 -0.1143566
vn 0.53478 0.3040098 -0.7884089
vn 0.2713989 0.4522106 -0.8496166
vn 0.518654 0.3395878 -0.7846516
vn 0.1262016 0.3556338 -0.9260659
vn 0.2713989 0.4522106 -0.8496166
vn 0.53478 0.3040098 -0.7884089
vn 0.4494741 0.3556345 0.8194494
vn 0.0454595 0.6107917 0.7904853
vn 0.5576674 0.4522107 0.6960694
vn -0.2713981 0.4522108 0.8496168
vn 0.1022645 0.6103337 0.7855156
vn 0.03060614 0.50692 0.8614497
vn -0.2713981 0.4522108 0.8496168
vn 0.1536054 0.65702 0.7380584
vn 0.1022645 0.6103337 0.7855156
vn -0.1474638 0.586758 -0.7962222
vn -0.1372715 0.6571105 -0.7411899
vn -0.5576662 0.4522104 -0.6960707
vn -0.1474638 0.586758 -0.7962222
vn 0.2713989 0.4522106 -0.8496166
vn -0.1372715 0.6571105 -0.7411899
vn -0.03060655 0.5069201 -0.8614496
vn 0.2713989 0.4522106 -0.8496166
vn -0.1474638 0.586758 -0.7962222
vn 0.4015994 0.3642779 -0.8402498
vn 0.518654 0.3395878 -0.7846516
vn 0.2713989 0.4522106 -0.8496166
vn 0.0454595 0.6107917 0.7904853
vn -0.001287818 0.4164601 0.9091532
vn -0.1282022 0.6619962 0.7384614
vn 0.4494741 0.3556345 0.8194494
vn -0.001287818 0.4164601 0.9091532
vn 0.0454595 0.6107917 0.7904853
vn 0.1262016 0.3556338 -0.9260659
vn -0.397512 0.6381659 -0.6593395
vn -0.3267853 0.416461 -0.8483936
vn 0.0445016 -0.9696821 0.2402837
vn 0.03815494 -0.9778047 0.2060152
vn 0.03530672 -0.9696397 0.2419757
vn 0.0445016 -0.9696821 0.2402837
vn 0.05369259 -0.9696398 0.2385706
vn 0.03815494 -0.9778047 0.2060152
vn 0.06915689 -0.9601484 0.2707995
vn 0.05369259 -0.9696398 0.2385706
vn 0.0445016 -0.9696821 0.2402837
vn 0.9762986 0 0.2164286
vn 0.9762986 0 0.2164286
vn 0.9762986 0 0.2164286
vn 0.9762986 0 0.2164286
vn 0.9762986 0 0.2164286
vn 0.9762986 0 0.2164286
vn 0.05074435 0.9705684 0.2354189
vn 0.04383862 0.9705923 0.2367039
vn 0.04946762 0.9623989 0.267098
vn 0.03816411 0.9777938 0.2060648
vn 0.04383862 0.9705923 0.2367039
vn 0.05074435 0.9705684 0.2354189
vn 0.03816411 0.9777938 0.2060648
vn 0.03693072 0.9705684 0.2379773
vn 0.04383862 0.9705923 0.2367039
vn 0.1601056 -3.395542E-09 0.9871
vn 0.1159613 -1.016638E-08 0.9932538
vn 0.1159613 -1.016638E-08 0.9932538
vn 0.1601056 -3.395542E-09 0.9871
vn 0.1159613 -1.016638E-08 0.9932538
vn 0.1159613 -1.016638E-08 0.9932538
vn 0.03530672 -0.9696397 0.2419757
vn 0.03241011 -0.9601484 0.2776053
vn 0.0445016 -0.9696821 0.2402837
vn -0.8340352 -5.348983E-09 0.5517114
vn -0.8340352 -2.674491E-09 0.5517114
vn -0.8340352 -2.674491E-09 0.5517114
vn 0.03693072 0.9705684 0.2379773
vn 0.04946787 0.9623989 0.267098
vn 0.04383862 0.9705923 0.2367039
vn -0.8340352 -2.674491E-09 0.5517114
vn -0.8340352 -2.674491E-09 0.5517114
vn -0.8340352 0 0.5517114
vn -0.2187596 0.8711448 0.4396033
vn -0.1333498 0.9654445 0.2239078
vn -0.2695911 0.9100067 0.3149737
vn -0.9072226 0.2234819 -0.3563752
vn -0.8054149 0.09069728 -0.5857311
vn -0.9348145 0.104561 -0.3393952
vn -0.9072226 0.2234819 -0.3563752
vn -0.4751418 0.3354233 -0.8134689
vn -0.8054149 0.09069728 -0.5857311
vn -0.7566743 0.2849305 -0.5884376
vn -0.4751418 0.3354233 -0.8134689
vn -0.9072226 0.2234819 -0.3563752
vn -0.2411517 0.2129211 -0.9468424
vn -0.1705553 0.554953 -0.8142101
vn -0.4751418 0.3354233 -0.8134689
vn -0.1806431 -0.1265585 -0.9753723
vn -0.1610654 0.09534936 -0.9823271
vn -0.2411517 0.2129211 -0.9468424
vn -0.1806431 -0.1265585 -0.9753723
vn 0.07865848 -0.1212366 -0.9895024
vn -0.1610654 0.09534936 -0.9823271
vn 0.3281081 -0.3141142 -0.8908858
vn 0.07865848 -0.1212366 -0.9895024
vn -0.1806431 -0.1265585 -0.9753723
vn 0.3281081 -0.3141142 -0.8908858
vn 0.4885103 -0.1519764 -0.8592212
vn 0.07865848 -0.1212366 -0.9895024
vn 0.8267307 -0.2174915 -0.5188584
vn 0.4885103 -0.1519764 -0.8592212
vn 0.3281081 -0.3141142 -0.8908858
vn 0.8267307 -0.2174915 -0.5188584
vn 0.9832492 0.007746271 -0.182102
vn 0.936361 0.1155308 -0.331483
vn 0.9636653 -0.1987362 -0.1784746
vn 0.9832492 0.007746271 -0.182102
vn 0.8267307 -0.2174915 -0.5188584
vn 0.9636653 -0.1987362 -0.1784746
vn 0.9577125 -0.2174927 0.1883719
vn 0.9832492 0.007746271 -0.182102
vn 0.4965536 -0.8631206 -0.09196368
vn 0.5317385 -0.8355859 0.1380239
vn 0.5351951 -0.8444533 -0.02156362
vn 0.4965536 -0.8631206 -0.09196368
vn 0.4026755 -0.8484024 0.343607
vn 0.5317385 -0.8355859 0.1380239
vn -0.4751418 0.3354233 -0.8134689
vn -0.1797379 0.1607913 -0.9704847
vn -0.2449174 -0.0538427 -0.9680479
vn -0.1705553 0.554953 -0.8142101
vn -0.1797379 0.1607913 -0.9704847
vn -0.4751418 0.3354233 -0.8134689
vn -0.1705553 0.554953 -0.8142101
vn 0.1523056 0.3354233 -0.9296743
vn -0.1797379 0.1607913 -0.9704847
vn 0.2325711 0.4915647 -0.8392109
vn 0.1523056 0.3354233 -0.9296743
vn -0.1610654 0.09534936 -0.9823271
vn 0.2325711 0.4915647 -0.8392109
vn 0.7194229 0.223483 -0.6576369
vn 0.1523056 0.3354233 -0.9296743
vn 0.693715 0.4687452 -0.5468433
vn 0.7194229 0.223483 -0.6576369
vn 0.4283009 0.5195028 -0.739375
vn 0.693715 0.4687452 -0.5468433
vn 0.940502 0.3159797 -0.1249513
vn 0.7194229 0.223483 -0.6576369
vn 0.9832492 0.007746271 -0.182102
vn 0.940502 0.3159797 -0.1249513
vn 0.936361 0.1155308 -0.331483
vn 0.9832492 0.007746271 -0.182102
vn 0.9784802 0.203921 -0.03151155
vn 0.940502 0.3159797 -0.1249513
vn 0.9577125 -0.2174927 0.1883719
vn 0.9784802 0.203921 -0.03151155
vn 0.9832492 0.007746271 -0.182102
vn 0.9577125 -0.2174927 0.1883719
vn 0.6164148 -0.1486647 0.7732605
vn 0.775887 -0.2067273 0.5960398
vn 0.4026755 -0.8484024 0.343607
vn 0.3418372 -0.7960969 0.4993767
vn 0.5317385 -0.8355859 0.1380239
vn 0.4026755 -0.8484024 0.343607
vn 0.1015745 -0.8299938 0.5484461
vn 0.3418372 -0.7960969 0.4993767
vn -0.7816586 0.3040092 -0.5445995
vn -0.5576662 0.4522104 -0.6960707
vn -0.4494746 0.3556333 -0.8194497
vn -0.8413207 0.3089875 -0.4435162
vn -0.5576662 0.4522104 -0.6960707
vn -0.7816586 0.3040092 -0.5445995
vn -0.6758752 0.3642784 -0.6406981
vn -0.6758752 0.3642784 -0.6406981
vn -0.5576662 0.4522104 -0.6960707
vn -0.1474638 0.586758 -0.7962222
vn -0.5576662 0.4522104 -0.6960707
vn -0.2799301 0.5069197 -0.8152741
vn 0.1523056 0.3354233 -0.9296743
vn 0.2259884 0.01961119 -0.9739327
vn -0.1797379 0.1607913 -0.9704847
vn 0.7194229 0.223483 -0.6576369
vn 0.2259884 0.01961119 -0.9739327
vn 0.1523056 0.3354233 -0.9296743
vn 0.7194229 0.223483 -0.6576369
vn 0.7512656 0.1045601 -0.651665
vn 0.2259884 0.01961119 -0.9739327
vn 0.8993188 0.0009344876 -0.4372927
vn 0.7512656 0.1045601 -0.651665
vn 0.7194229 0.223483 -0.6576369
vn 0.3841598 0.6619973 0.6435689
vn 0.3975173 0.6381657 0.6593366
vn 0.3616856 0.8711444 0.332101
vn 0.3267901 0.4164613 0.8483916
vn 0.3975173 0.6381657 0.6593366
vn 0.3841598 0.6619973 0.6435689
vn 0.3267901 0.4164613 0.8483916
vn 0.1963582 0.3790673 0.9042961
vn 0.3975173 0.6381657 0.6593366
vn -0.1405174 0.3790675 -0.9146382
vn -0.4494746 0.3556333 -0.8194497
vn 0.00128369 0.4164615 -0.9091526
vn -0.09919556 -0.8386249 -0.535601
vn -0.1015745 -0.8299938 -0.5484461
vn -0.0742948 -0.8296752 -0.5532805
vn -0.1287762 -0.8296752 -0.5431905
vn -0.1015745 -0.8299938 -0.5484461
vn -0.09919556 -0.8386249 -0.535601
vn -0.1287762 -0.8296752 -0.5431905
vn -0.402675 -0.8484027 -0.3436072
vn -0.1015745 -0.8299938 -0.5484461
vn -0.5317383 -0.8355859 -0.1380238
vn -0.402675 -0.8484027 -0.3436072
vn -0.7243257 -0.3633071 -0.5859698
vn -0.5317383 -0.8355859 -0.1380238
vn -0.4965541 -0.8631203 0.091964
vn -0.402675 -0.8484027 -0.3436072
vn -0.1812709 -0.09573782 -0.9787621
vn -0.1797379 0.1607913 -0.9704847
vn 0.2259884 0.01961119 -0.9739327
vn -0.1812709 -0.09573782 -0.9787621
vn -0.2449174 -0.0538427 -0.9680479
vn -0.1797379 0.1607913 -0.9704847
vn 0.0285956 0.9950747 0.0949137
vn -0.0451138 0.992505 0.1135725
vn 0.166339 0.9851188 0.04327023
vn 0.0285956 0.9950747 0.0949137
vn -0.2695911 0.9100067 0.3149737
vn -0.0451138 0.992505 0.1135725
vn 0.364511 0.9100064 0.1975349
vn 0.3616856 0.8711444 0.332101
vn 0.3975173 0.6381657 0.6593366
vn 0.364511 0.9100064 0.1975349
vn 0.1243994 0.9856205 0.1143558
vn 0.3616856 0.8711444 0.332101
vn 0.007290171 0.9950747 0.0988597
vn 0.1243994 0.9856205 0.1143558
vn 0.364511 0.9100064 0.1975349
vn 0.007290171 0.9950747 0.0988597
vn -0.0364132 0.9951333 0.09156275
vn 0.1243994 0.9856205 0.1143558
vn 0.01609917 0.9960846 0.0869271
vn -0.0364132 0.9951333 0.09156275
vn 0.007290171 0.9950747 0.0988597
vn 0.01609917 0.9960846 0.0869271
vn 0.0285956 0.9950747 0.0949137
vn -0.0364132 0.9951333 0.09156275
vn 0.8413195 0.3089879 0.4435179
vn 0.5576674 0.4522107 0.6960694
vn 0.8413195 0.3089879 0.4435179
vn 0.6758789 0.3642775 0.6406947
vn 0.5576674 0.4522107 0.6960694
vn 0.6758789 0.3642775 0.6406947
vn 0.2799298 0.5069203 0.8152737
vn 0.2799298 0.5069203 0.8152737
vn 0.5576674 0.4522107 0.6960694
vn -0.04450165 -0.9696821 -0.2402838
vn -0.03815496 -0.9778047 -0.2060153
vn -0.03530652 -0.9696397 -0.2419759
vn -0.04450165 -0.9696821 -0.2402838
vn -0.05369288 -0.9696397 -0.2385706
vn -0.03815496 -0.9778047 -0.2060153
vn -0.06915724 -0.9601483 -0.2707996
vn -0.05369288 -0.9696397 -0.2385706
vn -0.04450165 -0.9696821 -0.2402838
vn -0.9762977 2.674492E-09 -0.2164323
vn -0.9762977 2.674492E-09 -0.2164323
vn -0.9762977 5.348985E-09 -0.2164323
vn -0.9762977 0 -0.2164323
vn -0.9762977 2.674492E-09 -0.2164323
vn -0.9762977 2.674492E-09 -0.2164323
vn -0.05074462 0.9705684 -0.2354189
vn -0.04383865 0.9705923 -0.2367039
vn -0.0494679 0.9623989 -0.267098
vn -0.03816414 0.9777938 -0.2060648
vn -0.04383865 0.9705923 -0.2367039
vn -0.05074462 0.9705684 -0.2354189
vn -0.03816414 0.9777938 -0.2060648
vn -0.03693053 0.9705683 -0.2379774
vn -0.04383865 0.9705923 -0.2367039
vn -0.1601053 1.018664E-08 -0.9871001
vn -0.1159603 1.016639E-08 -0.9932539
vn -0.1159603 1.016639E-08 -0.9932539
vn -0.1601053 1.018664E-08 -0.9871001
vn -0.1159603 1.016639E-08 -0.9932539
vn -0.1159603 1.016639E-08 -0.9932539
vn -0.03530652 -0.9696397 -0.2419759
vn -0.03240988 -0.9601483 -0.2776056
vn -0.04450165 -0.9696821 -0.2402838
vn 0.834035 0 -0.5517118
vn 0.834035 -3.938684E-09 -0.5517118
vn 0.834035 -3.938684E-09 -0.5517118
vn 0.4788755 -0.859864 -0.1769527
vn 0.4965536 -0.8631206 -0.09196368
vn 0.5074201 -0.8444533 -0.1715328
vn 0.4788755 -0.859864 -0.1769527
vn 0.2529137 -0.8484024 -0.4650248
vn 0.4965536 -0.8631206 -0.09196368
vn 0.3281081 -0.3141142 -0.8908858
vn 0.2529137 -0.8484024 -0.4650248
vn 0.3537737 -0.7316698 -0.5826694
vn -0.0742948 -0.8296752 -0.5532805
vn -0.1015745 -0.8299938 -0.5484461
vn 0.2529137 -0.8484024 -0.4650248
vn -0.4015968 0.3642788 0.8402506
vn -0.2713981 0.4522108 0.8496168
vn -0.4015968 0.3642788 0.8402506
vn -0.6266843 0.3089881 0.7153974
vn -0.2713981 0.4522108 0.8496168
vn -0.6266843 0.3089881 0.7153974
vn -0.4354932 0.2948354 0.8505397
vn -0.4354932 0.2948354 0.8505397
vn -0.2713981 0.4522108 0.8496168
vn -0.03693053 0.9705683 -0.2379774
vn -0.04946767 0.9623988 -0.2670982
vn -0.04383865 0.9705923 -0.2367039
vn 0.834035 -3.938684E-09 -0.5517118
vn 0.834035 -3.938684E-09 -0.5517118
vn 0.834035 -7.877367E-09 -0.5517117
vn 0.9072223 0.2234831 0.3563752
vn 0.9348143 0.1045592 0.3393962
vn 0.9962756 0.0009335345 0.08622125
vn 0.9072223 0.2234831 0.3563752
vn 0.8054166 0.09069698 0.585729
vn 0.9348143 0.1045592 0.3393962
vn 0.4751431 0.3354241 0.8134679
vn 0.8054166 0.09069698 0.585729
vn 0.9072223 0.2234831 0.3563752
vn 0.4751431 0.3354241 0.8134679
vn 0.1797378 0.1607921 0.9704847
vn 0.2449171 -0.05384193 0.968048
vn 0.1521756 0.5492817 0.8216645
vn 0.1797378 0.1607921 0.9704847
vn 0.4751431 0.3354241 0.8134679
vn 0.1521756 0.5492817 0.8216645
vn -0.1523046 0.3354238 0.9296744
vn 0.1797378 0.1607921 0.9704847
vn -0.3019779 0.5040362 0.8091706
vn -0.1523046 0.3354238 0.9296744
vn 0.1521756 0.5492817 0.8216645
vn -0.3019779 0.5040362 0.8091706
vn -0.7194234 0.2234815 0.6576368
vn -0.1523046 0.3354238 0.9296744
vn -0.6845168 -0.572904 0.450797
vn -0.488511 -0.1519735 0.8592213
vn -0.5109693 -0.206722 0.834372
vn -0.9832491 0.007748897 0.1821022
vn -0.9363602 0.1155343 0.3314836
vn -0.6845168 -0.572904 0.450797
vn -0.9832491 0.007748897 0.1821022
vn -0.9044541 0.2495511 0.3459582
vn -0.9363602 0.1155343 0.3314836
vn -0.8822463 0.0755842 0.4646815
vn -0.7194234 0.2234815 0.6576368
vn -0.8822463 0.0755842 0.4646815
vn -0.3354935 0.05973243 0.940147
vn -0.7194234 0.2234815 0.6576368
vn -0.5805001 0.1279984 0.8041369
vn -0.3354935 0.05973243 0.940147
vn -0.1523046 0.3354238 0.9296744
vn -0.7194234 0.2234815 0.6576368
vn 0.1797378 0.1607921 0.9704847
vn -0.1523046 0.3354238 0.9296744
vn -0.3354935 0.05973243 0.940147
vn -0.6845168 -0.572904 0.450797
vn -0.9636652 -0.1987362 0.1784751
vn -0.9832491 0.007748897 0.1821022
vn 0.6419622 0.3628822 0.6754267
vn 0.4751431 0.3354241 0.8134679
vn 0.9072223 0.2234831 0.3563752
vn 0.6419622 0.3628822 0.6754267
vn 0.1521756 0.5492817 0.8216645
vn 0.4751431 0.3354241 0.8134679
vn 0.2418433 -0.1263114 0.9620589
vn 0.180552 -0.1304121 0.9748815
vn 0.2418433 -0.1263114 0.9620589
vn 0.1187339 -0.126311 0.9848593
vn 0.1177172 -0.1301487 0.9844817
vn 0.180552 -0.1304121 0.9748815
vn 0.1020503 -0.09543125 0.9901913
vn 0.1797378 0.1607921 0.9704847
vn 0.1020503 -0.09543125 0.9901913
vn 0.2449171 -0.05384193 0.968048
vn 0.1797378 0.1607921 0.9704847
vn 0.25933 -0.09543105 0.9610624
vn 0.247439 1.016639E-08 0.9689037
vn 0.247439 1.016639E-08 0.9689037
vn 0.247439 1.016639E-08 0.9689037
vn 0.247439 1.016639E-08 0.9689037
vn 0.247439 1.016639E-08 0.9689037
vn 0.1601056 -3.395542E-09 0.9871
vn -0.7243257 -0.3633071 -0.5859698
vn -0.7638174 -0.1519741 -0.6272854
vn -0.775887 -0.2067226 -0.5960415
vn -0.7566743 0.2849305 -0.5884376
vn -0.7638174 -0.1519741 -0.6272854
vn -0.7243257 -0.3633071 -0.5859698
vn -0.7566743 0.2849305 -0.5884376
vn -0.9072226 0.2234819 -0.3563752
vn -0.6646829 0.5195003 -0.5369509
vn -0.1806431 -0.1265585 -0.9753723
vn -0.2410262 -0.1224717 -0.9627603
vn -0.2410262 -0.1224717 -0.9627603
vn 0.1022645 0.6103337 0.7855156
vn 0.1208995 0.65702 0.7441157
vn 0.5576674 0.4522107 0.6960694
vn -0.2474401 1.016637E-08 -0.9689033
vn -0.2474401 1.016637E-08 -0.9689033
vn -0.2474401 1.016637E-08 -0.9689033
vn -0.2474401 1.016637E-08 -0.9689033
vn -0.2474401 1.016637E-08 -0.9689033
vn -0.1601053 1.018664E-08 -0.9871001
vn 0.7194229 0.223483 -0.6576369
vn 0.9104443 -0.07372231 -0.4070091
vn 0.8993188 0.0009344876 -0.4372927
s 1
f 3/3/3 2/2/2 1/1/1
f 6/6/6 5/5/5 4/4/4
f 9/9/9 8/8/8 7/7/7
f 12/12/12 11/11/11 10/10/10
f 15/15/15 14/14/14 13/13/13
f 18/18/18 17/17/17 16/16/16
f 21/21/21 20/20/20 19/19/19
f 24/24/24 23/23/23 22/22/22
f 27/27/27 26/26/26 25/25/25
f 30/30/30 29/29/29 28/28/28
f 33/33/33 32/32/32 31/31/31
f 36/36/36 35/35/35 34/34/34
f 39/39/39 38/38/38 37/37/37
f 42/42/42 41/41/41 40/40/40
f 45/45/45 44/44/44 43/43/43
f 48/48/48 47/47/47 46/46/46
f 51/51/51 50/50/50 49/49/49
f 54/54/54 53/53/53 52/52/52
f 57/57/57 56/56/56 55/55/55
f 60/60/60 59/59/59 58/58/58
f 63/63/63 62/62/62 61/61/61
f 66/66/66 65/65/65 64/64/64
f 69/69/69 68/68/68 67/67/67
f 72/72/72 71/71/71 70/70/70
f 75/75/75 74/74/74 73/73/73
f 78/78/78 77/77/77 76/76/76
f 81/81/81 80/80/80 79/79/79
f 84/84/84 83/83/83 82/82/82
f 87/87/87 86/86/86 85/85/85
f 90/90/90 89/89/89 88/88/88
f 93/93/93 92/92/92 91/91/91
f 96/96/96 95/95/95 94/94/94
f 99/99/99 98/98/98 97/97/97
f 102/102/102 101/101/101 100/100/100
f 105/105/105 104/104/104 103/103/103
f 108/108/108 107/107/107 106/106/106
f 111/111/111 110/110/110 109/109/109
f 114/114/114 113/113/113 112/112/112
f 117/117/117 116/116/116 115/115/115
f 120/120/120 119/119/119 118/118/118
f 123/123/123 122/122/122 121/121/121
f 126/126/126 125/125/125 124/124/124
f 129/129/129 128/128/128 127/127/127
f 132/132/132 131/131/131 130/130/130
f 135/135/135 134/134/134 133/133/133
f 138/138/138 137/137/137 136/136/136
f 141/141/141 140/140/140 139/139/139
f 144/144/144 143/143/143 142/142/142
f 147/147/147 146/146/146 145/145/145
f 150/150/150 149/149/149 148/148/148
f 153/153/153 152/152/152 151/151/151
f 156/156/156 155/155/155 154/154/154
f 159/159/159 158/158/158 157/157/157
f 162/162/162 161/161/161 160/160/160
f 165/165/165 164/164/164 163/163/163
f 168/168/168 167/167/167 166/166/166
f 171/171/171 170/170/170 169/169/169
f 174/174/174 173/173/173 172/172/172
f 177/177/177 176/176/176 175/175/175
f 180/180/180 179/179/179 178/178/178
f 183/183/183 182/182/182 181/181/181
f 186/186/186 185/185/185 184/184/184
f 189/189/189 188/188/188 187/187/187
f 192/192/192 191/191/191 190/190/190
f 195/195/195 194/194/194 193/193/193
f 198/198/198 197/197/197 196/196/196
f 201/201/201 200/200/200 199/199/199
f 204/204/204 203/203/203 202/202/202
f 207/207/207 206/206/206 205/205/205
f 210/210/210 209/209/209 208/208/208
f 213/213/213 212/212/212 211/211/211
f 216/216/216 215/215/215 214/214/214
f 219/219/219 218/218/218 217/217/217
f 222/222/222 221/221/221 220/220/220
f 225/225/225 224/224/224 223/223/223
f 228/228/228 227/227/227 226/226/226
f 231/231/231 230/230/230 229/229/229
f 234/234/234 233/233/233 232/232/232
f 237/237/237 236/236/236 235/235/235
f 240/240/240 239/239/239 238/238/238
f 243/243/243 242/242/242 241/241/241
f 246/246/246 245/245/245 244/244/244
f 249/249/249 248/248/248 247/247/247
f 252/252/252 251/251/251 250/250/250
f 255/255/255 254/254/254 253/253/253
f 258/258/258 257/257/257 256/256/256
f 261/261/261 260/260/260 259/259/259
f 264/264/264 263/263/263 262/262/262
f 267/267/267 266/266/266 265/265/265
f 270/270/270 269/269/269 268/268/268
f 273/273/273 272/272/272 271/271/271
f 276/276/276 275/275/275 274/274/274
f 279/279/279 278/278/278 277/277/277
f 282/282/282 281/281/281 280/280/280
f 285/285/285 284/284/284 283/283/283
f 288/288/288 287/287/287 286/286/286
f 291/291/291 290/290/290 289/289/289
f 294/294/294 293/293/293 292/292/292
f 297/297/297 296/296/296 295/295/295
f 300/300/300 299/299/299 298/298/298
f 303/303/303 302/302/302 301/301/301
f 306/306/306 305/305/305 304/304/304
f 309/309/309 308/308/308 307/307/307
f 312/312/312 311/311/311 310/310/310
f 315/315/315 314/314/314 313/313/313
f 318/318/318 317/317/317 316/316/316
f 321/321/321 320/320/320 319/319/319
f 324/324/324 323/323/323 322/322/322
f 327/327/327 326/326/326 325/325/325
f 330/330/330 329/329/329 328/328/328
f 333/333/333 332/332/332 331/331/331
f 336/336/336 335/335/335 334/334/334
f 339/339/339 338/338/338 337/337/337
f 342/342/342 341/341/341 340/340/340
f 345/345/345 344/344/344 343/343/343
f 348/348/348 347/347/347 346/346/346
f 351/351/351 350/350/350 349/349/349
f 354/354/354 353/353/353 352/352/352
f 357/357/357 356/356/356 355/355/355
f 360/360/360 359/359/359 358/358/358
f 363/363/363 362/362/362 361/361/361
f 366/366/366 365/365/365 364/364/364
f 369/369/369 368/368/368 367/367/367
f 372/372/372 371/371/371 370/370/370
f 375/375/375 374/374/374 373/373/373
f 378/378/378 377/377/377 376/376/376
f 381/381/381 380/380/380 379/379/379
f 384/384/384 383/383/383 382/382/382
f 387/387/387 386/386/386 385/385/385
f 390/390/390 389/389/389 388/388/388
f 393/393/393 392/392/392 391/391/391
f 396/396/396 395/395/395 394/394/394
f 399/399/399 398/398/398 397/397/397
f 402/402/402 401/401/401 400/400/400
f 405/405/405 404/404/404 403/403/403
f 408/408/408 407/407/407 406/406/406
f 411/411/411 410/410/410 409/409/409
f 414/414/414 413/413/413 412/412/412
f 417/417/417 416/416/416 415/415/415
f 420/420/420 419/419/419 418/418/418
f 423/423/423 422/422/422 421/421/421
f 426/426/426 425/425/425 424/424/424
f 429/429/429 428/428/428 427/427/427
f 432/432/432 431/431/431 430/430/430
f 435/435/435 434/434/434 433/433/433
f 438/438/438 437/437/437 436/436/436
f 441/441/441 440/440/440 439/439/439
f 444/444/444 443/443/443 442/442/442
f 447/447/447 446/446/446 445/445/445
f 450/450/450 449/449/449 448/448/448
f 453/453/453 452/452/452 451/451/451
f 456/456/456 455/455/455 454/454/454
f 459/459/459 458/458/458 457/457/457
f 462/462/462 461/461/461 460/460/460
f 465/465/465 464/464/464 463/463/463
f 468/468/468 467/467/467 466/466/466
f 471/471/471 470/470/470 469/469/469
f 474/474/474 473/473/473 472/472/472
f 477/477/477 476/476/476 475/475/475
f 480/480/480 479/479/479 478/478/478
f 483/483/483 482/482/482 481/481/481
f 486/486/486 485/485/485 484/484/484
f 489/489/489 488/488/488 487/487/487
f 492/492/492 491/491/491 490/490/490
f 495/495/495 494/494/494 493/493/493
f 498/498/498 497/497/497 496/496/496
f 501/501/501 500/500/500 499/499/499
f 504/504/504 503/503/503 502/502/502
f 507/507/507 506/506/506 505/505/505
f 510/510/510 509/509/509 508/508/508
f 513/513/513 512/512/512 511/511/511
f 516/516/516 515/515/515 514/514/514
f 519/519/519 518/518/518 517/517/517
f 522/522/522 521/521/521 520/520/520
f 525/525/525 524/524/524 523/523/523
f 528/528/528 527/527/527 526/526/526
f 531/531/531 530/530/530 529/529/529
f 534/534/534 533/533/533 532/532/532
f 537/537/537 536/536/536 535/535/535
f 540/540/540 539/539/539 538/538/538
f 543/543/543 542/542/542 541/541/541
f 546/546/546 545/545/545 544/544/544
f 549/549/549 548/548/548 547/547/547
f 552/552/552 551/551/551 550/550/550
f 555/555/555 554/554/554 553/553/553
f 558/558/558 557/557/557 556/556/556
f 561/561/561 560/560/560 559/559/559
f 564/564/564 563/563/563 562/562/562
f 567/567/567 566/566/566 565/565/565
f 570/570/570 569/569/569 568/568/568
f 573/573/573 572/572/572 571/571/571
f 576/576/576 575/575/575 574/574/574
f 579/579/579 578/578/578 577/577/577
f 582/582/582 581/581/581 580/580/580
f 585/585/585 584/584/584 583/583/583
f 588/588/588 587/587/587 586/586/586
f 591/591/591 590/590/590 589/589/589
f 594/594/594 593/593/593 592/592/592
f 597/597/597 596/596/596 595/595/595
f 600/600/600 599/599/599 598/598/598
f 603/603/603 602/602/602 601/601/601
f 606/606/606 605/605/605 604/604/604
f 609/609/609 608/608/608 607/607/607
f 612/612/612 611/611/611 610/610/610
f 615/615/615 614/614/614 613/613/613
f 618/618/618 617/617/617 616/616/616
f 621/621/621 620/620/620 619/619/619
f 624/624/624 623/623/623 622/622/622
f 627/627/627 626/626/626 625/625/625
f 630/630/630 629/629/629 628/628/628
f 633/633/633 632/632/632 631/631/631
f 636/636/636 635/635/635 634/634/634
f 639/639/639 638/638/638 637/637/637
f 642/642/642 641/641/641 640/640/640
f 645/645/645 644/644/644 643/643/643
f 648/648/648 647/647/647 646/646/646
f 651/651/651 650/650/650 649/649/649
f 654/654/654 653/653/653 652/652/652
f 657/657/657 656/656/656 655/655/655
f 660/660/660 659/659/659 658/658/658
f 663/663/663 662/662/662 661/661/661
f 666/666/666 665/665/665 664/664/664
f 669/669/669 668/668/668 667/667/667
f 672/672/672 671/671/671 670/670/670
f 675/675/675 674/674/674 673/673/673
f 678/678/678 677/677/677 676/676/676
f 681/681/681 680/680/680 679/679/679
f 684/684/684 683/683/683 682/682/682
f 687/687/687 686/686/686 685/685/685
f 690/690/690 689/689/689 688/688/688
f 693/693/693 692/692/692 691/691/691
f 696/696/696 695/695/695 694/694/694
f 699/699/699 698/698/698 697/697/697
f 702/702/702 701/701/701 700/700/700
f 705/705/705 704/704/704 703/703/703
f 708/708/708 707/707/707 706/706/706
f 711/711/711 710/710/710 709/709/709
f 714/714/714 713/713/713 712/712/712
f 717/717/717 716/716/716 715/715/715
f 720/720/720 719/719/719 718/718/718
f 723/723/723 722/722/722 721/721/721
f 726/726/726 725/725/725 724/724/724
f 729/729/729 728/728/728 727/727/727
f 732/732/732 731/731/731 730/730/730
f 735/735/735 734/734/734 733/733/733
f 738/738/738 737/737/737 736/736/736
f 741/741/741 740/740/740 739/739/739
f 744/744/744 743/743/743 742/742/742
f 747/747/747 746/746/746 745/745/745
f 750/750/750 749/749/749 748/748/748
f 753/753/753 752/752/752 751/751/751
f 756/756/756 755/755/755 754/754/754
f 759/759/759 758/758/758 757/757/757
f 762/762/762 761/761/761 760/760/760
f 765/765/765 764/764/764 763/763/763
f 768/768/768 767/767/767 766/766/766
f 771/771/771 770/770/770 769/769/769
f 774/774/774 773/773/773 772/772/772
f 777/777/777 776/776/776 775/775/775
f 780/780/780 779/779/779 778/778/778
f 783/783/783 782/782/782 781/781/781
f 786/786/786 785/785/785 784/784/784
f 789/789/789 788/788/788 787/787/787
f 792/792/792 791/791/791 790/790/790
f 795/795/795 794/794/794 793/793/793
f 798/798/798 797/797/797 796/796/796
f 801/801/801 800/800/800 799/799/799
f 804/804/804 803/803/803 802/802/802
f 807/807/807 806/806/806 805/805/805
f 810/810/810 809/809/809 808/808/808
f 813/813/813 812/812/812 811/811/811
f 816/816/816 815/815/815 814/814/814
f 819/819/819 818/818/818 817/817/817
f 822/822/822 821/821/821 820/820/820
f 825/825/825 824/824/824 823/823/823
f 828/828/828 827/827/827 826/826/826
f 831/831/831 830/830/830 829/829/829
f 834/834/834 833/833/833 832/832/832
f 837/837/837 836/836/836 835/835/835
f 840/840/840 839/839/839 838/838/838
f 843/843/843 842/842/842 841/841/841
f 846/846/846 845/845/845 844/844/844
f 849/849/849 848/848/848 847/847/847
f 852/852/852 851/851/851 850/850/850
f 855/855/855 854/854/854 853/853/853
f 858/858/858 857/857/857 856/856/856
f 861/861/861 860/860/860 859/859/859
f 864/864/864 863/863/863 862/862/862
f 867/867/867 866/866/866 865/865/865
f 870/870/870 869/869/869 868/868/868
f 873/873/873 872/872/872 871/871/871
f 876/876/876 875/875/875 874/874/874
f 879/879/879 878/878/878 877/877/877
f 882/882/882 881/881/881 880/880/880
f 885/885/885 884/884/884 883/883/883
f 888/888/888 887/887/887 886/886/886
f 891/891/891 890/890/890 889/889/889
f 894/894/894 893/893/893 892/892/892
f 897/897/897 896/896/896 895/895/895
f 900/900/900 899/899/899 898/898/898
f 903/903/903 902/902/902 901/901/901
f 906/906/906 905/905/905 904/904/904
f 909/909/909 908/908/908 907/907/907
f 912/912/912 911/911/911 910/910/910
f 915/915/915 914/914/914 913/913/913
f 918/918/918 917/917/917 916/916/916
f 921/921/921 920/920/920 919/919/919
f 924/924/924 923/923/923 922/922/922
f 927/927/927 926/926/926 925/925/925
f 930/930/930 929/929/929 928/928/928
f 933/933/933 932/932/932 931/931/931
f 936/936/936 935/935/935 934/934/934
f 939/939/939 938/938/938 937/937/937
f 942/942/942 941/941/941 940/940/940
f 945/945/945 944/944/944 943/943/943
f 948/948/948 947/947/947 946/946/946
f 951/951/951 950/950/950 949/949/949
f 954/954/954 953/953/953 952/952/952
f 957/957/957 956/956/956 955/955/955
f 960/960/960 959/959/959 958/958/958
f 963/963/963 962/962/962 961/961/961
f 966/966/966 965/965/965 964/964/964
f 969/969/969 968/968/968 967/967/967
f 972/972/972 971/971/971 970/970/970
f 975/975/975 974/974/974 973/973/973
f 978/978/978 977/977/977 976/976/976
f 981/981/981 980/980/980 979/979/979
f 984/984/984 983/983/983 982/982/982
f 987/987/987 986/986/986 985/985/985
f 990/990/990 989/989/989 988/988/988
f 993/993/993 992/992/992 991/991/991
f 996/996/996 995/995/995 994/994/994
f 999/999/999 998/998/998 997/997/997
f 1002/1002/1002 1001/1001/1001 1000/1000/1000
f 1005/1005/1005 1004/1004/1004 1003/1003/1003
f 1008/1008/1008 1007/1007/1007 1006/1006/1006
f 1011/1011/1011 1010/1010/1010 1009/1009/1009
f 1014/1014/1014 1013/1013/1013 1012/1012/1012
f 1017/1017/1017 1016/1016/1016 1015/1015/1015
f 1020/1020/1020 1019/1019/1019 1018/1018/1018
f 1023/1023/1023 1022/1022/1022 1021/1021/1021
f 1026/1026/1026 1025/1025/1025 1024/1024/1024
f 1029/1029/1029 1028/1028/1028 1027/1027/1027
f 1032/1032/1032 1031/1031/1031 1030/1030/1030
f 1035/1035/1035 1034/1034/1034 1033/1033/1033
f 1038/1038/1038 1037/1037/1037 1036/1036/1036
f 1041/1041/1041 1040/1040/1040 1039/1039/1039
f 1044/1044/1044 1043/1043/1043 1042/1042/1042
f 1047/1047/1047 1046/1046/1046 1045/1045/1045
f 1050/1050/1050 1049/1049/1049 1048/1048/1048
f 1053/1053/1053 1052/1052/1052 1051/1051/1051
f 1056/1056/1056 1055/1055/1055 1054/1054/1054
f 1059/1059/1059 1058/1058/1058 1057/1057/1057
f 1062/1062/1062 1061/1061/1061 1060/1060/1060
f 1065/1065/1065 1064/1064/1064 1063/1063/1063
f 1068/1068/1068 1067/1067/1067 1066/1066/1066
f 1071/1071/1071 1070/1070/1070 1069/1069/1069
f 1074/1074/1074 1073/1073/1073 1072/1072/1072
f 1077/1077/1077 1076/1076/1076 1075/1075/1075
f 1080/1080/1080 1079/1079/1079 1078/1078/1078
f 1083/1083/1083 1082/1082/1082 1081/1081/1081
f 1086/1086/1086 1085/1085/1085 1084/1084/1084
f 1089/1089/1089 1088/1088/1088 1087/1087/1087
f 1092/1092/1092 1091/1091/1091 1090/1090/1090
f 1095/1095/1095 1094/1094/1094 1093/1093/1093
f 1098/1098/1098 1097/1097/1097 1096/1096/1096
f 1101/1101/1101 1100/1100/1100 1099/1099/1099
f 1104/1104/1104 1103/1103/1103 1102/1102/1102
f 1107/1107/1107 1106/1106/1106 1105/1105/1105
f 1110/1110/1110 1109/1109/1109 1108/1108/1108
f 1113/1113/1113 1112/1112/1112 1111/1111/1111
f 1116/1116/1116 1115/1115/1115 1114/1114/1114
f 1119/1119/1119 1118/1118/1118 1117/1117/1117
f 1122/1122/1122 1121/1121/1121 1120/1120/1120
f 1125/1125/1125 1124/1124/1124 1123/1123/1123
f 1128/1128/1128 1127/1127/1127 1126/1126/1126
f 1131/1131/1131 1130/1130/1130 1129/1129/1129
f 1134/1134/1134 1133/1133/1133 1132/1132/1132
f 1137/1137/1137 1136/1136/1136 1135/1135/1135
f 1140/1140/1140 1139/1139/1139 1138/1138/1138
f 1143/1143/1143 1142/1142/1142 1141/1141/1141
f 1146/1146/1146 1145/1145/1145 1144/1144/1144
f 1149/1149/1149 1148/1148/1148 1147/1147/1147
f 1152/1152/1152 1151/1151/1151 1150/1150/1150
f 1155/1155/1155 1154/1154/1154 1153/1153/1153
f 1158/1158/1158 1157/1157/1157 1156/1156/1156
f 1161/1161/1161 1160/1160/1160 1159/1159/1159
f 1164/1164/1164 1163/1163/1163 1162/1162/1162
f 1167/1167/1167 1166/1166/1166 1165/1165/1165
f 1170/1170/1170 1169/1169/1169 1168/1168/1168
f 1173/1173/1173 1172/1172/1172 1171/1171/1171
f 1176/1176/1176 1175/1175/1175 1174/1174/1174
f 1179/1179/1179 1178/1178/1178 1177/1177/1177
f 1182/1182/1182 1181/1181/1181 1180/1180/1180
f 1185/1185/1185 1184/1184/1184 1183/1183/1183
f 1188/1188/1188 1187/1187/1187 1186/1186/1186
f 1191/1191/1191 1190/1190/1190 1189/1189/1189
f 1194/1194/1194 1193/1193/1193 1192/1192/1192
f 1197/1197/1197 1196/1196/1196 1195/1195/1195
f 1200/1200/1200 1199/1199/1199 1198/1198/1198
f 1203/1203/1203 1202/1202/1202 1201/1201/1201
f 1206/1206/1206 1205/1205/1205 1204/1204/1204
f 1209/1209/1209 1208/1208/1208 1207/1207/1207
f 1212/1212/1212 1211/1211/1211 1210/1210/1210
f 1215/1215/1215 1214/1214/1214 1213/1213/1213
f 1218/1218/1218 1217/1217/1217 1216/1216/1216
f 1221/1221/1221 1220/1220/1220 1219/1219/1219
f 1224/1224/1224 1223/1223/1223 1222/1222/1222
f 1227/1227/1227 1226/1226/1226 1225/1225/1225
f 1230/1230/1230 1229/1229/1229 1228/1228/1228
f 1233/1233/1233 1232/1232/1232 1231/1231/1231
f 1236/1236/1236 1235/1235/1235 1234/1234/1234
f 1239/1239/1239 1238/1238/1238 1237/1237/1237
f 1242/1242/1242 1241/1241/1241 1240/1240/1240
f 1245/1245/1245 1244/1244/1244 1243/1243/1243
f 1248/1248/1248 1247/1247/1247 1246/1246/1246
f 1251/1251/1251 1250/1250/1250 1249/1249/1249
f 1254/1254/1254 1253/1253/1253 1252/1252/1252
f 1257/1257/1257 1256/1256/1256 1255/1255/1255
f 1260/1260/1260 1259/1259/1259 1258/1258/1258
f 1263/1263/1263 1262/1262/1262 1261/1261/1261
f 1266/1266/1266 1265/1265/1265 1264/1264/1264
f 1269/1269/1269 1268/1268/1268 1267/1267/1267
f 1272/1272/1272 1271/1271/1271 1270/1270/1270
f 1275/1275/1275 1274/1274/1274 1273/1273/1273
f 1278/1278/1278 1277/1277/1277 1276/1276/1276
f 1281/1281/1281 1280/1280/1280 1279/1279/1279
f 1284/1284/1284 1283/1283/1283 1282/1282/1282
f 1287/1287/1287 1286/1286/1286 1285/1285/1285
f 1290/1290/1290 1289/1289/1289 1288/1288/1288
f 1293/1293/1293 1292/1292/1292 1291/1291/1291
f 1296/1296/1296 1295/1295/1295 1294/1294/1294
f 1299/1299/1299 1298/1298/1298 1297/1297/1297
f 1302/1302/1302 1301/1301/1301 1300/1300/1300
f 1305/1305/1305 1304/1304/1304 1303/1303/1303
f 1308/1308/1308 1307/1307/1307 1306/1306/1306
f 1311/1311/1311 1310/1310/1310 1309/1309/1309
f 1314/1314/1314 1313/1313/1313 1312/1312/1312
f 1317/1317/1317 1316/1316/1316 1315/1315/1315
f 1320/1320/1320 1319/1319/1319 1318/1318/1318
f 1323/1323/1323 1322/1322/1322 1321/1321/1321
f 1326/1326/1326 1325/1325/1325 1324/1324/1324
f 1329/1329/1329 1328/1328/1328 1327/1327/1327
f 1332/1332/1332 1331/1331/1331 1330/1330/1330
f 1335/1335/1335 1334/1334/1334 1333/1333/1333
f 1338/1338/1338 1337/1337/1337 1336/1336/1336
f 1341/1341/1341 1340/1340/1340 1339/1339/1339
f 1344/1344/1344 1343/1343/1343 1342/1342/1342
f 1347/1347/1347 1346/1346/1346 1345/1345/1345
f 1350/1350/1350 1349/1349/1349 1348/1348/1348
f 1353/1353/1353 1352/1352/1352 1351/1351/1351
f 1356/1356/1356 1355/1355/1355 1354/1354/1354
f 1359/1359/1359 1358/1358/1358 1357/1357/1357
f 1362/1362/1362 1361/1361/1361 1360/1360/1360
f 1365/1365/1365 1364/1364/1364 1363/1363/1363
f 1368/1368/1368 1367/1367/1367 1366/1366/1366
f 1371/1371/1371 1370/1370/1370 1369/1369/1369
f 1374/1374/1374 1373/1373/1373 1372/1372/1372
f 1377/1377/1377 1376/1376/1376 1375/1375/1375
f 1380/1380/1380 1379/1379/1379 1378/1378/1378
f 1383/1383/1383 1382/1382/1382 1381/1381/1381
f 1386/1386/1386 1385/1385/1385 1384/1384/1384
f 1389/1389/1389 1388/1388/1388 1387/1387/1387
f 1392/1392/1392 1391/1391/1391 1390/1390/1390
f 1395/1395/1395 1394/1394/1394 1393/1393/1393
f 1398/1398/1398 1397/1397/1397 1396/1396/1396
f 1401/1401/1401 1400/1400/1400 1399/1399/1399
f 1404/1404/1404 1403/1403/1403 1402/1402/1402
f 1407/1407/1407 1406/1406/1406 1405/1405/1405
f 1410/1410/1410 1409/1409/1409 1408/1408/1408
f 1413/1413/1413 1412/1412/1412 1411/1411/1411
f 1416/1416/1416 1415/1415/1415 1414/1414/1414
f 1419/1419/1419 1418/1418/1418 1417/1417/1417
f 1422/1422/1422 1421/1421/1421 1420/1420/1420
f 1425/1425/1425 1424/1424/1424 1423/1423/1423
f 1428/1428/1428 1427/1427/1427 1426/1426/1426
f 1431/1431/1431 1430/1430/1430 1429/1429/1429
f 1434/1434/1434 1433/1433/1433 1432/1432/1432
f 1437/1437/1437 1436/1436/1436 1435/1435/1435
f 1440/1440/1440 1439/1439/1439 1438/1438/1438
f 1443/1443/1443 1442/1442/1442 1441/1441/1441
f 1446/1446/1446 1445/1445/1445 1444/1444/1444
f 1449/1449/1449 1448/1448/1448 1447/1447/1447
f 1452/1452/1452 1451/1451/1451 1450/1450/1450
f 1455/1455/1455 1454/1454/1454 1453/1453/1453
f 1458/1458/1458 1457/1457/1457 1456/1456/1456
f 1461/1461/1461 1460/1460/1460 1459/1459/1459
f 1464/1464/1464 1463/1463/1463 1462/1462/1462
f 1467/1467/1467 1466/1466/1466 1465/1465/1465
f 1470/1470/1470 1469/1469/1469 1468/1468/1468
f 1473/1473/1473 1472/1472/1472 1471/1471/1471
f 1476/1476/1476 1475/1475/1475 1474/1474/1474
f 1479/1479/1479 1478/1478/1478 1477/1477/1477
f 1482/1482/1482 1481/1481/1481 1480/1480/1480
f 1485/1485/1485 1484/1484/1484 1483/1483/1483
f 1488/1488/1488 1487/1487/1487 1486/1486/1486
f 1491/1491/1491 1490/1490/1490 1489/1489/1489
f 1494/1494/1494 1493/1493/1493 1492/1492/1492
f 1497/1497/1497 1496/1496/1496 1495/1495/1495
f 1500/1500/1500 1499/1499/1499 1498/1498/1498
f 1503/1503/1503 1502/1502/1502 1501/1501/1501
f 1506/1506/1506 1505/1505/1505 1504/1504/1504
f 1509/1509/1509 1508/1508/1508 1507/1507/1507
f 1512/1512/1512 1511/1511/1511 1510/1510/1510
f 1515/1515/1515 1514/1514/1514 1513/1513/1513
f 1518/1518/1518 1517/1517/1517 1516/1516/1516
f 1521/1521/1521 1520/1520/1520 1519/1519/1519
f 1524/1524/1524 1523/1523/1523 1522/1522/1522
f 1527/1527/1527 1526/1526/1526 1525/1525/1525
f 1530/1530/1530 1529/1529/1529 1528/1528/1528
f 1533/1533/1533 1532/1532/1532 1531/1531/1531
f 1536/1536/1536 1535/1535/1535 1534/1534/1534
f 1539/1539/1539 1538/1538/1538 1537/1537/1537
f 1542/1542/1542 1541/1541/1541 1540/1540/1540
f 1545/1545/1545 1544/1544/1544 1543/1543/1543
f 1548/1548/1548 1547/1547/1547 1546/1546/1546
f 1551/1551/1551 1550/1550/1550 1549/1549/1549
f 1554/1554/1554 1553/1553/1553 1552/1552/1552
f 1557/1557/1557 1556/1556/1556 1555/1555/1555
f 1560/1560/1560 1559/1559/1559 1558/1558/1558
f 1563/1563/1563 1562/1562/1562 1561/1561/1561
f 1566/1566/1566 1565/1565/1565 1564/1564/1564
f 1569/1569/1569 1568/1568/1568 1567/1567/1567
f 1572/1572/1572 1571/1571/1571 1570/1570/1570
f 1575/1575/1575 1574/1574/1574 1573/1573/1573
f 1578/1578/1578 1577/1577/1577 1576/1576/1576
f 1581/1581/1581 1580/1580/1580 1579/1579/1579
f 1584/1584/1584 1583/1583/1583 1582/1582/1582
f 1587/1587/1587 1586/1586/1586 1585/1585/1585
f 1590/1590/1590 1589/1589/1589 1588/1588/1588
f 1593/1593/1593 1592/1592/1592 1591/1591/1591
f 1596/1596/1596 1595/1595/1595 1594/1594/1594
f 1599/1599/1599 1598/1598/1598 1597/1597/1597
f 1602/1602/1602 1601/1601/1601 1600/1600/1600
f 1605/1605/1605 1604/1604/1604 1603/1603/1603
f 1608/1608/1608 1607/1607/1607 1606/1606/1606
f 1611/1611/1611 1610/1610/1610 1609/1609/1609
f 1614/1614/1614 1613/1613/1613 1612/1612/1612
f 1617/1617/1617 1616/1616/1616 1615/1615/1615
f 1620/1620/1620 1619/1619/1619 1618/1618/1618
f 1623/1623/1623 1622/1622/1622 1621/1621/1621
f 1626/1626/1626 1625/1625/1625 1624/1624/1624
f 1629/1629/1629 1628/1628/1628 1627/1627/1627
f 1632/1632/1632 1631/1631/1631 1630/1630/1630
f 1635/1635/1635 1634/1634/1634 1633/1633/1633
f 1638/1638/1638 1637/1637/1637 1636/1636/1636
f 1641/1641/1641 1640/1640/1640 1639/1639/1639
f 1644/1644/1644 1643/1643/1643 1642/1642/1642
f 1647/1647/1647 1646/1646/1646 1645/1645/1645
f 1650/1650/1650 1649/1649/1649 1648/1648/1648
f 1653/1653/1653 1652/1652/1652 1651/1651/1651
f 1656/1656/1656 1655/1655/1655 1654/1654/1654
f 1659/1659/1659 1658/1658/1658 1657/1657/1657
f 1662/1662/1662 1661/1661/1661 1660/1660/1660
f 1665/1665/1665 1664/1664/1664 1663/1663/1663
f 1668/1668/1668 1667/1667/1667 1666/1666/1666
f 1671/1671/1671 1670/1670/1670 1669/1669/1669
f 1674/1674/1674 1673/1673/1673 1672/1672/1672
f 1677/1677/1677 1676/1676/1676 1675/1675/1675
f 1680/1680/1680 1679/1679/1679 1678/1678/1678
f 1683/1683/1683 1682/1682/1682 1681/1681/1681
f 1686/1686/1686 1685/1685/1685 1684/1684/1684
f 1689/1689/1689 1688/1688/1688 1687/1687/1687
f 1692/1692/1692 1691/1691/1691 1690/1690/1690
f 1695/1695/1695 1694/1694/1694 1693/1693/1693
f 1698/1698/1698 1697/1697/1697 1696/1696/1696
f 1701/1701/1701 1700/1700/1700 1699/1699/1699
f 1704/1704/1704 1703/1703/1703 1702/1702/1702
f 1707/1707/1707 1706/1706/1706 1705/1705/1705
f 1710/1710/1710 1709/1709/1709 1708/1708/1708
f 1713/1713/1713 1712/1712/1712 1711/1711/1711
f 1716/1716/1716 1715/1715/1715 1714/1714/1714
f 1719/1719/1719 1718/1718/1718 1717/1717/1717
f 1722/1722/1722 1721/1721/1721 1720/1720/1720
f 1725/1725/1725 1724/1724/1724 1723/1723/1723
f 1728/1728/1728 1727/1727/1727 1726/1726/1726
f 1731/1731/1731 1730/1730/1730 1729/1729/1729
f 1734/1734/1734 1733/1733/1733 1732/1732/1732
f 1737/1737/1737 1736/1736/1736 1735/1735/1735
f 1740/1740/1740 1739/1739/1739 1738/1738/1738
f 1743/1743/1743 1742/1742/1742 1741/1741/1741
f 1746/1746/1746 1745/1745/1745 1744/1744/1744
f 1749/1749/1749 1748/1748/1748 1747/1747/1747
f 1752/1752/1752 1751/1751/1751 1750/1750/1750
f 1755/1755/1755 1754/1754/1754 1753/1753/1753
f 1758/1758/1758 1757/1757/1757 1756/1756/1756
f 1761/1761/1761 1760/1760/1760 1759/1759/1759
f 1764/1764/1764 1763/1763/1763 1762/1762/1762
f 1767/1767/1767 1766/1766/1766 1765/1765/1765
f 1770/1770/1770 1769/1769/1769 1768/1768/1768
f 1773/1773/1773 1772/1772/1772 1771/1771/1771
f 1776/1776/1776 1775/1775/1775 1774/1774/1774
f 1779/1779/1779 1778/1778/1778 1777/1777/1777
f 1782/1782/1782 1781/1781/1781 1780/1780/1780
f 1785/1785/1785 1784/1784/1784 1783/1783/1783
f 1788/1788/1788 1787/1787/1787 1786/1786/1786
f 1791/1791/1791 1790/1790/1790 1789/1789/1789
f 1794/1794/1794 1793/1793/1793 1792/1792/1792
f 1797/1797/1797 1796/1796/1796 1795/1795/1795
f 1800/1800/1800 1799/1799/1799 1798/1798/1798
f 1803/1803/1803 1802/1802/1802 1801/1801/1801
f 1806/1806/1806 1805/1805/1805 1804/1804/1804
f 1809/1809/1809 1808/1808/1808 1807/1807/1807
f 1812/1812/1812 1811/1811/1811 1810/1810/1810
f 1815/1815/1815 1814/1814/1814 1813/1813/1813
f 1818/1818/1818 1817/1817/1817 1816/1816/1816
f 1821/1821/1821 1820/1820/1820 1819/1819/1819
f 1824/1824/1824 1823/1823/1823 1822/1822/1822
f 1827/1827/1827 1826/1826/1826 1825/1825/1825
f 1830/1830/1830 1829/1829/1829 1828/1828/1828
f 1833/1833/1833 1832/1832/1832 1831/1831/1831
f 1836/1836/1836 1835/1835/1835 1834/1834/1834
f 1839/1839/1839 1838/1838/1838 1837/1837/1837
f 1842/1842/1842 1841/1841/1841 1840/1840/1840
f 1845/1845/1845 1844/1844/1844 1843/1843/1843
f 1848/1848/1848 1847/1847/1847 1846/1846/1846
f 1851/1851/1851 1850/1850/1850 1849/1849/1849
f 1854/1854/1854 1853/1853/1853 1852/1852/1852
f 1857/1857/1857 1856/1856/1856 1855/1855/1855
f 1860/1860/1860 1859/1859/1859 1858/1858/1858
f 1863/1863/1863 1862/1862/1862 1861/1861/1861
f 1866/1866/1866 1865/1865/1865 1864/1864/1864
f 1869/1869/1869 1868/1868/1868 1867/1867/1867
f 1872/1872/1872 1871/1871/1871 1870/1870/1870
f 1875/1875/1875 1874/1874/1874 1873/1873/1873
f 1878/1878/1878 1877/1877/1877 1876/1876/1876
f 1881/1881/1881 1880/1880/1880 1879/1879/1879
f 1884/1884/1884 1883/1883/1883 1882/1882/1882
f 1887/1887/1887 1886/1886/1886 1885/1885/1885
f 1890/1890/1890 1889/1889/1889 1888/1888/1888
f 1893/1893/1893 1892/1892/1892 1891/1891/1891
f 1896/1896/1896 1895/1895/1895 1894/1894/1894
f 1899/1899/1899 1898/1898/1898 1897/1897/1897
f 1902/1902/1902 1901/1901/1901 1900/1900/1900
f 1905/1905/1905 1904/1904/1904 1903/1903/1903
f 1908/1908/1908 1907/1907/1907 1906/1906/1906
f 1911/1911/1911 1910/1910/1910 1909/1909/1909
f 1914/1914/1914 1913/1913/1913 1912/1912/1912
f 1917/1917/1917 1916/1916/1916 1915/1915/1915
f 1920/1920/1920 1919/1919/1919 1918/1918/1918
f 1923/1923/1923 1922/1922/1922 1921/1921/1921
f 1926/1926/1926 1925/1925/1925 1924/1924/1924
f 1929/1929/1929 1928/1928/1928 1927/1927/1927
f 1932/1932/1932 1931/1931/1931 1930/1930/1930
f 1935/1935/1935 1934/1934/1934 1933/1933/1933
f 1938/1938/1938 1937/1937/1937 1936/1936/1936
f 1941/1941/1941 1940/1940/1940 1939/1939/1939
f 1944/1944/1944 1943/1943/1943 1942/1942/1942
f 1947/1947/1947 1946/1946/1946 1945/1945/1945
f 1950/1950/1950 1949/1949/1949 1948/1948/1948
f 1953/1953/1953 1952/1952/1952 1951/1951/1951
f 1956/1956/1956 1955/1955/1955 1954/1954/1954
f 1959/1959/1959 1958/1958/1958 1957/1957/1957
f 1962/1962/1962 1961/1961/1961 1960/1960/1960
f 1965/1965/1965 1964/1964/1964 1963/1963/1963
f 1968/1968/1968 1967/1967/1967 1966/1966/1966
f 1971/1971/1971 1970/1970/1970 1969/1969/1969
f 1974/1974/1974 1973/1973/1973 1972/1972/1972
f 1977/1977/1977 1976/1976/1976 1975/1975/1975
f 1980/1980/1980 1979/1979/1979 1978/1978/1978
f 1983/1983/1983 1982/1982/1982 1981/1981/1981
f 1986/1986/1986 1985/1985/1985 1984/1984/1984
f 1989/1989/1989 1988/1988/1988 1987/1987/1987
f 1992/1992/1992 1991/1991/1991 1990/1990/1990
f 1995/1995/1995 1994/1994/1994 1993/1993/1993
f 1998/1998/1998 1997/1997/1997 1996/1996/1996
f 2001/2001/2001 2000/2000/2000 1999/1999/1999
f 2004/2004/2004 2003/2003/2003 2002/2002/2002
f 2007/2007/2007 2006/2006/2006 2005/2005/2005
f 2010/2010/2010 2009/2009/2009 2008/2008/2008
f 2013/2013/2013 2012/2012/2012 2011/2011/2011
f 2016/2016/2016 2015/2015/2015 2014/2014/2014
f 2019/2019/2019 2018/2018/2018 2017/2017/2017
f 2022/2022/2022 2021/2021/2021 2020/2020/2020
f 2025/2025/2025 2024/2024/2024 2023/2023/2023
f 2028/2028/2028 2027/2027/2027 2026/2026/2026
f 2031/2031/2031 2030/2030/2030 2029/2029/2029
f 2034/2034/2034 2033/2033/2033 2032/2032/2032
f 2037/2037/2037 2036/2036/2036 2035/2035/2035
f 2040/2040/2040 2039/2039/2039 2038/2038/2038
f 2043/2043/2043 2042/2042/2042 2041/2041/2041
f 2046/2046/2046 2045/2045/2045 2044/2044/2044
f 2049/2049/2049 2048/2048/2048 2047/2047/2047
f 2052/2052/2052 2051/2051/2051 2050/2050/2050
f 2055/2055/2055 2054/2054/2054 2053/2053/2053
f 2058/2058/2058 2057/2057/2057 2056/2056/2056
f 2061/2061/2061 2060/2060/2060 2059/2059/2059
f 2064/2064/2064 2063/2063/2063 2062/2062/2062
f 2067/2067/2067 2066/2066/2066 2065/2065/2065
f 2070/2070/2070 2069/2069/2069 2068/2068/2068
f 2073/2073/2073 2072/2072/2072 2071/2071/2071
f 2076/2076/2076 2075/2075/2075 2074/2074/2074
f 2079/2079/2079 2078/2078/2078 2077/2077/2077
f 2082/2082/2082 2081/2081/2081 2080/2080/2080
f 2085/2085/2085 2084/2084/2084 2083/2083/2083
f 2088/2088/2088 2087/2087/2087 2086/2086/2086
f 2091/2091/2091 2090/2090/2090 2089/2089/2089
f 2094/2094/2094 2093/2093/2093 2092/2092/2092
f 2097/2097/2097 2096/2096/2096 2095/2095/2095
f 2100/2100/2100 2099/2099/2099 2098/2098/2098
f 2103/2103/2103 2102/2102/2102 2101/2101/2101
f 2106/2106/2106 2105/2105/2105 2104/2104/2104
f 2109/2109/2109 2108/2108/2108 2107/2107/2107
f 2112/2112/2112 2111/2111/2111 2110/2110/2110
f 2115/2115/2115 2114/2114/2114 2113/2113/2113
f 2118/2118/2118 2117/2117/2117 2116/2116/2116
f 2121/2121/2121 2120/2120/2120 2119/2119/2119
f 2124/2124/2124 2123/2123/2123 2122/2122/2122
f 2127/2127/2127 2126/2126/2126 2125/2125/2125
f 2130/2130/2130 2129/2129/2129 2128/2128/2128
f 2133/2133/2133 2132/2132/2132 2131/2131/2131
f 2136/2136/2136 2135/2135/2135 2134/2134/2134
f 2139/2139/2139 2138/2138/2138 2137/2137/2137
f 2142/2142/2142 2141/2141/2141 2140/2140/2140
f 2145/2145/2145 2144/2144/2144 2143/2143/2143
f 2148/2148/2148 2147/2147/2147 2146/2146/2146
f 2151/2151/2151 2150/2150/2150 2149/2149/2149
f 2154/2154/2154 2153/2153/2153 2152/2152/2152
f 2157/2157/2157 2156/2156/2156 2155/2155/2155
f 2160/2160/2160 2159/2159/2159 2158/2158/2158
f 2163/2163/2163 2162/2162/2162 2161/2161/2161
f 2166/2166/2166 2165/2165/2165 2164/2164/2164
f 2169/2169/2169 2168/2168/2168 2167/2167/2167
f 2172/2172/2172 2171/2171/2171 2170/2170/2170
f 2175/2175/2175 2174/2174/2174 2173/2173/2173
f 2178/2178/2178 2177/2177/2177 2176/2176/2176
f 2181/2181/2181 2180/2180/2180 2179/2179/2179
f 2184/2184/2184 2183/2183/2183 2182/2182/2182
f 2187/2187/2187 2186/2186/2186 2185/2185/2185
f 2190/2190/2190 2189/2189/2189 2188/2188/2188
f 2193/2193/2193 2192/2192/2192 2191/2191/2191
f 2196/2196/2196 2195/2195/2195 2194/2194/2194
f 2199/2199/2199 2198/2198/2198 2197/2197/2197
f 2202/2202/2202 2201/2201/2201 2200/2200/2200
f 2205/2205/2205 2204/2204/2204 2203/2203/2203
f 2208/2208/2208 2207/2207/2207 2206/2206/2206
f 2211/2211/2211 2210/2210/2210 2209/2209/2209
f 2214/2214/2214 2213/2213/2213 2212/2212/2212
f 2217/2217/2217 2216/2216/2216 2215/2215/2215
f 2220/2220/2220 2219/2219/2219 2218/2218/2218
f 2223/2223/2223 2222/2222/2222 2221/2221/2221
f 2226/2226/2226 2225/2225/2225 2224/2224/2224
f 2229/2229/2229 2228/2228/2228 2227/2227/2227
f 2232/2232/2232 2231/2231/2231 2230/2230/2230
f 2235/2235/2235 2234/2234/2234 2233/2233/2233
f 2238/2238/2238 2237/2237/2237 2236/2236/2236
f 2241/2241/2241 2240/2240/2240 2239/2239/2239
f 2244/2244/2244 2243/2243/2243 2242/2242/2242
f 2247/2247/2247 2246/2246/2246 2245/2245/2245
f 2250/2250/2250 2249/2249/2249 2248/2248/2248
f 2253/2253/2253 2252/2252/2252 2251/2251/2251
f 2256/2256/2256 2255/2255/2255 2254/2254/2254
f 2259/2259/2259 2258/2258/2258 2257/2257/2257
f 2262/2262/2262 2261/2261/2261 2260/2260/2260
f 2265/2265/2265 2264/2264/2264 2263/2263/2263
f 2268/2268/2268 2267/2267/2267 2266/2266/2266
f 2271/2271/2271 2270/2270/2270 2269/2269/2269
f 2274/2274/2274 2273/2273/2273 2272/2272/2272
f 2277/2277/2277 2276/2276/2276 2275/2275/2275
f 2280/2280/2280 2279/2279/2279 2278/2278/2278
f 2283/2283/2283 2282/2282/2282 2281/2281/2281
f 2286/2286/2286 2285/2285/2285 2284/2284/2284
f 2289/2289/2289 2288/2288/2288 2287/2287/2287
f 2292/2292/2292 2291/2291/2291 2290/2290/2290
f 2295/2295/2295 2294/2294/2294 2293/2293/2293
f 2298/2298/2298 2297/2297/2297 2296/2296/2296
f 2301/2301/2301 2300/2300/2300 2299/2299/2299
f 2304/2304/2304 2303/2303/2303 2302/2302/2302
f 2307/2307/2307 2306/2306/2306 2305/2305/2305
f 2310/2310/2310 2309/2309/2309 2308/2308/2308
f 2313/2313/2313 2312/2312/2312 2311/2311/2311
f 2316/2316/2316 2315/2315/2315 2314/2314/2314
f 2319/2319/2319 2318/2318/2318 2317/2317/2317
f 2322/2322/2322 2321/2321/2321 2320/2320/2320
f 2325/2325/2325 2324/2324/2324 2323/2323/2323
f 2328/2328/2328 2327/2327/2327 2326/2326/2326
f 2331/2331/2331 2330/2330/2330 2329/2329/2329
f 2334/2334/2334 2333/2333/2333 2332/2332/2332
f 2337/2337/2337 2336/2336/2336 2335/2335/2335
f 2340/2340/2340 2339/2339/2339 2338/2338/2338
f 2343/2343/2343 2342/2342/2342 2341/2341/2341
f 2346/2346/2346 2345/2345/2345 2344/2344/2344
f 2349/2349/2349 2348/2348/2348 2347/2347/2347
f 2352/2352/2352 2351/2351/2351 2350/2350/2350
f 2355/2355/2355 2354/2354/2354 2353/2353/2353
f 2358/2358/2358 2357/2357/2357 2356/2356/2356
f 2361/2361/2361 2360/2360/2360 2359/2359/2359
f 2364/2364/2364 2363/2363/2363 2362/2362/2362
f 2367/2367/2367 2366/2366/2366 2365/2365/2365
f 2370/2370/2370 2369/2369/2369 2368/2368/2368
f 2373/2373/2373 2372/2372/2372 2371/2371/2371
f 2376/2376/2376 2375/2375/2375 2374/2374/2374
f 2379/2379/2379 2378/2378/2378 2377/2377/2377
f 2382/2382/2382 2381/2381/2381 2380/2380/2380
f 2385/2385/2385 2384/2384/2384 2383/2383/2383
f 2388/2388/2388 2387/2387/2387 2386/2386/2386
f 2391/2391/2391 2390/2390/2390 2389/2389/2389
f 2394/2394/2394 2393/2393/2393 2392/2392/2392
f 2397/2397/2397 2396/2396/2396 2395/2395/2395
f 2400/2400/2400 2399/2399/2399 2398/2398/2398
f 2403/2403/2403 2402/2402/2402 2401/2401/2401
f 2406/2406/2406 2405/2405/2405 2404/2404/2404
f 2409/2409/2409 2408/2408/2408 2407/2407/2407
f 2412/2412/2412 2411/2411/2411 2410/2410/2410
f 2415/2415/2415 2414/2414/2414 2413/2413/2413
f 2418/2418/2418 2417/2417/2417 2416/2416/2416
f 2421/2421/2421 2420/2420/2420 2419/2419/2419
f 2424/2424/2424 2423/2423/2423 2422/2422/2422
f 2427/2427/2427 2426/2426/2426 2425/2425/2425
f 2430/2430/2430 2429/2429/2429 2428/2428/2428
f 2433/2433/2433 2432/2432/2432 2431/2431/2431
f 2436/2436/2436 2435/2435/2435 2434/2434/2434
f 2439/2439/2439 2438/2438/2438 2437/2437/2437
f 2442/2442/2442 2441/2441/2441 2440/2440/2440
f 2445/2445/2445 2444/2444/2444 2443/2443/2443
f 2448/2448/2448 2447/2447/2447 2446/2446/2446
f 2451/2451/2451 2450/2450/2450 2449/2449/2449
f 2454/2454/2454 2453/2453/2453 2452/2452/2452
f 2457/2457/2457 2456/2456/2456 2455/2455/2455
f 2460/2460/2460 2459/2459/2459 2458/2458/2458
f 2463/2463/2463 2462/2462/2462 2461/2461/2461
f 2466/2466/2466 2465/2465/2465 2464/2464/2464
f 2469/2469/2469 2468/2468/2468 2467/2467/2467
f 2472/2472/2472 2471/2471/2471 2470/2470/2470
f 2475/2475/2475 2474/2474/2474 2473/2473/2473
f 2478/2478/2478 2477/2477/2477 2476/2476/2476
f 2481/2481/2481 2480/2480/2480 2479/2479/2479
f 2484/2484/2484 2483/2483/2483 2482/2482/2482
f 2487/2487/2487 2486/2486/2486 2485/2485/2485
f 2490/2490/2490 2489/2489/2489 2488/2488/2488
f 2493/2493/2493 2492/2492/2492 2491/2491/2491
f 2496/2496/2496 2495/2495/2495 2494/2494/2494
f 2499/2499/2499 2498/2498/2498 2497/2497/2497
f 2502/2502/2502 2501/2501/2501 2500/2500/2500
f 2505/2505/2505 2504/2504/2504 2503/2503/2503
f 2508/2508/2508 2507/2507/2507 2506/2506/2506
f 2511/2511/2511 2510/2510/2510 2509/2509/2509
f 2514/2514/2514 2513/2513/2513 2512/2512/2512
f 2517/2517/2517 2516/2516/2516 2515/2515/2515
f 2520/2520/2520 2519/2519/2519 2518/2518/2518
f 2523/2523/2523 2522/2522/2522 2521/2521/2521
f 2526/2526/2526 2525/2525/2525 2524/2524/2524
f 2529/2529/2529 2528/2528/2528 2527/2527/2527
f 2532/2532/2532 2531/2531/2531 2530/2530/2530
f 2535/2535/2535 2534/2534/2534 2533/2533/2533
f 2538/2538/2538 2537/2537/2537 2536/2536/2536
f 2541/2541/2541 2540/2540/2540 2539/2539/2539
f 2544/2544/2544 2543/2543/2543 2542/2542/2542
f 2547/2547/2547 2546/2546/2546 2545/2545/2545
f 2550/2550/2550 2549/2549/2549 2548/2548/2548
f 2553/2553/2553 2552/2552/2552 2551/2551/2551
f 2556/2556/2556 2555/2555/2555 2554/2554/2554
f 2559/2559/2559 2558/2558/2558 2557/2557/2557
f 2562/2562/2562 2561/2561/2561 2560/2560/2560
f 2565/2565/2565 2564/2564/2564 2563/2563/2563
f 2568/2568/2568 2567/2567/2567 2566/2566/2566
f 2571/2571/2571 2570/2570/2570 2569/2569/2569
f 2574/2574/2574 2573/2573/2573 2572/2572/2572
f 2577/2577/2577 2576/2576/2576 2575/2575/2575
f 2580/2580/2580 2579/2579/2579 2578/2578/2578
f 2583/2583/2583 2582/2582/2582 2581/2581/2581
f 2586/2586/2586 2585/2585/2585 2584/2584/2584
f 2589/2589/2589 2588/2588/2588 2587/2587/2587
f 2592/2592/2592 2591/2591/2591 2590/2590/2590
f 2595/2595/2595 2594/2594/2594 2593/2593/2593
f 2598/2598/2598 2597/2597/2597 2596/2596/2596
f 2601/2601/2601 2600/2600/2600 2599/2599/2599
f 2604/2604/2604 2603/2603/2603 2602/2602/2602
f 2607/2607/2607 2606/2606/2606 2605/2605/2605
f 2610/2610/2610 2609/2609/2609 2608/2608/2608
f 2613/2613/2613 2612/2612/2612 2611/2611/2611
f 2616/2616/2616 2615/2615/2615 2614/2614/2614
f 2619/2619/2619 2618/2618/2618 2617/2617/2617
f 2622/2622/2622 2621/2621/2621 2620/2620/2620
f 2625/2625/2625 2624/2624/2624 2623/2623/2623
f 2628/2628/2628 2627/2627/2627 2626/2626/2626
f 2631/2631/2631 2630/2630/2630 2629/2629/2629
f 2634/2634/2634 2633/2633/2633 2632/2632/2632
f 2637/2637/2637 2636/2636/2636 2635/2635/2635
f 2640/2640/2640 2639/2639/2639 2638/2638/2638
f 2643/2643/2643 2642/2642/2642 2641/2641/2641
f 2646/2646/2646 2645/2645/2645 2644/2644/2644
f 2649/2649/2649 2648/2648/2648 2647/2647/2647
f 2652/2652/2652 2651/2651/2651 2650/2650/2650
f 2655/2655/2655 2654/2654/2654 2653/2653/2653
f 2658/2658/2658 2657/2657/2657 2656/2656/2656
f 2661/2661/2661 2660/2660/2660 2659/2659/2659
f 2664/2664/2664 2663/2663/2663 2662/2662/2662
f 2667/2667/2667 2666/2666/2666 2665/2665/2665
f 2670/2670/2670 2669/2669/2669 2668/2668/2668
f 2673/2673/2673 2672/2672/2672 2671/2671/2671
f 2676/2676/2676 2675/2675/2675 2674/2674/2674
f 2679/2679/2679 2678/2678/2678 2677/2677/2677
f 2682/2682/2682 2681/2681/2681 2680/2680/2680
f 2685/2685/2685 2684/2684/2684 2683/2683/2683
f 2688/2688/2688 2687/2687/2687 2686/2686/2686
f 2691/2691/2691 2690/2690/2690 2689/2689/2689
f 2694/2694/2694 2693/2693/2693 2692/2692/2692
f 2697/2697/2697 2696/2696/2696 2695/2695/2695
f 2700/2700/2700 2699/2699/2699 2698/2698/2698
f 2703/2703/2703 2702/2702/2702 2701/2701/2701
f 2706/2706/2706 2705/2705/2705 2704/2704/2704
f 2709/2709/2709 2708/2708/2708 2707/2707/2707
f 2712/2712/2712 2711/2711/2711 2710/2710/2710
f 2715/2715/2715 2714/2714/2714 2713/2713/2713
f 2718/2718/2718 2717/2717/2717 2716/2716/2716
f 2721/2721/2721 2720/2720/2720 2719/2719/2719
f 2724/2724/2724 2723/2723/2723 2722/2722/2722
f 2727/2727/2727 2726/2726/2726 2725/2725/2725
f 2730/2730/2730 2729/2729/2729 2728/2728/2728
f 2733/2733/2733 2732/2732/2732 2731/2731/2731
f 2736/2736/2736 2735/2735/2735 2734/2734/2734
f 2739/2739/2739 2738/2738/2738 2737/2737/2737
f 2742/2742/2742 2741/2741/2741 2740/2740/2740
f 2745/2745/2745 2744/2744/2744 2743/2743/2743
f 2748/2748/2748 2747/2747/2747 2746/2746/2746
f 2751/2751/2751 2750/2750/2750 2749/2749/2749
f 2754/2754/2754 2753/2753/2753 2752/2752/2752
f 2757/2757/2757 2756/2756/2756 2755/2755/2755
f 2760/2760/2760 2759/2759/2759 2758/2758/2758
f 2763/2763/2763 2762/2762/2762 2761/2761/2761
f 2766/2766/2766 2765/2765/2765 2764/2764/2764
f 2769/2769/2769 2768/2768/2768 2767/2767/2767
f 2772/2772/2772 2771/2771/2771 2770/2770/2770
f 2775/2775/2775 2774/2774/2774 2773/2773/2773
f 2778/2778/2778 2777/2777/2777 2776/2776/2776
f 2781/2781/2781 2780/2780/2780 2779/2779/2779
f 2784/2784/2784 2783/2783/2783 2782/2782/2782
f 2787/2787/2787 2786/2786/2786 2785/2785/2785
f 2790/2790/2790 2789/2789/2789 2788/2788/2788
f 2793/2793/2793 2792/2792/2792 2791/2791/2791
f 2796/2796/2796 2795/2795/2795 2794/2794/2794
f 2799/2799/2799 2798/2798/2798 2797/2797/2797
f 2802/2802/2802 2801/2801/2801 2800/2800/2800
f 2805/2805/2805 2804/2804/2804 2803/2803/2803
f 2808/2808/2808 2807/2807/2807 2806/2806/2806
f 2811/2811/2811 2810/2810/2810 2809/2809/2809
f 2814/2814/2814 2813/2813/2813 2812/2812/2812
f 2817/2817/2817 2816/2816/2816 2815/2815/2815
f 2820/2820/2820 2819/2819/2819 2818/2818/2818
f 2823/2823/2823 2822/2822/2822 2821/2821/2821
f 2826/2826/2826 2825/2825/2825 2824/2824/2824
f 2829/2829/2829 2828/2828/2828 2827/2827/2827
f 2832/2832/2832 2831/2831/2831 2830/2830/2830
f 2835/2835/2835 2834/2834/2834 2833/2833/2833
f 2838/2838/2838 2837/2837/2837 2836/2836/2836
f 2841/2841/2841 2840/2840/2840 2839/2839/2839
f 2844/2844/2844 2843/2843/2843 2842/2842/2842
f 2847/2847/2847 2846/2846/2846 2845/2845/2845
f 2850/2850/2850 2849/2849/2849 2848/2848/2848
f 2853/2853/2853 2852/2852/2852 2851/2851/2851
f 2856/2856/2856 2855/2855/2855 2854/2854/2854
f 2859/2859/2859 2858/2858/2858 2857/2857/2857
f 2862/2862/2862 2861/2861/2861 2860/2860/2860
f 2865/2865/2865 2864/2864/2864 2863/2863/2863
f 2868/2868/2868 2867/2867/2867 2866/2866/2866
f 2871/2871/2871 2870/2870/2870 2869/2869/2869
f 2874/2874/2874 2873/2873/2873 2872/2872/2872
f 2877/2877/2877 2876/2876/2876 2875/2875/2875
f 2880/2880/2880 2879/2879/2879 2878/2878/2878
f 2883/2883/2883 2882/2882/2882 2881/2881/2881
f 2886/2886/2886 2885/2885/2885 2884/2884/2884
f 2889/2889/2889 2888/2888/2888 2887/2887/2887
f 2892/2892/2892 2891/2891/2891 2890/2890/2890
f 2895/2895/2895 2894/2894/2894 2893/2893/2893
f 2898/2898/2898 2897/2897/2897 2896/2896/2896
f 2901/2901/2901 2900/2900/2900 2899/2899/2899
f 2904/2904/2904 2903/2903/2903 2902/2902/2902
f 2907/2907/2907 2906/2906/2906 2905/2905/2905
f 2910/2910/2910 2909/2909/2909 2908/2908/2908
f 2913/2913/2913 2912/2912/2912 2911/2911/2911
f 2916/2916/2916 2915/2915/2915 2914/2914/2914
f 2919/2919/2919 2918/2918/2918 2917/2917/2917
f 2922/2922/2922 2921/2921/2921 2920/2920/2920
f 2925/2925/2925 2924/2924/2924 2923/2923/2923
f 2928/2928/2928 2927/2927/2927 2926/2926/2926
f 2931/2931/2931 2930/2930/2930 2929/2929/2929
f 2934/2934/2934 2933/2933/2933 2932/2932/2932
f 2937/2937/2937 2936/2936/2936 2935/2935/2935
f 2940/2940/2940 2939/2939/2939 2938/2938/2938
f 2943/2943/2943 2942/2942/2942 2941/2941/2941
f 2946/2946/2946 2945/2945/2945 2944/2944/2944
f 2949/2949/2949 2948/2948/2948 2947/2947/2947
f 2952/2952/2952 2951/2951/2951 2950/2950/2950
f 2955/2955/2955 2954/2954/2954 2953/2953/2953
f 2958/2958/2958 2957/2957/2957 2956/2956/2956
f 2961/2961/2961 2960/2960/2960 2959/2959/2959
f 2964/2964/2964 2963/2963/2963 2962/2962/2962
f 2967/2967/2967 2966/2966/2966 2965/2965/2965
f 2970/2970/2970 2969/2969/2969 2968/2968/2968
f 2973/2973/2973 2972/2972/2972 2971/2971/2971
f 2976/2976/2976 2975/2975/2975 2974/2974/2974
f 2979/2979/2979 2978/2978/2978 2977/2977/2977
f 2982/2982/2982 2981/2981/2981 2980/2980/2980
f 2985/2985/2985 2984/2984/2984 2983/2983/2983
f 2988/2988/2988 2987/2987/2987 2986/2986/2986
f 2991/2991/2991 2990/2990/2990 2989/2989/2989
f 2994/2994/2994 2993/2993/2993 2992/2992/2992
f 2997/2997/2997 2996/2996/2996 2995/2995/2995
f 3000/3000/3000 2999/2999/2999 2998/2998/2998
f 3003/3003/3003 3002/3002/3002 3001/3001/3001
f 3006/3006/3006 3005/3005/3005 3004/3004/3004
f 3009/3009/3009 3008/3008/3008 3007/3007/3007
f 3012/3012/3012 3011/3011/3011 3010/3010/3010
f 3015/3015/3015 3014/3014/3014 3013/3013/3013
f 3018/3018/3018 3017/3017/3017 3016/3016/3016
f 3021/3021/3021 3020/3020/3020 3019/3019/3019
f 3024/3024/3024 3023/3023/3023 3022/3022/3022
f 3027/3027/3027 3026/3026/3026 3025/3025/3025
f 3030/3030/3030 3029/3029/3029 3028/3028/3028
f 3033/3033/3033 3032/3032/3032 3031/3031/3031
f 3036/3036/3036 3035/3035/3035 3034/3034/3034
f 3039/3039/3039 3038/3038/3038 3037/3037/3037
f 3042/3042/3042 3041/3041/3041 3040/3040/3040
f 3045/3045/3045 3044/3044/3044 3043/3043/3043
f 3048/3048/3048 3047/3047/3047 3046/3046/3046
f 3051/3051/3051 3050/3050/3050 3049/3049/3049
f 3054/3054/3054 3053/3053/3053 3052/3052/3052
f 3057/3057/3057 3056/3056/3056 3055/3055/3055
f 3060/3060/3060 3059/3059/3059 3058/3058/3058
f 3063/3063/3063 3062/3062/3062 3061/3061/3061
f 3066/3066/3066 3065/3065/3065 3064/3064/3064
f 3069/3069/3069 3068/3068/3068 3067/3067/3067
f 3072/3072/3072 3071/3071/3071 3070/3070/3070
f 3075/3075/3075 3074/3074/3074 3073/3073/3073
f 3078/3078/3078 3077/3077/3077 3076/3076/3076
f 3081/3081/3081 3080/3080/3080 3079/3079/3079
f 3084/3084/3084 3083/3083/3083 3082/3082/3082
f 3087/3087/3087 3086/3086/3086 3085/3085/3085
f 3090/3090/3090 3089/3089/3089 3088/3088/3088
f 3093/3093/3093 3092/3092/3092 3091/3091/3091
f 3096/3096/3096 3095/3095/3095 3094/3094/3094
f 3099/3099/3099 3098/3098/3098 3097/3097/3097
f 3102/3102/3102 3101/3101/3101 3100/3100/3100
f 3105/3105/3105 3104/3104/3104 3103/3103/3103
f 3108/3108/3108 3107/3107/3107 3106/3106/3106
f 3111/3111/3111 3110/3110/3110 3109/3109/3109
f 3114/3114/3114 3113/3113/3113 3112/3112/3112
f 3117/3117/3117 3116/3116/3116 3115/3115/3115
f 3120/3120/3120 3119/3119/3119 3118/3118/3118
f 3123/3123/3123 3122/3122/3122 3121/3121/3121
f 3126/3126/3126 3125/3125/3125 3124/3124/3124
f 3129/3129/3129 3128/3128/3128 3127/3127/3127
f 3132/3132/3132 3131/3131/3131 3130/3130/3130
f 3135/3135/3135 3134/3134/3134 3133/3133/3133
f 3138/3138/3138 3137/3137/3137 3136/3136/3136
f 3141/3141/3141 3140/3140/3140 3139/3139/3139
f 3144/3144/3144 3143/3143/3143 3142/3142/3142
f 3147/3147/3147 3146/3146/3146 3145/3145/3145
f 3150/3150/3150 3149/3149/3149 3148/3148/3148
f 3153/3153/3153 3152/3152/3152 3151/3151/3151
f 3156/3156/3156 3155/3155/3155 3154/3154/3154
f 3159/3159/3159 3158/3158/3158 3157/3157/3157
f 3162/3162/3162 3161/3161/3161 3160/3160/3160
f 3165/3165/3165 3164/3164/3164 3163/3163/3163
f 3168/3168/3168 3167/3167/3167 3166/3166/3166
f 3171/3171/3171 3170/3170/3170 3169/3169/3169
f 3174/3174/3174 3173/3173/3173 3172/3172/3172
f 3177/3177/3177 3176/3176/3176 3175/3175/3175
f 3180/3180/3180 3179/3179/3179 3178/3178/3178
f 3183/3183/3183 3182/3182/3182 3181/3181/3181
f 3186/3186/3186 3185/3185/3185 3184/3184/3184
f 3189/3189/3189 3188/3188/3188 3187/3187/3187
f 3192/3192/3192 3191/3191/3191 3190/3190/3190
f 3195/3195/3195 3194/3194/3194 3193/3193/3193
f 3198/3198/3198 3197/3197/3197 3196/3196/3196
f 3201/3201/3201 3200/3200/3200 3199/3199/3199
f 3204/3204/3204 3203/3203/3203 3202/3202/3202
f 3207/3207/3207 3206/3206/3206 3205/3205/3205
f 3210/3210/3210 3209/3209/3209 3208/3208/3208
f 3213/3213/3213 3212/3212/3212 3211/3211/3211
f 3216/3216/3216 3215/3215/3215 3214/3214/3214
f 3219/3219/3219 3218/3218/3218 3217/3217/3217
f 3222/3222/3222 3221/3221/3221 3220/3220/3220
f 3225/3225/3225 3224/3224/3224 3223/3223/3223
f 3228/3228/3228 3227/3227/3227 3226/3226/3226
f 3231/3231/3231 3230/3230/3230 3229/3229/3229
f 3234/3234/3234 3233/3233/3233 3232/3232/3232
f 3237/3237/3237 3236/3236/3236 3235/3235/3235
f 3240/3240/3240 3239/3239/3239 3238/3238/3238
f 3243/3243/3243 3242/3242/3242 3241/3241/3241
f 3246/3246/3246 3245/3245/3245 3244/3244/3244
f 3249/3249/3249 3248/3248/3248 3247/3247/3247
f 3252/3252/3252 3251/3251/3251 3250/3250/3250
f 3255/3255/3255 3254/3254/3254 3253/3253/3253
f 3258/3258/3258 3257/3257/3257 3256/3256/3256
f 3261/3261/3261 3260/3260/3260 3259/3259/3259
f 3264/3264/3264 3263/3263/3263 3262/3262/3262
f 3267/3267/3267 3266/3266/3266 3265/3265/3265
f 3270/3270/3270 3269/3269/3269 3268/3268/3268
f 3273/3273/3273 3272/3272/3272 3271/3271/3271
f 3276/3276/3276 3275/3275/3275 3274/3274/3274
f 3279/3279/3279 3278/3278/3278 3277/3277/3277
f 3282/3282/3282 3281/3281/3281 3280/3280/3280
f 3285/3285/3285 3284/3284/3284 3283/3283/3283
f 3288/3288/3288 3287/3287/3287 3286/3286/3286
f 3291/3291/3291 3290/3290/3290 3289/3289/3289
f 3294/3294/3294 3293/3293/3293 3292/3292/3292
f 3297/3297/3297 3296/3296/3296 3295/3295/3295
f 3300/3300/3300 3299/3299/3299 3298/3298/3298
f 3303/3303/3303 3302/3302/3302 3301/3301/3301
f 3306/3306/3306 3305/3305/3305 3304/3304/3304
f 3309/3309/3309 3308/3308/3308 3307/3307/3307
f 3312/3312/3312 3311/3311/3311 3310/3310/3310
f 3315/3315/3315 3314/3314/3314 3313/3313/3313
f 3318/3318/3318 3317/3317/3317 3316/3316/3316
f 3321/3321/3321 3320/3320/3320 3319/3319/3319
f 3324/3324/3324 3323/3323/3323 3322/3322/3322
f 3327/3327/3327 3326/3326/3326 3325/3325/3325
f 3330/3330/3330 3329/3329/3329 3328/3328/3328
f 3333/3333/3333 3332/3332/3332 3331/3331/3331
f 3336/3336/3336 3335/3335/3335 3334/3334/3334
f 3339/3339/3339 3338/3338/3338 3337/3337/3337
f 3342/3342/3342 3341/3341/3341 3340/3340/3340
f 3345/3345/3345 3344/3344/3344 3343/3343/3343
f 3348/3348/3348 3347/3347/3347 3346/3346/3346
f 3351/3351/3351 3350/3350/3350 3349/3349/3349
f 3354/3354/3354 3353/3353/3353 3352/3352/3352
f 3357/3357/3357 3356/3356/3356 3355/3355/3355
f 3360/3360/3360 3359/3359/3359 3358/3358/3358
f 3363/3363/3363 3362/3362/3362 3361/3361/3361
f 3366/3366/3366 3365/3365/3365 3364/3364/3364
f 3369/3369/3369 3368/3368/3368 3367/3367/3367
f 3372/3372/3372 3371/3371/3371 3370/3370/3370
f 3375/3375/3375 3374/3374/3374 3373/3373/3373
f 3378/3378/3378 3377/3377/3377 3376/3376/3376
f 3381/3381/3381 3380/3380/3380 3379/3379/3379
f 3384/3384/3384 3383/3383/3383 3382/3382/3382
f 3387/3387/3387 3386/3386/3386 3385/3385/3385
f 3390/3390/3390 3389/3389/3389 3388/3388/3388
f 3393/3393/3393 3392/3392/3392 3391/3391/3391
f 3396/3396/3396 3395/3395/3395 3394/3394/3394
f 3399/3399/3399 3398/3398/3398 3397/3397/3397
f 3402/3402/3402 3401/3401/3401 3400/3400/3400
f 3405/3405/3405 3404/3404/3404 3403/3403/3403
f 3408/3408/3408 3407/3407/3407 3406/3406/3406
f 3411/3411/3411 3410/3410/3410 3409/3409/3409
f 3414/3414/3414 3413/3413/3413 3412/3412/3412
f 3417/3417/3417 3416/3416/3416 3415/3415/3415
f 3420/3420/3420 3419/3419/3419 3418/3418/3418
f 3423/3423/3423 3422/3422/3422 3421/3421/3421
f 3426/3426/3426 3425/3425/3425 3424/3424/3424
f 3429/3429/3429 3428/3428/3428 3427/3427/3427
f 3432/3432/3432 3431/3431/3431 3430/3430/3430
f 3435/3435/3435 3434/3434/3434 3433/3433/3433
f 3438/3438/3438 3437/3437/3437 3436/3436/3436
f 3441/3441/3441 3440/3440/3440 3439/3439/3439
f 3444/3444/3444 3443/3443/3443 3442/3442/3442
f 3447/3447/3447 3446/3446/3446 3445/3445/3445
f 3450/3450/3450 3449/3449/3449 3448/3448/3448
f 3453/3453/3453 3452/3452/3452 3451/3451/3451
f 3456/3456/3456 3455/3455/3455 3454/3454/3454
f 3459/3459/3459 3458/3458/3458 3457/3457/3457
f 3462/3462/3462 3461/3461/3461 3460/3460/3460
f 3465/3465/3465 3464/3464/3464 3463/3463/3463
f 3468/3468/3468 3467/3467/3467 3466/3466/3466
f 3471/3471/3471 3470/3470/3470 3469/3469/3469
f 3474/3474/3474 3473/3473/3473 3472/3472/3472
f 3477/3477/3477 3476/3476/3476 3475/3475/3475
f 3480/3480/3480 3479/3479/3479 3478/3478/3478
f 3483/3483/3483 3482/3482/3482 3481/3481/3481
f 3486/3486/3486 3485/3485/3485 3484/3484/3484
f 3489/3489/3489 3488/3488/3488 3487/3487/3487
f 3492/3492/3492 3491/3491/3491 3490/3490/3490
f 3495/3495/3495 3494/3494/3494 3493/3493/3493
f 3498/3498/3498 3497/3497/3497 3496/3496/3496
f 3501/3501/3501 3500/3500/3500 3499/3499/3499
f 3504/3504/3504 3503/3503/3503 3502/3502/3502
f 3507/3507/3507 3506/3506/3506 3505/3505/3505
f 3510/3510/3510 3509/3509/3509 3508/3508/3508
f 3513/3513/3513 3512/3512/3512 3511/3511/3511
f 3516/3516/3516 3515/3515/3515 3514/3514/3514
f 3519/3519/3519 3518/3518/3518 3517/3517/3517
f 3522/3522/3522 3521/3521/3521 3520/3520/3520
f 3525/3525/3525 3524/3524/3524 3523/3523/3523
f 3528/3528/3528 3527/3527/3527 3526/3526/3526
f 3531/3531/3531 3530/3530/3530 3529/3529/3529
f 3534/3534/3534 3533/3533/3533 3532/3532/3532
f 3537/3537/3537 3536/3536/3536 3535/3535/3535
f 3540/3540/3540 3539/3539/3539 3538/3538/3538
f 3543/3543/3543 3542/3542/3542 3541/3541/3541
f 3546/3546/3546 3545/3545/3545 3544/3544/3544
f 3549/3549/3549 3548/3548/3548 3547/3547/3547
f 3552/3552/3552 3551/3551/3551 3550/3550/3550
f 3555/3555/3555 3554/3554/3554 3553/3553/3553
f 3558/3558/3558 3557/3557/3557 3556/3556/3556
f 3561/3561/3561 3560/3560/3560 3559/3559/3559
f 3564/3564/3564 3563/3563/3563 3562/3562/3562
f 3567/3567/3567 3566/3566/3566 3565/3565/3565
f 3570/3570/3570 3569/3569/3569 3568/3568/3568
f 3573/3573/3573 3572/3572/3572 3571/3571/3571
f 3576/3576/3576 3575/3575/3575 3574/3574/3574
f 3579/3579/3579 3578/3578/3578 3577/3577/3577
f 3582/3582/3582 3581/3581/3581 3580/3580/3580
f 3585/3585/3585 3584/3584/3584 3583/3583/3583
f 3588/3588/3588 3587/3587/3587 3586/3586/3586
f 3591/3591/3591 3590/3590/3590 3589/3589/3589
f 3594/3594/3594 3593/3593/3593 3592/3592/3592
f 3597/3597/3597 3596/3596/3596 3595/3595/3595
f 3600/3600/3600 3599/3599/3599 3598/3598/3598
f 3603/3603/3603 3602/3602/3602 3601/3601/3601
f 3606/3606/3606 3605/3605/3605 3604/3604/3604
f 3609/3609/3609 3608/3608/3608 3607/3607/3607
f 3612/3612/3612 3611/3611/3611 3610/3610/3610
f 3615/3615/3615 3614/3614/3614 3613/3613/3613
f 3618/3618/3618 3617/3617/3617 3616/3616/3616
f 3621/3621/3621 3620/3620/3620 3619/3619/3619
f 3624/3624/3624 3623/3623/3623 3622/3622/3622
f 3627/3627/3627 3626/3626/3626 3625/3625/3625
f 3630/3630/3630 3629/3629/3629 3628/3628/3628
f 3633/3633/3633 3632/3632/3632 3631/3631/3631
f 3636/3636/3636 3635/3635/3635 3634/3634/3634
f 3639/3639/3639 3638/3638/3638 3637/3637/3637
f 3642/3642/3642 3641/3641/3641 3640/3640/3640
f 3645/3645/3645 3644/3644/3644 3643/3643/3643
f 3648/3648/3648 3647/3647/3647 3646/3646/3646
f 3651/3651/3651 3650/3650/3650 3649/3649/3649
f 3654/3654/3654 3653/3653/3653 3652/3652/3652
f 3657/3657/3657 3656/3656/3656 3655/3655/3655
f 3660/3660/3660 3659/3659/3659 3658/3658/3658
f 3663/3663/3663 3662/3662/3662 3661/3661/3661
f 3666/3666/3666 3665/3665/3665 3664/3664/3664
f 3669/3669/3669 3668/3668/3668 3667/3667/3667
f 3672/3672/3672 3671/3671/3671 3670/3670/3670
f 3675/3675/3675 3674/3674/3674 3673/3673/3673
f 3678/3678/3678 3677/3677/3677 3676/3676/3676
f 3681/3681/3681 3680/3680/3680 3679/3679/3679
f 3684/3684/3684 3683/3683/3683 3682/3682/3682
f 3687/3687/3687 3686/3686/3686 3685/3685/3685
f 3690/3690/3690 3689/3689/3689 3688/3688/3688
f 3693/3693/3693 3692/3692/3692 3691/3691/3691
f 3696/3696/3696 3695/3695/3695 3694/3694/3694
f 3699/3699/3699 3698/3698/3698 3697/3697/3697
f 3702/3702/3702 3701/3701/3701 3700/3700/3700
f 3705/3705/3705 3704/3704/3704 3703/3703/3703
f 3708/3708/3708 3707/3707/3707 3706/3706/3706
f 3711/3711/3711 3710/3710/3710 3709/3709/3709
f 3714/3714/3714 3713/3713/3713 3712/3712/3712
f 3717/3717/3717 3716/3716/3716 3715/3715/3715
f 3720/3720/3720 3719/3719/3719 3718/3718/3718
f 3723/3723/3723 3722/3722/3722 3721/3721/3721
f 3726/3726/3726 3725/3725/3725 3724/3724/3724
f 3729/3729/3729 3728/3728/3728 3727/3727/3727
f 3732/3732/3732 3731/3731/3731 3730/3730/3730
f 3735/3735/3735 3734/3734/3734 3733/3733/3733
f 3738/3738/3738 3737/3737/3737 3736/3736/3736
f 3741/3741/3741 3740/3740/3740 3739/3739/3739
f 3744/3744/3744 3743/3743/3743 3742/3742/3742
f 3747/3747/3747 3746/3746/3746 3745/3745/3745
f 3750/3750/3750 3749/3749/3749 3748/3748/3748
f 3753/3753/3753 3752/3752/3752 3751/3751/3751
f 3756/3756/3756 3755/3755/3755 3754/3754/3754
f 3759/3759/3759 3758/3758/3758 3757/3757/3757
f 3762/3762/3762 3761/3761/3761 3760/3760/3760
f 3765/3765/3765 3764/3764/3764 3763/3763/3763
f 3768/3768/3768 3767/3767/3767 3766/3766/3766
f 3771/3771/3771 3770/3770/3770 3769/3769/3769
f 3774/3774/3774 3773/3773/3773 3772/3772/3772
f 3777/3777/3777 3776/3776/3776 3775/3775/3775
f 3780/3780/3780 3779/3779/3779 3778/3778/3778
f 3783/3783/3783 3782/3782/3782 3781/3781/3781
f 3786/3786/3786 3785/3785/3785 3784/3784/3784
f 3789/3789/3789 3788/3788/3788 3787/3787/3787
f 3792/3792/3792 3791/3791/3791 3790/3790/3790
f 3795/3795/3795 3794/3794/3794 3793/3793/3793
f 3798/3798/3798 3797/3797/3797 3796/3796/3796
f 3801/3801/3801 3800/3800/3800 3799/3799/3799
f 3804/3804/3804 3803/3803/3803 3802/3802/3802
f 3807/3807/3807 3806/3806/3806 3805/3805/3805
f 3810/3810/3810 3809/3809/3809 3808/3808/3808
f 3813/3813/3813 3812/3812/3812 3811/3811/3811
f 3816/3816/3816 3815/3815/3815 3814/3814/3814
f 3819/3819/3819 3818/3818/3818 3817/3817/3817
f 3822/3822/3822 3821/3821/3821 3820/3820/3820
f 3825/3825/3825 3824/3824/3824 3823/3823/3823
f 3828/3828/3828 3827/3827/3827 3826/3826/3826
f 3831/3831/3831 3830/3830/3830 3829/3829/3829
f 3834/3834/3834 3833/3833/3833 3832/3832/3832
f 3837/3837/3837 3836/3836/3836 3835/3835/3835
f 3840/3840/3840 3839/3839/3839 3838/3838/3838
f 3843/3843/3843 3842/3842/3842 3841/3841/3841
f 3846/3846/3846 3845/3845/3845 3844/3844/3844
f 3849/3849/3849 3848/3848/3848 3847/3847/3847
f 3852/3852/3852 3851/3851/3851 3850/3850/3850
f 3855/3855/3855 3854/3854/3854 3853/3853/3853
f 3858/3858/3858 3857/3857/3857 3856/3856/3856
f 3861/3861/3861 3860/3860/3860 3859/3859/3859
f 3864/3864/3864 3863/3863/3863 3862/3862/3862
f 3867/3867/3867 3866/3866/3866 3865/3865/3865
f 3870/3870/3870 3869/3869/3869 3868/3868/3868
f 3873/3873/3873 3872/3872/3872 3871/3871/3871
f 3876/3876/3876 3875/3875/3875 3874/3874/3874
f 3879/3879/3879 3878/3878/3878 3877/3877/3877
f 3882/3882/3882 3881/3881/3881 3880/3880/3880
f 3885/3885/3885 3884/3884/3884 3883/3883/3883
f 3888/3888/3888 3887/3887/3887 3886/3886/3886
f 3891/3891/3891 3890/3890/3890 3889/3889/3889
f 3894/3894/3894 3893/3893/3893 3892/3892/3892
f 3897/3897/3897 3896/3896/3896 3895/3895/3895
f 3900/3900/3900 3899/3899/3899 3898/3898/3898
f 3903/3903/3903 3902/3902/3902 3901/3901/3901
f 3906/3906/3906 3905/3905/3905 3904/3904/3904
f 3909/3909/3909 3908/3908/3908 3907/3907/3907
f 3912/3912/3912 3911/3911/3911 3910/3910/3910
f 3915/3915/3915 3914/3914/3914 3913/3913/3913
f 3918/3918/3918 3917/3917/3917 3916/3916/3916
f 3921/3921/3921 3920/3920/3920 3919/3919/3919
f 3924/3924/3924 3923/3923/3923 3922/3922/3922
f 3927/3927/3927 3926/3926/3926 3925/3925/3925
f 3930/3930/3930 3929/3929/3929 3928/3928/3928
f 3933/3933/3933 3932/3932/3932 3931/3931/3931
f 3936/3936/3936 3935/3935/3935 3934/3934/3934
f 3939/3939/3939 3938/3938/3938 3937/3937/3937
f 3942/3942/3942 3941/3941/3941 3940/3940/3940
f 3945/3945/3945 3944/3944/3944 3943/3943/3943
f 3948/3948/3948 3947/3947/3947 3946/3946/3946
f 3951/3951/3951 3950/3950/3950 3949/3949/3949
f 3954/3954/3954 3953/3953/3953 3952/3952/3952
f 3957/3957/3957 3956/3956/3956 3955/3955/3955
f 3960/3960/3960 3959/3959/3959 3958/3958/3958
f 3963/3963/3963 3962/3962/3962 3961/3961/3961
f 3966/3966/3966 3965/3965/3965 3964/3964/3964
f 3969/3969/3969 3968/3968/3968 3967/3967/3967
f 3972/3972/3972 3971/3971/3971 3970/3970/3970
f 3975/3975/3975 3974/3974/3974 3973/3973/3973
f 3978/3978/3978 3977/3977/3977 3976/3976/3976
f 3981/3981/3981 3980/3980/3980 3979/3979/3979
f 3984/3984/3984 3983/3983/3983 3982/3982/3982
f 3987/3987/3987 3986/3986/3986 3985/3985/3985
f 3990/3990/3990 3989/3989/3989 3988/3988/3988
f 3993/3993/3993 3992/3992/3992 3991/3991/3991
f 3996/3996/3996 3995/3995/3995 3994/3994/3994
f 3999/3999/3999 3998/3998/3998 3997/3997/3997
f 4002/4002/4002 4001/4001/4001 4000/4000/4000
f 4005/4005/4005 4004/4004/4004 4003/4003/4003
f 4008/4008/4008 4007/4007/4007 4006/4006/4006
f 4011/4011/4011 4010/4010/4010 4009/4009/4009
f 4014/4014/4014 4013/4013/4013 4012/4012/4012
f 4017/4017/4017 4016/4016/4016 4015/4015/4015
f 4020/4020/4020 4019/4019/4019 4018/4018/4018
f 4023/4023/4023 4022/4022/4022 4021/4021/4021
f 4026/4026/4026 4025/4025/4025 4024/4024/4024
f 4029/4029/4029 4028/4028/4028 4027/4027/4027
f 4032/4032/4032 4031/4031/4031 4030/4030/4030
f 4035/4035/4035 4034/4034/4034 4033/4033/4033
f 4038/4038/4038 4037/4037/4037 4036/4036/4036
f 4041/4041/4041 4040/4040/4040 4039/4039/4039
f 4044/4044/4044 4043/4043/4043 4042/4042/4042
f 4047/4047/4047 4046/4046/4046 4045/4045/4045
f 4050/4050/4050 4049/4049/4049 4048/4048/4048
f 4053/4053/4053 4052/4052/4052 4051/4051/4051
f 4056/4056/4056 4055/4055/4055 4054/4054/4054
f 4059/4059/4059 4058/4058/4058 4057/4057/4057
f 4062/4062/4062 4061/4061/4061 4060/4060/4060
f 4065/4065/4065 4064/4064/4064 4063/4063/4063
f 4068/4068/4068 4067/4067/4067 4066/4066/4066
f 4071/4071/4071 4070/4070/4070 4069/4069/4069
f 4074/4074/4074 4073/4073/4073 4072/4072/4072
f 4077/4077/4077 4076/4076/4076 4075/4075/4075
f 4080/4080/4080 4079/4079/4079 4078/4078/4078
f 4083/4083/4083 4082/4082/4082 4081/4081/4081
f 4086/4086/4086 4085/4085/4085 4084/4084/4084
f 4089/4089/4089 4088/4088/4088 4087/4087/4087
f 4092/4092/4092 4091/4091/4091 4090/4090/4090
f 4095/4095/4095 4094/4094/4094 4093/4093/4093
f 4098/4098/4098 4097/4097/4097 4096/4096/4096
f 4101/4101/4101 4100/4100/4100 4099/4099/4099
f 4104/4104/4104 4103/4103/4103 4102/4102/4102
f 4107/4107/4107 4106/4106/4106 4105/4105/4105
f 4110/4110/4110 4109/4109/4109 4108/4108/4108
f 4113/4113/4113 4112/4112/4112 4111/4111/4111
f 4116/4116/4116 4115/4115/4115 4114/4114/4114
f 4119/4119/4119 4118/4118/4118 4117/4117/4117
f 4122/4122/4122 4121/4121/4121 4120/4120/4120
f 4125/4125/4125 4124/4124/4124 4123/4123/4123
f 4128/4128/4128 4127/4127/4127 4126/4126/4126
f 4131/4131/4131 4130/4130/4130 4129/4129/4129
f 4134/4134/4134 4133/4133/4133 4132/4132/4132
f 4137/4137/4137 4136/4136/4136 4135/4135/4135
f 4140/4140/4140 4139/4139/4139 4138/4138/4138
f 4143/4143/4143 4142/4142/4142 4141/4141/4141
f 4146/4146/4146 4145/4145/4145 4144/4144/4144
f 4149/4149/4149 4148/4148/4148 4147/4147/4147
f 4152/4152/4152 4151/4151/4151 4150/4150/4150
f 4155/4155/4155 4154/4154/4154 4153/4153/4153
f 4158/4158/4158 4157/4157/4157 4156/4156/4156
f 4161/4161/4161 4160/4160/4160 4159/4159/4159
f 4164/4164/4164 4163/4163/4163 4162/4162/4162
f 4167/4167/4167 4166/4166/4166 4165/4165/4165
f 4170/4170/4170 4169/4169/4169 4168/4168/4168
f 4173/4173/4173 4172/4172/4172 4171/4171/4171
f 4176/4176/4176 4175/4175/4175 4174/4174/4174
f 4179/4179/4179 4178/4178/4178 4177/4177/4177
f 4182/4182/4182 4181/4181/4181 4180/4180/4180
f 4185/4185/4185 4184/4184/4184 4183/4183/4183
f 4188/4188/4188 4187/4187/4187 4186/4186/4186
f 4191/4191/4191 4190/4190/4190 4189/4189/4189
f 4194/4194/4194 4193/4193/4193 4192/4192/4192
f 4197/4197/4197 4196/4196/4196 4195/4195/4195
f 4200/4200/4200 4199/4199/4199 4198/4198/4198
f 4203/4203/4203 4202/4202/4202 4201/4201/4201
f 4206/4206/4206 4205/4205/4205 4204/4204/4204
f 4209/4209/4209 4208/4208/4208 4207/4207/4207
f 4212/4212/4212 4211/4211/4211 4210/4210/4210
f 4215/4215/4215 4214/4214/4214 4213/4213/4213
f 4218/4218/4218 4217/4217/4217 4216/4216/4216
f 4221/4221/4221 4220/4220/4220 4219/4219/4219
f 4224/4224/4224 4223/4223/4223 4222/4222/4222
f 4227/4227/4227 4226/4226/4226 4225/4225/4225
f 4230/4230/4230 4229/4229/4229 4228/4228/4228
f 4233/4233/4233 4232/4232/4232 4231/4231/4231
f 4236/4236/4236 4235/4235/4235 4234/4234/4234
f 4239/4239/4239 4238/4238/4238 4237/4237/4237
f 4242/4242/4242 4241/4241/4241 4240/4240/4240
f 4245/4245/4245 4244/4244/4244 4243/4243/4243
f 4248/4248/4248 4247/4247/4247 4246/4246/4246
f 4251/4251/4251 4250/4250/4250 4249/4249/4249
f 4254/4254/4254 4253/4253/4253 4252/4252/4252
f 4257/4257/4257 4256/4256/4256 4255/4255/4255
f 4260/4260/4260 4259/4259/4259 4258/4258/4258
f 4263/4263/4263 4262/4262/4262 4261/4261/4261
f 4266/4266/4266 4265/4265/4265 4264/4264/4264
f 4269/4269/4269 4268/4268/4268 4267/4267/4267
f 4272/4272/4272 4271/4271/4271 4270/4270/4270
f 4275/4275/4275 4274/4274/4274 4273/4273/4273
f 4278/4278/4278 4277/4277/4277 4276/4276/4276
f 4281/4281/4281 4280/4280/4280 4279/4279/4279
f 4284/4284/4284 4283/4283/4283 4282/4282/4282
f 4287/4287/4287 4286/4286/4286 4285/4285/4285
f 4290/4290/4290 4289/4289/4289 4288/4288/4288
f 4293/4293/4293 4292/4292/4292 4291/4291/4291
f 4296/4296/4296 4295/4295/4295 4294/4294/4294
f 4299/4299/4299 4298/4298/4298 4297/4297/4297
f 4302/4302/4302 4301/4301/4301 4300/4300/4300
f 4305/4305/4305 4304/4304/4304 4303/4303/4303
f 4308/4308/4308 4307/4307/4307 4306/4306/4306
f 4311/4311/4311 4310/4310/4310 4309/4309/4309
f 4314/4314/4314 4313/4313/4313 4312/4312/4312
f 4317/4317/4317 4316/4316/4316 4315/4315/4315
f 4320/4320/4320 4319/4319/4319 4318/4318/4318
f 4323/4323/4323 4322/4322/4322 4321/4321/4321
f 4326/4326/4326 4325/4325/4325 4324/4324/4324
f 4329/4329/4329 4328/4328/4328 4327/4327/4327
f 4332/4332/4332 4331/4331/4331 4330/4330/4330
f 4335/4335/4335 4334/4334/4334 4333/4333/4333
f 4338/4338/4338 4337/4337/4337 4336/4336/4336
f 4341/4341/4341 4340/4340/4340 4339/4339/4339
f 4344/4344/4344 4343/4343/4343 4342/4342/4342
f 4347/4347/4347 4346/4346/4346 4345/4345/4345
f 4350/4350/4350 4349/4349/4349 4348/4348/4348
f 4353/4353/4353 4352/4352/4352 4351/4351/4351
f 4356/4356/4356 4355/4355/4355 4354/4354/4354
f 4359/4359/4359 4358/4358/4358 4357/4357/4357
f 4362/4362/4362 4361/4361/4361 4360/4360/4360
f 4365/4365/4365 4364/4364/4364 4363/4363/4363
f 4368/4368/4368 4367/4367/4367 4366/4366/4366
f 4371/4371/4371 4370/4370/4370 4369/4369/4369
f 4374/4374/4374 4373/4373/4373 4372/4372/4372
f 4377/4377/4377 4376/4376/4376 4375/4375/4375
f 4380/4380/4380 4379/4379/4379 4378/4378/4378
f 4383/4383/4383 4382/4382/4382 4381/4381/4381
f 4386/4386/4386 4385/4385/4385 4384/4384/4384
f 4389/4389/4389 4388/4388/4388 4387/4387/4387
f 4392/4392/4392 4391/4391/4391 4390/4390/4390
f 4395/4395/4395 4394/4394/4394 4393/4393/4393
f 4398/4398/4398 4397/4397/4397 4396/4396/4396
f 4401/4401/4401 4400/4400/4400 4399/4399/4399
f 4404/4404/4404 4403/4403/4403 4402/4402/4402
f 4407/4407/4407 4406/4406/4406 4405/4405/4405
f 4410/4410/4410 4409/4409/4409 4408/4408/4408
f 4413/4413/4413 4412/4412/4412 4411/4411/4411
f 4416/4416/4416 4415/4415/4415 4414/4414/4414
f 4419/4419/4419 4418/4418/4418 4417/4417/4417
f 4422/4422/4422 4421/4421/4421 4420/4420/4420
f 4425/4425/4425 4424/4424/4424 4423/4423/4423
f 4428/4428/4428 4427/4427/4427 4426/4426/4426
f 4431/4431/4431 4430/4430/4430 4429/4429/4429
f 4434/4434/4434 4433/4433/4433 4432/4432/4432
f 4437/4437/4437 4436/4436/4436 4435/4435/4435
f 4440/4440/4440 4439/4439/4439 4438/4438/4438
f 4443/4443/4443 4442/4442/4442 4441/4441/4441
f 4446/4446/4446 4445/4445/4445 4444/4444/4444
f 4449/4449/4449 4448/4448/4448 4447/4447/4447
f 4452/4452/4452 4451/4451/4451 4450/4450/4450
f 4455/4455/4455 4454/4454/4454 4453/4453/4453
f 4458/4458/4458 4457/4457/4457 4456/4456/4456
f 4461/4461/4461 4460/4460/4460 4459/4459/4459
f 4464/4464/4464 4463/4463/4463 4462/4462/4462
f 4467/4467/4467 4466/4466/4466 4465/4465/4465
f 4470/4470/4470 4469/4469/4469 4468/4468/4468
f 4473/4473/4473 4472/4472/4472 4471/4471/4471
f 4476/4476/4476 4475/4475/4475 4474/4474/4474
f 4479/4479/4479 4478/4478/4478 4477/4477/4477
f 4482/4482/4482 4481/4481/4481 4480/4480/4480
f 4485/4485/4485 4484/4484/4484 4483/4483/4483
f 4488/4488/4488 4487/4487/4487 4486/4486/4486
f 4491/4491/4491 4490/4490/4490 4489/4489/4489
f 4494/4494/4494 4493/4493/4493 4492/4492/4492
f 4497/4497/4497 4496/4496/4496 4495/4495/4495
f 4500/4500/4500 4499/4499/4499 4498/4498/4498
f 4503/4503/4503 4502/4502/4502 4501/4501/4501
f 4506/4506/4506 4505/4505/4505 4504/4504/4504
f 4509/4509/4509 4508/4508/4508 4507/4507/4507
f 4512/4512/4512 4511/4511/4511 4510/4510/4510
f 4515/4515/4515 4514/4514/4514 4513/4513/4513
f 4518/4518/4518 4517/4517/4517 4516/4516/4516
f 4521/4521/4521 4520/4520/4520 4519/4519/4519
f 4524/4524/4524 4523/4523/4523 4522/4522/4522
f 4527/4527/4527 4526/4526/4526 4525/4525/4525
f 4530/4530/4530 4529/4529/4529 4528/4528/4528
f 4533/4533/4533 4532/4532/4532 4531/4531/4531
f 4536/4536/4536 4535/4535/4535 4534/4534/4534
f 4539/4539/4539 4538/4538/4538 4537/4537/4537
f 4542/4542/4542 4541/4541/4541 4540/4540/4540
f 4545/4545/4545 4544/4544/4544 4543/4543/4543
f 4548/4548/4548 4547/4547/4547 4546/4546/4546
f 4551/4551/4551 4550/4550/4550 4549/4549/4549
f 4554/4554/4554 4553/4553/4553 4552/4552/4552
f 4557/4557/4557 4556/4556/4556 4555/4555/4555
f 4560/4560/4560 4559/4559/4559 4558/4558/4558
f 4563/4563/4563 4562/4562/4562 4561/4561/4561
f 4566/4566/4566 4565/4565/4565 4564/4564/4564
f 4569/4569/4569 4568/4568/4568 4567/4567/4567
f 4572/4572/4572 4571/4571/4571 4570/4570/4570
f 4575/4575/4575 4574/4574/4574 4573/4573/4573
f 4578/4578/4578 4577/4577/4577 4576/4576/4576
f 4581/4581/4581 4580/4580/4580 4579/4579/4579
f 4584/4584/4584 4583/4583/4583 4582/4582/4582
f 4587/4587/4587 4586/4586/4586 4585/4585/4585
f 4590/4590/4590 4589/4589/4589 4588/4588/4588
f 4593/4593/4593 4592/4592/4592 4591/4591/4591
f 4596/4596/4596 4595/4595/4595 4594/4594/4594
f 4599/4599/4599 4598/4598/4598 4597/4597/4597
f 4602/4602/4602 4601/4601/4601 4600/4600/4600
f 4605/4605/4605 4604/4604/4604 4603/4603/4603
f 4608/4608/4608 4607/4607/4607 4606/4606/4606
f 4611/4611/4611 4610/4610/4610 4609/4609/4609
f 4614/4614/4614 4613/4613/4613 4612/4612/4612
f 4617/4617/4617 4616/4616/4616 4615/4615/4615
f 4620/4620/4620 4619/4619/4619 4618/4618/4618
f 4623/4623/4623 4622/4622/4622 4621/4621/4621
f 4626/4626/4626 4625/4625/4625 4624/4624/4624
f 4629/4629/4629 4628/4628/4628 4627/4627/4627
f 4632/4632/4632 4631/4631/4631 4630/4630/4630
f 4635/4635/4635 4634/4634/4634 4633/4633/4633
f 4638/4638/4638 4637/4637/4637 4636/4636/4636
f 4641/4641/4641 4640/4640/4640 4639/4639/4639
f 4644/4644/4644 4643/4643/4643 4642/4642/4642
f 4647/4647/4647 4646/4646/4646 4645/4645/4645
f 4650/4650/4650 4649/4649/4649 4648/4648/4648
f 4653/4653/4653 4652/4652/4652 4651/4651/4651
f 4656/4656/4656 4655/4655/4655 4654/4654/4654
f 4659/4659/4659 4658/4658/4658 4657/4657/4657
f 4662/4662/4662 4661/4661/4661 4660/4660/4660
f 4665/4665/4665 4664/4664/4664 4663/4663/4663
f 4668/4668/4668 4667/4667/4667 4666/4666/4666
f 4671/4671/4671 4670/4670/4670 4669/4669/4669
f 4674/4674/4674 4673/4673/4673 4672/4672/4672
f 4677/4677/4677 4676/4676/4676 4675/4675/4675
f 4680/4680/4680 4679/4679/4679 4678/4678/4678
f 4683/4683/4683 4682/4682/4682 4681/4681/4681
f 4686/4686/4686 4685/4685/4685 4684/4684/4684
f 4689/4689/4689 4688/4688/4688 4687/4687/4687
f 4692/4692/4692 4691/4691/4691 4690/4690/4690
f 4695/4695/4695 4694/4694/4694 4693/4693/4693
f 4698/4698/4698 4697/4697/4697 4696/4696/4696
f 4701/4701/4701 4700/4700/4700 4699/4699/4699
f 4704/4704/4704 4703/4703/4703 4702/4702/4702
f 4707/4707/4707 4706/4706/4706 4705/4705/4705
f 4710/4710/4710 4709/4709/4709 4708/4708/4708
f 4713/4713/4713 4712/4712/4712 4711/4711/4711
f 4716/4716/4716 4715/4715/4715 4714/4714/4714
f 4719/4719/4719 4718/4718/4718 4717/4717/4717
f 4722/4722/4722 4721/4721/4721 4720/4720/4720
f 4725/4725/4725 4724/4724/4724 4723/4723/4723
f 4728/4728/4728 4727/4727/4727 4726/4726/4726
f 4731/4731/4731 4730/4730/4730 4729/4729/4729
f 4734/4734/4734 4733/4733/4733 4732/4732/4732
f 4737/4737/4737 4736/4736/4736 4735/4735/4735
f 4740/4740/4740 4739/4739/4739 4738/4738/4738
f 4743/4743/4743 4742/4742/4742 4741/4741/4741
f 4746/4746/4746 4745/4745/4745 4744/4744/4744
f 4749/4749/4749 4748/4748/4748 4747/4747/4747
f 4752/4752/4752 4751/4751/4751 4750/4750/4750
f 4755/4755/4755 4754/4754/4754 4753/4753/4753
f 4758/4758/4758 4757/4757/4757 4756/4756/4756
f 4761/4761/4761 4760/4760/4760 4759/4759/4759
f 4764/4764/4764 4763/4763/4763 4762/4762/4762
f 4767/4767/4767 4766/4766/4766 4765/4765/4765
f 4770/4770/4770 4769/4769/4769 4768/4768/4768
f 4773/4773/4773 4772/4772/4772 4771/4771/4771
f 4776/4776/4776 4775/4775/4775 4774/4774/4774
f 4779/4779/4779 4778/4778/4778 4777/4777/4777
f 4782/4782/4782 4781/4781/4781 4780/4780/4780
f 4785/4785/4785 4784/4784/4784 4783/4783/4783
f 4788/4788/4788 4787/4787/4787 4786/4786/4786
f 4791/4791/4791 4790/4790/4790 4789/4789/4789
f 4794/4794/4794 4793/4793/4793 4792/4792/4792
f 4797/4797/4797 4796/4796/4796 4795/4795/4795
f 4800/4800/4800 4799/4799/4799 4798/4798/4798
f 4803/4803/4803 4802/4802/4802 4801/4801/4801
f 4806/4806/4806 4805/4805/4805 4804/4804/4804
f 4809/4809/4809 4808/4808/4808 4807/4807/4807
f 4812/4812/4812 4811/4811/4811 4810/4810/4810
f 4815/4815/4815 4814/4814/4814 4813/4813/4813
f 4818/4818/4818 4817/4817/4817 4816/4816/4816
f 4821/4821/4821 4820/4820/4820 4819/4819/4819
f 4824/4824/4824 4823/4823/4823 4822/4822/4822
f 4827/4827/4827 4826/4826/4826 4825/4825/4825
f 4830/4830/4830 4829/4829/4829 4828/4828/4828
f 4833/4833/4833 4832/4832/4832 4831/4831/4831
f 4836/4836/4836 4835/4835/4835 4834/4834/4834
f 4839/4839/4839 4838/4838/4838 4837/4837/4837
f 4842/4842/4842 4841/4841/4841 4840/4840/4840
f 4845/4845/4845 4844/4844/4844 4843/4843/4843
f 4848/4848/4848 4847/4847/4847 4846/4846/4846
f 4851/4851/4851 4850/4850/4850 4849/4849/4849
f 4854/4854/4854 4853/4853/4853 4852/4852/4852
f 4857/4857/4857 4856/4856/4856 4855/4855/4855
f 4860/4860/4860 4859/4859/4859 4858/4858/4858
f 4863/4863/4863 4862/4862/4862 4861/4861/4861
f 4866/4866/4866 4865/4865/4865 4864/4864/4864
f 4869/4869/4869 4868/4868/4868 4867/4867/4867
f 4872/4872/4872 4871/4871/4871 4870/4870/4870
f 4875/4875/4875 4874/4874/4874 4873/4873/4873
f 4878/4878/4878 4877/4877/4877 4876/4876/4876
f 4881/4881/4881 4880/4880/4880 4879/4879/4879
f 4884/4884/4884 4883/4883/4883 4882/4882/4882
f 4887/4887/4887 4886/4886/4886 4885/4885/4885
f 4890/4890/4890 4889/4889/4889 4888/4888/4888
f 4893/4893/4893 4892/4892/4892 4891/4891/4891
f 4896/4896/4896 4895/4895/4895 4894/4894/4894
f 4899/4899/4899 4898/4898/4898 4897/4897/4897
f 4902/4902/4902 4901/4901/4901 4900/4900/4900
f 4905/4905/4905 4904/4904/4904 4903/4903/4903
f 4908/4908/4908 4907/4907/4907 4906/4906/4906
f 4911/4911/4911 4910/4910/4910 4909/4909/4909
f 4914/4914/4914 4913/4913/4913 4912/4912/4912
f 4917/4917/4917 4916/4916/4916 4915/4915/4915
f 4920/4920/4920 4919/4919/4919 4918/4918/4918
f 4923/4923/4923 4922/4922/4922 4921/4921/4921
f 4926/4926/4926 4925/4925/4925 4924/4924/4924
f 4929/4929/4929 4928/4928/4928 4927/4927/4927
f 4932/4932/4932 4931/4931/4931 4930/4930/4930
f 4935/4935/4935 4934/4934/4934 4933/4933/4933
f 4938/4938/4938 4937/4937/4937 4936/4936/4936
f 4941/4941/4941 4940/4940/4940 4939/4939/4939
f 4944/4944/4944 4943/4943/4943 4942/4942/4942
f 4947/4947/4947 4946/4946/4946 4945/4945/4945
f 4950/4950/4950 4949/4949/4949 4948/4948/4948
f 4953/4953/4953 4952/4952/4952 4951/4951/4951
f 4956/4956/4956 4955/4955/4955 4954/4954/4954
f 4959/4959/4959 4958/4958/4958 4957/4957/4957
f 4962/4962/4962 4961/4961/4961 4960/4960/4960
f 4965/4965/4965 4964/4964/4964 4963/4963/4963
f 4968/4968/4968 4967/4967/4967 4966/4966/4966
f 4971/4971/4971 4970/4970/4970 4969/4969/4969
f 4974/4974/4974 4973/4973/4973 4972/4972/4972
f 4977/4977/4977 4976/4976/4976 4975/4975/4975
f 4980/4980/4980 4979/4979/4979 4978/4978/4978
f 4983/4983/4983 4982/4982/4982 4981/4981/4981
f 4986/4986/4986 4985/4985/4985 4984/4984/4984
f 4989/4989/4989 4988/4988/4988 4987/4987/4987
f 4992/4992/4992 4991/4991/4991 4990/4990/4990
f 4995/4995/4995 4994/4994/4994 4993/4993/4993
f 4998/4998/4998 4997/4997/4997 4996/4996/4996
f 5001/5001/5001 5000/5000/5000 4999/4999/4999
f 5004/5004/5004 5003/5003/5003 5002/5002/5002
f 5007/5007/5007 5006/5006/5006 5005/5005/5005
f 5010/5010/5010 5009/5009/5009 5008/5008/5008
f 5013/5013/5013 5012/5012/5012 5011/5011/5011
f 5016/5016/5016 5015/5015/5015 5014/5014/5014
f 5019/5019/5019 5018/5018/5018 5017/5017/5017
f 5022/5022/5022 5021/5021/5021 5020/5020/5020
f 5025/5025/5025 5024/5024/5024 5023/5023/5023
f 5028/5028/5028 5027/5027/5027 5026/5026/5026
f 5031/5031/5031 5030/5030/5030 5029/5029/5029
f 5034/5034/5034 5033/5033/5033 5032/5032/5032
f 5037/5037/5037 5036/5036/5036 5035/5035/5035
f 5040/5040/5040 5039/5039/5039 5038/5038/5038
f 5043/5043/5043 5042/5042/5042 5041/5041/5041
f 5046/5046/5046 5045/5045/5045 5044/5044/5044
f 5049/5049/5049 5048/5048/5048 5047/5047/5047
f 5052/5052/5052 5051/5051/5051 5050/5050/5050
f 5055/5055/5055 5054/5054/5054 5053/5053/5053
f 5058/5058/5058 5057/5057/5057 5056/5056/5056
f 5061/5061/5061 5060/5060/5060 5059/5059/5059
f 5064/5064/5064 5063/5063/5063 5062/5062/5062
f 5067/5067/5067 5066/5066/5066 5065/5065/5065
f 5070/5070/5070 5069/5069/5069 5068/5068/5068
f 5073/5073/5073 5072/5072/5072 5071/5071/5071
f 5076/5076/5076 5075/5075/5075 5074/5074/5074
f 5079/5079/5079 5078/5078/5078 5077/5077/5077
f 5082/5082/5082 5081/5081/5081 5080/5080/5080
f 5085/5085/5085 5084/5084/5084 5083/5083/5083
f 5088/5088/5088 5087/5087/5087 5086/5086/5086
f 5091/5091/5091 5090/5090/5090 5089/5089/5089
f 5094/5094/5094 5093/5093/5093 5092/5092/5092
f 5097/5097/5097 5096/5096/5096 5095/5095/5095
f 5100/5100/5100 5099/5099/5099 5098/5098/5098
f 5103/5103/5103 5102/5102/5102 5101/5101/5101
f 5106/5106/5106 5105/5105/5105 5104/5104/5104
f 5109/5109/5109 5108/5108/5108 5107/5107/5107
f 5112/5112/5112 5111/5111/5111 5110/5110/5110
f 5115/5115/5115 5114/5114/5114 5113/5113/5113
f 5118/5118/5118 5117/5117/5117 5116/5116/5116
f 5121/5121/5121 5120/5120/5120 5119/5119/5119
f 5124/5124/5124 5123/5123/5123 5122/5122/5122
f 5127/5127/5127 5126/5126/5126 5125/5125/5125
f 5130/5130/5130 5129/5129/5129 5128/5128/5128
f 5133/5133/5133 5132/5132/5132 5131/5131/5131
f 5136/5136/5136 5135/5135/5135 5134/5134/5134
f 5139/5139/5139 5138/5138/5138 5137/5137/5137
f 5142/5142/5142 5141/5141/5141 5140/5140/5140
f 5145/5145/5145 5144/5144/5144 5143/5143/5143
f 5148/5148/5148 5147/5147/5147 5146/5146/5146
f 5151/5151/5151 5150/5150/5150 5149/5149/5149
f 5154/5154/5154 5153/5153/5153 5152/5152/5152
f 5157/5157/5157 5156/5156/5156 5155/5155/5155
f 5160/5160/5160 5159/5159/5159 5158/5158/5158
f 5163/5163/5163 5162/5162/5162 5161/5161/5161
f 5166/5166/5166 5165/5165/5165 5164/5164/5164
f 5169/5169/5169 5168/5168/5168 5167/5167/5167
f 5172/5172/5172 5171/5171/5171 5170/5170/5170
f 5175/5175/5175 5174/5174/5174 5173/5173/5173
f 5178/5178/5178 5177/5177/5177 5176/5176/5176
f 5181/5181/5181 5180/5180/5180 5179/5179/5179
f 5184/5184/5184 5183/5183/5183 5182/5182/5182
f 5187/5187/5187 5186/5186/5186 5185/5185/5185
f 5190/5190/5190 5189/5189/5189 5188/5188/5188
f 5193/5193/5193 5192/5192/5192 5191/5191/5191
f 5196/5196/5196 5195/5195/5195 5194/5194/5194
f 5199/5199/5199 5198/5198/5198 5197/5197/5197
f 5202/5202/5202 5201/5201/5201 5200/5200/5200
f 5205/5205/5205 5204/5204/5204 5203/5203/5203
f 5208/5208/5208 5207/5207/5207 5206/5206/5206
f 5211/5211/5211 5210/5210/5210 5209/5209/5209
f 5214/5214/5214 5213/5213/5213 5212/5212/5212
f 5217/5217/5217 5216/5216/5216 5215/5215/5215
f 5220/5220/5220 5219/5219/5219 5218/5218/5218
f 5223/5223/5223 5222/5222/5222 5221/5221/5221
f 5226/5226/5226 5225/5225/5225 5224/5224/5224
f 5229/5229/5229 5228/5228/5228 5227/5227/5227
f 5232/5232/5232 5231/5231/5231 5230/5230/5230
f 5235/5235/5235 5234/5234/5234 5233/5233/5233
f 5238/5238/5238 5237/5237/5237 5236/5236/5236
f 5241/5241/5241 5240/5240/5240 5239/5239/5239
f 5244/5244/5244 5243/5243/5243 5242/5242/5242
f 5247/5247/5247 5246/5246/5246 5245/5245/5245
f 5250/5250/5250 5249/5249/5249 5248/5248/5248
f 5253/5253/5253 5252/5252/5252 5251/5251/5251
f 5256/5256/5256 5255/5255/5255 5254/5254/5254
f 5259/5259/5259 5258/5258/5258 5257/5257/5257
f 5262/5262/5262 5261/5261/5261 5260/5260/5260
f 5265/5265/5265 5264/5264/5264 5263/5263/5263
f 5268/5268/5268 5267/5267/5267 5266/5266/5266
f 5271/5271/5271 5270/5270/5270 5269/5269/5269
f 5274/5274/5274 5273/5273/5273 5272/5272/5272
f 5277/5277/5277 5276/5276/5276 5275/5275/5275
f 5280/5280/5280 5279/5279/5279 5278/5278/5278
f 5283/5283/5283 5282/5282/5282 5281/5281/5281
f 5286/5286/5286 5285/5285/5285 5284/5284/5284
f 5289/5289/5289 5288/5288/5288 5287/5287/5287
f 5292/5292/5292 5291/5291/5291 5290/5290/5290
f 5295/5295/5295 5294/5294/5294 5293/5293/5293
f 5298/5298/5298 5297/5297/5297 5296/5296/5296
f 5301/5301/5301 5300/5300/5300 5299/5299/5299
f 5304/5304/5304 5303/5303/5303 5302/5302/5302
f 5307/5307/5307 5306/5306/5306 5305/5305/5305
f 5310/5310/5310 5309/5309/5309 5308/5308/5308
f 5313/5313/5313 5312/5312/5312 5311/5311/5311
f 5316/5316/5316 5315/5315/5315 5314/5314/5314
f 5319/5319/5319 5318/5318/5318 5317/5317/5317
f 5322/5322/5322 5321/5321/5321 5320/5320/5320
f 5325/5325/5325 5324/5324/5324 5323/5323/5323
f 5328/5328/5328 5327/5327/5327 5326/5326/5326
f 5331/5331/5331 5330/5330/5330 5329/5329/5329
f 5334/5334/5334 5333/5333/5333 5332/5332/5332
f 5337/5337/5337 5336/5336/5336 5335/5335/5335
f 5340/5340/5340 5339/5339/5339 5338/5338/5338
f 5343/5343/5343 5342/5342/5342 5341/5341/5341
f 5346/5346/5346 5345/5345/5345 5344/5344/5344
f 5349/5349/5349 5348/5348/5348 5347/5347/5347
f 5352/5352/5352 5351/5351/5351 5350/5350/5350
f 5355/5355/5355 5354/5354/5354 5353/5353/5353
f 5358/5358/5358 5357/5357/5357 5356/5356/5356
f 5361/5361/5361 5360/5360/5360 5359/5359/5359
f 5364/5364/5364 5363/5363/5363 5362/5362/5362
f 5367/5367/5367 5366/5366/5366 5365/5365/5365
f 5370/5370/5370 5369/5369/5369 5368/5368/5368
f 5373/5373/5373 5372/5372/5372 5371/5371/5371
f 5376/5376/5376 5375/5375/5375 5374/5374/5374
f 5379/5379/5379 5378/5378/5378 5377/5377/5377
f 5382/5382/5382 5381/5381/5381 5380/5380/5380
f 5385/5385/5385 5384/5384/5384 5383/5383/5383
f 5388/5388/5388 5387/5387/5387 5386/5386/5386
f 5391/5391/5391 5390/5390/5390 5389/5389/5389
f 5394/5394/5394 5393/5393/5393 5392/5392/5392
f 5397/5397/5397 5396/5396/5396 5395/5395/5395
f 5400/5400/5400 5399/5399/5399 5398/5398/5398
f 5403/5403/5403 5402/5402/5402 5401/5401/5401
f 5406/5406/5406 5405/5405/5405 5404/5404/5404
f 5409/5409/5409 5408/5408/5408 5407/5407/5407
f 5412/5412/5412 5411/5411/5411 5410/5410/5410
f 5415/5415/5415 5414/5414/5414 5413/5413/5413
f 5418/5418/5418 5417/5417/5417 5416/5416/5416
f 5421/5421/5421 5420/5420/5420 5419/5419/5419
f 5424/5424/5424 5423/5423/5423 5422/5422/5422
f 5427/5427/5427 5426/5426/5426 5425/5425/5425
f 5430/5430/5430 5429/5429/5429 5428/5428/5428
f 5433/5433/5433 5432/5432/5432 5431/5431/5431
f 5436/5436/5436 5435/5435/5435 5434/5434/5434
f 5439/5439/5439 5438/5438/5438 5437/5437/5437
f 5442/5442/5442 5441/5441/5441 5440/5440/5440
f 5445/5445/5445 5444/5444/5444 5443/5443/5443
f 5448/5448/5448 5447/5447/5447 5446/5446/5446
f 5451/5451/5451 5450/5450/5450 5449/5449/5449
f 5454/5454/5454 5453/5453/5453 5452/5452/5452
f 5457/5457/5457 5456/5456/5456 5455/5455/5455
f 5460/5460/5460 5459/5459/5459 5458/5458/5458
f 5463/5463/5463 5462/5462/5462 5461/5461/5461
f 5466/5466/5466 5465/5465/5465 5464/5464/5464
f 5469/5469/5469 5468/5468/5468 5467/5467/5467
f 5472/5472/5472 5471/5471/5471 5470/5470/5470
f 5475/5475/5475 5474/5474/5474 5473/5473/5473
f 5478/5478/5478 5477/5477/5477 5476/5476/5476
f 5481/5481/5481 5480/5480/5480 5479/5479/5479
f 5484/5484/5484 5483/5483/5483 5482/5482/5482
f 5487/5487/5487 5486/5486/5486 5485/5485/5485
f 5490/5490/5490 5489/5489/5489 5488/5488/5488
f 5493/5493/5493 5492/5492/5492 5491/5491/5491
f 5496/5496/5496 5495/5495/5495 5494/5494/5494
f 5499/5499/5499 5498/5498/5498 5497/5497/5497
f 5502/5502/5502 5501/5501/5501 5500/5500/5500
f 5505/5505/5505 5504/5504/5504 5503/5503/5503
f 5508/5508/5508 5507/5507/5507 5506/5506/5506
f 5511/5511/5511 5510/5510/5510 5509/5509/5509
f 5514/5514/5514 5513/5513/5513 5512/5512/5512
f 5517/5517/5517 5516/5516/5516 5515/5515/5515
f 5520/5520/5520 5519/5519/5519 5518/5518/5518
f 5523/5523/5523 5522/5522/5522 5521/5521/5521
f 5526/5526/5526 5525/5525/5525 5524/5524/5524
f 5529/5529/5529 5528/5528/5528 5527/5527/5527
f 5532/5532/5532 5531/5531/5531 5530/5530/5530
f 5535/5535/5535 5534/5534/5534 5533/5533/5533
f 5538/5538/5538 5537/5537/5537 5536/5536/5536
f 5541/5541/5541 5540/5540/5540 5539/5539/5539
f 5544/5544/5544 5543/5543/5543 5542/5542/5542
f 5547/5547/5547 5546/5546/5546 5545/5545/5545
f 5550/5550/5550 5549/5549/5549 5548/5548/5548
f 5553/5553/5553 5552/5552/5552 5551/5551/5551
f 5556/5556/5556 5555/5555/5555 5554/5554/5554
