# Extracted game/assets/models/inspector.obj
v -0.06772 1.50181 -1.30967
v -0.03701 1.51402 -1.32552
v -0.03641 1.50693 -1.32989
v -0.06772 1.50181 -1.30967
v -0.05051 1.50632 -1.28065
v -0.03701 1.51402 -1.32552
v -0.03701 1.51402 -1.32552
v -0.04165 1.57112 -1.32370
v -0.04975 1.50109 -1.36018
v -0.06772 1.50181 -1.30967
v -0.09143 1.55286 -1.28103
v -0.05051 1.50632 -1.28065
v -0.06772 1.50181 -1.30967
v -0.07920 1.50118 -1.34667
v -0.09143 1.55286 -1.28103
v -0.05051 1.50632 -1.28065
v -0.06941 1.47483 -1.31946
v -0.05546 1.48308 -1.30902
v -0.00939 1.47777 -1.28317
v -0.01742 1.48297 -1.31449
v 0.08037 1.49931 -1.25722
v -0.06772 1.50181 -1.30967
v -0.04151 1.45313 -1.29038
v -0.04856 1.45316 -1.30381
v -0.00868 1.50925 -1.35331
v -0.00939 1.47777 -1.28317
v -0.01205 1.45825 -1.29569
v 0.08037 1.49931 -1.25722
v 0.06662 1.44734 -1.26469
v 0.03983 1.47723 -1.25845
v -0.01742 1.48297 -1.31449
v -0.00939 1.47777 -1.28317
v -0.00868 1.50925 -1.35331
v -0.00939 1.47777 -1.28317
v 0.08037 1.49931 -1.25722
v 0.03983 1.47723 -1.25845
v 0.01004 1.64051 -0.36843
v 0.06376 1.65004 -0.42909
v 0.06310 1.70581 -0.45032
v 0.06930 1.69799 -0.36545
v 0.01004 1.67604 -0.36837
v 0.06310 1.70581 -0.45032
v 0.06310 1.70581 -0.45032
v 0.06376 1.65004 -0.42909
v 0.12659 1.64051 -0.37858
v 0.15204 1.71520 -0.17466
v 0.06930 1.69799 -0.36545
v 0.12660 1.68398 -0.37851
v 0.07094 1.70477 -0.19491
v 0.06930 1.69799 -0.36545
v 0.15204 1.71520 -0.17466
v 0.06930 1.69799 -0.36545
v 0.01499 1.68368 -0.19008
v 0.01004 1.67604 -0.36837
v 0.12660 1.68398 -0.37851
v 0.06930 1.69799 -0.36545
v 0.06310 1.70581 -0.45032
v 0.01499 1.68368 -0.19008
v 0.06930 1.69799 -0.36545
v 0.07094 1.70477 -0.19491
v -0.17191 0.10412 -0.28255
v -0.17788 0.11820 -0.34493
v -0.23718 0.06950 -0.33985
v -0.17788 0.11820 -0.34493
v -0.16410 0.10433 -0.40908
v -0.23718 0.06950 -0.33985
v 0.03606 0.14220 -0.36775
v 0.00033 0.18624 -0.36864
v 0.05884 0.14694 -0.39830
v 0.00033 0.18624 -0.36864
v 0.06359 0.15084 -0.33958
v 0.04405 0.20946 -0.33389
v 0.00033 0.18624 -0.36864
v 0.03606 0.14220 -0.36775
v 0.06359 0.15084 -0.33958
v 0.08933 2.03635 -0.11362
v 0.11253 2.05705 -0.17087
v 0.11721 2.03795 -0.19475
v 0.10097 1.95697 -0.17243
v 0.05745 1.94147 -0.12861
v 0.08933 2.03635 -0.11362
v 0.00882 1.51782 -1.13399
v -0.04001 1.55279 -1.14566
v -0.04356 1.50623 -1.14771
v 0.05716 1.51574 -1.15907
v 0.05054 1.56137 -1.15443
v 0.00882 1.51782 -1.13399
v 0.06256 1.65996 -0.44474
v 0.06987 1.67804 -0.35567
v -0.13430 1.57740 -0.33317
v 0.12265 2.02167 -0.08003
v 0.19054 2.09645 -0.11088
v 0.08933 2.03635 -0.11362
v -0.08060 2.07233 -0.09551
v -0.20839 2.04233 -0.11615
v -0.20755 2.02618 -0.10819
v -0.24752 1.95382 0.02832
v -0.11418 2.01871 -0.02941
v -0.15476 1.99863 0.02031
v -0.26639 2.06081 -0.04255
v -0.29689 2.10904 0.03288
v -0.29014 2.07718 0.03224
v 0.13214 2.01888 -0.00464
v 0.11753 2.02301 -0.07858
v 0.14639 1.92623 -0.00604
v 0.08933 2.03635 -0.11362
v 0.11721 2.03795 -0.19475
v 0.10097 1.95697 -0.17243
v -0.17645 2.02156 -0.03154
v -0.20059 2.00603 0.02432
v -0.15476 1.99863 0.02031
v 0.04162 0.20936 -0.36767
v 0.11449 0.22007 -0.33036
v 0.09934 0.21726 -0.39877
v 0.05177 0.19727 -0.30099
v 0.11449 0.22007 -0.33036
v 0.04162 0.20936 -0.36767
v 0.09934 0.21726 -0.39877
v 0.03862 0.19875 -0.42415
v 0.04162 0.20936 -0.36767
v 0.04162 0.20936 -0.36767
v 0.03862 0.19875 -0.42415
v -0.00397 0.17990 -0.40701
v -0.00397 0.17990 -0.40701
v -0.01152 0.17786 -0.33390
v 0.04162 0.20936 -0.36767
v 0.05177 0.19727 -0.30099
v 0.04162 0.20936 -0.36767
v -0.01152 0.17786 -0.33390
v 0.08933 2.03635 -0.11362
v 0.05592 2.04087 -0.12368
v 0.11253 2.05705 -0.17087
v 0.01004 1.64051 -0.36843
v 0.06310 1.70581 -0.45032
v 0.01004 1.67604 -0.36837
v 0.06310 1.70581 -0.45032
v 0.12659 1.64051 -0.37858
v 0.12660 1.68398 -0.37851
v 0.16079 1.49737 1.31354
v 0.19378 1.50954 1.32388
v 0.17272 1.50198 1.28200
v 0.16079 1.49737 1.31354
v 0.19512 1.50244 1.32806
v 0.19378 1.50954 1.32388
v 0.19378 1.50954 1.32388
v 0.18723 1.49648 1.36018
v 0.18891 1.56664 1.32308
v 0.16079 1.49737 1.31354
v 0.13249 1.54851 1.28961
v 0.15588 1.49661 1.35196
v 0.16079 1.49737 1.31354
v 0.17272 1.50198 1.28200
v 0.13249 1.54851 1.28961
v 0.17272 1.50198 1.28200
v 0.17275 1.47864 1.31072
v 0.16081 1.47035 1.32338
v 0.21364 1.47343 1.27727
v 0.29757 1.49509 1.23626
v 0.21116 1.47852 1.30953
v 0.16079 1.49737 1.31354
v 0.17863 1.44874 1.30430
v 0.18327 1.44876 1.28984
v 0.22649 1.50468 1.34634
v 0.21319 1.45388 1.28999
v 0.21364 1.47343 1.27727
v 0.29757 1.49509 1.23626
v 0.25785 1.47299 1.24441
v 0.28532 1.44310 1.24582
v 0.21116 1.47852 1.30953
v 0.22649 1.50468 1.34634
v 0.21364 1.47343 1.27727
v 0.21364 1.47343 1.27727
v 0.25785 1.47299 1.24441
v 0.29757 1.49509 1.23626
v 0.13254 1.69676 0.36051
v 0.07468 1.67479 0.37356
v 0.04872 1.68303 0.19712
v 0.07467 1.63925 0.37350
v 0.14111 1.70430 0.44520
v 0.13807 1.64860 0.42399
v 0.13254 1.69676 0.36051
v 0.14111 1.70430 0.44520
v 0.07468 1.67479 0.37356
v 0.14111 1.70430 0.44520
v 0.19121 1.63925 0.36335
v 0.13807 1.64860 0.42399
v 0.10467 1.70412 0.19229
v 0.18105 1.71463 0.15835
v 0.13254 1.69676 0.36051
v 0.19123 1.68273 0.36342
v 0.14111 1.70430 0.44520
v 0.13254 1.69676 0.36051
v 0.19123 1.68273 0.36342
v 0.13254 1.69676 0.36051
v 0.18105 1.71463 0.15835
v 0.04872 1.68303 0.19712
v 0.10467 1.70412 0.19229
v 0.13254 1.69676 0.36051
v -0.11984 0.10311 0.31521
v -0.17422 0.06828 0.38282
v -0.11492 0.11698 0.37773
v -0.11492 0.11698 0.37773
v -0.17422 0.06828 0.38282
v -0.09026 0.10289 0.43849
v 0.09974 0.14097 0.36330
v 0.12746 0.14561 0.38947
v 0.06473 0.18499 0.37050
v 0.06473 0.18499 0.37050
v 0.12198 0.14971 0.33082
v 0.09974 0.14097 0.36330
v 0.06473 0.18499 0.37050
v 0.10177 0.20834 0.32880
v 0.12198 0.14971 0.33082
v 0.10883 2.03598 0.11015
v 0.15032 2.03730 0.18524
v 0.14158 2.05648 0.16260
v 0.13043 1.95640 0.16579
v 0.10883 2.03598 0.11015
v 0.07999 1.94103 0.13011
v 0.20581 1.51400 1.12733
v 0.15658 1.50234 1.14986
v 0.15974 1.54891 1.14738
v 0.25774 1.51185 1.14367
v 0.20581 1.51400 1.12733
v 0.25044 1.55749 1.14039
v 0.13959 1.65847 0.43964
v -0.07361 1.57622 0.36352
v 0.13140 1.67685 0.35071
v 0.13583 2.02141 0.07126
v 0.10883 2.03598 0.11015
v 0.20805 2.09611 0.09016
v -0.06166 2.07196 0.12182
v -0.18453 2.02574 0.15610
v -0.18397 2.04186 0.16414
v -0.24752 1.95382 0.02832
v -0.15476 1.99863 0.02031
v -0.10619 2.01855 0.06234
v -0.25383 2.06057 0.10174
v -0.29014 2.07718 0.03224
v -0.29689 2.10904 0.03288
v 0.13214 2.01888 -0.00464
v 0.14639 1.92623 -0.00604
v 0.13054 2.02276 0.07072
v 0.10883 2.03598 0.11015
v 0.13043 1.95640 0.16579
v 0.15032 2.03730 0.18524
v -0.16715 2.02138 0.07521
v -0.15476 1.99863 0.02031
v -0.20059 2.00603 0.02432
v 0.10522 0.20812 0.36249
v 0.16745 0.21594 0.38316
v 0.17055 0.21898 0.31317
v 0.10369 0.19626 0.29501
v 0.10522 0.20812 0.36249
v 0.17055 0.21898 0.31317
v 0.16745 0.21594 0.38316
v 0.10522 0.20812 0.36249
v 0.11203 0.19732 0.41860
v 0.10522 0.20812 0.36249
v 0.06711 0.17852 0.40902
v 0.11203 0.19732 0.41860
v 0.06711 0.17852 0.40902
v 0.10522 0.20812 0.36249
v 0.04704 0.17672 0.33831
v 0.10369 0.19626 0.29501
v 0.04704 0.17672 0.33831
v 0.10522 0.20812 0.36249
v 0.10883 2.03598 0.11015
v 0.14158 2.05648 0.16260
v 0.07765 2.04045 0.12585
v 0.07467 1.63925 0.37350
v 0.07468 1.67479 0.37356
v 0.14111 1.70430 0.44520
v 0.14111 1.70430 0.44520
v 0.19123 1.68273 0.36342
v 0.19121 1.63925 0.36335
v 0.08933 2.03635 -0.11362
v 0.19054 2.09645 -0.11088
v 0.10429 2.15677 -0.19831
v 0.10883 2.03598 0.11015
v 0.13824 2.15611 0.19138
v 0.20805 2.09611 0.09016
v 0.08593 1.52119 -1.22983
v -0.03701 1.51402 -1.32552
v 0.07342 1.52262 -1.20749
v 0.08037 1.49931 -1.25722
v -0.03701 1.51402 -1.32552
v 0.08593 1.52119 -1.22983
v 0.08037 1.49931 -1.25722
v -0.01742 1.48297 -1.31449
v -0.03701 1.51402 -1.32552
v -0.09143 1.55286 -1.28103
v -0.04975 1.50109 -1.36018
v -0.04165 1.57112 -1.32370
v -0.07920 1.50118 -1.34667
v -0.04975 1.50109 -1.36018
v -0.09143 1.55286 -1.28103
v -0.04975 1.50109 -1.36018
v -0.03641 1.50693 -1.32989
v -0.03701 1.51402 -1.32552
v -0.02656 1.45492 -1.31496
v -0.03641 1.50693 -1.32989
v -0.04975 1.50109 -1.36018
v -0.02656 1.45492 -1.31496
v -0.01596 1.45811 -1.30329
v -0.03641 1.50693 -1.32989
v -0.04151 1.45313 -1.29038
v -0.03641 1.50693 -1.32989
v -0.01596 1.45811 -1.30329
v -0.06772 1.50181 -1.30967
v -0.03641 1.50693 -1.32989
v -0.04151 1.45313 -1.29038
v -0.04856 1.45316 -1.30381
v -0.07920 1.50118 -1.34667
v -0.06772 1.50181 -1.30967
v -0.02656 1.45492 -1.31496
v -0.07920 1.50118 -1.34667
v -0.04856 1.45316 -1.30381
v -0.02656 1.45492 -1.31496
v -0.04975 1.50109 -1.36018
v -0.07920 1.50118 -1.34667
v -0.04151 1.45313 -1.29038
v -0.02656 1.45492 -1.31496
v -0.04856 1.45316 -1.30381
v -0.01596 1.45811 -1.30329
v -0.02656 1.45492 -1.31496
v -0.04151 1.45313 -1.29038
v -0.05402 1.46152 -1.29249
v -0.06941 1.47483 -1.31946
v -0.07142 1.45807 -1.30286
v -0.05546 1.48308 -1.30902
v -0.06941 1.47483 -1.31946
v -0.05402 1.46152 -1.29249
v -0.04429 1.49435 -1.17675
v -0.01685 1.54833 -1.13876
v -0.01928 1.50937 -1.13877
v -0.04429 1.49435 -1.17675
v -0.08746 1.54151 -1.18975
v -0.01685 1.54833 -1.13876
v -0.10818 1.52443 -1.21796
v -0.08746 1.54151 -1.18975
v -0.04429 1.49435 -1.17675
v -0.10818 1.52443 -1.21796
v -0.09143 1.55286 -1.28103
v -0.08746 1.54151 -1.18975
v -0.09656 1.47500 -1.27452
v -0.09143 1.55286 -1.28103
v -0.10818 1.52443 -1.21796
v -0.09656 1.47500 -1.27452
v -0.09116 1.50015 -1.30079
v -0.09143 1.55286 -1.28103
v -0.07142 1.45807 -1.30286
v -0.09116 1.50015 -1.30079
v -0.09656 1.47500 -1.27452
v -0.07142 1.45807 -1.30286
v -0.06941 1.47483 -1.31946
v -0.09116 1.50015 -1.30079
v -0.07142 1.45807 -1.30286
v -0.06152 1.47638 -1.25507
v -0.05402 1.46152 -1.29249
v -0.09656 1.47500 -1.27452
v -0.06152 1.47638 -1.25507
v -0.07142 1.45807 -1.30286
v -0.09656 1.47500 -1.27452
v -0.10818 1.52443 -1.21796
v -0.06152 1.47638 -1.25507
v -0.01205 1.45825 -1.29569
v 0.03983 1.47723 -1.25845
v 0.06662 1.44734 -1.26469
v -0.00939 1.47777 -1.28317
v 0.03983 1.47723 -1.25845
v -0.01205 1.45825 -1.29569
v -0.02872 1.56627 -1.22690
v 0.07541 1.56452 -1.20188
v -0.01685 1.54833 -1.13876
v -0.02872 1.56627 -1.22690
v 0.08435 1.56500 -1.27040
v 0.07541 1.56452 -1.20188
v -0.04165 1.57112 -1.32370
v 0.08435 1.56500 -1.27040
v -0.02872 1.56627 -1.22690
v -0.04165 1.57112 -1.32370
v -0.00868 1.50925 -1.35331
v 0.08435 1.56500 -1.27040
v -0.03701 1.51402 -1.32552
v -0.00868 1.50925 -1.35331
v -0.04165 1.57112 -1.32370
v -0.03701 1.51402 -1.32552
v -0.01742 1.48297 -1.31449
v -0.00868 1.50925 -1.35331
v -0.02872 1.56627 -1.22690
v -0.08746 1.54151 -1.18975
v -0.09143 1.55286 -1.28103
v -0.01685 1.54833 -1.13876
v -0.08746 1.54151 -1.18975
v -0.02872 1.56627 -1.22690
v -0.05402 1.46152 -1.29249
v -0.05051 1.50632 -1.28065
v -0.05546 1.48308 -1.30902
v -0.06152 1.47638 -1.25507
v -0.05051 1.50632 -1.28065
v -0.05402 1.46152 -1.29249
v -0.06152 1.47638 -1.25507
v -0.00429 1.50823 -1.22136
v -0.05051 1.50632 -1.28065
v -0.05656 1.48233 -1.21148
v -0.00429 1.50823 -1.22136
v -0.06152 1.47638 -1.25507
v -0.05656 1.48233 -1.21148
v -0.04429 1.49435 -1.17675
v -0.00429 1.50823 -1.22136
v -0.09116 1.50015 -1.30079
v -0.05051 1.50632 -1.28065
v -0.09143 1.55286 -1.28103
v -0.06941 1.47483 -1.31946
v -0.05051 1.50632 -1.28065
v -0.09116 1.50015 -1.30079
v 0.07342 1.52262 -1.20749
v 0.07541 1.56452 -1.20188
v 0.08593 1.52119 -1.22983
v 0.03539 1.54451 -1.14229
v 0.07541 1.56452 -1.20188
v 0.07342 1.52262 -1.20749
v 0.03539 1.54451 -1.14229
v -0.01685 1.54833 -1.13876
v 0.07541 1.56452 -1.20188
v -0.00429 1.50823 -1.22136
v -0.03701 1.51402 -1.32552
v -0.05051 1.50632 -1.28065
v -0.00429 1.50823 -1.22136
v 0.07342 1.52262 -1.20749
v -0.03701 1.51402 -1.32552
v -0.01928 1.50937 -1.13877
v 0.07342 1.52262 -1.20749
v -0.00429 1.50823 -1.22136
v -0.01928 1.50937 -1.13877
v 0.03899 1.51208 -1.14393
v 0.07342 1.52262 -1.20749
v 0.03539 1.54451 -1.14229
v 0.07342 1.52262 -1.20749
v 0.03899 1.51208 -1.14393
v -0.09143 1.55286 -1.28103
v -0.04165 1.57112 -1.32370
v -0.02872 1.56627 -1.22690
v 0.15204 1.69235 -0.17469
v 0.12660 1.68398 -0.37851
v 0.12659 1.64051 -0.37858
v 0.15204 1.71520 -0.17466
v 0.12660 1.68398 -0.37851
v 0.15204 1.69235 -0.17469
v 0.01004 1.67604 -0.36837
v 0.01499 1.67964 -0.19008
v 0.01004 1.64051 -0.36843
v 0.01499 1.68368 -0.19008
v 0.01499 1.67964 -0.19008
v 0.01004 1.67604 -0.36837
v 0.01922 0.10112 -0.31684
v -0.01729 0.11652 -0.35888
v -0.02487 0.10036 -0.31126
v 0.01922 0.10112 -0.31684
v 0.06080 0.15845 -0.31837
v -0.01729 0.11652 -0.35888
v 0.09901 0.07913 -0.31836
v 0.06080 0.15845 -0.31837
v 0.01922 0.10112 -0.31684
v 0.09901 0.07913 -0.31836
v 0.10389 0.17253 -0.36938
v 0.06080 0.15845 -0.31837
v -0.01729 0.11652 -0.35888
v 0.02445 0.10413 -0.40672
v -0.02893 0.10233 -0.40510
v 0.06171 0.15268 -0.41299
v 0.02445 0.10413 -0.40672
v -0.01729 0.11652 -0.35888
v 0.06171 0.15268 -0.41299
v 0.09375 0.07860 -0.42094
v 0.02445 0.10413 -0.40672
v 0.10389 0.17253 -0.36938
v 0.09375 0.07860 -0.42094
v 0.06171 0.15268 -0.41299
v -0.25862 0.00134 -0.33767
v -0.09517 0.00121 -0.27613
v -0.22568 0.00123 -0.27242
v -0.10230 0.00134 -0.35288
v -0.09517 0.00121 -0.27613
v -0.25862 0.00134 -0.33767
v -0.10230 0.00134 -0.35288
v -0.02025 0.00123 -0.29467
v -0.09517 0.00121 -0.27613
v -0.02304 0.00134 -0.35899
v -0.02025 0.00123 -0.29467
v -0.10230 0.00134 -0.35288
v -0.02304 0.00134 -0.35899
v 0.13198 0.00134 -0.37170
v -0.02025 0.00123 -0.29467
v -0.20863 0.00146 -0.41014
v -0.10230 0.00134 -0.35288
v -0.25862 0.00134 -0.33767
v -0.10580 0.00146 -0.42269
v -0.10230 0.00134 -0.35288
v -0.20863 0.00146 -0.41014
v -0.10580 0.00146 -0.42269
v -0.02304 0.00134 -0.35899
v -0.10230 0.00134 -0.35288
v -0.03112 0.00145 -0.42127
v -0.02304 0.00134 -0.35899
v -0.10580 0.00146 -0.42269
v -0.03112 0.00145 -0.42127
v 0.09892 0.00144 -0.42467
v -0.02304 0.00134 -0.35899
v 0.06171 0.15268 -0.41299
v 0.00913 0.15216 -0.36113
v 0.10389 0.17253 -0.36938
v -0.01729 0.11652 -0.35888
v 0.00913 0.15216 -0.36113
v 0.06171 0.15268 -0.41299
v 0.01603 1.48241 -1.10420
v 0.05716 1.51574 -1.15907
v 0.01257 1.48262 -1.15242
v 0.05880 1.51167 -1.11086
v 0.05716 1.51574 -1.15907
v 0.01603 1.48241 -1.10420
v 0.05880 1.51167 -1.11086
v 0.05235 1.55872 -1.10615
v 0.05716 1.51574 -1.15907
v 0.07658 1.57260 -1.08462
v 0.05235 1.55872 -1.10615
v 0.05880 1.51167 -1.11086
v 0.07658 1.57260 -1.08462
v 0.00650 1.60570 -1.07969
v 0.05235 1.55872 -1.10615
v 0.14425 1.56591 -0.83511
v 0.00650 1.60570 -1.07969
v 0.07658 1.57260 -1.08462
v 0.14425 1.56591 -0.83511
v 0.03933 1.62824 -0.79489
v 0.00650 1.60570 -1.07969
v 0.04601 1.62963 -0.72314
v 0.03933 1.62824 -0.79489
v 0.14425 1.56591 -0.83511
v 0.04601 1.62963 -0.72314
v -0.04080 1.56026 -0.77611
v 0.03933 1.62824 -0.79489
v -0.03751 1.56054 -0.70744
v -0.04080 1.56026 -0.77611
v 0.04601 1.62963 -0.72314
v -0.03751 1.56054 -0.70744
v -0.06719 1.43412 -0.78334
v -0.04080 1.56026 -0.77611
v -0.06676 1.41969 -0.70274
v -0.06719 1.43412 -0.78334
v -0.03751 1.56054 -0.70744
v -0.06676 1.41969 -0.70274
v 0.04754 1.33312 -0.74131
v -0.06719 1.43412 -0.78334
v -0.10718 1.38335 -0.49915
v 0.04754 1.33312 -0.74131
v -0.06676 1.41969 -0.70274
v -0.10718 1.38335 -0.49915
v 0.03719 1.27260 -0.55266
v 0.04754 1.33312 -0.74131
v -0.03751 1.56054 -0.70744
v -0.10718 1.38335 -0.49915
v -0.06676 1.41969 -0.70274
v -0.03751 1.56054 -0.70744
v -0.08649 1.57638 -0.48937
v -0.10718 1.38335 -0.49915
v 0.04601 1.62963 -0.72314
v -0.08649 1.57638 -0.48937
v -0.03751 1.56054 -0.70744
v 0.04601 1.62963 -0.72314
v 0.05794 1.63862 -0.50586
v -0.08649 1.57638 -0.48937
v 0.16357 1.57083 -0.75863
v 0.05794 1.63862 -0.50586
v 0.04601 1.62963 -0.72314
v 0.16357 1.57083 -0.75863
v 0.19027 1.58874 -0.51553
v 0.05794 1.63862 -0.50586
v 0.19244 1.44678 -0.76369
v 0.19027 1.58874 -0.51553
v 0.16357 1.57083 -0.75863
v 0.19244 1.44678 -0.76369
v 0.23240 1.39069 -0.49077
v 0.19027 1.58874 -0.51553
v 0.04754 1.33312 -0.74131
v 0.23240 1.39069 -0.49077
v 0.19244 1.44678 -0.76369
v 0.04754 1.33312 -0.74131
v 0.03719 1.27260 -0.55266
v 0.23240 1.39069 -0.49077
v -0.16794 1.54458 -0.07573
v -0.13662 1.55095 0.01798
v -0.39899 1.42344 0.04062
v 0.02341 1.64077 -0.11501
v -0.13662 1.55095 0.01798
v -0.16794 1.54458 -0.07573
v 0.02341 1.64077 -0.11501
v 0.02177 1.65083 0.00435
v -0.13662 1.55095 0.01798
v -0.10950 1.87527 -0.15098
v -0.03237 1.94959 -0.12969
v -0.09283 1.98350 -0.09046
v -0.03960 1.80232 -0.17832
v -0.03237 1.94959 -0.12969
v -0.10950 1.87527 -0.15098
v -0.03960 1.80232 -0.17832
v 0.05745 1.94147 -0.12861
v -0.03237 1.94959 -0.12969
v 0.08493 1.81163 -0.16211
v 0.05745 1.94147 -0.12861
v -0.03960 1.80232 -0.17832
v 0.08493 1.81163 -0.16211
v 0.15976 1.84861 -0.10257
v 0.05745 1.94147 -0.12861
v 0.17588 1.72560 -0.06753
v 0.15976 1.84861 -0.10257
v 0.08493 1.81163 -0.16211
v 0.17588 1.72560 -0.06753
v 0.18696 1.85786 -0.00969
v 0.15976 1.84861 -0.10257
v 0.19793 1.73435 -0.01086
v 0.18696 1.85786 -0.00969
v 0.17588 1.72560 -0.06753
v -0.17645 2.02156 -0.03154
v -0.20346 2.04336 0.02463
v -0.20059 2.00603 0.02432
v -0.17621 2.05089 -0.02319
v -0.20346 2.04336 0.02463
v -0.17645 2.02156 -0.03154
v -0.17621 2.05089 -0.02319
v -0.14679 2.08362 0.01976
v -0.20346 2.04336 0.02463
v -0.10446 2.03771 -0.03196
v -0.12365 2.03441 -0.04784
v -0.11418 2.01871 -0.02941
v -0.13085 2.05943 -0.03331
v -0.12365 2.03441 -0.04784
v -0.10446 2.03771 -0.03196
v -0.13085 2.05943 -0.03331
v -0.15149 2.05555 -0.02871
v -0.12365 2.03441 -0.04784
v -0.14679 2.08362 0.01976
v -0.15149 2.05555 -0.02871
v -0.13085 2.05943 -0.03331
v -0.14679 2.08362 0.01976
v -0.17621 2.05089 -0.02319
v -0.15149 2.05555 -0.02871
v -0.11418 2.01871 -0.02941
v -0.17645 2.02156 -0.03154
v -0.15476 1.99863 0.02031
v -0.12365 2.03441 -0.04784
v -0.17645 2.02156 -0.03154
v -0.11418 2.01871 -0.02941
v 0.14639 1.92623 -0.00604
v 0.15976 1.84861 -0.10257
v 0.18696 1.85786 -0.00969
v 0.11172 1.92879 -0.08814
v 0.15976 1.84861 -0.10257
v 0.14639 1.92623 -0.00604
v 0.11172 1.92879 -0.08814
v 0.05745 1.94147 -0.12861
v 0.15976 1.84861 -0.10257
v 0.08933 2.03635 -0.11362
v 0.05745 1.94147 -0.12861
v 0.11172 1.92879 -0.08814
v -0.11934 2.11519 -0.03073
v -0.09802 2.25346 -0.14061
v -0.14947 2.29273 -0.01035
v -0.08060 2.07233 -0.09551
v -0.09802 2.25346 -0.14061
v -0.11934 2.11519 -0.03073
v -0.08060 2.07233 -0.09551
v 0.02148 2.20221 -0.21358
v -0.09802 2.25346 -0.14061
v -0.01090 2.05173 -0.13451
v 0.02148 2.20221 -0.21358
v -0.08060 2.07233 -0.09551
v -0.01090 2.05173 -0.13451
v 0.10429 2.15677 -0.19831
v 0.02148 2.20221 -0.21358
v 0.05592 2.04087 -0.12368
v 0.10429 2.15677 -0.19831
v -0.01090 2.05173 -0.13451
v 0.05592 2.04087 -0.12368
v 0.08933 2.03635 -0.11362
v 0.10429 2.15677 -0.19831
v 0.12265 2.02167 -0.08003
v -0.01288 2.02561 0.00800
v 0.13865 2.01476 -0.00522
v 0.08933 2.03635 -0.11362
v -0.01288 2.02561 0.00800
v 0.12265 2.02167 -0.08003
v 0.08933 2.03635 -0.11362
v 0.05592 2.04087 -0.12368
v -0.01288 2.02561 0.00800
v -0.45537 0.75656 0.04440
v -0.44814 0.81750 -0.24389
v -0.50858 0.80589 0.04912
v -0.41390 0.78401 -0.23845
v -0.44814 0.81750 -0.24389
v -0.45537 0.75656 0.04440
v -0.41390 0.78401 -0.23845
v -0.27750 0.85814 -0.47554
v -0.44814 0.81750 -0.24389
v 0.03862 0.19875 -0.42415
v -0.01044 0.33832 -0.45195
v -0.00397 0.17990 -0.40701
v 0.07921 0.35816 -0.40862
v -0.01044 0.33832 -0.45195
v 0.03862 0.19875 -0.42415
v 0.07921 0.35816 -0.40862
v 0.07793 0.40084 -0.41199
v -0.01044 0.33832 -0.45195
v 0.08320 0.39578 -0.33642
v 0.07793 0.40084 -0.41199
v 0.07921 0.35816 -0.40862
v 0.08320 0.39578 -0.33642
v 0.09847 0.50513 -0.32432
v 0.07793 0.40084 -0.41199
v 0.00455 0.48387 -0.25548
v 0.09847 0.50513 -0.32432
v 0.08320 0.39578 -0.33642
v 0.00455 0.48387 -0.25548
v 0.11260 0.53665 -0.29017
v 0.09847 0.50513 -0.32432
v 0.16575 0.54607 -0.21464
v 0.11260 0.53665 -0.29017
v 0.00455 0.48387 -0.25548
v 0.16575 0.54607 -0.21464
v 0.15137 0.64299 -0.45440
v 0.11260 0.53665 -0.29017
v 0.25371 0.61636 -0.24865
v 0.15137 0.64299 -0.45440
v 0.16575 0.54607 -0.21464
v 0.25371 0.61636 -0.24865
v 0.33311 0.75345 -0.28849
v 0.15137 0.64299 -0.45440
v 0.31840 0.60320 -0.02326
v 0.33311 0.75345 -0.28849
v 0.25371 0.61636 -0.24865
v 0.31840 0.60320 -0.02326
v 0.41596 0.73979 -0.03153
v 0.33311 0.75345 -0.28849
v 0.55814 0.99704 -0.04348
v 0.47772 1.00979 -0.33037
v 0.50185 0.79771 -0.03892
v 0.54754 1.20621 -0.04220
v 0.47772 1.00979 -0.33037
v 0.55814 0.99704 -0.04348
v -0.28992 1.01234 -0.50062
v -0.24667 1.18870 -0.48364
v -0.45251 1.22026 -0.25761
v 0.01061 1.04378 -0.61961
v -0.24667 1.18870 -0.48364
v -0.28992 1.01234 -0.50062
v 0.01061 1.04378 -0.61961
v 0.02729 1.17812 -0.59756
v -0.24667 1.18870 -0.48364
v 0.28090 1.03474 -0.55287
v 0.02729 1.17812 -0.59756
v 0.01061 1.04378 -0.61961
v 0.28090 1.03474 -0.55287
v 0.28280 1.17890 -0.51561
v 0.02729 1.17812 -0.59756
v 0.47772 1.00979 -0.33037
v 0.28280 1.17890 -0.51561
v 0.28090 1.03474 -0.55287
v 0.47772 1.00979 -0.33037
v 0.45992 1.19978 -0.31363
v 0.28280 1.17890 -0.51561
v 0.54754 1.20621 -0.04220
v 0.45992 1.19978 -0.31363
v 0.47772 1.00979 -0.33037
v 0.54754 1.20621 -0.04220
v 0.41572 1.40767 -0.29834
v 0.45992 1.19978 -0.31363
v 0.49829 1.41240 -0.03757
v 0.41572 1.40767 -0.29834
v 0.54754 1.20621 -0.04220
v 0.49829 1.41240 -0.03757
v 0.33825 1.60049 -0.25113
v 0.41572 1.40767 -0.29834
v 0.39487 1.60416 -0.02823
v 0.33825 1.60049 -0.25113
v 0.49829 1.41240 -0.03757
v 0.39487 1.60416 -0.02823
v 0.20782 1.70089 -0.15492
v 0.33825 1.60049 -0.25113
v 0.26632 1.69651 -0.01688
v 0.20782 1.70089 -0.15492
v 0.39487 1.60416 -0.02823
v 0.01257 1.48262 -1.15242
v 0.00882 1.51782 -1.13399
v -0.04356 1.50623 -1.14771
v 0.05716 1.51574 -1.15907
v 0.00882 1.51782 -1.13399
v 0.01257 1.48262 -1.15242
v 0.00882 1.51782 -1.13399
v 0.00443 1.57856 -1.15155
v -0.04001 1.55279 -1.14566
v 0.05054 1.56137 -1.15443
v 0.00443 1.57856 -1.15155
v 0.00882 1.51782 -1.13399
v 0.03719 1.27260 -0.55266
v 0.02729 1.17812 -0.59756
v 0.28280 1.17890 -0.51561
v 0.03719 1.27260 -0.55266
v -0.18699 1.33573 -0.46090
v 0.02729 1.17812 -0.59756
v -0.10718 1.38335 -0.49915
v -0.18699 1.33573 -0.46090
v 0.03719 1.27260 -0.55266
v -0.10718 1.38335 -0.49915
v -0.13430 1.57740 -0.33317
v -0.18699 1.33573 -0.46090
v -0.10142 1.57697 -0.43615
v -0.13430 1.57740 -0.33317
v -0.10718 1.38335 -0.49915
v -0.10142 1.57697 -0.43615
v 0.06256 1.65996 -0.44474
v -0.13430 1.57740 -0.33317
v -0.06323 0.29616 -0.41992
v -0.01152 0.17786 -0.33390
v -0.00397 0.17990 -0.40701
v -0.06323 0.29616 -0.41992
v -0.07288 0.29739 -0.33277
v -0.01152 0.17786 -0.33390
v -0.08879 0.32019 -0.42438
v -0.07288 0.29739 -0.33277
v -0.06323 0.29616 -0.41992
v -0.08879 0.32019 -0.42438
v -0.09452 0.31928 -0.33189
v -0.07288 0.29739 -0.33277
v -0.09096 0.36757 -0.42582
v -0.09452 0.31928 -0.33189
v -0.08879 0.32019 -0.42438
v -0.09096 0.36757 -0.42582
v -0.09306 0.36848 -0.33147
v -0.09452 0.31928 -0.33189
v -0.11655 0.52916 -0.43620
v -0.09306 0.36848 -0.33147
v -0.09096 0.36757 -0.42582
v -0.11655 0.52916 -0.43620
v -0.11623 0.51743 -0.31909
v -0.09306 0.36848 -0.33147
v -0.16260 0.63020 -0.42746
v -0.11623 0.51743 -0.31909
v -0.11655 0.52916 -0.43620
v -0.16260 0.63020 -0.42746
v -0.13052 0.55319 -0.28008
v -0.11623 0.51743 -0.31909
v -0.15111 0.55152 -0.20436
v -0.13052 0.55319 -0.28008
v -0.16260 0.63020 -0.42746
v -0.15111 0.55152 -0.20436
v 0.00866 0.48956 -0.19244
v -0.13052 0.55319 -0.28008
v -0.15396 0.54116 0.01778
v 0.00866 0.48956 -0.19244
v -0.15111 0.55152 -0.20436
v -0.15396 0.54116 0.01778
v 0.02562 0.48716 0.00204
v 0.00866 0.48956 -0.19244
v -0.11008 0.09827 -0.40487
v -0.16410 0.10433 -0.40908
v -0.17788 0.11820 -0.34493
v -0.11008 0.09827 -0.40487
v -0.20447 0.05122 -0.41615
v -0.16410 0.10433 -0.40908
v -0.10945 0.04580 -0.42270
v -0.20447 0.05122 -0.41615
v -0.11008 0.09827 -0.40487
v -0.10945 0.04580 -0.42270
v -0.10580 0.00146 -0.42269
v -0.20447 0.05122 -0.41615
v -0.03168 0.05530 -0.42689
v -0.10580 0.00146 -0.42269
v -0.10945 0.04580 -0.42270
v -0.03168 0.05530 -0.42689
v -0.03112 0.00145 -0.42127
v -0.10580 0.00146 -0.42269
v 0.09375 0.07860 -0.42094
v -0.03112 0.00145 -0.42127
v -0.03168 0.05530 -0.42689
v 0.09375 0.07860 -0.42094
v 0.09892 0.00144 -0.42467
v -0.03112 0.00145 -0.42127
v 0.13021 0.07972 -0.37183
v 0.09892 0.00144 -0.42467
v 0.09375 0.07860 -0.42094
v 0.13021 0.07972 -0.37183
v 0.13198 0.00134 -0.37170
v 0.09892 0.00144 -0.42467
v 0.12195 1.65988 -0.35624
v 0.20782 1.70089 -0.15492
v 0.06987 1.67804 -0.35567
v 0.12195 1.65988 -0.35624
v 0.25313 1.61345 -0.38150
v 0.20782 1.70089 -0.15492
v 0.20961 1.60194 -0.45636
v 0.25313 1.61345 -0.38150
v 0.12195 1.65988 -0.35624
v 0.20961 1.60194 -0.45636
v 0.28118 1.35348 -0.47163
v 0.25313 1.61345 -0.38150
v 0.06256 1.65996 -0.44474
v 0.12195 1.65988 -0.35624
v 0.06987 1.67804 -0.35567
v 0.20961 1.60194 -0.45636
v 0.12195 1.65988 -0.35624
v 0.06256 1.65996 -0.44474
v -0.11008 0.09827 -0.40487
v -0.02893 0.10233 -0.40510
v -0.10945 0.04580 -0.42270
v -0.10809 0.10636 -0.35096
v -0.02893 0.10233 -0.40510
v -0.11008 0.09827 -0.40487
v -0.10809 0.10636 -0.35096
v -0.01729 0.11652 -0.35888
v -0.02893 0.10233 -0.40510
v 0.00913 0.15216 -0.36113
v 0.06080 0.15845 -0.31837
v 0.10389 0.17253 -0.36938
v -0.01729 0.11652 -0.35888
v 0.06080 0.15845 -0.31837
v 0.00913 0.15216 -0.36113
v 0.13198 0.00134 -0.37170
v 0.09901 0.07913 -0.31836
v 0.10822 0.00126 -0.31787
v 0.13021 0.07972 -0.37183
v 0.09901 0.07913 -0.31836
v 0.13198 0.00134 -0.37170
v 0.13021 0.07972 -0.37183
v 0.10389 0.17253 -0.36938
v 0.09901 0.07913 -0.31836
v 0.13021 0.07972 -0.37183
v 0.09375 0.07860 -0.42094
v 0.10389 0.17253 -0.36938
v 0.08910 0.15956 -0.37234
v 0.07629 0.23033 -0.37743
v 0.06359 0.15084 -0.33958
v 0.05884 0.14694 -0.39830
v 0.07629 0.23033 -0.37743
v 0.08910 0.15956 -0.37234
v 0.05884 0.14694 -0.39830
v 0.03628 0.21129 -0.41029
v 0.07629 0.23033 -0.37743
v 0.00033 0.18624 -0.36864
v 0.03628 0.21129 -0.41029
v 0.05884 0.14694 -0.39830
v 0.07629 0.23033 -0.37743
v 0.04405 0.20946 -0.33389
v 0.06359 0.15084 -0.33958
v 0.07329 1.68279 -0.24521
v 0.06987 1.67804 -0.35567
v 0.20782 1.70089 -0.15492
v -0.14424 1.58272 -0.22889
v 0.06987 1.67804 -0.35567
v 0.07329 1.68279 -0.24521
v -0.14424 1.58272 -0.22889
v -0.13430 1.57740 -0.33317
v 0.06987 1.67804 -0.35567
v -0.28121 1.49290 -0.13933
v -0.13430 1.57740 -0.33317
v -0.14424 1.58272 -0.22889
v -0.28121 1.49290 -0.13933
v -0.32621 1.39193 -0.24246
v -0.13430 1.57740 -0.33317
v -0.39899 1.42344 0.04062
v -0.32621 1.39193 -0.24246
v -0.28121 1.49290 -0.13933
v -0.39899 1.42344 0.04062
v -0.45251 1.22026 -0.25761
v -0.32621 1.39193 -0.24246
v 0.10429 2.15677 -0.19831
v 0.11876 2.21964 -0.00314
v 0.02148 2.20221 -0.21358
v 0.19054 2.09645 -0.11088
v 0.11876 2.21964 -0.00314
v 0.10429 2.15677 -0.19831
v 0.19054 2.09645 -0.11088
v 0.21877 2.08471 -0.01208
v 0.11876 2.21964 -0.00314
v -0.29689 2.10904 0.03288
v -0.11934 2.11519 -0.03073
v -0.12632 2.12128 0.01804
v -0.26906 2.08745 -0.05007
v -0.11934 2.11519 -0.03073
v -0.29689 2.10904 0.03288
v -0.26906 2.08745 -0.05007
v -0.08060 2.07233 -0.09551
v -0.11934 2.11519 -0.03073
v -0.20839 2.04233 -0.11615
v -0.08060 2.07233 -0.09551
v -0.26906 2.08745 -0.05007
v -0.20839 2.04233 -0.11615
v -0.26639 2.06081 -0.04255
v -0.20755 2.02618 -0.10819
v -0.26906 2.08745 -0.05007
v -0.26639 2.06081 -0.04255
v -0.20839 2.04233 -0.11615
v -0.26906 2.08745 -0.05007
v -0.29689 2.10904 0.03288
v -0.26639 2.06081 -0.04255
v -0.09283 1.98350 -0.09046
v -0.17079 1.93091 -0.12132
v -0.10950 1.87527 -0.15098
v -0.11418 2.01871 -0.02941
v -0.17079 1.93091 -0.12132
v -0.09283 1.98350 -0.09046
v -0.11418 2.01871 -0.02941
v -0.21658 1.94791 -0.05289
v -0.17079 1.93091 -0.12132
v -0.24752 1.95382 0.02832
v -0.21658 1.94791 -0.05289
v -0.11418 2.01871 -0.02941
v -0.21658 1.94791 -0.05289
v -0.19516 1.89453 -0.04351
v -0.17079 1.93091 -0.12132
v -0.24752 1.95382 0.02832
v -0.19516 1.89453 -0.04351
v -0.21658 1.94791 -0.05289
v -0.24752 1.95382 0.02832
v -0.21094 1.89537 0.02503
v -0.19516 1.89453 -0.04351
v -0.17079 1.93091 -0.12132
v -0.15993 1.88506 -0.10842
v -0.10950 1.87527 -0.15098
v -0.19516 1.89453 -0.04351
v -0.15993 1.88506 -0.10842
v -0.17079 1.93091 -0.12132
v 0.09231 1.71838 -0.12070
v -0.00062 1.68160 -0.14982
v 0.06151 1.66207 -0.11225
v -0.02702 1.75049 -0.17873
v -0.00062 1.68160 -0.14982
v 0.09231 1.71838 -0.12070
v -0.02702 1.75049 -0.17873
v -0.06858 1.65224 -0.12498
v -0.00062 1.68160 -0.14982
v -0.12535 1.71746 -0.14307
v -0.06858 1.65224 -0.12498
v -0.02702 1.75049 -0.17873
v -0.12535 1.71746 -0.14307
v -0.19877 1.68834 -0.07215
v -0.06858 1.65224 -0.12498
v -0.21458 1.77961 -0.07019
v -0.19877 1.68834 -0.07215
v -0.12535 1.71746 -0.14307
v -0.21458 1.77961 -0.07019
v -0.23918 1.77753 0.02729
v -0.19877 1.68834 -0.07215
v -0.19516 1.89453 -0.04351
v -0.23918 1.77753 0.02729
v -0.21458 1.77961 -0.07019
v -0.19516 1.89453 -0.04351
v -0.21094 1.89537 0.02503
v -0.23918 1.77753 0.02729
v -0.06858 1.65224 -0.12498
v -0.03160 1.60220 -0.08215
v -0.00062 1.68160 -0.14982
v -0.13974 1.60998 -0.05580
v -0.03160 1.60220 -0.08215
v -0.06858 1.65224 -0.12498
v -0.13974 1.60998 -0.05580
v -0.08207 1.57628 -0.03132
v -0.03160 1.60220 -0.08215
v -0.15072 1.59275 0.01927
v -0.08207 1.57628 -0.03132
v -0.13974 1.60998 -0.05580
v -0.15072 1.59275 0.01927
v -0.09338 1.56834 0.01424
v -0.08207 1.57628 -0.03132
v -0.14947 2.29273 -0.01035
v 0.11876 2.21964 -0.00314
v -0.15155 2.29235 0.02053
v -0.09802 2.25346 -0.14061
v 0.11876 2.21964 -0.00314
v -0.14947 2.29273 -0.01035
v -0.09802 2.25346 -0.14061
v 0.02148 2.20221 -0.21358
v 0.11876 2.21964 -0.00314
v -0.12632 2.12128 0.01804
v -0.14947 2.29273 -0.01035
v -0.15155 2.29235 0.02053
v -0.11934 2.11519 -0.03073
v -0.14947 2.29273 -0.01035
v -0.12632 2.12128 0.01804
v 0.21877 2.08471 -0.01208
v 0.12265 2.02167 -0.08003
v 0.13865 2.01476 -0.00522
v 0.19054 2.09645 -0.11088
v 0.12265 2.02167 -0.08003
v 0.21877 2.08471 -0.01208
v -0.00879 2.06770 -0.10798
v -0.01843 2.02584 -0.13775
v 0.05592 2.04087 -0.12368
v -0.05995 2.07996 -0.07000
v -0.01843 2.02584 -0.13775
v -0.00879 2.06770 -0.10798
v -0.05995 2.07996 -0.07000
v -0.08102 2.03314 -0.09323
v -0.01843 2.02584 -0.13775
v -0.10446 2.03771 -0.03196
v -0.08102 2.03314 -0.09323
v -0.05995 2.07996 -0.07000
v -0.10446 2.03771 -0.03196
v -0.09283 1.98350 -0.09046
v -0.08102 2.03314 -0.09323
v -0.11418 2.01871 -0.02941
v -0.09283 1.98350 -0.09046
v -0.10446 2.03771 -0.03196
v -0.08482 2.08130 -0.03055
v -0.07499 2.08768 0.01352
v -0.01288 2.02561 0.00800
v -0.08482 2.08130 -0.03055
v -0.26639 2.06081 -0.04255
v -0.07499 2.08768 0.01352
v -0.08060 2.07233 -0.09551
v -0.26639 2.06081 -0.04255
v -0.08482 2.08130 -0.03055
v -0.08060 2.07233 -0.09551
v -0.20755 2.02618 -0.10819
v -0.26639 2.06081 -0.04255
v -0.26639 2.06081 -0.04255
v -0.29014 2.07718 0.03224
v -0.07499 2.08768 0.01352
v 0.11172 1.92879 -0.08814
v 0.11753 2.02301 -0.07858
v 0.08933 2.03635 -0.11362
v 0.14639 1.92623 -0.00604
v 0.11753 2.02301 -0.07858
v 0.11172 1.92879 -0.08814
v -0.02304 0.00134 -0.35899
v 0.09892 0.00144 -0.42467
v 0.13198 0.00134 -0.37170
v -0.02025 0.00123 -0.29467
v 0.13198 0.00134 -0.37170
v 0.10822 0.00126 -0.31787
v -0.02025 0.00123 -0.29467
v -0.09919 0.04556 -0.27836
v -0.09517 0.00121 -0.27613
v -0.02070 0.05547 -0.28944
v -0.09919 0.04556 -0.27836
v -0.02025 0.00123 -0.29467
v -0.02070 0.05547 -0.28944
v -0.10319 0.09810 -0.29924
v -0.09919 0.04556 -0.27836
v -0.02487 0.10036 -0.31126
v -0.10319 0.09810 -0.29924
v -0.02070 0.05547 -0.28944
v -0.02487 0.10036 -0.31126
v -0.10809 0.10636 -0.35096
v -0.10319 0.09810 -0.29924
v -0.01729 0.11652 -0.35888
v -0.10809 0.10636 -0.35096
v -0.02487 0.10036 -0.31126
v -0.50460 0.97398 -0.25883
v -0.55814 0.96663 0.05370
v -0.50858 0.80589 0.04912
v -0.51977 1.22152 0.05080
v -0.55814 0.96663 0.05370
v -0.50460 0.97398 -0.25883
v -0.51977 1.22152 0.05080
v -0.45251 1.22026 -0.25761
v -0.39899 1.42344 0.04062
v -0.50460 0.97398 -0.25883
v -0.45251 1.22026 -0.25761
v -0.51977 1.22152 0.05080
v -0.50460 0.97398 -0.25883
v -0.28992 1.01234 -0.50062
v -0.45251 1.22026 -0.25761
v -0.27750 0.85814 -0.47554
v -0.28992 1.01234 -0.50062
v -0.50460 0.97398 -0.25883
v -0.27750 0.85814 -0.47554
v -0.01509 0.90392 -0.61135
v -0.28992 1.01234 -0.50062
v -0.22275 0.79706 -0.42310
v -0.01509 0.90392 -0.61135
v -0.27750 0.85814 -0.47554
v -0.22275 0.79706 -0.42310
v -0.01179 0.82249 -0.50969
v -0.01509 0.90392 -0.61135
v 0.23240 1.39069 -0.49077
v 0.28118 1.35348 -0.47163
v 0.20961 1.60194 -0.45636
v 0.03719 1.27260 -0.55266
v 0.28118 1.35348 -0.47163
v 0.23240 1.39069 -0.49077
v 0.03719 1.27260 -0.55266
v 0.28280 1.17890 -0.51561
v 0.28118 1.35348 -0.47163
v 0.21033 0.77631 -0.45554
v 0.15137 0.64299 -0.45440
v 0.33311 0.75345 -0.28849
v -0.01179 0.82249 -0.50969
v 0.15137 0.64299 -0.45440
v 0.21033 0.77631 -0.45554
v -0.01179 0.82249 -0.50969
v -0.02717 0.63470 -0.50047
v 0.15137 0.64299 -0.45440
v -0.16260 0.63020 -0.42746
v -0.02717 0.63470 -0.50047
v -0.01179 0.82249 -0.50969
v -0.16260 0.63020 -0.42746
v -0.11655 0.52916 -0.43620
v -0.02717 0.63470 -0.50047
v -0.44814 0.81750 -0.24389
v -0.50460 0.97398 -0.25883
v -0.50858 0.80589 0.04912
v -0.27750 0.85814 -0.47554
v -0.50460 0.97398 -0.25883
v -0.44814 0.81750 -0.24389
v -0.41390 0.78401 -0.23845
v -0.32758 0.76154 -0.22840
v -0.27750 0.85814 -0.47554
v -0.45537 0.75656 0.04440
v -0.32758 0.76154 -0.22840
v -0.41390 0.78401 -0.23845
v -0.45537 0.75656 0.04440
v -0.35589 0.73841 0.03570
v -0.32758 0.76154 -0.22840
v 0.29757 1.49509 1.23626
v 0.19378 1.50954 1.32388
v 0.21116 1.47852 1.30953
v 0.29834 1.51706 1.20840
v 0.19378 1.50954 1.32388
v 0.29757 1.49509 1.23626
v 0.29834 1.51706 1.20840
v 0.28214 1.51857 1.18857
v 0.19378 1.50954 1.32388
v 0.13249 1.54851 1.28961
v 0.18723 1.49648 1.36018
v 0.15588 1.49661 1.35196
v 0.18891 1.56664 1.32308
v 0.18723 1.49648 1.36018
v 0.13249 1.54851 1.28961
v 0.20222 1.45047 1.31147
v 0.19512 1.50244 1.32806
v 0.21064 1.45371 1.29816
v 0.18723 1.49648 1.36018
v 0.19512 1.50244 1.32806
v 0.20222 1.45047 1.31147
v 0.18723 1.49648 1.36018
v 0.19378 1.50954 1.32388
v 0.19512 1.50244 1.32806
v 0.18327 1.44876 1.28984
v 0.19512 1.50244 1.32806
v 0.16079 1.49737 1.31354
v 0.21064 1.45371 1.29816
v 0.19512 1.50244 1.32806
v 0.18327 1.44876 1.28984
v 0.20222 1.45047 1.31147
v 0.15588 1.49661 1.35196
v 0.18723 1.49648 1.36018
v 0.17863 1.44874 1.30430
v 0.15588 1.49661 1.35196
v 0.20222 1.45047 1.31147
v 0.17863 1.44874 1.30430
v 0.16079 1.49737 1.31354
v 0.15588 1.49661 1.35196
v 0.18327 1.44876 1.28984
v 0.20222 1.45047 1.31147
v 0.21064 1.45371 1.29816
v 0.17863 1.44874 1.30430
v 0.20222 1.45047 1.31147
v 0.18327 1.44876 1.28984
v 0.17130 1.45714 1.29412
v 0.16081 1.47035 1.32338
v 0.17275 1.47864 1.31072
v 0.15595 1.45366 1.30732
v 0.16081 1.47035 1.32338
v 0.17130 1.45714 1.29412
v 0.18135 1.54448 1.13656
v 0.16088 1.49037 1.17855
v 0.17896 1.50552 1.13686
v 0.12062 1.53747 1.19897
v 0.16088 1.49037 1.17855
v 0.18135 1.54448 1.13656
v 0.12062 1.53747 1.19897
v 0.10509 1.52029 1.23028
v 0.16088 1.49037 1.17855
v 0.13249 1.54851 1.28961
v 0.10509 1.52029 1.23028
v 0.12062 1.53747 1.19897
v 0.13249 1.54851 1.28961
v 0.12629 1.47067 1.28382
v 0.10509 1.52029 1.23028
v 0.13617 1.49573 1.30884
v 0.12629 1.47067 1.28382
v 0.13249 1.54851 1.28961
v 0.13617 1.49573 1.30884
v 0.15595 1.45366 1.30732
v 0.12629 1.47067 1.28382
v 0.16081 1.47035 1.32338
v 0.15595 1.45366 1.30732
v 0.13617 1.49573 1.30884
v 0.12629 1.47067 1.28382
v 0.15743 1.47212 1.25860
v 0.10509 1.52029 1.23028
v 0.15595 1.45366 1.30732
v 0.15743 1.47212 1.25860
v 0.12629 1.47067 1.28382
v 0.15595 1.45366 1.30732
v 0.17130 1.45714 1.29412
v 0.15743 1.47212 1.25860
v 0.25785 1.47299 1.24441
v 0.21319 1.45388 1.28999
v 0.28532 1.44310 1.24582
v 0.21364 1.47343 1.27727
v 0.21319 1.45388 1.28999
v 0.25785 1.47299 1.24441
v 0.28314 1.56048 1.18284
v 0.18491 1.56212 1.22549
v 0.18135 1.54448 1.13656
v 0.30380 1.56073 1.24878
v 0.18491 1.56212 1.22549
v 0.28314 1.56048 1.18284
v 0.30380 1.56073 1.24878
v 0.18891 1.56664 1.32308
v 0.18491 1.56212 1.22549
v 0.22649 1.50468 1.34634
v 0.18891 1.56664 1.32308
v 0.30380 1.56073 1.24878
v 0.22649 1.50468 1.34634
v 0.19378 1.50954 1.32388
v 0.18891 1.56664 1.32308
v 0.21116 1.47852 1.30953
v 0.19378 1.50954 1.32388
v 0.22649 1.50468 1.34634
v 0.12062 1.53747 1.19897
v 0.18491 1.56212 1.22549
v 0.13249 1.54851 1.28961
v 0.18135 1.54448 1.13656
v 0.18491 1.56212 1.22549
v 0.12062 1.53747 1.19897
v 0.15480 1.47822 1.21483
v 0.20799 1.50411 1.21562
v 0.16088 1.49037 1.17855
v 0.15743 1.47212 1.25860
v 0.20799 1.50411 1.21562
v 0.15480 1.47822 1.21483
v 0.15743 1.47212 1.25860
v 0.17272 1.50198 1.28200
v 0.20799 1.50411 1.21562
v 0.17130 1.45714 1.29412
v 0.17272 1.50198 1.28200
v 0.15743 1.47212 1.25860
v 0.17130 1.45714 1.29412
v 0.17275 1.47864 1.31072
v 0.17272 1.50198 1.28200
v 0.17272 1.50198 1.28200
v 0.13617 1.49573 1.30884
v 0.13249 1.54851 1.28961
v 0.16081 1.47035 1.32338
v 0.13617 1.49573 1.30884
v 0.17272 1.50198 1.28200
v 0.28214 1.51857 1.18857
v 0.23342 1.54066 1.13100
v 0.23724 1.50823 1.13188
v 0.28314 1.56048 1.18284
v 0.23342 1.54066 1.13100
v 0.28214 1.51857 1.18857
v 0.28314 1.56048 1.18284
v 0.18135 1.54448 1.13656
v 0.23342 1.54066 1.13100
v 0.19378 1.50954 1.32388
v 0.20799 1.50411 1.21562
v 0.17272 1.50198 1.28200
v 0.28214 1.51857 1.18857
v 0.20799 1.50411 1.21562
v 0.19378 1.50954 1.32388
v 0.28214 1.51857 1.18857
v 0.17896 1.50552 1.13686
v 0.20799 1.50411 1.21562
v 0.23724 1.50823 1.13188
v 0.17896 1.50552 1.13686
v 0.28214 1.51857 1.18857
v 0.13249 1.54851 1.28961
v 0.18491 1.56212 1.22549
v 0.18891 1.56664 1.32308
v 0.04872 1.68303 0.19712
v 0.07467 1.63925 0.37350
v 0.04872 1.67898 0.19712
v 0.07468 1.67479 0.37356
v 0.07467 1.63925 0.37350
v 0.04872 1.68303 0.19712
v 0.19121 1.63925 0.36335
v 0.18105 1.71463 0.15835
v 0.18105 1.69179 0.15831
v 0.19123 1.68273 0.36342
v 0.18105 1.71463 0.15835
v 0.19121 1.63925 0.36335
v 0.07434 0.10005 0.31593
v 0.03026 0.05448 0.29570
v 0.02995 0.09930 0.31806
v 0.07434 0.10005 0.31593
v 0.15318 0.07808 0.30356
v 0.03026 0.05448 0.29570
v 0.11557 0.15738 0.31044
v 0.15318 0.07808 0.30356
v 0.07434 0.10005 0.31593
v 0.11557 0.15738 0.31044
v 0.16684 0.17131 0.35328
v 0.15318 0.07808 0.30356
v 0.04322 0.05385 0.43297
v 0.09502 0.10276 0.40356
v 0.04217 0.10095 0.41119
v 0.16575 0.07720 0.40550
v 0.09502 0.10276 0.40356
v 0.04322 0.05385 0.43297
v 0.16575 0.07720 0.40550
v 0.13283 0.15130 0.40346
v 0.09502 0.10276 0.40356
v 0.16684 0.17131 0.35328
v 0.13283 0.15130 0.40346
v 0.16575 0.07720 0.40550
v 0.03998 0.00012 0.36441
v 0.03161 0.00023 0.30058
v 0.19486 0.00012 0.35013
v -0.03915 0.00012 0.37210
v 0.03161 0.00023 0.30058
v 0.03998 0.00012 0.36441
v -0.03915 0.00012 0.37210
v -0.04540 0.00025 0.29527
v 0.03161 0.00023 0.30058
v -0.19574 0.00012 0.38415
v -0.04540 0.00025 0.29527
v -0.03915 0.00012 0.37210
v -0.19574 0.00012 0.38415
v -0.17459 0.00023 0.31419
v -0.04540 0.00025 0.29527
v 0.04279 0.00001 0.42716
v 0.03998 0.00012 0.36441
v 0.17145 0.00003 0.40803
v -0.03051 0.00000 0.44147
v 0.03998 0.00012 0.36441
v 0.04279 0.00001 0.42716
v -0.03051 0.00000 0.44147
v -0.03915 0.00012 0.37210
v 0.03998 0.00012 0.36441
v -0.13398 0.00001 0.44689
v -0.03915 0.00012 0.37210
v -0.03051 0.00000 0.44147
v -0.13398 0.00001 0.44689
v -0.19574 0.00012 0.38415
v -0.03915 0.00012 0.37210
v 0.09502 0.10276 0.40356
v 0.04566 0.11530 0.36370
v 0.04217 0.10095 0.41119
v 0.13283 0.15130 0.40346
v 0.04566 0.11530 0.36370
v 0.09502 0.10276 0.40356
v 0.13283 0.15130 0.40346
v 0.07207 0.15094 0.36147
v 0.04566 0.11530 0.36370
v 0.16684 0.17131 0.35328
v 0.07207 0.15094 0.36147
v 0.13283 0.15130 0.40346
v -0.01826 1.38162 0.52166
v 0.17599 1.33063 0.73324
v 0.13316 1.27074 0.54903
v 0.05678 1.41729 0.71531
v 0.17599 1.33063 0.73324
v -0.01826 1.38162 0.52166
v 0.05678 1.41729 0.71531
v 0.07028 1.43145 0.79482
v 0.17599 1.33063 0.73324
v 0.08643 1.55813 0.71535
v 0.07028 1.43145 0.79482
v 0.05678 1.41729 0.71531
v 0.08643 1.55813 0.71535
v 0.09507 1.55762 0.78356
v 0.07028 1.43145 0.79482
v 0.17142 1.62719 0.71661
v 0.09507 1.55762 0.78356
v 0.08643 1.55813 0.71535
v 0.17142 1.62719 0.71661
v 0.17726 1.62556 0.78843
v 0.09507 1.55762 0.78356
v 0.28753 1.56313 0.80969
v 0.17726 1.62556 0.78843
v 0.17142 1.62719 0.71661
v 0.28753 1.56313 0.80969
v 0.19416 1.60205 1.07454
v 0.17726 1.62556 0.78843
v 0.26402 1.56896 1.06717
v 0.19416 1.60205 1.07454
v 0.28753 1.56313 0.80969
v 0.26402 1.56896 1.06717
v 0.24388 1.55500 1.09252
v 0.19416 1.60205 1.07454
v 0.25103 1.50794 1.09588
v 0.24388 1.55500 1.09252
v 0.26402 1.56896 1.06717
v 0.25103 1.50794 1.09588
v 0.25774 1.51185 1.14367
v 0.24388 1.55500 1.09252
v 0.20773 1.47868 1.09662
v 0.25774 1.51185 1.14367
v 0.25103 1.50794 1.09588
v 0.20773 1.47868 1.09662
v 0.21268 1.47873 1.14471
v 0.25774 1.51185 1.14367
v -0.01826 1.38162 0.52166
v 0.08643 1.55813 0.71535
v 0.05678 1.41729 0.71531
v 0.00048 1.57469 0.50910
v 0.08643 1.55813 0.71535
v -0.01826 1.38162 0.52166
v 0.00048 1.57469 0.50910
v 0.17142 1.62719 0.71661
v 0.08643 1.55813 0.71535
v 0.14561 1.63692 0.50057
v 0.17142 1.62719 0.71661
v 0.00048 1.57469 0.50910
v 0.14561 1.63692 0.50057
v 0.29333 1.56831 0.73104
v 0.17142 1.62719 0.71661
v 0.27760 1.58705 0.48705
v 0.29333 1.56831 0.73104
v 0.14561 1.63692 0.50057
v 0.27760 1.58705 0.48705
v 0.32262 1.44425 0.73061
v 0.29333 1.56831 0.73104
v 0.31477 1.38909 0.45471
v 0.32262 1.44425 0.73061
v 0.27760 1.58705 0.48705
v 0.31477 1.38909 0.45471
v 0.17599 1.33063 0.73324
v 0.32262 1.44425 0.73061
v 0.13316 1.27074 0.54903
v 0.17599 1.33063 0.73324
v 0.31477 1.38909 0.45471
v 0.04402 1.64037 0.12159
v -0.13662 1.55095 0.01798
v 0.02177 1.65083 0.00435
v -0.15126 1.54426 0.11567
v -0.13662 1.55095 0.01798
v 0.04402 1.64037 0.12159
v -0.15126 1.54426 0.11567
v -0.39899 1.42344 0.04062
v -0.13662 1.55095 0.01798
v -0.00831 1.94912 0.14673
v -0.08060 1.87471 0.18079
v -0.07461 1.98315 0.11866
v -0.00831 1.94912 0.14673
v -0.00704 1.80168 0.19538
v -0.08060 1.87471 0.18079
v 0.07999 1.94103 0.13011
v -0.00704 1.80168 0.19538
v -0.00831 1.94912 0.14673
v 0.07999 1.94103 0.13011
v 0.11280 1.81108 0.15792
v -0.00704 1.80168 0.19538
v 0.17622 1.84829 0.08646
v 0.11280 1.81108 0.15792
v 0.07999 1.94103 0.13011
v 0.17622 1.84829 0.08646
v 0.18601 1.72540 0.04874
v 0.11280 1.81108 0.15792
v 0.18696 1.85786 -0.00969
v 0.18601 1.72540 0.04874
v 0.17622 1.84829 0.08646
v 0.18696 1.85786 -0.00969
v 0.19793 1.73435 -0.01086
v 0.18601 1.72540 0.04874
v -0.16715 2.02138 0.07521
v -0.16835 2.05074 0.06705
v -0.11232 2.03419 0.08218
v -0.20346 2.04336 0.02463
v -0.16835 2.05074 0.06705
v -0.16715 2.02138 0.07521
v -0.20346 2.04336 0.02463
v -0.14679 2.08362 0.01976
v -0.16835 2.05074 0.06705
v -0.14679 2.08362 0.01976
v -0.14305 2.05538 0.06822
v -0.16835 2.05074 0.06705
v -0.12192 2.05926 0.06920
v -0.14305 2.05538 0.06822
v -0.14679 2.08362 0.01976
v -0.12192 2.05926 0.06920
v -0.11232 2.03419 0.08218
v -0.14305 2.05538 0.06822
v -0.09617 2.03755 0.06324
v -0.11232 2.03419 0.08218
v -0.12192 2.05926 0.06920
v -0.09617 2.03755 0.06324
v -0.10619 2.01855 0.06234
v -0.11232 2.03419 0.08218
v -0.16715 2.02138 0.07521
v -0.20059 2.00603 0.02432
v -0.20346 2.04336 0.02463
v -0.16715 2.02138 0.07521
v -0.10619 2.01855 0.06234
v -0.15476 1.99863 0.02031
v -0.11232 2.03419 0.08218
v -0.10619 2.01855 0.06234
v -0.16715 2.02138 0.07521
v 0.17622 1.84829 0.08646
v 0.14639 1.92623 -0.00604
v 0.18696 1.85786 -0.00969
v 0.17622 1.84829 0.08646
v 0.12645 1.92850 0.08082
v 0.14639 1.92623 -0.00604
v 0.07999 1.94103 0.13011
v 0.12645 1.92850 0.08082
v 0.17622 1.84829 0.08646
v 0.07999 1.94103 0.13011
v 0.10883 2.03598 0.11015
v 0.12645 1.92850 0.08082
v 0.07765 2.04045 0.12585
v 0.13824 2.15611 0.19138
v 0.10883 2.03598 0.11015
v 0.01372 2.05125 0.14811
v 0.13824 2.15611 0.19138
v 0.07765 2.04045 0.12585
v 0.01372 2.05125 0.14811
v 0.05933 2.20148 0.22089
v 0.13824 2.15611 0.19138
v -0.06166 2.07196 0.12182
v 0.05933 2.20148 0.22089
v 0.01372 2.05125 0.14811
v -0.06166 2.07196 0.12182
v -0.07099 2.25293 0.16986
v 0.05933 2.20148 0.22089
v -0.11102 2.11503 0.06485
v -0.07099 2.25293 0.16986
v -0.06166 2.07196 0.12182
v -0.11102 2.11503 0.06485
v -0.14417 2.29263 0.05059
v -0.07099 2.25293 0.16986
v 0.10883 2.03598 0.11015
v -0.01288 2.02561 0.00800
v 0.07765 2.04045 0.12585
v 0.13583 2.02141 0.07126
v -0.01288 2.02561 0.00800
v 0.10883 2.03598 0.11015
v 0.13583 2.02141 0.07126
v 0.13865 2.01476 -0.00522
v -0.01288 2.02561 0.00800
v -0.36561 0.78307 0.31591
v -0.39838 0.81654 0.32729
v -0.19026 0.85644 0.52608
v -0.45537 0.75656 0.04440
v -0.39838 0.81654 0.32729
v -0.36561 0.78307 0.31591
v -0.45537 0.75656 0.04440
v -0.50858 0.80589 0.04912
v -0.39838 0.81654 0.32729
v 0.31840 0.60320 -0.02326
v 0.37879 0.75256 0.23593
v 0.41596 0.73979 -0.03153
v 0.29366 0.61559 0.20996
v 0.37879 0.75256 0.23593
v 0.31840 0.60320 -0.02326
v 0.29366 0.61559 0.20996
v 0.22844 0.64149 0.43039
v 0.37879 0.75256 0.23593
v 0.20112 0.54538 0.19143
v 0.22844 0.64149 0.43039
v 0.29366 0.61559 0.20996
v 0.20112 0.54538 0.19143
v 0.16183 0.53569 0.27498
v 0.22844 0.64149 0.43039
v 0.04939 0.48300 0.25932
v 0.16183 0.53569 0.27498
v 0.20112 0.54538 0.19143
v 0.04939 0.48300 0.25932
v 0.15381 0.50405 0.31095
v 0.16183 0.53569 0.27498
v 0.14082 0.39467 0.32514
v 0.15381 0.50405 0.31095
v 0.04939 0.48300 0.25932
v 0.14082 0.39467 0.32514
v 0.14870 0.39947 0.40050
v 0.15381 0.50405 0.31095
v 0.14937 0.35680 0.39682
v 0.14870 0.39947 0.40050
v 0.14082 0.39467 0.32514
v 0.14937 0.35680 0.39682
v 0.06855 0.33678 0.45493
v 0.14870 0.39947 0.40050
v 0.11203 0.19732 0.41860
v 0.06855 0.33678 0.45493
v 0.14937 0.35680 0.39682
v 0.11203 0.19732 0.41860
v 0.06711 0.17852 0.40902
v 0.06855 0.33678 0.45493
v 0.52853 1.00880 0.25304
v 0.55814 0.99704 -0.04348
v 0.50185 0.79771 -0.03892
v 0.54754 1.20621 -0.04220
v 0.55814 0.99704 -0.04348
v 0.52853 1.00880 0.25304
v -0.15839 1.18698 0.52984
v -0.19809 1.01056 0.55346
v -0.40020 1.21924 0.34292
v -0.15839 1.18698 0.52984
v 0.11848 1.04169 0.61880
v -0.19809 1.01056 0.55346
v 0.13115 1.17610 0.59465
v 0.11848 1.04169 0.61880
v -0.15839 1.18698 0.52984
v 0.13115 1.17610 0.59465
v 0.37316 1.03295 0.50630
v 0.11848 1.04169 0.61880
v 0.36863 1.17723 0.46975
v 0.37316 1.03295 0.50630
v 0.13115 1.17610 0.59465
v 0.36863 1.17723 0.46975
v 0.52853 1.00880 0.25304
v 0.37316 1.03295 0.50630
v 0.50816 1.19884 0.24026
v 0.52853 1.00880 0.25304
v 0.36863 1.17723 0.46975
v 0.50816 1.19884 0.24026
v 0.54754 1.20621 -0.04220
v 0.52853 1.00880 0.25304
v 0.46204 1.40677 0.23354
v 0.54754 1.20621 -0.04220
v 0.50816 1.19884 0.24026
v 0.46204 1.40677 0.23354
v 0.49829 1.41240 -0.03757
v 0.54754 1.20621 -0.04220
v 0.37764 1.59972 0.20109
v 0.49829 1.41240 -0.03757
v 0.46204 1.40677 0.23354
v 0.37764 1.59972 0.20109
v 0.39487 1.60416 -0.02823
v 0.49829 1.41240 -0.03757
v 0.23259 1.70041 0.12921
v 0.39487 1.60416 -0.02823
v 0.37764 1.59972 0.20109
v 0.23259 1.70041 0.12921
v 0.26632 1.69651 -0.01688
v 0.39487 1.60416 -0.02823
v 0.20581 1.51400 1.12733
v 0.21268 1.47873 1.14471
v 0.15658 1.50234 1.14986
v 0.25774 1.51185 1.14367
v 0.21268 1.47873 1.14471
v 0.20581 1.51400 1.12733
v 0.20453 1.57467 1.14558
v 0.20581 1.51400 1.12733
v 0.15974 1.54891 1.14738
v 0.25044 1.55749 1.14039
v 0.20581 1.51400 1.12733
v 0.20453 1.57467 1.14558
v 0.13115 1.17610 0.59465
v 0.13316 1.27074 0.54903
v 0.36863 1.17723 0.46975
v -0.10349 1.33410 0.49762
v 0.13316 1.27074 0.54903
v 0.13115 1.17610 0.59465
v -0.10349 1.33410 0.49762
v -0.01826 1.38162 0.52166
v 0.13316 1.27074 0.54903
v -0.07361 1.57622 0.36352
v -0.01826 1.38162 0.52166
v -0.10349 1.33410 0.49762
v -0.07361 1.57622 0.36352
v -0.02342 1.57546 0.45927
v -0.01826 1.38162 0.52166
v 0.13959 1.65847 0.43964
v -0.02342 1.57546 0.45927
v -0.07361 1.57622 0.36352
v 0.04704 0.17672 0.33831
v 0.01101 0.29472 0.43237
v 0.06711 0.17852 0.40902
v -0.01355 0.29624 0.34821
v 0.01101 0.29472 0.43237
v 0.04704 0.17672 0.33831
v -0.01355 0.29624 0.34821
v -0.01338 0.31872 0.44126
v 0.01101 0.29472 0.43237
v -0.03501 0.31813 0.35116
v -0.01338 0.31872 0.44126
v -0.01355 0.29624 0.34821
v -0.03501 0.31813 0.35116
v -0.01526 0.36610 0.44322
v -0.01338 0.31872 0.44126
v -0.03364 0.36733 0.35065
v -0.01526 0.36610 0.44322
v -0.03501 0.31813 0.35116
v -0.03364 0.36733 0.35065
v -0.03862 0.52765 0.45841
v -0.01526 0.36610 0.44322
v -0.05856 0.51631 0.34297
v -0.03862 0.52765 0.45841
v -0.03364 0.36733 0.35065
v -0.05856 0.51631 0.34297
v -0.08546 0.62871 0.45810
v -0.03862 0.52765 0.45841
v -0.07936 0.55220 0.30713
v -0.08546 0.62871 0.45810
v -0.05856 0.51631 0.34297
v -0.07936 0.55220 0.30713
v -0.11274 0.55078 0.23611
v -0.08546 0.62871 0.45810
v 0.04254 0.48890 0.19653
v -0.11274 0.55078 0.23611
v -0.07936 0.55220 0.30713
v 0.04254 0.48890 0.19653
v -0.15396 0.54116 0.01778
v -0.11274 0.55078 0.23611
v 0.02562 0.48716 0.00204
v -0.15396 0.54116 0.01778
v 0.04254 0.48890 0.19653
v -0.03779 0.09687 0.42498
v -0.04515 0.10514 0.37157
v -0.11492 0.11698 0.37773
v -0.03779 0.09687 0.42498
v 0.04217 0.10095 0.41119
v -0.04515 0.10514 0.37157
v -0.03410 0.04434 0.44226
v 0.04217 0.10095 0.41119
v -0.03779 0.09687 0.42498
v -0.03410 0.04434 0.44226
v 0.04322 0.05385 0.43297
v 0.04217 0.10095 0.41119
v -0.03051 0.00000 0.44147
v 0.04322 0.05385 0.43297
v -0.03410 0.04434 0.44226
v -0.03051 0.00000 0.44147
v 0.04279 0.00001 0.42716
v 0.04322 0.05385 0.43297
v 0.04279 0.00001 0.42716
v 0.16575 0.07720 0.40550
v 0.04322 0.05385 0.43297
v 0.17145 0.00003 0.40803
v 0.16575 0.07720 0.40550
v 0.04279 0.00001 0.42716
v 0.17145 0.00003 0.40803
v 0.19317 0.07850 0.35083
v 0.16575 0.07720 0.40550
v 0.19486 0.00012 0.35013
v 0.19317 0.07850 0.35083
v 0.17145 0.00003 0.40803
v 0.18279 1.65870 0.34221
v 0.13959 1.65847 0.43964
v 0.13140 1.67685 0.35071
v 0.18279 1.65870 0.34221
v 0.28644 1.60045 0.42547
v 0.13959 1.65847 0.43964
v 0.31635 1.61222 0.34425
v 0.28644 1.60045 0.42547
v 0.18279 1.65870 0.34221
v 0.31635 1.61222 0.34425
v 0.35948 1.35195 0.42730
v 0.28644 1.60045 0.42547
v 0.35948 1.35195 0.42730
v 0.46204 1.40677 0.23354
v 0.50816 1.19884 0.24026
v 0.35948 1.35195 0.42730
v 0.37764 1.59972 0.20109
v 0.46204 1.40677 0.23354
v 0.31635 1.61222 0.34425
v 0.37764 1.59972 0.20109
v 0.35948 1.35195 0.42730
v 0.31635 1.61222 0.34425
v 0.23259 1.70041 0.12921
v 0.37764 1.59972 0.20109
v 0.18279 1.65870 0.34221
v 0.23259 1.70041 0.12921
v 0.31635 1.61222 0.34425
v 0.18279 1.65870 0.34221
v 0.13140 1.67685 0.35071
v 0.23259 1.70041 0.12921
v 0.04217 0.10095 0.41119
v 0.04566 0.11530 0.36370
v -0.04515 0.10514 0.37157
v 0.04566 0.11530 0.36370
v 0.07434 0.10005 0.31593
v 0.02995 0.09930 0.31806
v 0.04566 0.11530 0.36370
v 0.11557 0.15738 0.31044
v 0.07434 0.10005 0.31593
v 0.07207 0.15094 0.36147
v 0.11557 0.15738 0.31044
v 0.04566 0.11530 0.36370
v 0.07207 0.15094 0.36147
v 0.16684 0.17131 0.35328
v 0.11557 0.15738 0.31044
v 0.19317 0.07850 0.35083
v 0.15318 0.07808 0.30356
v 0.16684 0.17131 0.35328
v 0.19486 0.00012 0.35013
v 0.15318 0.07808 0.30356
v 0.19317 0.07850 0.35083
v 0.19486 0.00012 0.35013
v 0.16215 0.00021 0.30122
v 0.15318 0.07808 0.30356
v 0.19317 0.07850 0.35083
v 0.16684 0.17131 0.35328
v 0.16575 0.07720 0.40550
v 0.14106 0.22907 0.36617
v 0.15278 0.15833 0.35870
v 0.12198 0.14971 0.33082
v 0.14106 0.22907 0.36617
v 0.12746 0.14561 0.38947
v 0.15278 0.15833 0.35870
v 0.10734 0.20991 0.40540
v 0.12746 0.14561 0.38947
v 0.14106 0.22907 0.36617
v 0.10734 0.20991 0.40540
v 0.06473 0.18499 0.37050
v 0.12746 0.14561 0.38947
v 0.14106 0.22907 0.36617
v 0.12198 0.14971 0.33082
v 0.10177 0.20834 0.32880
v -0.39899 1.42344 0.04062
v -0.27837 1.39100 0.30673
v -0.40020 1.21924 0.34292
v -0.25185 1.49233 0.19771
v -0.27837 1.39100 0.30673
v -0.39899 1.42344 0.04062
v -0.25185 1.49233 0.19771
v -0.07361 1.57622 0.36352
v -0.27837 1.39100 0.30673
v -0.10144 1.58189 0.26255
v -0.07361 1.57622 0.36352
v -0.25185 1.49233 0.19771
v -0.10144 1.58189 0.26255
v 0.13140 1.67685 0.35071
v -0.07361 1.57622 0.36352
v 0.11566 1.68197 0.24135
v 0.13140 1.67685 0.35071
v -0.10144 1.58189 0.26255
v 0.11566 1.68197 0.24135
v 0.23259 1.70041 0.12921
v 0.13140 1.67685 0.35071
v 0.20805 2.09611 0.09016
v 0.11876 2.21964 -0.00314
v 0.21877 2.08471 -0.01208
v 0.13824 2.15611 0.19138
v 0.11876 2.21964 -0.00314
v 0.20805 2.09611 0.09016
v 0.13824 2.15611 0.19138
v 0.05933 2.20148 0.22089
v 0.11876 2.21964 -0.00314
v -0.11102 2.11503 0.06485
v -0.29689 2.10904 0.03288
v -0.12632 2.12128 0.01804
v -0.11102 2.11503 0.06485
v -0.25515 2.08718 0.10969
v -0.29689 2.10904 0.03288
v -0.06166 2.07196 0.12182
v -0.25515 2.08718 0.10969
v -0.11102 2.11503 0.06485
v -0.06166 2.07196 0.12182
v -0.18397 2.04186 0.16414
v -0.25515 2.08718 0.10969
v -0.25515 2.08718 0.10969
v -0.25383 2.06057 0.10174
v -0.29689 2.10904 0.03288
v -0.18397 2.04186 0.16414
v -0.25383 2.06057 0.10174
v -0.25515 2.08718 0.10969
v -0.18397 2.04186 0.16414
v -0.18453 2.02574 0.15610
v -0.25383 2.06057 0.10174
v -0.14608 1.93043 0.16236
v -0.07461 1.98315 0.11866
v -0.08060 1.87471 0.18079
v -0.14608 1.93043 0.16236
v -0.10619 2.01855 0.06234
v -0.07461 1.98315 0.11866
v -0.20302 1.94765 0.10293
v -0.10619 2.01855 0.06234
v -0.14608 1.93043 0.16236
v -0.20302 1.94765 0.10293
v -0.24752 1.95382 0.02832
v -0.10619 2.01855 0.06234
v -0.24752 1.95382 0.02832
v -0.18355 1.89431 0.08981
v -0.21094 1.89537 0.02503
v -0.20302 1.94765 0.10293
v -0.18355 1.89431 0.08981
v -0.24752 1.95382 0.02832
v -0.20302 1.94765 0.10293
v -0.14608 1.93043 0.16236
v -0.18355 1.89431 0.08981
v -0.13763 1.88462 0.14762
v -0.14608 1.93043 0.16236
v -0.08060 1.87471 0.18079
v -0.18355 1.89431 0.08981
v -0.14608 1.93043 0.16236
v -0.13763 1.88462 0.14762
v -0.18355 1.89431 0.08981
v -0.23918 1.77753 0.02729
v -0.21094 1.89537 0.02503
v -0.19810 1.77929 0.11906
v -0.23918 1.77753 0.02729
v -0.18355 1.89431 0.08981
v -0.19810 1.77929 0.11906
v -0.18221 1.68802 0.11796
v -0.23918 1.77753 0.02729
v -0.09763 1.71692 0.17520
v -0.18221 1.68802 0.11796
v -0.19810 1.77929 0.11906
v -0.09763 1.71692 0.17520
v -0.04486 1.65178 0.14735
v -0.18221 1.68802 0.11796
v 0.00540 1.74986 0.19343
v -0.04486 1.65178 0.14735
v -0.09763 1.71692 0.17520
v 0.00540 1.74986 0.19343
v 0.02638 1.68108 0.16016
v -0.04486 1.65178 0.14735
v 0.11289 1.71798 0.11554
v 0.02638 1.68108 0.16016
v 0.00540 1.74986 0.19343
v 0.11289 1.71798 0.11554
v 0.08109 1.66169 0.11235
v 0.02638 1.68108 0.16016
v -0.18221 1.68802 0.11796
v -0.21556 1.66662 0.02505
v -0.23918 1.77753 0.02729
v -0.12691 1.60973 0.09138
v -0.21556 1.66662 0.02505
v -0.18221 1.68802 0.11796
v -0.12691 1.60973 0.09138
v -0.15072 1.59275 0.01927
v -0.21556 1.66662 0.02505
v -0.07435 1.57613 0.05718
v -0.15072 1.59275 0.01927
v -0.12691 1.60973 0.09138
v -0.07435 1.57613 0.05718
v -0.09338 1.56834 0.01424
v -0.15072 1.59275 0.01927
v -0.07099 2.25293 0.16986
v 0.11876 2.21964 -0.00314
v 0.05933 2.20148 0.22089
v -0.14417 2.29263 0.05059
v 0.11876 2.21964 -0.00314
v -0.07099 2.25293 0.16986
v -0.14417 2.29263 0.05059
v -0.15155 2.29235 0.02053
v 0.11876 2.21964 -0.00314
v -0.12632 2.12128 0.01804
v -0.14417 2.29263 0.05059
v -0.11102 2.11503 0.06485
v -0.15155 2.29235 0.02053
v -0.14417 2.29263 0.05059
v -0.12632 2.12128 0.01804
v 0.21877 2.08471 -0.01208
v 0.13583 2.02141 0.07126
v 0.20805 2.09611 0.09016
v 0.13865 2.01476 -0.00522
v 0.13583 2.02141 0.07126
v 0.21877 2.08471 -0.01208
v 0.07765 2.04045 0.12585
v 0.00687 2.02534 0.15251
v 0.01121 2.06731 0.12167
v -0.00831 1.94912 0.14673
v 0.00687 2.02534 0.15251
v 0.07765 2.04045 0.12585
v -0.00831 1.94912 0.14673
v -0.06248 2.03278 0.11952
v 0.00687 2.02534 0.15251
v -0.07461 1.98315 0.11866
v -0.06248 2.03278 0.11952
v -0.00831 1.94912 0.14673
v -0.07461 1.98315 0.11866
v -0.09617 2.03755 0.06324
v -0.06248 2.03278 0.11952
v -0.10619 2.01855 0.06234
v -0.09617 2.03755 0.06324
v -0.07461 1.98315 0.11866
v -0.07706 2.08115 0.05859
v -0.01288 2.02561 0.00800
v -0.07499 2.08768 0.01352
v -0.07706 2.08115 0.05859
v -0.06166 2.07196 0.12182
v -0.01288 2.02561 0.00800
v -0.25383 2.06057 0.10174
v -0.06166 2.07196 0.12182
v -0.07706 2.08115 0.05859
v -0.25383 2.06057 0.10174
v -0.18453 2.02574 0.15610
v -0.06166 2.07196 0.12182
v -0.25383 2.06057 0.10174
v -0.07499 2.08768 0.01352
v -0.29014 2.07718 0.03224
v -0.07706 2.08115 0.05859
v -0.07499 2.08768 0.01352
v -0.25383 2.06057 0.10174
v 0.13054 2.02276 0.07072
v 0.12645 1.92850 0.08082
v 0.10883 2.03598 0.11015
v 0.14639 1.92623 -0.00604
v 0.12645 1.92850 0.08082
v 0.13054 2.02276 0.07072
v 0.03998 0.00012 0.36441
v 0.19486 0.00012 0.35013
v 0.17145 0.00003 0.40803
v 0.03161 0.00023 0.30058
v 0.16215 0.00021 0.30122
v 0.19486 0.00012 0.35013
v -0.04896 0.04458 0.29832
v 0.03161 0.00023 0.30058
v -0.04540 0.00025 0.29527
v -0.04896 0.04458 0.29832
v 0.03026 0.05448 0.29570
v 0.03161 0.00023 0.30058
v -0.04927 0.09705 0.31975
v 0.03026 0.05448 0.29570
v -0.04896 0.04458 0.29832
v -0.04927 0.09705 0.31975
v 0.02995 0.09930 0.31806
v 0.03026 0.05448 0.29570
v -0.04515 0.10514 0.37157
v 0.02995 0.09930 0.31806
v -0.04927 0.09705 0.31975
v -0.04515 0.10514 0.37157
v 0.04566 0.11530 0.36370
v 0.02995 0.09930 0.31806
v -0.55814 0.96663 0.05370
v -0.45137 0.97295 0.35230
v -0.50858 0.80589 0.04912
v -0.51977 1.22152 0.05080
v -0.45137 0.97295 0.35230
v -0.55814 0.96663 0.05370
v -0.14540 0.79556 0.46476
v 0.09171 0.90184 0.61463
v 0.07735 0.82075 0.51366
v -0.19026 0.85644 0.52608
v 0.09171 0.90184 0.61463
v -0.14540 0.79556 0.46476
v -0.19026 0.85644 0.52608
v -0.19809 1.01056 0.55346
v 0.09171 0.90184 0.61463
v -0.45137 0.97295 0.35230
v -0.19809 1.01056 0.55346
v -0.19026 0.85644 0.52608
v -0.45137 0.97295 0.35230
v -0.40020 1.21924 0.34292
v -0.19809 1.01056 0.55346
v -0.51977 1.22152 0.05080
v -0.40020 1.21924 0.34292
v -0.45137 0.97295 0.35230
v -0.51977 1.22152 0.05080
v -0.39899 1.42344 0.04062
v -0.40020 1.21924 0.34292
v 0.13316 1.27074 0.54903
v 0.35948 1.35195 0.42730
v 0.36863 1.17723 0.46975
v 0.31477 1.38909 0.45471
v 0.35948 1.35195 0.42730
v 0.13316 1.27074 0.54903
v 0.31477 1.38909 0.45471
v 0.28644 1.60045 0.42547
v 0.35948 1.35195 0.42730
v -0.08546 0.62871 0.45810
v 0.06056 0.63300 0.50660
v -0.03862 0.52765 0.45841
v 0.07735 0.82075 0.51366
v 0.06056 0.63300 0.50660
v -0.08546 0.62871 0.45810
v 0.07735 0.82075 0.51366
v 0.22844 0.64149 0.43039
v 0.06056 0.63300 0.50660
v 0.28675 0.77482 0.42177
v 0.22844 0.64149 0.43039
v 0.07735 0.82075 0.51366
v 0.28675 0.77482 0.42177
v 0.37879 0.75256 0.23593
v 0.22844 0.64149 0.43039
v -0.45137 0.97295 0.35230
v -0.39838 0.81654 0.32729
v -0.50858 0.80589 0.04912
v -0.19026 0.85644 0.52608
v -0.39838 0.81654 0.32729
v -0.45137 0.97295 0.35230
v -0.45537 0.75656 0.04440
v -0.28233 0.76066 0.29100
v -0.35589 0.73841 0.03570
v -0.36561 0.78307 0.31591
v -0.28233 0.76066 0.29100
v -0.45537 0.75656 0.04440
v -0.36561 0.78307 0.31591
v -0.19026 0.85644 0.52608
v -0.28233 0.76066 0.29100
v -0.01205 1.45825 -1.29569
v 0.08244 1.50708 -1.30817
v -0.00868 1.50925 -1.35331
v 0.06662 1.44734 -1.26469
v 0.08244 1.50708 -1.30817
v -0.01205 1.45825 -1.29569
v 0.06662 1.44734 -1.26469
v 0.08037 1.49931 -1.25722
v 0.08244 1.50708 -1.30817
v 0.08435 1.56500 -1.27040
v 0.08593 1.52119 -1.22983
v 0.07541 1.56452 -1.20188
v 0.08244 1.50708 -1.30817
v 0.08593 1.52119 -1.22983
v 0.08435 1.56500 -1.27040
v 0.08244 1.50708 -1.30817
v 0.08037 1.49931 -1.25722
v 0.08593 1.52119 -1.22983
v -0.04429 1.49435 -1.17675
v -0.01928 1.50937 -1.13877
v -0.00429 1.50823 -1.22136
v -0.05656 1.48233 -1.21148
v -0.10818 1.52443 -1.21796
v -0.04429 1.49435 -1.17675
v -0.06152 1.47638 -1.25507
v -0.10818 1.52443 -1.21796
v -0.05656 1.48233 -1.21148
v -0.17788 0.11820 -0.34493
v -0.10319 0.09810 -0.29924
v -0.10809 0.10636 -0.35096
v -0.17191 0.10412 -0.28255
v -0.10319 0.09810 -0.29924
v -0.17788 0.11820 -0.34493
v -0.17191 0.10412 -0.28255
v -0.09919 0.04556 -0.27836
v -0.10319 0.09810 -0.29924
v -0.21697 0.05097 -0.26821
v -0.09919 0.04556 -0.27836
v -0.17191 0.10412 -0.28255
v -0.21697 0.05097 -0.26821
v -0.09517 0.00121 -0.27613
v -0.09919 0.04556 -0.27836
v -0.22568 0.00123 -0.27242
v -0.09517 0.00121 -0.27613
v -0.21697 0.05097 -0.26821
v -0.17788 0.11820 -0.34493
v -0.10809 0.10636 -0.35096
v -0.11008 0.09827 -0.40487
v 0.09901 0.07913 -0.31836
v -0.02025 0.00123 -0.29467
v 0.10822 0.00126 -0.31787
v 0.09901 0.07913 -0.31836
v -0.02070 0.05547 -0.28944
v -0.02025 0.00123 -0.29467
v 0.01922 0.10112 -0.31684
v -0.02070 0.05547 -0.28944
v 0.09901 0.07913 -0.31836
v 0.01922 0.10112 -0.31684
v -0.02487 0.10036 -0.31126
v -0.02070 0.05547 -0.28944
v -0.10945 0.04580 -0.42270
v -0.02893 0.10233 -0.40510
v -0.03168 0.05530 -0.42689
v 0.09934 0.21726 -0.39877
v 0.07921 0.35816 -0.40862
v 0.03862 0.19875 -0.42415
v 0.11449 0.22007 -0.33036
v 0.07921 0.35816 -0.40862
v 0.09934 0.21726 -0.39877
v 0.11449 0.22007 -0.33036
v 0.08785 0.35432 -0.33490
v 0.07921 0.35816 -0.40862
v 0.05177 0.19727 -0.30099
v 0.08785 0.35432 -0.33490
v 0.11449 0.22007 -0.33036
v 0.05177 0.19727 -0.30099
v 0.00470 0.33663 -0.28877
v 0.08785 0.35432 -0.33490
v 0.08785 0.35432 -0.33490
v 0.08320 0.39578 -0.33642
v 0.07921 0.35816 -0.40862
v -0.00177 0.36146 -0.29405
v 0.08320 0.39578 -0.33642
v 0.08785 0.35432 -0.33490
v -0.00177 0.36146 -0.29405
v 0.00455 0.48387 -0.25548
v 0.08320 0.39578 -0.33642
v 0.00866 0.48956 -0.19244
v 0.16575 0.54607 -0.21464
v 0.00455 0.48387 -0.25548
v 0.02562 0.48716 0.00204
v 0.16575 0.54607 -0.21464
v 0.00866 0.48956 -0.19244
v 0.02562 0.48716 0.00204
v 0.21357 0.53221 -0.01425
v 0.16575 0.54607 -0.21464
v 0.16582 1.45813 -0.85051
v 0.04754 1.33312 -0.74131
v 0.19244 1.44678 -0.76369
v 0.16582 1.45813 -0.85051
v 0.03886 1.35690 -0.80917
v 0.04754 1.33312 -0.74131
v 0.09706 1.50002 -1.08532
v 0.03886 1.35690 -0.80917
v 0.16582 1.45813 -0.85051
v 0.09706 1.50002 -1.08532
v 0.01949 1.45011 -1.08108
v 0.03886 1.35690 -0.80917
v 0.05880 1.51167 -1.11086
v 0.01949 1.45011 -1.08108
v 0.09706 1.50002 -1.08532
v 0.05880 1.51167 -1.11086
v 0.01603 1.48241 -1.10420
v 0.01949 1.45011 -1.08108
v -0.04356 1.50623 -1.14771
v -0.03688 1.50225 -1.09993
v 0.01257 1.48262 -1.15242
v -0.04001 1.55279 -1.14566
v -0.03688 1.50225 -1.09993
v -0.04356 1.50623 -1.14771
v -0.04001 1.55279 -1.14566
v -0.03439 1.55026 -1.09770
v -0.03688 1.50225 -1.09993
v 0.00443 1.57856 -1.15155
v -0.03439 1.55026 -1.09770
v -0.04001 1.55279 -1.14566
v 0.00443 1.57856 -1.15155
v 0.00812 1.57627 -1.10335
v -0.03439 1.55026 -1.09770
v 0.05235 1.55872 -1.10615
v 0.00812 1.57627 -1.10335
v 0.00443 1.57856 -1.15155
v 0.05235 1.55872 -1.10615
v 0.00650 1.60570 -1.07969
v 0.00812 1.57627 -1.10335
v 0.05235 1.55872 -1.10615
v 0.05054 1.56137 -1.15443
v 0.05716 1.51574 -1.15907
v 0.00443 1.57856 -1.15155
v 0.05054 1.56137 -1.15443
v 0.05235 1.55872 -1.10615
v 0.02341 1.64077 -0.11501
v 0.04459 1.72509 -0.18898
v 0.12577 1.76038 -0.11366
v -0.16794 1.54458 -0.07573
v 0.04459 1.72509 -0.18898
v 0.02341 1.64077 -0.11501
v -0.16794 1.54458 -0.07573
v -0.17548 1.59613 -0.13787
v 0.04459 1.72509 -0.18898
v -0.24935 1.54997 -0.10430
v -0.17548 1.59613 -0.13787
v -0.16794 1.54458 -0.07573
v -0.24935 1.54997 -0.10430
v -0.16812 1.61741 -0.22241
v -0.17548 1.59613 -0.13787
v -0.28401 1.53748 -0.14487
v -0.16812 1.61741 -0.22241
v -0.24935 1.54997 -0.10430
v -0.28401 1.53748 -0.14487
v -0.28121 1.49290 -0.13933
v -0.16812 1.61741 -0.22241
v -0.39899 1.42344 0.04062
v -0.28121 1.49290 -0.13933
v -0.28401 1.53748 -0.14487
v 0.41161 0.81834 -0.31161
v 0.41596 0.73979 -0.03153
v 0.50185 0.79771 -0.03892
v 0.41161 0.81834 -0.31161
v 0.33311 0.75345 -0.28849
v 0.41596 0.73979 -0.03153
v 0.26564 0.85939 -0.50652
v 0.33311 0.75345 -0.28849
v 0.41161 0.81834 -0.31161
v 0.26564 0.85939 -0.50652
v 0.21033 0.77631 -0.45554
v 0.33311 0.75345 -0.28849
v -0.01509 0.90392 -0.61135
v 0.21033 0.77631 -0.45554
v 0.26564 0.85939 -0.50652
v -0.01509 0.90392 -0.61135
v -0.01179 0.82249 -0.50969
v 0.21033 0.77631 -0.45554
v 0.06256 1.65996 -0.44474
v 0.05794 1.63862 -0.50586
v 0.19027 1.58874 -0.51553
v 0.06256 1.65996 -0.44474
v -0.08649 1.57638 -0.48937
v 0.05794 1.63862 -0.50586
v -0.10142 1.57697 -0.43615
v -0.08649 1.57638 -0.48937
v 0.06256 1.65996 -0.44474
v -0.10142 1.57697 -0.43615
v -0.10718 1.38335 -0.49915
v -0.08649 1.57638 -0.48937
v 0.19027 1.58874 -0.51553
v 0.20961 1.60194 -0.45636
v 0.06256 1.65996 -0.44474
v 0.23240 1.39069 -0.49077
v 0.20961 1.60194 -0.45636
v 0.19027 1.58874 -0.51553
v -0.04080 1.56026 -0.77611
v -0.04856 1.57324 -1.07408
v 0.03933 1.62824 -0.79489
v -0.06631 1.49133 -1.07160
v -0.04856 1.57324 -1.07408
v -0.04080 1.56026 -0.77611
v -0.06631 1.49133 -1.07160
v -0.03688 1.50225 -1.09993
v -0.04856 1.57324 -1.07408
v 0.01603 1.48241 -1.10420
v -0.03688 1.50225 -1.09993
v -0.06631 1.49133 -1.07160
v 0.01603 1.48241 -1.10420
v 0.01257 1.48262 -1.15242
v -0.03688 1.50225 -1.09993
v 0.03886 1.35690 -0.80917
v -0.06719 1.43412 -0.78334
v 0.04754 1.33312 -0.74131
v 0.03886 1.35690 -0.80917
v -0.06631 1.49133 -1.07160
v -0.06719 1.43412 -0.78334
v 0.01949 1.45011 -1.08108
v -0.06631 1.49133 -1.07160
v 0.03886 1.35690 -0.80917
v 0.01949 1.45011 -1.08108
v 0.01603 1.48241 -1.10420
v -0.06631 1.49133 -1.07160
v -0.24935 1.54997 -0.10430
v -0.39899 1.42344 0.04062
v -0.28401 1.53748 -0.14487
v -0.16794 1.54458 -0.07573
v -0.39899 1.42344 0.04062
v -0.24935 1.54997 -0.10430
v 0.11721 2.03795 -0.19475
v 0.09223 2.03374 -0.19788
v 0.10097 1.95697 -0.17243
v 0.11253 2.05705 -0.17087
v 0.09223 2.03374 -0.19788
v 0.11721 2.03795 -0.19475
v 0.11253 2.05705 -0.17087
v 0.09005 2.04572 -0.17816
v 0.09223 2.03374 -0.19788
v 0.05592 2.04087 -0.12368
v 0.09005 2.04572 -0.17816
v 0.11253 2.05705 -0.17087
v 0.05592 2.04087 -0.12368
v 0.09223 2.03374 -0.19788
v 0.09005 2.04572 -0.17816
v 0.07232 1.95997 -0.17646
v 0.09223 2.03374 -0.19788
v 0.05592 2.04087 -0.12368
v 0.07232 1.95997 -0.17646
v 0.10097 1.95697 -0.17243
v 0.09223 2.03374 -0.19788
v 0.05745 1.94147 -0.12861
v 0.10097 1.95697 -0.17243
v 0.07232 1.95997 -0.17646
v -0.12365 2.03441 -0.04784
v -0.17621 2.05089 -0.02319
v -0.17645 2.02156 -0.03154
v -0.15149 2.05555 -0.02871
v -0.17621 2.05089 -0.02319
v -0.12365 2.03441 -0.04784
v -0.13085 2.05943 -0.03331
v -0.09301 2.07765 -0.01329
v -0.14679 2.08362 0.01976
v -0.10446 2.03771 -0.03196
v -0.09301 2.07765 -0.01329
v -0.13085 2.05943 -0.03331
v -0.10446 2.03771 -0.03196
v -0.05995 2.07996 -0.07000
v -0.09301 2.07765 -0.01329
v 0.08493 1.81163 -0.16211
v 0.09231 1.71838 -0.12070
v 0.17588 1.72560 -0.06753
v 0.08493 1.81163 -0.16211
v -0.02702 1.75049 -0.17873
v 0.09231 1.71838 -0.12070
v -0.03960 1.80232 -0.17832
v -0.02702 1.75049 -0.17873
v 0.08493 1.81163 -0.16211
v -0.03960 1.80232 -0.17832
v -0.12535 1.71746 -0.14307
v -0.02702 1.75049 -0.17873
v -0.14534 1.78810 -0.14362
v -0.12535 1.71746 -0.14307
v -0.03960 1.80232 -0.17832
v -0.14534 1.78810 -0.14362
v -0.21458 1.77961 -0.07019
v -0.12535 1.71746 -0.14307
v -0.15993 1.88506 -0.10842
v -0.21458 1.77961 -0.07019
v -0.14534 1.78810 -0.14362
v -0.15993 1.88506 -0.10842
v -0.19516 1.89453 -0.04351
v -0.21458 1.77961 -0.07019
v 0.07232 1.95997 -0.17646
v 0.05592 2.04087 -0.12368
v 0.05745 1.94147 -0.12861
v 0.05592 2.04087 -0.12368
v -0.03237 1.94959 -0.12969
v 0.05745 1.94147 -0.12861
v -0.01843 2.02584 -0.13775
v -0.03237 1.94959 -0.12969
v 0.05592 2.04087 -0.12368
v -0.01843 2.02584 -0.13775
v -0.08102 2.03314 -0.09323
v -0.03237 1.94959 -0.12969
v -0.03160 1.60220 -0.08215
v 0.06151 1.66207 -0.11225
v -0.00062 1.68160 -0.14982
v -0.01090 2.05173 -0.13451
v -0.01288 2.02561 0.00800
v 0.05592 2.04087 -0.12368
v -0.08060 2.07233 -0.09551
v -0.01288 2.02561 0.00800
v -0.01090 2.05173 -0.13451
v -0.08060 2.07233 -0.09551
v -0.08482 2.08130 -0.03055
v -0.01288 2.02561 0.00800
v -0.35589 0.73841 0.03570
v -0.24953 0.60694 -0.20618
v -0.32758 0.76154 -0.22840
v -0.28065 0.58956 0.02890
v -0.24953 0.60694 -0.20618
v -0.35589 0.73841 0.03570
v -0.28065 0.58956 0.02890
v -0.15111 0.55152 -0.20436
v -0.24953 0.60694 -0.20618
v -0.15396 0.54116 0.01778
v -0.15111 0.55152 -0.20436
v -0.28065 0.58956 0.02890
v -0.01509 0.90392 -0.61135
v 0.01061 1.04378 -0.61961
v -0.28992 1.01234 -0.50062
v 0.26564 0.85939 -0.50652
v 0.01061 1.04378 -0.61961
v -0.01509 0.90392 -0.61135
v 0.26564 0.85939 -0.50652
v 0.28090 1.03474 -0.55287
v 0.01061 1.04378 -0.61961
v 0.41161 0.81834 -0.31161
v 0.28090 1.03474 -0.55287
v 0.26564 0.85939 -0.50652
v 0.41161 0.81834 -0.31161
v 0.47772 1.00979 -0.33037
v 0.28090 1.03474 -0.55287
v 0.50185 0.79771 -0.03892
v 0.47772 1.00979 -0.33037
v 0.41161 0.81834 -0.31161
v 0.07329 1.68279 -0.24521
v 0.06151 1.72310 -0.25340
v -0.14424 1.58272 -0.22889
v 0.20782 1.70089 -0.15492
v 0.06151 1.72310 -0.25340
v 0.07329 1.68279 -0.24521
v 0.20782 1.70089 -0.15492
v 0.18810 1.77225 -0.17370
v 0.06151 1.72310 -0.25340
v 0.26632 1.69651 -0.01688
v 0.18810 1.77225 -0.17370
v 0.20782 1.70089 -0.15492
v 0.26632 1.69651 -0.01688
v 0.25606 1.77713 -0.01585
v 0.18810 1.77225 -0.17370
v 0.19077 1.77122 -0.01017
v 0.18810 1.77225 -0.17370
v 0.25606 1.77713 -0.01585
v 0.12577 1.76038 -0.11366
v 0.18810 1.77225 -0.17370
v 0.19077 1.77122 -0.01017
v 0.12577 1.76038 -0.11366
v 0.04459 1.72509 -0.18898
v 0.18810 1.77225 -0.17370
v 0.25371 0.61636 -0.24865
v 0.21357 0.53221 -0.01425
v 0.31840 0.60320 -0.02326
v 0.16575 0.54607 -0.21464
v 0.21357 0.53221 -0.01425
v 0.25371 0.61636 -0.24865
v -0.24953 0.60694 -0.20618
v -0.22275 0.79706 -0.42310
v -0.32758 0.76154 -0.22840
v -0.16260 0.63020 -0.42746
v -0.22275 0.79706 -0.42310
v -0.24953 0.60694 -0.20618
v -0.16260 0.63020 -0.42746
v -0.01179 0.82249 -0.50969
v -0.22275 0.79706 -0.42310
v -0.09306 0.36848 -0.33147
v -0.00177 0.36146 -0.29405
v -0.09452 0.31928 -0.33189
v -0.11623 0.51743 -0.31909
v -0.00177 0.36146 -0.29405
v -0.09306 0.36848 -0.33147
v -0.11623 0.51743 -0.31909
v 0.00455 0.48387 -0.25548
v -0.00177 0.36146 -0.29405
v -0.13052 0.55319 -0.28008
v 0.00455 0.48387 -0.25548
v -0.11623 0.51743 -0.31909
v -0.13052 0.55319 -0.28008
v 0.00866 0.48956 -0.19244
v 0.00455 0.48387 -0.25548
v 0.00470 0.33663 -0.28877
v -0.07288 0.29739 -0.33277
v -0.00177 0.36146 -0.29405
v 0.05177 0.19727 -0.30099
v -0.07288 0.29739 -0.33277
v 0.00470 0.33663 -0.28877
v 0.05177 0.19727 -0.30099
v -0.01152 0.17786 -0.33390
v -0.07288 0.29739 -0.33277
v 0.08785 0.35432 -0.33490
v 0.00470 0.33663 -0.28877
v -0.00177 0.36146 -0.29405
v -0.20863 0.00146 -0.41014
v -0.20447 0.05122 -0.41615
v -0.10580 0.00146 -0.42269
v -0.25862 0.00134 -0.33767
v -0.20447 0.05122 -0.41615
v -0.20863 0.00146 -0.41014
v -0.25862 0.00134 -0.33767
v -0.23718 0.06950 -0.33985
v -0.20447 0.05122 -0.41615
v -0.23718 0.06950 -0.33985
v -0.21697 0.05097 -0.26821
v -0.17191 0.10412 -0.28255
v -0.25862 0.00134 -0.33767
v -0.21697 0.05097 -0.26821
v -0.23718 0.06950 -0.33985
v -0.25862 0.00134 -0.33767
v -0.22568 0.00123 -0.27242
v -0.21697 0.05097 -0.26821
v -0.19877 1.68834 -0.07215
v -0.13974 1.60998 -0.05580
v -0.06858 1.65224 -0.12498
v -0.21556 1.66662 0.02505
v -0.13974 1.60998 -0.05580
v -0.19877 1.68834 -0.07215
v -0.21556 1.66662 0.02505
v -0.15072 1.59275 0.01927
v -0.13974 1.60998 -0.05580
v -0.14534 1.78810 -0.14362
v -0.10950 1.87527 -0.15098
v -0.15993 1.88506 -0.10842
v -0.03960 1.80232 -0.17832
v -0.10950 1.87527 -0.15098
v -0.14534 1.78810 -0.14362
v -0.23918 1.77753 0.02729
v -0.21556 1.66662 0.02505
v -0.19877 1.68834 -0.07215
v -0.18699 1.33573 -0.46090
v -0.32621 1.39193 -0.24246
v -0.45251 1.22026 -0.25761
v -0.13430 1.57740 -0.33317
v -0.32621 1.39193 -0.24246
v -0.18699 1.33573 -0.46090
v -0.17548 1.59613 -0.13787
v 0.06151 1.72310 -0.25340
v 0.04459 1.72509 -0.18898
v -0.16812 1.61741 -0.22241
v 0.06151 1.72310 -0.25340
v -0.17548 1.59613 -0.13787
v -0.16812 1.61741 -0.22241
v -0.14424 1.58272 -0.22889
v 0.06151 1.72310 -0.25340
v -0.28121 1.49290 -0.13933
v -0.14424 1.58272 -0.22889
v -0.16812 1.61741 -0.22241
v 0.25313 1.61345 -0.38150
v 0.33825 1.60049 -0.25113
v 0.20782 1.70089 -0.15492
v 0.28118 1.35348 -0.47163
v 0.33825 1.60049 -0.25113
v 0.25313 1.61345 -0.38150
v 0.28118 1.35348 -0.47163
v 0.41572 1.40767 -0.29834
v 0.33825 1.60049 -0.25113
v 0.45992 1.19978 -0.31363
v 0.41572 1.40767 -0.29834
v 0.28118 1.35348 -0.47163
v 0.02445 0.10413 -0.40672
v -0.03168 0.05530 -0.42689
v -0.02893 0.10233 -0.40510
v 0.09375 0.07860 -0.42094
v -0.03168 0.05530 -0.42689
v 0.02445 0.10413 -0.40672
v -0.23718 0.06950 -0.33985
v -0.16410 0.10433 -0.40908
v -0.20447 0.05122 -0.41615
v -0.24667 1.18870 -0.48364
v -0.18699 1.33573 -0.46090
v -0.45251 1.22026 -0.25761
v 0.02729 1.17812 -0.59756
v -0.18699 1.33573 -0.46090
v -0.24667 1.18870 -0.48364
v -0.27750 0.85814 -0.47554
v -0.32758 0.76154 -0.22840
v -0.22275 0.79706 -0.42310
v 0.22649 1.50468 1.34634
v 0.30844 1.50269 1.28611
v 0.21319 1.45388 1.28999
v 0.30380 1.56073 1.24878
v 0.30844 1.50269 1.28611
v 0.22649 1.50468 1.34634
v 0.30380 1.56073 1.24878
v 0.29834 1.51706 1.20840
v 0.30844 1.50269 1.28611
v 0.28314 1.56048 1.18284
v 0.29834 1.51706 1.20840
v 0.30380 1.56073 1.24878
v 0.28314 1.56048 1.18284
v 0.28214 1.51857 1.18857
v 0.29834 1.51706 1.20840
v 0.29757 1.49509 1.23626
v 0.30844 1.50269 1.28611
v 0.29834 1.51706 1.20840
v 0.28532 1.44310 1.24582
v 0.30844 1.50269 1.28611
v 0.29757 1.49509 1.23626
v 0.28532 1.44310 1.24582
v 0.21319 1.45388 1.28999
v 0.30844 1.50269 1.28611
v 0.16088 1.49037 1.17855
v 0.20799 1.50411 1.21562
v 0.17896 1.50552 1.13686
v 0.10509 1.52029 1.23028
v 0.15480 1.47822 1.21483
v 0.16088 1.49037 1.17855
v 0.15743 1.47212 1.25860
v 0.15480 1.47822 1.21483
v 0.10509 1.52029 1.23028
v -0.16671 0.05000 0.30871
v -0.04540 0.00025 0.29527
v -0.17459 0.00023 0.31419
v -0.16671 0.05000 0.30871
v -0.04896 0.04458 0.29832
v -0.04540 0.00025 0.29527
v -0.11984 0.10311 0.31521
v -0.04896 0.04458 0.29832
v -0.16671 0.05000 0.30871
v -0.11984 0.10311 0.31521
v -0.04927 0.09705 0.31975
v -0.04896 0.04458 0.29832
v -0.11492 0.11698 0.37773
v -0.04927 0.09705 0.31975
v -0.11984 0.10311 0.31521
v -0.11492 0.11698 0.37773
v -0.04515 0.10514 0.37157
v -0.04927 0.09705 0.31975
v -0.03410 0.04434 0.44226
v -0.12883 0.04975 0.45226
v -0.03051 0.00000 0.44147
v -0.03779 0.09687 0.42498
v -0.12883 0.04975 0.45226
v -0.03410 0.04434 0.44226
v -0.03779 0.09687 0.42498
v -0.09026 0.10289 0.43849
v -0.12883 0.04975 0.45226
v -0.11492 0.11698 0.37773
v -0.09026 0.10289 0.43849
v -0.03779 0.09687 0.42498
v 0.10369 0.19626 0.29501
v 0.14513 0.35321 0.32271
v 0.05524 0.33565 0.29158
v 0.17055 0.21898 0.31317
v 0.14513 0.35321 0.32271
v 0.10369 0.19626 0.29501
v 0.17055 0.21898 0.31317
v 0.14937 0.35680 0.39682
v 0.14513 0.35321 0.32271
v 0.16745 0.21594 0.38316
v 0.14937 0.35680 0.39682
v 0.17055 0.21898 0.31317
v 0.16745 0.21594 0.38316
v 0.11203 0.19732 0.41860
v 0.14937 0.35680 0.39682
v 0.14513 0.35321 0.32271
v 0.04980 0.36046 0.29799
v 0.05524 0.33565 0.29158
v 0.14082 0.39467 0.32514
v 0.04980 0.36046 0.29799
v 0.14513 0.35321 0.32271
v 0.14082 0.39467 0.32514
v 0.04939 0.48300 0.25932
v 0.04980 0.36046 0.29799
v 0.02562 0.48716 0.00204
v 0.20112 0.54538 0.19143
v 0.21357 0.53221 -0.01425
v 0.04254 0.48890 0.19653
v 0.20112 0.54538 0.19143
v 0.02562 0.48716 0.00204
v 0.04254 0.48890 0.19653
v 0.04939 0.48300 0.25932
v 0.20112 0.54538 0.19143
v 0.17599 1.33063 0.73324
v 0.31141 1.45530 0.82077
v 0.32262 1.44425 0.73061
v 0.17918 1.35418 0.80167
v 0.31141 1.45530 0.82077
v 0.17599 1.33063 0.73324
v 0.17918 1.35418 0.80167
v 0.28429 1.49638 1.06407
v 0.31141 1.45530 0.82077
v 0.20714 1.44647 1.07314
v 0.28429 1.49638 1.06407
v 0.17918 1.35418 0.80167
v 0.20714 1.44647 1.07314
v 0.25103 1.50794 1.09588
v 0.28429 1.49638 1.06407
v 0.20773 1.47868 1.09662
v 0.25103 1.50794 1.09588
v 0.20714 1.44647 1.07314
v 0.24388 1.55500 1.09252
v 0.19985 1.57255 1.09747
v 0.19416 1.60205 1.07454
v 0.20453 1.57467 1.14558
v 0.19985 1.57255 1.09747
v 0.24388 1.55500 1.09252
v 0.20453 1.57467 1.14558
v 0.15698 1.54654 1.09916
v 0.19985 1.57255 1.09747
v 0.15974 1.54891 1.14738
v 0.15698 1.54654 1.09916
v 0.20453 1.57467 1.14558
v 0.15974 1.54891 1.14738
v 0.15489 1.49852 1.10163
v 0.15698 1.54654 1.09916
v 0.15658 1.50234 1.14986
v 0.15489 1.49852 1.10163
v 0.15974 1.54891 1.14738
v 0.15658 1.50234 1.14986
v 0.21268 1.47873 1.14471
v 0.15489 1.49852 1.10163
v 0.25044 1.55749 1.14039
v 0.24388 1.55500 1.09252
v 0.25774 1.51185 1.14367
v 0.20453 1.57467 1.14558
v 0.24388 1.55500 1.09252
v 0.25044 1.55749 1.14039
v 0.07769 1.72445 0.19106
v 0.04402 1.64037 0.12159
v 0.14464 1.76001 0.10296
v 0.07769 1.72445 0.19106
v -0.15126 1.54426 0.11567
v 0.04402 1.64037 0.12159
v -0.14794 1.59559 0.17835
v -0.15126 1.54426 0.11567
v 0.07769 1.72445 0.19106
v -0.14794 1.59559 0.17835
v -0.22651 1.54952 0.15790
v -0.15126 1.54426 0.11567
v -0.12606 1.61660 0.26041
v -0.22651 1.54952 0.15790
v -0.14794 1.59559 0.17835
v -0.12606 1.61660 0.26041
v -0.25363 1.53689 0.20381
v -0.22651 1.54952 0.15790
v -0.25185 1.49233 0.19771
v -0.25363 1.53689 0.20381
v -0.12606 1.61660 0.26041
v -0.25185 1.49233 0.19771
v -0.39899 1.42344 0.04062
v -0.25363 1.53689 0.20381
v 0.41596 0.73979 -0.03153
v 0.46013 0.81739 0.24534
v 0.50185 0.79771 -0.03892
v 0.37879 0.75256 0.23593
v 0.46013 0.81739 0.24534
v 0.41596 0.73979 -0.03153
v 0.37879 0.75256 0.23593
v 0.35008 0.85775 0.46269
v 0.46013 0.81739 0.24534
v 0.28675 0.77482 0.42177
v 0.35008 0.85775 0.46269
v 0.37879 0.75256 0.23593
v 0.28675 0.77482 0.42177
v 0.09171 0.90184 0.61463
v 0.35008 0.85775 0.46269
v 0.07735 0.82075 0.51366
v 0.09171 0.90184 0.61463
v 0.28675 0.77482 0.42177
v 0.14561 1.63692 0.50057
v 0.13959 1.65847 0.43964
v 0.27760 1.58705 0.48705
v 0.00048 1.57469 0.50910
v 0.13959 1.65847 0.43964
v 0.14561 1.63692 0.50057
v 0.00048 1.57469 0.50910
v -0.02342 1.57546 0.45927
v 0.13959 1.65847 0.43964
v -0.01826 1.38162 0.52166
v -0.02342 1.57546 0.45927
v 0.00048 1.57469 0.50910
v 0.28644 1.60045 0.42547
v 0.27760 1.58705 0.48705
v 0.13959 1.65847 0.43964
v 0.31477 1.38909 0.45471
v 0.27760 1.58705 0.48705
v 0.28644 1.60045 0.42547
v 0.20773 1.47868 1.09662
v 0.15489 1.49852 1.10163
v 0.21268 1.47873 1.14471
v 0.12101 1.48769 1.07878
v 0.15489 1.49852 1.10163
v 0.20773 1.47868 1.09662
v 0.12101 1.48769 1.07878
v 0.13896 1.56960 1.07842
v 0.15489 1.49852 1.10163
v 0.09507 1.55762 0.78356
v 0.13896 1.56960 1.07842
v 0.12101 1.48769 1.07878
v 0.09507 1.55762 0.78356
v 0.17726 1.62556 0.78843
v 0.13896 1.56960 1.07842
v 0.07028 1.43145 0.79482
v 0.17918 1.35418 0.80167
v 0.17599 1.33063 0.73324
v 0.12101 1.48769 1.07878
v 0.17918 1.35418 0.80167
v 0.07028 1.43145 0.79482
v 0.12101 1.48769 1.07878
v 0.20714 1.44647 1.07314
v 0.17918 1.35418 0.80167
v 0.20773 1.47868 1.09662
v 0.20714 1.44647 1.07314
v 0.12101 1.48769 1.07878
v -0.39899 1.42344 0.04062
v -0.22651 1.54952 0.15790
v -0.25363 1.53689 0.20381
v -0.15126 1.54426 0.11567
v -0.22651 1.54952 0.15790
v -0.39899 1.42344 0.04062
v 0.12625 2.03308 0.19263
v 0.15032 2.03730 0.18524
v 0.13043 1.95640 0.16579
v 0.12625 2.03308 0.19263
v 0.14158 2.05648 0.16260
v 0.15032 2.03730 0.18524
v 0.12071 2.04512 0.17363
v 0.14158 2.05648 0.16260
v 0.12625 2.03308 0.19263
v 0.12071 2.04512 0.17363
v 0.07765 2.04045 0.12585
v 0.14158 2.05648 0.16260
v 0.12625 2.03308 0.19263
v 0.07765 2.04045 0.12585
v 0.12071 2.04512 0.17363
v 0.12625 2.03308 0.19263
v 0.10292 1.95938 0.17473
v 0.07765 2.04045 0.12585
v 0.13043 1.95640 0.16579
v 0.10292 1.95938 0.17473
v 0.12625 2.03308 0.19263
v 0.13043 1.95640 0.16579
v 0.07999 1.94103 0.13011
v 0.10292 1.95938 0.17473
v -0.06248 2.03278 0.11952
v -0.04574 2.07969 0.09315
v 0.00687 2.02534 0.15251
v -0.09617 2.03755 0.06324
v -0.04574 2.07969 0.09315
v -0.06248 2.03278 0.11952
v -0.09617 2.03755 0.06324
v -0.08810 2.07755 0.04300
v -0.04574 2.07969 0.09315
v -0.12192 2.05926 0.06920
v -0.08810 2.07755 0.04300
v -0.09617 2.03755 0.06324
v -0.12192 2.05926 0.06920
v -0.14679 2.08362 0.01976
v -0.08810 2.07755 0.04300
v -0.04486 1.65178 0.14735
v -0.12691 1.60973 0.09138
v -0.18221 1.68802 0.11796
v -0.01585 1.60189 0.09861
v -0.12691 1.60973 0.09138
v -0.04486 1.65178 0.14735
v -0.01585 1.60189 0.09861
v -0.07435 1.57613 0.05718
v -0.12691 1.60973 0.09138
v 0.11289 1.71798 0.11554
v 0.11280 1.81108 0.15792
v 0.18601 1.72540 0.04874
v 0.00540 1.74986 0.19343
v 0.11280 1.81108 0.15792
v 0.11289 1.71798 0.11554
v 0.00540 1.74986 0.19343
v -0.00704 1.80168 0.19538
v 0.11280 1.81108 0.15792
v -0.09763 1.71692 0.17520
v -0.00704 1.80168 0.19538
v 0.00540 1.74986 0.19343
v -0.09763 1.71692 0.17520
v -0.11719 1.78755 0.17944
v -0.00704 1.80168 0.19538
v -0.19810 1.77929 0.11906
v -0.11719 1.78755 0.17944
v -0.09763 1.71692 0.17520
v -0.19810 1.77929 0.11906
v -0.13763 1.88462 0.14762
v -0.11719 1.78755 0.17944
v -0.18355 1.89431 0.08981
v -0.13763 1.88462 0.14762
v -0.19810 1.77929 0.11906
v 0.10292 1.95938 0.17473
v 0.07999 1.94103 0.13011
v 0.07765 2.04045 0.12585
v 0.07765 2.04045 0.12585
v 0.07999 1.94103 0.13011
v -0.00831 1.94912 0.14673
v -0.01585 1.60189 0.09861
v 0.02638 1.68108 0.16016
v 0.08109 1.66169 0.11235
v -0.04486 1.65178 0.14735
v 0.02638 1.68108 0.16016
v -0.01585 1.60189 0.09861
v -0.01288 2.02561 0.00800
v 0.01372 2.05125 0.14811
v 0.07765 2.04045 0.12585
v -0.06166 2.07196 0.12182
v 0.01372 2.05125 0.14811
v -0.01288 2.02561 0.00800
v -0.28065 0.58956 0.02890
v -0.11274 0.55078 0.23611
v -0.15396 0.54116 0.01778
v -0.28065 0.58956 0.02890
v -0.20935 0.60616 0.25511
v -0.11274 0.55078 0.23611
v -0.35589 0.73841 0.03570
v -0.20935 0.60616 0.25511
v -0.28065 0.58956 0.02890
v -0.35589 0.73841 0.03570
v -0.28233 0.76066 0.29100
v -0.20935 0.60616 0.25511
v 0.11848 1.04169 0.61880
v 0.09171 0.90184 0.61463
v -0.19809 1.01056 0.55346
v 0.11848 1.04169 0.61880
v 0.35008 0.85775 0.46269
v 0.09171 0.90184 0.61463
v 0.37316 1.03295 0.50630
v 0.35008 0.85775 0.46269
v 0.11848 1.04169 0.61880
v 0.37316 1.03295 0.50630
v 0.46013 0.81739 0.24534
v 0.35008 0.85775 0.46269
v 0.52853 1.00880 0.25304
v 0.46013 0.81739 0.24534
v 0.37316 1.03295 0.50630
v 0.52853 1.00880 0.25304
v 0.50185 0.79771 -0.03892
v 0.46013 0.81739 0.24534
v 0.26632 1.69651 -0.01688
v 0.21641 1.77170 0.15136
v 0.25606 1.77713 -0.01585
v 0.23259 1.70041 0.12921
v 0.21641 1.77170 0.15136
v 0.26632 1.69651 -0.01688
v 0.23259 1.70041 0.12921
v 0.10550 1.72225 0.25159
v 0.21641 1.77170 0.15136
v 0.11566 1.68197 0.24135
v 0.10550 1.72225 0.25159
v 0.23259 1.70041 0.12921
v 0.11566 1.68197 0.24135
v -0.10144 1.58189 0.26255
v 0.10550 1.72225 0.25159
v -0.14794 1.59559 0.17835
v 0.10550 1.72225 0.25159
v -0.12606 1.61660 0.26041
v 0.07769 1.72445 0.19106
v 0.10550 1.72225 0.25159
v -0.14794 1.59559 0.17835
v 0.07769 1.72445 0.19106
v 0.21641 1.77170 0.15136
v 0.10550 1.72225 0.25159
v 0.14464 1.76001 0.10296
v 0.21641 1.77170 0.15136
v 0.07769 1.72445 0.19106
v 0.14464 1.76001 0.10296
v 0.19077 1.77122 -0.01017
v 0.21641 1.77170 0.15136
v 0.19077 1.77122 -0.01017
v 0.25606 1.77713 -0.01585
v 0.21641 1.77170 0.15136
v 0.21357 0.53221 -0.01425
v 0.29366 0.61559 0.20996
v 0.31840 0.60320 -0.02326
v 0.20112 0.54538 0.19143
v 0.29366 0.61559 0.20996
v 0.21357 0.53221 -0.01425
v -0.20935 0.60616 0.25511
v -0.08546 0.62871 0.45810
v -0.11274 0.55078 0.23611
v -0.14540 0.79556 0.46476
v -0.08546 0.62871 0.45810
v -0.20935 0.60616 0.25511
v -0.14540 0.79556 0.46476
v 0.07735 0.82075 0.51366
v -0.08546 0.62871 0.45810
v -0.07936 0.55220 0.30713
v 0.04939 0.48300 0.25932
v 0.04254 0.48890 0.19653
v -0.05856 0.51631 0.34297
v 0.04939 0.48300 0.25932
v -0.07936 0.55220 0.30713
v -0.05856 0.51631 0.34297
v 0.04980 0.36046 0.29799
v 0.04939 0.48300 0.25932
v -0.03364 0.36733 0.35065
v 0.04980 0.36046 0.29799
v -0.05856 0.51631 0.34297
v -0.03364 0.36733 0.35065
v -0.03501 0.31813 0.35116
v 0.04980 0.36046 0.29799
v 0.10369 0.19626 0.29501
v -0.01355 0.29624 0.34821
v 0.04704 0.17672 0.33831
v 0.05524 0.33565 0.29158
v -0.01355 0.29624 0.34821
v 0.10369 0.19626 0.29501
v 0.05524 0.33565 0.29158
v 0.04980 0.36046 0.29799
v -0.01355 0.29624 0.34821
v -0.20935 0.60616 0.25511
v -0.28233 0.76066 0.29100
v -0.14540 0.79556 0.46476
v -0.19574 0.00012 0.38415
v -0.12883 0.04975 0.45226
v -0.17422 0.06828 0.38282
v -0.13398 0.00001 0.44689
v -0.12883 0.04975 0.45226
v -0.19574 0.00012 0.38415
v -0.13398 0.00001 0.44689
v -0.03051 0.00000 0.44147
v -0.12883 0.04975 0.45226
v -0.19574 0.00012 0.38415
v -0.16671 0.05000 0.30871
v -0.17459 0.00023 0.31419
v -0.17422 0.06828 0.38282
v -0.16671 0.05000 0.30871
v -0.19574 0.00012 0.38415
v -0.17422 0.06828 0.38282
v -0.11984 0.10311 0.31521
v -0.16671 0.05000 0.30871
v -0.08060 1.87471 0.18079
v -0.11719 1.78755 0.17944
v -0.13763 1.88462 0.14762
v -0.00704 1.80168 0.19538
v -0.11719 1.78755 0.17944
v -0.08060 1.87471 0.18079
v -0.04574 2.07969 0.09315
v 0.01121 2.06731 0.12167
v 0.00687 2.02534 0.15251
v -0.27837 1.39100 0.30673
v -0.10349 1.33410 0.49762
v -0.40020 1.21924 0.34292
v -0.07361 1.57622 0.36352
v -0.10349 1.33410 0.49762
v -0.27837 1.39100 0.30673
v -0.12606 1.61660 0.26041
v -0.10144 1.58189 0.26255
v -0.25185 1.49233 0.19771
v 0.10550 1.72225 0.25159
v -0.10144 1.58189 0.26255
v -0.12606 1.61660 0.26041
v 0.03161 0.00023 0.30058
v 0.15318 0.07808 0.30356
v 0.16215 0.00021 0.30122
v 0.03026 0.05448 0.29570
v 0.15318 0.07808 0.30356
v 0.03161 0.00023 0.30058
v -0.17422 0.06828 0.38282
v -0.12883 0.04975 0.45226
v -0.09026 0.10289 0.43849
v -0.10349 1.33410 0.49762
v -0.15839 1.18698 0.52984
v -0.40020 1.21924 0.34292
v 0.13115 1.17610 0.59465
v -0.15839 1.18698 0.52984
v -0.10349 1.33410 0.49762
v -0.19026 0.85644 0.52608
v -0.14540 0.79556 0.46476
v -0.28233 0.76066 0.29100
v 0.08435 1.56500 -1.27040
v -0.00868 1.50925 -1.35331
v 0.08244 1.50708 -1.30817
v 0.09399 0.54235 -0.43665
v 0.09847 0.50513 -0.32432
v 0.11260 0.53665 -0.29017
v 0.09399 0.54235 -0.43665
v 0.07793 0.40084 -0.41199
v 0.09847 0.50513 -0.32432
v -0.01441 0.35739 -0.44489
v 0.07793 0.40084 -0.41199
v 0.09399 0.54235 -0.43665
v -0.01441 0.35739 -0.44489
v -0.01044 0.33832 -0.45195
v 0.07793 0.40084 -0.41199
v -0.06323 0.29616 -0.41992
v -0.01044 0.33832 -0.45195
v -0.01441 0.35739 -0.44489
v -0.06323 0.29616 -0.41992
v -0.00397 0.17990 -0.40701
v -0.01044 0.33832 -0.45195
v 0.15137 0.64299 -0.45440
v 0.09399 0.54235 -0.43665
v 0.11260 0.53665 -0.29017
v -0.02468 0.51487 -0.48313
v 0.09399 0.54235 -0.43665
v 0.15137 0.64299 -0.45440
v -0.02468 0.51487 -0.48313
v -0.01441 0.35739 -0.44489
v 0.09399 0.54235 -0.43665
v -0.09096 0.36757 -0.42582
v -0.01441 0.35739 -0.44489
v -0.02468 0.51487 -0.48313
v -0.09096 0.36757 -0.42582
v -0.08879 0.32019 -0.42438
v -0.01441 0.35739 -0.44489
v -0.02717 0.63470 -0.50047
v -0.02468 0.51487 -0.48313
v 0.15137 0.64299 -0.45440
v -0.11655 0.52916 -0.43620
v -0.02468 0.51487 -0.48313
v -0.02717 0.63470 -0.50047
v -0.11655 0.52916 -0.43620
v -0.09096 0.36757 -0.42582
v -0.02468 0.51487 -0.48313
v 0.00650 1.60570 -1.07969
v -0.03439 1.55026 -1.09770
v 0.00812 1.57627 -1.10335
v -0.04856 1.57324 -1.07408
v -0.03439 1.55026 -1.09770
v 0.00650 1.60570 -1.07969
v -0.04856 1.57324 -1.07408
v -0.03688 1.50225 -1.09993
v -0.03439 1.55026 -1.09770
v 0.16357 1.57083 -0.75863
v 0.16582 1.45813 -0.85051
v 0.19244 1.44678 -0.76369
v 0.14425 1.56591 -0.83511
v 0.16582 1.45813 -0.85051
v 0.16357 1.57083 -0.75863
v 0.14425 1.56591 -0.83511
v 0.09706 1.50002 -1.08532
v 0.16582 1.45813 -0.85051
v 0.07658 1.57260 -1.08462
v 0.09706 1.50002 -1.08532
v 0.14425 1.56591 -0.83511
v 0.07658 1.57260 -1.08462
v 0.05880 1.51167 -1.11086
v 0.09706 1.50002 -1.08532
v -0.04080 1.56026 -0.77611
v -0.06719 1.43412 -0.78334
v -0.06631 1.49133 -1.07160
v 0.04459 1.72509 -0.18898
v 0.06151 1.72310 -0.25340
v 0.18810 1.77225 -0.17370
v 0.03933 1.62824 -0.79489
v -0.04856 1.57324 -1.07408
v 0.00650 1.60570 -1.07969
v 0.04601 1.62963 -0.72314
v 0.14425 1.56591 -0.83511
v 0.16357 1.57083 -0.75863
v -0.00177 0.36146 -0.29405
v -0.07288 0.29739 -0.33277
v -0.09452 0.31928 -0.33189
v -0.06323 0.29616 -0.41992
v -0.01441 0.35739 -0.44489
v -0.08879 0.32019 -0.42438
v -0.24953 0.60694 -0.20618
v -0.15111 0.55152 -0.20436
v -0.16260 0.63020 -0.42746
v -0.08102 2.03314 -0.09323
v -0.09283 1.98350 -0.09046
v -0.03237 1.94959 -0.12969
v 0.28118 1.35348 -0.47163
v 0.28280 1.17890 -0.51561
v 0.45992 1.19978 -0.31363
v 0.15381 0.50405 0.31095
v 0.16883 0.54090 0.42249
v 0.16183 0.53569 0.27498
v 0.14870 0.39947 0.40050
v 0.16883 0.54090 0.42249
v 0.15381 0.50405 0.31095
v 0.14870 0.39947 0.40050
v 0.06344 0.35588 0.44873
v 0.16883 0.54090 0.42249
v 0.06855 0.33678 0.45493
v 0.06344 0.35588 0.44873
v 0.14870 0.39947 0.40050
v 0.06855 0.33678 0.45493
v 0.01101 0.29472 0.43237
v 0.06344 0.35588 0.44873
v 0.06711 0.17852 0.40902
v 0.01101 0.29472 0.43237
v 0.06855 0.33678 0.45493
v -0.01526 0.36610 0.44322
v 0.06344 0.35588 0.44873
v -0.01338 0.31872 0.44126
v 0.05998 0.51322 0.48869
v 0.06344 0.35588 0.44873
v -0.01526 0.36610 0.44322
v 0.05998 0.51322 0.48869
v 0.16883 0.54090 0.42249
v 0.06344 0.35588 0.44873
v 0.22844 0.64149 0.43039
v 0.16883 0.54090 0.42249
v 0.05998 0.51322 0.48869
v 0.22844 0.64149 0.43039
v 0.16183 0.53569 0.27498
v 0.16883 0.54090 0.42249
v -0.03862 0.52765 0.45841
v 0.05998 0.51322 0.48869
v -0.01526 0.36610 0.44322
v 0.06056 0.63300 0.50660
v 0.05998 0.51322 0.48869
v -0.03862 0.52765 0.45841
v 0.06056 0.63300 0.50660
v 0.22844 0.64149 0.43039
v 0.05998 0.51322 0.48869
v 0.19416 1.60205 1.07454
v 0.13896 1.56960 1.07842
v 0.17726 1.62556 0.78843
v 0.15698 1.54654 1.09916
v 0.13896 1.56960 1.07842
v 0.19416 1.60205 1.07454
v 0.15698 1.54654 1.09916
v 0.15489 1.49852 1.10163
v 0.13896 1.56960 1.07842
v 0.26402 1.56896 1.06717
v 0.28429 1.49638 1.06407
v 0.25103 1.50794 1.09588
v 0.28753 1.56313 0.80969
v 0.28429 1.49638 1.06407
v 0.26402 1.56896 1.06717
v 0.28753 1.56313 0.80969
v 0.31141 1.45530 0.82077
v 0.28429 1.49638 1.06407
v 0.29333 1.56831 0.73104
v 0.31141 1.45530 0.82077
v 0.28753 1.56313 0.80969
v 0.29333 1.56831 0.73104
v 0.32262 1.44425 0.73061
v 0.31141 1.45530 0.82077
v 0.09507 1.55762 0.78356
v 0.12101 1.48769 1.07878
v 0.07028 1.43145 0.79482
v -0.16835 2.05074 0.06705
v -0.14305 2.05538 0.06822
v -0.11232 2.03419 0.08218
v 0.19416 1.60205 1.07454
v 0.19985 1.57255 1.09747
v 0.15698 1.54654 1.09916
v 0.17142 1.62719 0.71661
v 0.29333 1.56831 0.73104
v 0.28753 1.56313 0.80969
v 0.04980 0.36046 0.29799
v -0.03501 0.31813 0.35116
v -0.01355 0.29624 0.34821
v 0.14937 0.35680 0.39682
v 0.14082 0.39467 0.32514
v 0.14513 0.35321 0.32271
v 0.01101 0.29472 0.43237
v -0.01338 0.31872 0.44126
v 0.06344 0.35588 0.44873
v 0.35948 1.35195 0.42730
v 0.50816 1.19884 0.24026
v 0.36863 1.17723 0.46975
vt 0.26735 0.44988
vt 0.28530 0.41125
vt 0.28561 0.44909
vt 0.26735 0.44988
vt 0.26867 0.38972
vt 0.28530 0.41125
vt 0.13755 0.33248
vt 0.11391 0.33380
vt 0.14890 0.31399
vt 0.13860 0.28437
vt 0.08275 0.31815
vt 0.09630 0.28599
vt 0.13860 0.28437
vt 0.14076 0.29804
vt 0.08275 0.31815
vt 0.09220 0.28574
vt 0.06333 0.25846
vt 0.07340 0.25561
vt 0.28711 0.47426
vt 0.28697 0.44997
vt 0.33954 0.42869
vt 0.13860 0.28437
vt 0.17973 0.27126
vt 0.18143 0.27946
vt 0.15242 0.34501
vt 0.19036 0.33767
vt 0.19703 0.35491
vt 0.15432 0.43110
vt 0.19260 0.41282
vt 0.18708 0.43428
vt 0.16258 0.33374
vt 0.19036 0.33767
vt 0.15242 0.34501
vt 0.28711 0.47426
vt 0.33954 0.42869
vt 0.33728 0.45873
vt 0.75828 0.67910
vt 0.78223 0.67910
vt 0.78223 0.58504
vt 0.99170 0.50487
vt 0.96469 0.52410
vt 0.99170 0.54809
vt 0.78223 0.58504
vt 0.78223 0.67910
vt 0.75828 0.67910
vt 0.94910 0.40880
vt 0.99170 0.50487
vt 0.96469 0.52410
vt 0.99170 0.41187
vt 0.99170 0.50487
vt 0.94910 0.40880
vt 0.99170 0.50487
vt 0.94910 0.40880
vt 0.96469 0.52410
vt 0.96469 0.52410
vt 0.99170 0.50487
vt 0.99170 0.54809
vt 0.94910 0.40880
vt 0.99170 0.50487
vt 0.99170 0.41187
vt 0.85627 0.21471
vt 0.83837 0.19623
vt 0.81454 0.22419
vt 0.83837 0.19623
vt 0.85627 0.21471
vt 0.81454 0.22419
vt 0.90630 0.18682
vt 0.92219 0.14777
vt 0.89690 0.18682
vt 0.92219 0.14777
vt 0.89690 0.18682
vt 0.89646 0.14777
vt 0.92219 0.14777
vt 0.90630 0.18682
vt 0.89690 0.18682
vt 0.03424 0.13440
vt 0.03925 0.11526
vt 0.03361 0.11001
vt 0.01240 0.12267
vt 0.00931 0.13824
vt 0.03424 0.13440
vt 0.94604 0.18019
vt 0.94604 0.13625
vt 0.94604 0.13625
vt 0.94604 0.13625
vt 0.94604 0.13625
vt 0.94604 0.18019
vt 0.73174 0.43951
vt 0.72583 0.41613
vt 0.61014 0.45916
vt 0.35724 0.48909
vt 0.43197 0.49523
vt 0.35724 0.47257
vt 0.88707 0.39431
vt 0.97156 0.39431
vt 0.98513 0.40475
vt 0.33169 0.10586
vt 0.31613 0.07938
vt 0.33169 0.07938
vt 0.98513 0.34754
vt 0.97156 0.30792
vt 0.98513 0.30792
vt 0.10373 0.00369
vt 0.14192 0.00369
vt 0.07976 0.06311
vt 0.03424 0.13440
vt 0.03361 0.11001
vt 0.01240 0.12267
vt 0.35173 0.05300
vt 0.37800 0.05578
vt 0.36030 0.07609
vt 0.96784 0.18869
vt 0.96784 0.16342
vt 0.96784 0.16342
vt 0.96784 0.16342
vt 0.96784 0.16342
vt 0.96784 0.18869
vt 0.96784 0.16342
vt 0.96784 0.16342
vt 0.96784 0.18869
vt 0.96784 0.18869
vt 0.96784 0.16342
vt 0.96784 0.16342
vt 0.96784 0.16342
vt 0.96784 0.16342
vt 0.96784 0.18869
vt 0.96784 0.16342
vt 0.96784 0.18869
vt 0.96784 0.16342
vt 0.03424 0.13440
vt 0.04277 0.13647
vt 0.03925 0.11526
vt 0.75828 0.67910
vt 0.78223 0.58504
vt 0.75828 0.58504
vt 0.78223 0.58504
vt 0.75828 0.67910
vt 0.75828 0.58504
vt 0.26735 0.44988
vt 0.28530 0.41125
vt 0.26867 0.38972
vt 0.26735 0.44988
vt 0.28561 0.44909
vt 0.28530 0.41125
vt 0.13755 0.33248
vt 0.14890 0.31399
vt 0.11391 0.33380
vt 0.13860 0.28437
vt 0.08275 0.31815
vt 0.14076 0.29804
vt 0.13860 0.28437
vt 0.09630 0.28599
vt 0.08275 0.31815
vt 0.09220 0.28574
vt 0.07340 0.25561
vt 0.06333 0.25846
vt 0.28711 0.47426
vt 0.33954 0.42869
vt 0.28697 0.44997
vt 0.13860 0.28437
vt 0.18143 0.27946
vt 0.17973 0.27126
vt 0.15242 0.34501
vt 0.19703 0.35491
vt 0.19036 0.33767
vt 0.15432 0.43110
vt 0.18708 0.43428
vt 0.19260 0.41282
vt 0.16258 0.33374
vt 0.15242 0.34501
vt 0.19036 0.33767
vt 0.28711 0.47426
vt 0.33728 0.45873
vt 0.33954 0.42869
vt 0.99170 0.50487
vt 0.96469 0.52410
vt 0.94910 0.40880
vt 0.75828 0.67910
vt 0.78223 0.58504
vt 0.78223 0.67910
vt 0.99170 0.50487
vt 0.99170 0.54809
vt 0.96469 0.52410
vt 0.78223 0.58504
vt 0.75828 0.67910
vt 0.78223 0.67910
vt 0.99170 0.41187
vt 0.94910 0.40880
vt 0.99170 0.50487
vt 0.96469 0.52410
vt 0.99170 0.54809
vt 0.99170 0.50487
vt 0.96469 0.52410
vt 0.99170 0.50487
vt 0.94910 0.40880
vt 0.94910 0.40880
vt 0.99170 0.41187
vt 0.99170 0.50487
vt 0.85627 0.21471
vt 0.81454 0.22419
vt 0.83837 0.19623
vt 0.83837 0.19623
vt 0.81454 0.22419
vt 0.85627 0.21471
vt 0.90630 0.18682
vt 0.89690 0.18682
vt 0.92219 0.14777
vt 0.92219 0.14777
vt 0.89690 0.18682
vt 0.90630 0.18682
vt 0.92219 0.14777
vt 0.89646 0.14777
vt 0.89690 0.18682
vt 0.03424 0.13440
vt 0.03361 0.11001
vt 0.03925 0.11526
vt 0.01240 0.12267
vt 0.03424 0.13440
vt 0.00931 0.13824
vt 0.94604 0.18019
vt 0.94604 0.13625
vt 0.94604 0.13625
vt 0.94604 0.13625
vt 0.94604 0.18019
vt 0.94604 0.13625
vt 0.73174 0.43951
vt 0.61014 0.45916
vt 0.72583 0.41613
vt 0.35724 0.48909
vt 0.35724 0.47257
vt 0.43197 0.49523
vt 0.88707 0.39431
vt 0.98513 0.40475
vt 0.97156 0.39431
vt 0.33169 0.10586
vt 0.33169 0.07938
vt 0.31613 0.07938
vt 0.98513 0.34754
vt 0.98513 0.30792
vt 0.97156 0.30792
vt 0.10373 0.00369
vt 0.07976 0.06311
vt 0.14192 0.00369
vt 0.03424 0.13440
vt 0.01240 0.12267
vt 0.03361 0.11001
vt 0.35173 0.05300
vt 0.36030 0.07609
vt 0.37800 0.05578
vt 0.96784 0.18869
vt 0.96784 0.16342
vt 0.96784 0.16342
vt 0.96784 0.16342
vt 0.96784 0.18869
vt 0.96784 0.16342
vt 0.96784 0.16342
vt 0.96784 0.18869
vt 0.96784 0.16342
vt 0.96784 0.18869
vt 0.96784 0.16342
vt 0.96784 0.16342
vt 0.96784 0.16342
vt 0.96784 0.18869
vt 0.96784 0.16342
vt 0.96784 0.16342
vt 0.96784 0.16342
vt 0.96784 0.18869
vt 0.03424 0.13440
vt 0.03925 0.11526
vt 0.04277 0.13647
vt 0.75828 0.67910
vt 0.75828 0.58504
vt 0.78223 0.58504
vt 0.78223 0.58504
vt 0.75828 0.58504
vt 0.75828 0.67910
vt 0.35724 0.47257
vt 0.43197 0.49523
vt 0.43639 0.45379
vt 0.35724 0.47257
vt 0.43639 0.45379
vt 0.43197 0.49523
vt 0.34803 0.38921
vt 0.28530 0.41125
vt 0.34342 0.35390
vt 0.33954 0.42869
vt 0.28530 0.41125
vt 0.34803 0.38921
vt 0.33954 0.42869
vt 0.28697 0.44997
vt 0.28530 0.41125
vt 0.08275 0.31815
vt 0.14890 0.31399
vt 0.11391 0.33380
vt 0.14076 0.29804
vt 0.14890 0.31399
vt 0.08275 0.31815
vt 0.14890 0.31399
vt 0.16097 0.32575
vt 0.13755 0.33248
vt 0.18662 0.29210
vt 0.16097 0.32575
vt 0.14890 0.31399
vt 0.18662 0.29210
vt 0.19094 0.29986
vt 0.16097 0.32575
vt 0.26799 0.47445
vt 0.28561 0.44909
vt 0.28282 0.47248
vt 0.26735 0.44988
vt 0.28561 0.44909
vt 0.26799 0.47445
vt 0.18143 0.27946
vt 0.14076 0.29804
vt 0.13860 0.28437
vt 0.18662 0.29210
vt 0.14076 0.29804
vt 0.18143 0.27946
vt 0.18662 0.29210
vt 0.14890 0.31399
vt 0.14076 0.29804
vt 0.18922 0.27638
vt 0.18662 0.29210
vt 0.18143 0.27946
vt 0.19544 0.29113
vt 0.18662 0.29210
vt 0.18922 0.27638
vt 0.04585 0.25242
vt 0.06333 0.25846
vt 0.05129 0.26235
vt 0.06010 0.24826
vt 0.06333 0.25846
vt 0.04585 0.25242
vt 0.00993 0.33627
vt 0.02230 0.38412
vt 0.00379 0.37261
vt 0.00993 0.33627
vt 0.03773 0.34091
vt 0.02230 0.38412
vt 0.04283 0.32086
vt 0.03773 0.34091
vt 0.00993 0.33627
vt 0.04283 0.32086
vt 0.08275 0.31815
vt 0.03773 0.34091
vt 0.04945 0.28989
vt 0.08275 0.31815
vt 0.04283 0.32086
vt 0.04945 0.28989
vt 0.07415 0.28482
vt 0.08275 0.31815
vt 0.05129 0.26235
vt 0.07415 0.28482
vt 0.04945 0.28989
vt 0.05129 0.26235
vt 0.06333 0.25846
vt 0.07415 0.28482
vt 0.05129 0.26235
vt 0.03037 0.29320
vt 0.04024 0.25965
vt 0.04945 0.28989
vt 0.03037 0.29320
vt 0.05129 0.26235
vt 0.04945 0.28989
vt 0.04283 0.32086
vt 0.03037 0.29320
vt 0.19703 0.35491
vt 0.21433 0.41151
vt 0.19260 0.41282
vt 0.21477 0.35871
vt 0.21433 0.41151
vt 0.19703 0.35491
vt 0.06997 0.35964
vt 0.07092 0.41456
vt 0.02230 0.38412
vt 0.06997 0.35964
vt 0.10575 0.41502
vt 0.07092 0.41456
vt 0.11391 0.33380
vt 0.10575 0.41502
vt 0.06997 0.35964
vt 0.11391 0.33380
vt 0.15242 0.34501
vt 0.10575 0.41502
vt 0.13754 0.33230
vt 0.15242 0.34501
vt 0.11391 0.33380
vt 0.13754 0.33230
vt 0.16258 0.33374
vt 0.15242 0.34501
vt 0.06997 0.35964
vt 0.03773 0.34091
vt 0.08275 0.31815
vt 0.02230 0.38412
vt 0.03773 0.34091
vt 0.06997 0.35964
vt 0.23387 0.38973
vt 0.26867 0.38972
vt 0.24284 0.40030
vt 0.24338 0.36909
vt 0.26867 0.38972
vt 0.23387 0.38973
vt 0.24338 0.36909
vt 0.30218 0.35886
vt 0.26867 0.38972
vt 0.25796 0.34649
vt 0.30218 0.35886
vt 0.24338 0.36909
vt 0.25796 0.34649
vt 0.26805 0.33300
vt 0.30218 0.35886
vt 0.07415 0.28482
vt 0.09220 0.28574
vt 0.08275 0.31815
vt 0.06333 0.25846
vt 0.09220 0.28574
vt 0.07415 0.28482
vt 0.06957 0.43764
vt 0.07092 0.41456
vt 0.11102 0.43858
vt 0.03073 0.41528
vt 0.07092 0.41456
vt 0.06957 0.43764
vt 0.03073 0.41528
vt 0.02230 0.38412
vt 0.07092 0.41456
vt 0.30218 0.35886
vt 0.28530 0.41125
vt 0.26867 0.38972
vt 0.30218 0.35886
vt 0.34342 0.35390
vt 0.28530 0.41125
vt 0.29697 0.31700
vt 0.34342 0.35390
vt 0.30218 0.35886
vt 0.29697 0.31700
vt 0.32670 0.32133
vt 0.34342 0.35390
vt 0.03073 0.41528
vt 0.06957 0.43764
vt 0.02942 0.43563
vt 0.08275 0.31815
vt 0.11391 0.33380
vt 0.06997 0.35964
vt 0.75828 0.67910
vt 0.78223 0.58504
vt 0.78223 0.67910
vt 0.75828 0.66409
vt 0.78223 0.58504
vt 0.75828 0.67910
vt 0.75828 0.58504
vt 0.75828 0.67910
vt 0.75828 0.67910
vt 0.75828 0.58504
vt 0.75828 0.67910
vt 0.75828 0.58504
vt 0.94028 0.21471
vt 0.92280 0.19623
vt 0.92280 0.21471
vt 0.94028 0.21471
vt 0.95855 0.19646
vt 0.92280 0.19623
vt 0.97067 0.23633
vt 0.95855 0.19646
vt 0.94028 0.21471
vt 0.97067 0.23633
vt 0.99248 0.18501
vt 0.95855 0.19646
vt 0.92280 0.19623
vt 0.94028 0.21471
vt 0.92280 0.21471
vt 0.95855 0.19646
vt 0.94028 0.21471
vt 0.92280 0.19623
vt 0.95855 0.19646
vt 0.97067 0.23633
vt 0.94028 0.21471
vt 0.99248 0.18501
vt 0.97067 0.23633
vt 0.95855 0.19646
vt 0.81189 0.29857
vt 0.88091 0.26722
vt 0.83399 0.26722
vt 0.87600 0.29857
vt 0.88091 0.26722
vt 0.81189 0.29857
vt 0.87600 0.29857
vt 0.90709 0.26722
vt 0.88091 0.26722
vt 0.91005 0.29857
vt 0.90709 0.26722
vt 0.87600 0.29857
vt 0.91005 0.29857
vt 0.99567 0.29857
vt 0.90709 0.26722
vt 0.83856 0.26722
vt 0.87600 0.29857
vt 0.81189 0.29857
vt 0.88240 0.26722
vt 0.87600 0.29857
vt 0.83856 0.26722
vt 0.88240 0.26722
vt 0.91005 0.29857
vt 0.87600 0.29857
vt 0.91137 0.26722
vt 0.91005 0.29857
vt 0.88240 0.26722
vt 0.91137 0.26722
vt 0.99032 0.26722
vt 0.91005 0.29857
vt 0.95855 0.19646
vt 0.93024 0.18501
vt 0.99248 0.18501
vt 0.92280 0.19623
vt 0.93024 0.18501
vt 0.95855 0.19646
vt 0.74804 0.26920
vt 0.68831 0.30214
vt 0.74804 0.30214
vt 0.68831 0.26920
vt 0.68831 0.30214
vt 0.74804 0.26920
vt 0.68831 0.26920
vt 0.60516 0.26920
vt 0.68831 0.30214
vt 0.61549 0.25073
vt 0.60516 0.26920
vt 0.68831 0.26920
vt 0.61549 0.25073
vt 0.57375 0.25073
vt 0.60516 0.26920
vt 0.63479 0.18470
vt 0.57375 0.25073
vt 0.61549 0.25073
vt 0.63479 0.18470
vt 0.57375 0.18470
vt 0.57375 0.25073
vt 0.57375 0.13494
vt 0.57375 0.18470
vt 0.63479 0.18470
vt 0.57375 0.13494
vt 0.51859 0.18470
vt 0.57375 0.18470
vt 0.51928 0.13494
vt 0.51859 0.18470
vt 0.57375 0.13494
vt 0.51928 0.13494
vt 0.44037 0.18470
vt 0.51859 0.18470
vt 0.44037 0.13494
vt 0.44037 0.18470
vt 0.51928 0.13494
vt 0.44037 0.13494
vt 0.38571 0.13494
vt 0.44037 0.18470
vt 0.44037 0.01455
vt 0.38571 0.13494
vt 0.44037 0.13494
vt 0.44037 0.01455
vt 0.38571 0.01455
vt 0.38571 0.13494
vt 0.51928 0.13494
vt 0.44037 0.01455
vt 0.44037 0.13494
vt 0.51928 0.13494
vt 0.50343 0.04161
vt 0.44037 0.01455
vt 0.57375 0.13494
vt 0.50343 0.04161
vt 0.51928 0.13494
vt 0.57375 0.13494
vt 0.57375 0.04423
vt 0.50343 0.04161
vt 0.63479 0.13494
vt 0.57375 0.04423
vt 0.57375 0.13494
vt 0.63479 0.13494
vt 0.63479 0.03496
vt 0.57375 0.04423
vt 0.68831 0.13494
vt 0.63479 0.03496
vt 0.63479 0.13494
vt 0.68831 0.13494
vt 0.68831 0.01455
vt 0.63479 0.03496
vt 0.74804 0.13494
vt 0.68831 0.01455
vt 0.68831 0.13494
vt 0.74804 0.13494
vt 0.74804 0.01455
vt 0.68831 0.01455
vt 0.55836 0.34523
vt 0.52985 0.31353
vt 0.66386 0.31353
vt 0.46834 0.36702
vt 0.52985 0.31353
vt 0.55836 0.34523
vt 0.46834 0.36702
vt 0.47893 0.31353
vt 0.52985 0.31353
vt 0.26706 0.12897
vt 0.21575 0.08280
vt 0.26706 0.07203
vt 0.20692 0.17602
vt 0.21575 0.08280
vt 0.26706 0.12897
vt 0.20692 0.17602
vt 0.16417 0.08071
vt 0.21575 0.08280
vt 0.17386 0.18438
vt 0.16417 0.08071
vt 0.20692 0.17602
vt 0.17386 0.18438
vt 0.11697 0.15857
vt 0.16417 0.08071
vt 0.13795 0.26016
vt 0.11697 0.15857
vt 0.17386 0.18438
vt 0.13795 0.26016
vt 0.07359 0.13553
vt 0.11697 0.15857
vt 0.09406 0.24288
vt 0.07359 0.13553
vt 0.13795 0.26016
vt 0.35173 0.05300
vt 0.37667 0.03456
vt 0.37800 0.05578
vt 0.35099 0.03777
vt 0.37667 0.03456
vt 0.35173 0.05300
vt 0.35099 0.03777
vt 0.34298 0.00971
vt 0.37667 0.03456
vt 0.31491 0.05271
vt 0.32672 0.05199
vt 0.32062 0.06349
vt 0.32681 0.03761
vt 0.32672 0.05199
vt 0.31491 0.05271
vt 0.32681 0.03761
vt 0.33796 0.03639
vt 0.32672 0.05199
vt 0.34298 0.00971
vt 0.33796 0.03639
vt 0.32681 0.03761
vt 0.34298 0.00971
vt 0.35099 0.03777
vt 0.33796 0.03639
vt 0.32062 0.06349
vt 0.35173 0.05300
vt 0.36030 0.07609
vt 0.32672 0.05199
vt 0.35173 0.05300
vt 0.32062 0.06349
vt 0.07931 0.07179
vt 0.11697 0.15857
vt 0.07359 0.13553
vt 0.12906 0.08527
vt 0.11697 0.15857
vt 0.07931 0.07179
vt 0.12906 0.08527
vt 0.16417 0.08071
vt 0.11697 0.15857
vt 0.17055 0.00971
vt 0.16417 0.08071
vt 0.12906 0.08527
vt 0.35724 0.33828
vt 0.43738 0.38471
vt 0.42920 0.32912
vt 0.35724 0.37777
vt 0.43738 0.38471
vt 0.35724 0.33828
vt 0.35724 0.37777
vt 0.44632 0.42712
vt 0.43738 0.38471
vt 0.35724 0.41303
vt 0.44632 0.42712
vt 0.35724 0.37777
vt 0.35724 0.41303
vt 0.43639 0.45379
vt 0.44632 0.42712
vt 0.35724 0.44948
vt 0.43639 0.45379
vt 0.35724 0.41303
vt 0.35724 0.44948
vt 0.35724 0.47257
vt 0.43639 0.45379
vt 0.78020 0.29592
vt 0.75725 0.25766
vt 0.75725 0.30154
vt 0.78585 0.29111
vt 0.75725 0.25766
vt 0.78020 0.29592
vt 0.78585 0.29111
vt 0.80179 0.27755
vt 0.75725 0.25766
vt 0.45563 0.69075
vt 0.52439 0.66746
vt 0.45332 0.66641
vt 0.52717 0.68715
vt 0.52439 0.66746
vt 0.45563 0.69075
vt 0.52717 0.68715
vt 0.60034 0.67540
vt 0.52439 0.66746
vt 0.72818 0.98648
vt 0.72818 0.93793
vt 0.68558 0.98648
vt 0.76315 0.93793
vt 0.72818 0.93793
vt 0.72818 0.98648
vt 0.76315 0.93793
vt 0.76846 0.92153
vt 0.72818 0.93793
vt 0.80112 0.92153
vt 0.76846 0.92153
vt 0.76315 0.93793
vt 0.80112 0.92153
vt 0.80112 0.85901
vt 0.76846 0.92153
vt 0.82824 0.91732
vt 0.80112 0.85901
vt 0.80112 0.92153
vt 0.82824 0.91732
vt 0.83659 0.85077
vt 0.80112 0.85901
vt 0.91072 0.83849
vt 0.83659 0.85077
vt 0.82824 0.91732
vt 0.91072 0.83849
vt 0.79404 0.79830
vt 0.83659 0.85077
vt 0.90784 0.79830
vt 0.79404 0.79830
vt 0.91072 0.83849
vt 0.90784 0.79830
vt 0.90072 0.72868
vt 0.79404 0.79830
vt 0.97746 0.79093
vt 0.90072 0.72868
vt 0.90784 0.79830
vt 0.97746 0.79093
vt 0.97835 0.72868
vt 0.90072 0.72868
vt 0.98828 0.62273
vt 0.92507 0.62273
vt 0.98741 0.67540
vt 0.97976 0.56608
vt 0.92507 0.62273
vt 0.98828 0.62273
vt 0.59498 0.60992
vt 0.59647 0.56587
vt 0.51594 0.56270
vt 0.72825 0.62273
vt 0.59647 0.56587
vt 0.59498 0.60992
vt 0.72825 0.62273
vt 0.72825 0.56608
vt 0.59647 0.56587
vt 0.82970 0.62273
vt 0.72825 0.56608
vt 0.72825 0.62273
vt 0.82970 0.62273
vt 0.83636 0.56608
vt 0.72825 0.56608
vt 0.92507 0.62273
vt 0.83636 0.56608
vt 0.82970 0.62273
vt 0.92507 0.62273
vt 0.91929 0.56608
vt 0.83636 0.56608
vt 0.97976 0.56608
vt 0.91929 0.56608
vt 0.92507 0.62273
vt 0.97976 0.56608
vt 0.90237 0.51398
vt 0.91929 0.56608
vt 0.95268 0.51311
vt 0.90237 0.51398
vt 0.97976 0.56608
vt 0.95268 0.51311
vt 0.87162 0.46535
vt 0.90237 0.51398
vt 0.91858 0.44448
vt 0.87162 0.46535
vt 0.95268 0.51311
vt 0.91858 0.44448
vt 0.84557 0.39929
vt 0.87162 0.46535
vt 0.87739 0.39929
vt 0.84557 0.39929
vt 0.91858 0.44448
vt 0.94604 0.13625
vt 0.94604 0.18019
vt 0.94604 0.13625
vt 0.94604 0.13625
vt 0.94604 0.18019
vt 0.94604 0.13625
vt 0.94604 0.18019
vt 0.94604 0.13625
vt 0.94604 0.13625
vt 0.94604 0.13625
vt 0.94604 0.13625
vt 0.94604 0.18019
vt 0.73002 0.51398
vt 0.72825 0.56608
vt 0.83636 0.56608
vt 0.73002 0.51398
vt 0.60011 0.51133
vt 0.72825 0.56608
vt 0.69845 0.49553
vt 0.60011 0.51133
vt 0.73002 0.51398
vt 0.69845 0.49553
vt 0.61014 0.45916
vt 0.60011 0.51133
vt 0.69875 0.46491
vt 0.61014 0.45916
vt 0.69845 0.49553
vt 0.69875 0.46491
vt 0.73174 0.43951
vt 0.61014 0.45916
vt 0.67873 0.93793
vt 0.65272 0.98648
vt 0.68558 0.98648
vt 0.67873 0.93793
vt 0.65272 0.93793
vt 0.65272 0.98648
vt 0.66732 0.92153
vt 0.65272 0.93793
vt 0.67873 0.93793
vt 0.66732 0.92153
vt 0.65272 0.92153
vt 0.65272 0.93793
vt 0.67158 0.90507
vt 0.65272 0.92153
vt 0.66732 0.92153
vt 0.67158 0.90507
vt 0.65272 0.90507
vt 0.65272 0.92153
vt 0.65999 0.83572
vt 0.65272 0.90507
vt 0.67158 0.90507
vt 0.65999 0.83572
vt 0.64162 0.86359
vt 0.65272 0.90507
vt 0.61215 0.79093
vt 0.64162 0.86359
vt 0.65999 0.83572
vt 0.61215 0.79093
vt 0.61377 0.84888
vt 0.64162 0.86359
vt 0.55977 0.84888
vt 0.61377 0.84888
vt 0.61215 0.79093
vt 0.55977 0.84888
vt 0.56523 0.91732
vt 0.61377 0.84888
vt 0.51085 0.84888
vt 0.56523 0.91732
vt 0.55977 0.84888
vt 0.51085 0.84888
vt 0.54366 0.91732
vt 0.56523 0.91732
vt 0.88784 0.21471
vt 0.85627 0.21471
vt 0.83837 0.19623
vt 0.88784 0.21471
vt 0.83820 0.23633
vt 0.85627 0.21471
vt 0.88784 0.23633
vt 0.83820 0.23633
vt 0.88784 0.21471
vt 0.88784 0.23633
vt 0.88784 0.26296
vt 0.83820 0.23633
vt 0.92280 0.23633
vt 0.88784 0.26296
vt 0.88784 0.23633
vt 0.92280 0.23633
vt 0.92280 0.26296
vt 0.88784 0.26296
vt 0.97067 0.23633
vt 0.92280 0.26296
vt 0.92280 0.23633
vt 0.97067 0.23633
vt 0.97072 0.26296
vt 0.92280 0.26296
vt 0.99491 0.23633
vt 0.97072 0.26296
vt 0.97067 0.23633
vt 0.99491 0.23633
vt 0.99523 0.26296
vt 0.97072 0.26296
vt 0.74728 0.43008
vt 0.84557 0.39929
vt 0.72583 0.41613
vt 0.74728 0.43008
vt 0.80216 0.46535
vt 0.84557 0.39929
vt 0.77277 0.46575
vt 0.80216 0.46535
vt 0.74728 0.43008
vt 0.77277 0.46575
vt 0.82227 0.51398
vt 0.80216 0.46535
vt 0.73174 0.43951
vt 0.74728 0.43008
vt 0.72583 0.41613
vt 0.77277 0.46575
vt 0.74728 0.43008
vt 0.73174 0.43951
vt 0.88784 0.21471
vt 0.92280 0.21471
vt 0.88784 0.23633
vt 0.88784 0.19623
vt 0.92280 0.21471
vt 0.88784 0.21471
vt 0.88784 0.19623
vt 0.92280 0.19623
vt 0.92280 0.21471
vt 0.93024 0.18501
vt 0.95855 0.19646
vt 0.99248 0.18501
vt 0.92280 0.19623
vt 0.95855 0.19646
vt 0.93024 0.18501
vt 0.99523 0.26296
vt 0.97067 0.23633
vt 0.97072 0.26296
vt 0.99491 0.23633
vt 0.97067 0.23633
vt 0.99523 0.26296
vt 0.99491 0.23633
vt 0.99248 0.18501
vt 0.97067 0.23633
vt 0.99491 0.23633
vt 0.97067 0.23633
vt 0.99248 0.18501
vt 0.88274 0.18682
vt 0.87124 0.14777
vt 0.89690 0.18682
vt 0.89690 0.18682
vt 0.87124 0.14777
vt 0.88274 0.18682
vt 0.89690 0.18682
vt 0.89646 0.14777
vt 0.87124 0.14777
vt 0.92219 0.14777
vt 0.89646 0.14777
vt 0.89690 0.18682
vt 0.87124 0.14777
vt 0.89646 0.14777
vt 0.89690 0.18682
vt 0.71993 0.39929
vt 0.72583 0.41613
vt 0.84557 0.39929
vt 0.64135 0.41613
vt 0.72583 0.41613
vt 0.71993 0.39929
vt 0.64135 0.41613
vt 0.61014 0.45916
vt 0.72583 0.41613
vt 0.52113 0.48555
vt 0.61014 0.45916
vt 0.64135 0.41613
vt 0.52113 0.48555
vt 0.51756 0.51371
vt 0.61014 0.45916
vt 0.48062 0.51398
vt 0.51756 0.51371
vt 0.52113 0.48555
vt 0.48062 0.51398
vt 0.51594 0.56270
vt 0.51756 0.51371
vt 0.43639 0.45379
vt 0.49027 0.42706
vt 0.44632 0.42712
vt 0.43197 0.49523
vt 0.49027 0.42706
vt 0.43639 0.45379
vt 0.43197 0.49523
vt 0.43195 0.53668
vt 0.49027 0.42706
vt 0.97156 0.30792
vt 0.88707 0.34754
vt 0.88707 0.30792
vt 0.97156 0.34754
vt 0.88707 0.34754
vt 0.97156 0.30792
vt 0.97156 0.34754
vt 0.88707 0.39431
vt 0.88707 0.34754
vt 0.97156 0.39431
vt 0.88707 0.39431
vt 0.97156 0.34754
vt 0.97156 0.39431
vt 0.98513 0.34754
vt 0.98513 0.40475
vt 0.97156 0.34754
vt 0.98513 0.34754
vt 0.97156 0.39431
vt 0.97156 0.34754
vt 0.97156 0.30792
vt 0.98513 0.34754
vt 0.29852 0.07938
vt 0.29852 0.10586
vt 0.28254 0.11709
vt 0.31613 0.07938
vt 0.29852 0.10586
vt 0.29852 0.07938
vt 0.31613 0.07938
vt 0.31613 0.10586
vt 0.29852 0.10586
vt 0.33169 0.10586
vt 0.31613 0.10586
vt 0.31613 0.07938
vt 0.31613 0.10586
vt 0.31613 0.11709
vt 0.29852 0.10586
vt 0.33169 0.10586
vt 0.31613 0.11709
vt 0.31613 0.10586
vt 0.33169 0.10586
vt 0.33169 0.11709
vt 0.31613 0.11709
vt 0.29852 0.10586
vt 0.29852 0.11709
vt 0.28254 0.11709
vt 0.31613 0.11709
vt 0.29852 0.11709
vt 0.29852 0.10586
vt 0.18589 0.27217
vt 0.21705 0.27217
vt 0.21179 0.29525
vt 0.21791 0.20739
vt 0.21705 0.27217
vt 0.18589 0.27217
vt 0.21791 0.20739
vt 0.26438 0.27217
vt 0.21705 0.27217
vt 0.26152 0.21981
vt 0.26438 0.27217
vt 0.21791 0.20739
vt 0.26152 0.21981
vt 0.31833 0.23198
vt 0.26438 0.27217
vt 0.31599 0.18874
vt 0.31833 0.23198
vt 0.26152 0.21981
vt 0.31599 0.18874
vt 0.37633 0.18862
vt 0.31833 0.23198
vt 0.34341 0.12897
vt 0.37633 0.18862
vt 0.31599 0.18874
vt 0.34341 0.12897
vt 0.37873 0.12897
vt 0.37633 0.18862
vt 0.26438 0.27217
vt 0.26911 0.29525
vt 0.21705 0.27217
vt 0.32581 0.27400
vt 0.26911 0.29525
vt 0.26438 0.27217
vt 0.32581 0.27400
vt 0.34132 0.29708
vt 0.26911 0.29525
vt 0.37633 0.27583
vt 0.34132 0.29708
vt 0.32581 0.27400
vt 0.37633 0.27583
vt 0.37633 0.29891
vt 0.34132 0.29708
vt 0.42920 0.32912
vt 0.49027 0.42706
vt 0.42920 0.32156
vt 0.43738 0.38471
vt 0.49027 0.42706
vt 0.42920 0.32912
vt 0.43738 0.38471
vt 0.44632 0.42712
vt 0.49027 0.42706
vt 0.35724 0.31773
vt 0.42920 0.32912
vt 0.42920 0.32156
vt 0.35724 0.33828
vt 0.42920 0.32912
vt 0.35724 0.31773
vt 0.43195 0.53668
vt 0.35724 0.48909
vt 0.35724 0.52518
vt 0.43197 0.49523
vt 0.35724 0.48909
vt 0.43195 0.53668
vt 0.21545 0.00971
vt 0.21545 0.03929
vt 0.17055 0.00971
vt 0.26706 0.00971
vt 0.21545 0.03929
vt 0.21545 0.00971
vt 0.26706 0.00971
vt 0.26706 0.04333
vt 0.21545 0.03929
vt 0.31491 0.05271
vt 0.26706 0.04333
vt 0.26706 0.00971
vt 0.31491 0.05271
vt 0.26706 0.07203
vt 0.26706 0.04333
vt 0.32062 0.06349
vt 0.26706 0.07203
vt 0.31491 0.05271
vt 0.77610 0.21854
vt 0.75725 0.21783
vt 0.75725 0.25766
vt 0.77610 0.21854
vt 0.77610 0.16240
vt 0.75725 0.21783
vt 0.79264 0.22923
vt 0.77610 0.16240
vt 0.77610 0.21854
vt 0.79264 0.22923
vt 0.78988 0.17283
vt 0.77610 0.16240
vt 0.77610 0.16240
vt 0.75725 0.15428
vt 0.75725 0.21783
vt 0.12773 0.07681
vt 0.14192 0.00369
vt 0.16562 0.00369
vt 0.07976 0.06311
vt 0.14192 0.00369
vt 0.12773 0.07681
vt 0.91005 0.29857
vt 0.99032 0.26722
vt 0.99567 0.29857
vt 0.90709 0.26722
vt 0.99567 0.29857
vt 0.98284 0.26722
vt 0.92280 0.26296
vt 0.88784 0.23633
vt 0.88784 0.26296
vt 0.92280 0.23633
vt 0.88784 0.23633
vt 0.92280 0.26296
vt 0.92280 0.23633
vt 0.88784 0.21471
vt 0.88784 0.23633
vt 0.92280 0.21471
vt 0.88784 0.21471
vt 0.92280 0.23633
vt 0.92280 0.21471
vt 0.88784 0.19623
vt 0.88784 0.21471
vt 0.92280 0.19623
vt 0.88784 0.19623
vt 0.92280 0.21471
vt 0.51879 0.62170
vt 0.45610 0.63199
vt 0.45332 0.66641
vt 0.46227 0.56608
vt 0.45610 0.63199
vt 0.51879 0.62170
vt 0.46227 0.56608
vt 0.51594 0.56270
vt 0.48062 0.51398
vt 0.51879 0.62170
vt 0.51594 0.56270
vt 0.46227 0.56608
vt 0.51879 0.62170
vt 0.59498 0.60992
vt 0.51594 0.56270
vt 0.60034 0.67540
vt 0.59498 0.60992
vt 0.51879 0.62170
vt 0.60034 0.67540
vt 0.72825 0.67540
vt 0.59498 0.60992
vt 0.60358 0.72868
vt 0.72825 0.67540
vt 0.60034 0.67540
vt 0.60358 0.72868
vt 0.72825 0.72868
vt 0.72825 0.67540
vt 0.76877 0.49519
vt 0.82227 0.51398
vt 0.77277 0.46575
vt 0.73002 0.51398
vt 0.82227 0.51398
vt 0.76877 0.49519
vt 0.73002 0.51398
vt 0.83636 0.56608
vt 0.82227 0.51398
vt 0.81589 0.72868
vt 0.79404 0.79830
vt 0.90072 0.72868
vt 0.72825 0.72868
vt 0.79404 0.79830
vt 0.81589 0.72868
vt 0.72825 0.72868
vt 0.72342 0.79093
vt 0.79404 0.79830
vt 0.61215 0.79093
vt 0.72342 0.79093
vt 0.72825 0.72868
vt 0.61215 0.79093
vt 0.65999 0.83572
vt 0.72342 0.79093
vt 0.52439 0.66746
vt 0.51879 0.62170
vt 0.45332 0.66641
vt 0.60034 0.67540
vt 0.51879 0.62170
vt 0.52439 0.66746
vt 0.52717 0.68715
vt 0.53357 0.72868
vt 0.60034 0.67540
vt 0.45563 0.69075
vt 0.53357 0.72868
vt 0.52717 0.68715
vt 0.45563 0.69075
vt 0.46312 0.72868
vt 0.53357 0.72868
vt 0.33954 0.42869
vt 0.28530 0.41125
vt 0.28697 0.44997
vt 0.34803 0.38921
vt 0.28530 0.41125
vt 0.33954 0.42869
vt 0.34803 0.38921
vt 0.34342 0.35390
vt 0.28530 0.41125
vt 0.08275 0.31815
vt 0.14890 0.31399
vt 0.14076 0.29804
vt 0.11391 0.33380
vt 0.14890 0.31399
vt 0.08275 0.31815
vt 0.18662 0.29210
vt 0.16097 0.32575
vt 0.19094 0.29986
vt 0.14890 0.31399
vt 0.16097 0.32575
vt 0.18662 0.29210
vt 0.14890 0.31399
vt 0.13755 0.33248
vt 0.16097 0.32575
vt 0.26799 0.47445
vt 0.28561 0.44909
vt 0.26735 0.44988
vt 0.28282 0.47248
vt 0.28561 0.44909
vt 0.26799 0.47445
vt 0.18662 0.29210
vt 0.14076 0.29804
vt 0.14890 0.31399
vt 0.18143 0.27946
vt 0.14076 0.29804
vt 0.18662 0.29210
vt 0.18143 0.27946
vt 0.13860 0.28437
vt 0.14076 0.29804
vt 0.18922 0.27638
vt 0.18662 0.29210
vt 0.19544 0.29113
vt 0.18143 0.27946
vt 0.18662 0.29210
vt 0.18922 0.27638
vt 0.04585 0.25242
vt 0.06333 0.25846
vt 0.06010 0.24826
vt 0.05129 0.26235
vt 0.06333 0.25846
vt 0.04585 0.25242
vt 0.02230 0.38412
vt 0.00993 0.33627
vt 0.00379 0.37261
vt 0.03773 0.34091
vt 0.00993 0.33627
vt 0.02230 0.38412
vt 0.03773 0.34091
vt 0.04283 0.32086
vt 0.00993 0.33627
vt 0.08275 0.31815
vt 0.04283 0.32086
vt 0.03773 0.34091
vt 0.08275 0.31815
vt 0.04945 0.28989
vt 0.04283 0.32086
vt 0.07415 0.28482
vt 0.04945 0.28989
vt 0.08275 0.31815
vt 0.07415 0.28482
vt 0.05129 0.26235
vt 0.04945 0.28989
vt 0.06333 0.25846
vt 0.05129 0.26235
vt 0.07415 0.28482
vt 0.04945 0.28989
vt 0.03037 0.29320
vt 0.04283 0.32086
vt 0.05129 0.26235
vt 0.03037 0.29320
vt 0.04945 0.28989
vt 0.05129 0.26235
vt 0.04024 0.25965
vt 0.03037 0.29320
vt 0.21433 0.41151
vt 0.19703 0.35491
vt 0.19260 0.41282
vt 0.21477 0.35871
vt 0.19703 0.35491
vt 0.21433 0.41151
vt 0.07092 0.41456
vt 0.06997 0.35964
vt 0.02230 0.38412
vt 0.10575 0.41502
vt 0.06997 0.35964
vt 0.07092 0.41456
vt 0.10575 0.41502
vt 0.11391 0.33380
vt 0.06997 0.35964
vt 0.15242 0.34501
vt 0.11391 0.33380
vt 0.10575 0.41502
vt 0.15242 0.34501
vt 0.13754 0.33230
vt 0.11391 0.33380
vt 0.16258 0.33374
vt 0.13754 0.33230
vt 0.15242 0.34501
vt 0.03773 0.34091
vt 0.06997 0.35964
vt 0.08275 0.31815
vt 0.02230 0.38412
vt 0.06997 0.35964
vt 0.03773 0.34091
vt 0.25796 0.34649
vt 0.30218 0.35886
vt 0.26805 0.33300
vt 0.24338 0.36909
vt 0.30218 0.35886
vt 0.25796 0.34649
vt 0.24338 0.36909
vt 0.26867 0.38972
vt 0.30218 0.35886
vt 0.23387 0.38973
vt 0.26867 0.38972
vt 0.24338 0.36909
vt 0.23387 0.38973
vt 0.24284 0.40030
vt 0.26867 0.38972
vt 0.09220 0.28574
vt 0.07415 0.28482
vt 0.08275 0.31815
vt 0.06333 0.25846
vt 0.07415 0.28482
vt 0.09220 0.28574
vt 0.06957 0.43764
vt 0.03073 0.41528
vt 0.02942 0.43563
vt 0.07092 0.41456
vt 0.03073 0.41528
vt 0.06957 0.43764
vt 0.07092 0.41456
vt 0.02230 0.38412
vt 0.03073 0.41528
vt 0.28530 0.41125
vt 0.30218 0.35886
vt 0.26867 0.38972
vt 0.34342 0.35390
vt 0.30218 0.35886
vt 0.28530 0.41125
vt 0.34342 0.35390
vt 0.29697 0.31700
vt 0.30218 0.35886
vt 0.32670 0.32133
vt 0.29697 0.31700
vt 0.34342 0.35390
vt 0.08275 0.31815
vt 0.06997 0.35964
vt 0.11391 0.33380
vt 0.75828 0.58504
vt 0.75828 0.67910
vt 0.75828 0.67910
vt 0.75828 0.58504
vt 0.75828 0.67910
vt 0.75828 0.58504
vt 0.78223 0.67910
vt 0.75828 0.66409
vt 0.75828 0.67910
vt 0.78223 0.58504
vt 0.75828 0.66409
vt 0.78223 0.67910
vt 0.94028 0.21471
vt 0.92280 0.23633
vt 0.92280 0.21471
vt 0.94028 0.21471
vt 0.97067 0.23633
vt 0.92280 0.23633
vt 0.95855 0.19646
vt 0.97067 0.23633
vt 0.94028 0.21471
vt 0.95855 0.19646
vt 0.99248 0.18501
vt 0.97067 0.23633
vt 0.92280 0.23633
vt 0.94028 0.21471
vt 0.92280 0.21471
vt 0.97067 0.23633
vt 0.94028 0.21471
vt 0.92280 0.23633
vt 0.97067 0.23633
vt 0.95855 0.19646
vt 0.94028 0.21471
vt 0.99248 0.18501
vt 0.95855 0.19646
vt 0.97067 0.23633
vt 0.91005 0.29857
vt 0.90709 0.26722
vt 0.99567 0.29857
vt 0.87600 0.29857
vt 0.90709 0.26722
vt 0.91005 0.29857
vt 0.87600 0.29857
vt 0.88091 0.26722
vt 0.90709 0.26722
vt 0.81189 0.29857
vt 0.88091 0.26722
vt 0.87600 0.29857
vt 0.81189 0.29857
vt 0.83399 0.26722
vt 0.88091 0.26722
vt 0.91137 0.26722
vt 0.91005 0.29857
vt 0.99032 0.26722
vt 0.88240 0.26722
vt 0.91005 0.29857
vt 0.91137 0.26722
vt 0.88240 0.26722
vt 0.87600 0.29857
vt 0.91005 0.29857
vt 0.83856 0.26722
vt 0.87600 0.29857
vt 0.88240 0.26722
vt 0.83856 0.26722
vt 0.81189 0.29857
vt 0.87600 0.29857
vt 0.94028 0.21471
vt 0.92280 0.19623
vt 0.92280 0.21471
vt 0.95855 0.19646
vt 0.92280 0.19623
vt 0.94028 0.21471
vt 0.95855 0.19646
vt 0.93024 0.18501
vt 0.92280 0.19623
vt 0.99248 0.18501
vt 0.93024 0.18501
vt 0.95855 0.19646
vt 0.44037 0.01455
vt 0.38571 0.13494
vt 0.38571 0.01455
vt 0.44037 0.13494
vt 0.38571 0.13494
vt 0.44037 0.01455
vt 0.44037 0.13494
vt 0.44037 0.18470
vt 0.38571 0.13494
vt 0.51928 0.13494
vt 0.44037 0.18470
vt 0.44037 0.13494
vt 0.51928 0.13494
vt 0.51859 0.18470
vt 0.44037 0.18470
vt 0.57375 0.13494
vt 0.51859 0.18470
vt 0.51928 0.13494
vt 0.57375 0.13494
vt 0.57375 0.18470
vt 0.51859 0.18470
vt 0.63479 0.18470
vt 0.57375 0.18470
vt 0.57375 0.13494
vt 0.63479 0.18470
vt 0.57375 0.25073
vt 0.57375 0.18470
vt 0.61549 0.25073
vt 0.57375 0.25073
vt 0.63479 0.18470
vt 0.61549 0.25073
vt 0.60516 0.26920
vt 0.57375 0.25073
vt 0.68831 0.26920
vt 0.60516 0.26920
vt 0.61549 0.25073
vt 0.68831 0.26920
vt 0.68831 0.30214
vt 0.60516 0.26920
vt 0.74804 0.26920
vt 0.68831 0.30214
vt 0.68831 0.26920
vt 0.74804 0.26920
vt 0.74804 0.30214
vt 0.68831 0.30214
vt 0.44037 0.01455
vt 0.51928 0.13494
vt 0.44037 0.13494
vt 0.50343 0.04161
vt 0.51928 0.13494
vt 0.44037 0.01455
vt 0.50343 0.04161
vt 0.57375 0.13494
vt 0.51928 0.13494
vt 0.57375 0.04423
vt 0.57375 0.13494
vt 0.50343 0.04161
vt 0.57375 0.04423
vt 0.63479 0.13494
vt 0.57375 0.13494
vt 0.63479 0.03496
vt 0.63479 0.13494
vt 0.57375 0.04423
vt 0.63479 0.03496
vt 0.68831 0.13494
vt 0.63479 0.13494
vt 0.68831 0.01455
vt 0.68831 0.13494
vt 0.63479 0.03496
vt 0.68831 0.01455
vt 0.74804 0.13494
vt 0.68831 0.13494
vt 0.74804 0.01455
vt 0.74804 0.13494
vt 0.68831 0.01455
vt 0.46834 0.36702
vt 0.52985 0.31353
vt 0.47893 0.31353
vt 0.55836 0.34523
vt 0.52985 0.31353
vt 0.46834 0.36702
vt 0.55836 0.34523
vt 0.66386 0.31353
vt 0.52985 0.31353
vt 0.21575 0.08280
vt 0.26706 0.12897
vt 0.26706 0.07203
vt 0.21575 0.08280
vt 0.20692 0.17602
vt 0.26706 0.12897
vt 0.16417 0.08071
vt 0.20692 0.17602
vt 0.21575 0.08280
vt 0.16417 0.08071
vt 0.17386 0.18438
vt 0.20692 0.17602
vt 0.11697 0.15857
vt 0.17386 0.18438
vt 0.16417 0.08071
vt 0.11697 0.15857
vt 0.13795 0.26016
vt 0.17386 0.18438
vt 0.07359 0.13553
vt 0.13795 0.26016
vt 0.11697 0.15857
vt 0.07359 0.13553
vt 0.09406 0.24288
vt 0.13795 0.26016
vt 0.35173 0.05300
vt 0.35099 0.03777
vt 0.32672 0.05199
vt 0.37667 0.03456
vt 0.35099 0.03777
vt 0.35173 0.05300
vt 0.37667 0.03456
vt 0.34298 0.00971
vt 0.35099 0.03777
vt 0.34298 0.00971
vt 0.33796 0.03639
vt 0.35099 0.03777
vt 0.32681 0.03761
vt 0.33796 0.03639
vt 0.34298 0.00971
vt 0.32681 0.03761
vt 0.32672 0.05199
vt 0.33796 0.03639
vt 0.31491 0.05271
vt 0.32672 0.05199
vt 0.32681 0.03761
vt 0.31491 0.05271
vt 0.32062 0.06349
vt 0.32672 0.05199
vt 0.35173 0.05300
vt 0.37800 0.05578
vt 0.37667 0.03456
vt 0.35173 0.05300
vt 0.32062 0.06349
vt 0.36030 0.07609
vt 0.32672 0.05199
vt 0.32062 0.06349
vt 0.35173 0.05300
vt 0.11697 0.15857
vt 0.07931 0.07179
vt 0.07359 0.13553
vt 0.11697 0.15857
vt 0.12906 0.08527
vt 0.07931 0.07179
vt 0.16417 0.08071
vt 0.12906 0.08527
vt 0.11697 0.15857
vt 0.16417 0.08071
vt 0.17055 0.00971
vt 0.12906 0.08527
vt 0.35724 0.44948
vt 0.43639 0.45379
vt 0.35724 0.47257
vt 0.35724 0.41303
vt 0.43639 0.45379
vt 0.35724 0.44948
vt 0.35724 0.41303
vt 0.44632 0.42712
vt 0.43639 0.45379
vt 0.35724 0.37777
vt 0.44632 0.42712
vt 0.35724 0.41303
vt 0.35724 0.37777
vt 0.43738 0.38471
vt 0.44632 0.42712
vt 0.35724 0.33828
vt 0.43738 0.38471
vt 0.35724 0.37777
vt 0.35724 0.33828
vt 0.42920 0.32912
vt 0.43738 0.38471
vt 0.78585 0.29111
vt 0.75725 0.25766
vt 0.80179 0.27755
vt 0.78020 0.29592
vt 0.75725 0.25766
vt 0.78585 0.29111
vt 0.78020 0.29592
vt 0.75725 0.30154
vt 0.75725 0.25766
vt 0.52717 0.68715
vt 0.52439 0.66746
vt 0.60034 0.67540
vt 0.45563 0.69075
vt 0.52439 0.66746
vt 0.52717 0.68715
vt 0.45563 0.69075
vt 0.45332 0.66641
vt 0.52439 0.66746
vt 0.97746 0.79093
vt 0.90072 0.72868
vt 0.97835 0.72868
vt 0.90784 0.79830
vt 0.90072 0.72868
vt 0.97746 0.79093
vt 0.90784 0.79830
vt 0.79404 0.79830
vt 0.90072 0.72868
vt 0.91072 0.83849
vt 0.79404 0.79830
vt 0.90784 0.79830
vt 0.91072 0.83849
vt 0.83659 0.85077
vt 0.79404 0.79830
vt 0.82824 0.91732
vt 0.83659 0.85077
vt 0.91072 0.83849
vt 0.82824 0.91732
vt 0.80112 0.85901
vt 0.83659 0.85077
vt 0.80112 0.92153
vt 0.80112 0.85901
vt 0.82824 0.91732
vt 0.80112 0.92153
vt 0.76846 0.92153
vt 0.80112 0.85901
vt 0.76315 0.93793
vt 0.76846 0.92153
vt 0.80112 0.92153
vt 0.76315 0.93793
vt 0.72818 0.93793
vt 0.76846 0.92153
vt 0.72818 0.98648
vt 0.72818 0.93793
vt 0.76315 0.93793
vt 0.72818 0.98648
vt 0.68558 0.98648
vt 0.72818 0.93793
vt 0.92507 0.62273
vt 0.98828 0.62273
vt 0.98741 0.67540
vt 0.97976 0.56608
vt 0.98828 0.62273
vt 0.92507 0.62273
vt 0.59647 0.56587
vt 0.59498 0.60992
vt 0.51594 0.56270
vt 0.59647 0.56587
vt 0.72825 0.62273
vt 0.59498 0.60992
vt 0.72825 0.56608
vt 0.72825 0.62273
vt 0.59647 0.56587
vt 0.72825 0.56608
vt 0.82970 0.62273
vt 0.72825 0.62273
vt 0.83636 0.56608
vt 0.82970 0.62273
vt 0.72825 0.56608
vt 0.83636 0.56608
vt 0.92507 0.62273
vt 0.82970 0.62273
vt 0.91929 0.56608
vt 0.92507 0.62273
vt 0.83636 0.56608
vt 0.91929 0.56608
vt 0.97976 0.56608
vt 0.92507 0.62273
vt 0.90237 0.51398
vt 0.97976 0.56608
vt 0.91929 0.56608
vt 0.90237 0.51398
vt 0.95268 0.51311
vt 0.97976 0.56608
vt 0.87162 0.46535
vt 0.95268 0.51311
vt 0.90237 0.51398
vt 0.87162 0.46535
vt 0.91858 0.44448
vt 0.95268 0.51311
vt 0.84557 0.39929
vt 0.91858 0.44448
vt 0.87162 0.46535
vt 0.84557 0.39929
vt 0.87739 0.39929
vt 0.91858 0.44448
vt 0.94604 0.18019
vt 0.94604 0.13625
vt 0.94604 0.13625
vt 0.94604 0.13625
vt 0.94604 0.13625
vt 0.94604 0.18019
vt 0.94604 0.13625
vt 0.94604 0.18019
vt 0.94604 0.13625
vt 0.94604 0.13625
vt 0.94604 0.18019
vt 0.94604 0.13625
vt 0.72825 0.56608
vt 0.73002 0.51398
vt 0.83636 0.56608
vt 0.60011 0.51133
vt 0.73002 0.51398
vt 0.72825 0.56608
vt 0.60011 0.51133
vt 0.69845 0.49553
vt 0.73002 0.51398
vt 0.61014 0.45916
vt 0.69845 0.49553
vt 0.60011 0.51133
vt 0.61014 0.45916
vt 0.69875 0.46491
vt 0.69845 0.49553
vt 0.73174 0.43951
vt 0.69875 0.46491
vt 0.61014 0.45916
vt 0.65272 0.98648
vt 0.67873 0.93793
vt 0.68558 0.98648
vt 0.65272 0.93793
vt 0.67873 0.93793
vt 0.65272 0.98648
vt 0.65272 0.93793
vt 0.66732 0.92153
vt 0.67873 0.93793
vt 0.65272 0.92153
vt 0.66732 0.92153
vt 0.65272 0.93793
vt 0.65272 0.92153
vt 0.67158 0.90507
vt 0.66732 0.92153
vt 0.65272 0.90507
vt 0.67158 0.90507
vt 0.65272 0.92153
vt 0.65272 0.90507
vt 0.65999 0.83572
vt 0.67158 0.90507
vt 0.64162 0.86359
vt 0.65999 0.83572
vt 0.65272 0.90507
vt 0.64162 0.86359
vt 0.61215 0.79093
vt 0.65999 0.83572
vt 0.61377 0.84888
vt 0.61215 0.79093
vt 0.64162 0.86359
vt 0.61377 0.84888
vt 0.55977 0.84888
vt 0.61215 0.79093
vt 0.56523 0.91732
vt 0.55977 0.84888
vt 0.61377 0.84888
vt 0.56523 0.91732
vt 0.51085 0.84888
vt 0.55977 0.84888
vt 0.54366 0.91732
vt 0.51085 0.84888
vt 0.56523 0.91732
vt 0.88784 0.21471
vt 0.88784 0.19623
vt 0.83837 0.19623
vt 0.88784 0.21471
vt 0.92280 0.21471
vt 0.88784 0.19623
vt 0.88784 0.23633
vt 0.92280 0.21471
vt 0.88784 0.21471
vt 0.88784 0.23633
vt 0.92280 0.23633
vt 0.92280 0.21471
vt 0.88784 0.26296
vt 0.92280 0.23633
vt 0.88784 0.23633
vt 0.88784 0.26296
vt 0.92280 0.26296
vt 0.92280 0.23633
vt 0.92280 0.26296
vt 0.97067 0.23633
vt 0.92280 0.23633
vt 0.97072 0.26296
vt 0.97067 0.23633
vt 0.92280 0.26296
vt 0.97072 0.26296
vt 0.99491 0.23633
vt 0.97067 0.23633
vt 0.99523 0.26296
vt 0.99491 0.23633
vt 0.97072 0.26296
vt 0.74728 0.43008
vt 0.73174 0.43951
vt 0.72583 0.41613
vt 0.74728 0.43008
vt 0.77277 0.46575
vt 0.73174 0.43951
vt 0.80216 0.46535
vt 0.77277 0.46575
vt 0.74728 0.43008
vt 0.80216 0.46535
vt 0.82227 0.51398
vt 0.77277 0.46575
vt 0.82227 0.51398
vt 0.90237 0.51398
vt 0.91929 0.56608
vt 0.82227 0.51398
vt 0.87162 0.46535
vt 0.90237 0.51398
vt 0.80216 0.46535
vt 0.87162 0.46535
vt 0.82227 0.51398
vt 0.80216 0.46535
vt 0.84557 0.39929
vt 0.87162 0.46535
vt 0.74728 0.43008
vt 0.84557 0.39929
vt 0.80216 0.46535
vt 0.74728 0.43008
vt 0.72583 0.41613
vt 0.84557 0.39929
vt 0.92280 0.21471
vt 0.92280 0.19623
vt 0.88784 0.19623
vt 0.92280 0.19623
vt 0.94028 0.21471
vt 0.92280 0.21471
vt 0.92280 0.19623
vt 0.95855 0.19646
vt 0.94028 0.21471
vt 0.93024 0.18501
vt 0.95855 0.19646
vt 0.92280 0.19623
vt 0.93024 0.18501
vt 0.99248 0.18501
vt 0.95855 0.19646
vt 0.99491 0.23633
vt 0.97067 0.23633
vt 0.99248 0.18501
vt 0.99523 0.26296
vt 0.97067 0.23633
vt 0.99491 0.23633
vt 0.99523 0.26296
vt 0.97072 0.26296
vt 0.97067 0.23633
vt 0.99491 0.23633
vt 0.99248 0.18501
vt 0.97067 0.23633
vt 0.87124 0.14777
vt 0.88274 0.18682
vt 0.89690 0.18682
vt 0.87124 0.14777
vt 0.89690 0.18682
vt 0.88274 0.18682
vt 0.89646 0.14777
vt 0.89690 0.18682
vt 0.87124 0.14777
vt 0.89646 0.14777
vt 0.92219 0.14777
vt 0.89690 0.18682
vt 0.87124 0.14777
vt 0.89690 0.18682
vt 0.89646 0.14777
vt 0.48062 0.51398
vt 0.51756 0.51371
vt 0.51594 0.56270
vt 0.52113 0.48555
vt 0.51756 0.51371
vt 0.48062 0.51398
vt 0.52113 0.48555
vt 0.61014 0.45916
vt 0.51756 0.51371
vt 0.64135 0.41613
vt 0.61014 0.45916
vt 0.52113 0.48555
vt 0.64135 0.41613
vt 0.72583 0.41613
vt 0.61014 0.45916
vt 0.71993 0.39929
vt 0.72583 0.41613
vt 0.64135 0.41613
vt 0.71993 0.39929
vt 0.84557 0.39929
vt 0.72583 0.41613
vt 0.43197 0.49523
vt 0.49027 0.42706
vt 0.43195 0.53668
vt 0.43639 0.45379
vt 0.49027 0.42706
vt 0.43197 0.49523
vt 0.43639 0.45379
vt 0.44632 0.42712
vt 0.49027 0.42706
vt 0.88707 0.34754
vt 0.97156 0.30792
vt 0.88707 0.30792
vt 0.88707 0.34754
vt 0.97156 0.34754
vt 0.97156 0.30792
vt 0.88707 0.39431
vt 0.97156 0.34754
vt 0.88707 0.34754
vt 0.88707 0.39431
vt 0.97156 0.39431
vt 0.97156 0.34754
vt 0.97156 0.34754
vt 0.98513 0.34754
vt 0.97156 0.30792
vt 0.97156 0.39431
vt 0.98513 0.34754
vt 0.97156 0.34754
vt 0.97156 0.39431
vt 0.98513 0.40475
vt 0.98513 0.34754
vt 0.29852 0.10586
vt 0.29852 0.07938
vt 0.28254 0.11709
vt 0.29852 0.10586
vt 0.31613 0.07938
vt 0.29852 0.07938
vt 0.31613 0.10586
vt 0.31613 0.07938
vt 0.29852 0.10586
vt 0.31613 0.10586
vt 0.33169 0.10586
vt 0.31613 0.07938
vt 0.33169 0.10586
vt 0.31613 0.11709
vt 0.33169 0.11709
vt 0.31613 0.10586
vt 0.31613 0.11709
vt 0.33169 0.10586
vt 0.31613 0.10586
vt 0.29852 0.10586
vt 0.31613 0.11709
vt 0.29852 0.11709
vt 0.29852 0.10586
vt 0.28254 0.11709
vt 0.31613 0.11709
vt 0.29852 0.10586
vt 0.29852 0.11709
vt 0.34341 0.12897
vt 0.37633 0.18862
vt 0.37873 0.12897
vt 0.31599 0.18874
vt 0.37633 0.18862
vt 0.34341 0.12897
vt 0.31599 0.18874
vt 0.31833 0.23198
vt 0.37633 0.18862
vt 0.26152 0.21981
vt 0.31833 0.23198
vt 0.31599 0.18874
vt 0.26152 0.21981
vt 0.26438 0.27217
vt 0.31833 0.23198
vt 0.21791 0.20739
vt 0.26438 0.27217
vt 0.26152 0.21981
vt 0.21791 0.20739
vt 0.21705 0.27217
vt 0.26438 0.27217
vt 0.18589 0.27217
vt 0.21705 0.27217
vt 0.21791 0.20739
vt 0.18589 0.27217
vt 0.21179 0.29525
vt 0.21705 0.27217
vt 0.31833 0.23198
vt 0.37633 0.23652
vt 0.37633 0.18862
vt 0.32581 0.27400
vt 0.37633 0.23652
vt 0.31833 0.23198
vt 0.32581 0.27400
vt 0.37633 0.27583
vt 0.37633 0.23652
vt 0.34132 0.29708
vt 0.37633 0.27583
vt 0.32581 0.27400
vt 0.34132 0.29708
vt 0.37633 0.29891
vt 0.37633 0.27583
vt 0.43738 0.38471
vt 0.49027 0.42706
vt 0.44632 0.42712
vt 0.42920 0.32912
vt 0.49027 0.42706
vt 0.43738 0.38471
vt 0.42920 0.32912
vt 0.42920 0.32156
vt 0.49027 0.42706
vt 0.35724 0.31773
vt 0.42920 0.32912
vt 0.35724 0.33828
vt 0.42920 0.32156
vt 0.42920 0.32912
vt 0.35724 0.31773
vt 0.43195 0.53668
vt 0.35724 0.48909
vt 0.43197 0.49523
vt 0.35724 0.52518
vt 0.35724 0.48909
vt 0.43195 0.53668
vt 0.17055 0.00971
vt 0.21545 0.03929
vt 0.21545 0.00971
vt 0.21575 0.08280
vt 0.21545 0.03929
vt 0.17055 0.00971
vt 0.21575 0.08280
vt 0.26706 0.04333
vt 0.21545 0.03929
vt 0.26706 0.07203
vt 0.26706 0.04333
vt 0.21575 0.08280
vt 0.26706 0.07203
vt 0.31491 0.05271
vt 0.26706 0.04333
vt 0.32062 0.06349
vt 0.31491 0.05271
vt 0.26706 0.07203
vt 0.77610 0.21854
vt 0.75725 0.25766
vt 0.75725 0.21783
vt 0.77610 0.21854
vt 0.79264 0.22923
vt 0.75725 0.25766
vt 0.77610 0.16240
vt 0.79264 0.22923
vt 0.77610 0.21854
vt 0.77610 0.16240
vt 0.78988 0.17283
vt 0.79264 0.22923
vt 0.77610 0.16240
vt 0.75725 0.21783
vt 0.75725 0.15428
vt 0.77610 0.21854
vt 0.75725 0.21783
vt 0.77610 0.16240
vt 0.14192 0.00369
vt 0.12773 0.07681
vt 0.16562 0.00369
vt 0.07976 0.06311
vt 0.12773 0.07681
vt 0.14192 0.00369
vt 0.91005 0.29857
vt 0.99567 0.29857
vt 0.99032 0.26722
vt 0.90709 0.26722
vt 0.98284 0.26722
vt 0.99567 0.29857
vt 0.88784 0.23633
vt 0.92280 0.26296
vt 0.88784 0.26296
vt 0.88784 0.23633
vt 0.92280 0.23633
vt 0.92280 0.26296
vt 0.88784 0.21471
vt 0.92280 0.23633
vt 0.88784 0.23633
vt 0.88784 0.21471
vt 0.92280 0.21471
vt 0.92280 0.23633
vt 0.88784 0.19623
vt 0.92280 0.21471
vt 0.88784 0.21471
vt 0.88784 0.19623
vt 0.92280 0.19623
vt 0.92280 0.21471
vt 0.45610 0.63199
vt 0.51879 0.62170
vt 0.45332 0.66641
vt 0.46227 0.56608
vt 0.51879 0.62170
vt 0.45610 0.63199
vt 0.60358 0.72868
vt 0.72825 0.67540
vt 0.72825 0.72868
vt 0.60034 0.67540
vt 0.72825 0.67540
vt 0.60358 0.72868
vt 0.60034 0.67540
vt 0.59498 0.60992
vt 0.72825 0.67540
vt 0.51879 0.62170
vt 0.59498 0.60992
vt 0.60034 0.67540
vt 0.51879 0.62170
vt 0.51594 0.56270
vt 0.59498 0.60992
vt 0.46227 0.56608
vt 0.51594 0.56270
vt 0.51879 0.62170
vt 0.46227 0.56608
vt 0.48062 0.51398
vt 0.51594 0.56270
vt 0.73002 0.51398
vt 0.82227 0.51398
vt 0.83636 0.56608
vt 0.76877 0.49519
vt 0.82227 0.51398
vt 0.73002 0.51398
vt 0.76877 0.49519
vt 0.77277 0.46575
vt 0.82227 0.51398
vt 0.61215 0.79093
vt 0.72342 0.79093
vt 0.65999 0.83572
vt 0.72825 0.72868
vt 0.72342 0.79093
vt 0.61215 0.79093
vt 0.72825 0.72868
vt 0.79404 0.79830
vt 0.72342 0.79093
vt 0.81589 0.72868
vt 0.79404 0.79830
vt 0.72825 0.72868
vt 0.81589 0.72868
vt 0.90072 0.72868
vt 0.79404 0.79830
vt 0.51879 0.62170
vt 0.52439 0.66746
vt 0.45332 0.66641
vt 0.60034 0.67540
vt 0.52439 0.66746
vt 0.51879 0.62170
vt 0.45563 0.69075
vt 0.53357 0.72868
vt 0.46312 0.72868
vt 0.52717 0.68715
vt 0.53357 0.72868
vt 0.45563 0.69075
vt 0.52717 0.68715
vt 0.60034 0.67540
vt 0.53357 0.72868
vt 0.19703 0.35491
vt 0.16221 0.41085
vt 0.15242 0.34501
vt 0.19260 0.41282
vt 0.16221 0.41085
vt 0.19703 0.35491
vt 0.19260 0.41282
vt 0.15432 0.43110
vt 0.16221 0.41085
vt 0.10575 0.41502
vt 0.11102 0.43858
vt 0.07092 0.41456
vt 0.16221 0.41085
vt 0.11102 0.43858
vt 0.10575 0.41502
vt 0.16221 0.41085
vt 0.15432 0.43110
vt 0.11102 0.43858
vt 0.26805 0.33300
vt 0.29697 0.31700
vt 0.30218 0.35886
vt 0.01237 0.31784
vt 0.04283 0.32086
vt 0.00993 0.33627
vt 0.03037 0.29320
vt 0.04283 0.32086
vt 0.01237 0.31784
vt 0.83837 0.19623
vt 0.88784 0.21471
vt 0.88784 0.19623
vt 0.85627 0.21471
vt 0.88784 0.21471
vt 0.83837 0.19623
vt 0.85627 0.21471
vt 0.88784 0.23633
vt 0.88784 0.21471
vt 0.83820 0.23633
vt 0.88784 0.23633
vt 0.85627 0.21471
vt 0.83820 0.23633
vt 0.88784 0.26296
vt 0.88784 0.23633
vt 0.83652 0.26296
vt 0.88784 0.26296
vt 0.83820 0.23633
vt 0.83837 0.19623
vt 0.88784 0.19623
vt 0.88784 0.21471
vt 0.97067 0.23633
vt 0.92280 0.26296
vt 0.97072 0.26296
vt 0.97067 0.23633
vt 0.92280 0.23633
vt 0.92280 0.26296
vt 0.94028 0.21471
vt 0.92280 0.23633
vt 0.97067 0.23633
vt 0.94028 0.21471
vt 0.92280 0.21471
vt 0.92280 0.23633
vt 0.88784 0.23633
vt 0.92280 0.21471
vt 0.92280 0.23633
vt 0.75397 0.98648
vt 0.76315 0.93793
vt 0.72818 0.98648
vt 0.80112 0.98648
vt 0.76315 0.93793
vt 0.75397 0.98648
vt 0.80112 0.98648
vt 0.80112 0.93793
vt 0.76315 0.93793
vt 0.82824 0.98648
vt 0.80112 0.93793
vt 0.80112 0.98648
vt 0.82824 0.98648
vt 0.82824 0.93793
vt 0.80112 0.93793
vt 0.80112 0.93793
vt 0.80112 0.92153
vt 0.76315 0.93793
vt 0.82824 0.92153
vt 0.80112 0.92153
vt 0.80112 0.93793
vt 0.82824 0.92153
vt 0.82824 0.91732
vt 0.80112 0.92153
vt 0.91573 0.91732
vt 0.91072 0.83849
vt 0.82824 0.91732
vt 0.97746 0.91732
vt 0.91072 0.83849
vt 0.91573 0.91732
vt 0.97746 0.91732
vt 0.97746 0.84340
vt 0.91072 0.83849
vt 0.68831 0.18470
vt 0.74804 0.13494
vt 0.68831 0.13494
vt 0.68831 0.18470
vt 0.74804 0.18470
vt 0.74804 0.13494
vt 0.68831 0.25073
vt 0.74804 0.18470
vt 0.68831 0.18470
vt 0.68831 0.25073
vt 0.74804 0.25073
vt 0.74804 0.18470
vt 0.68831 0.26920
vt 0.74804 0.25073
vt 0.68831 0.25073
vt 0.68831 0.26920
vt 0.74804 0.26920
vt 0.74804 0.25073
vt 0.44037 0.30214
vt 0.44037 0.26920
vt 0.38571 0.30214
vt 0.51859 0.30214
vt 0.44037 0.26920
vt 0.44037 0.30214
vt 0.51859 0.30214
vt 0.51859 0.26920
vt 0.44037 0.26920
vt 0.57375 0.30214
vt 0.51859 0.26920
vt 0.51859 0.30214
vt 0.57375 0.30214
vt 0.57375 0.26920
vt 0.51859 0.26920
vt 0.60516 0.26920
vt 0.57375 0.26920
vt 0.57375 0.30214
vt 0.60516 0.26920
vt 0.57375 0.25073
vt 0.57375 0.26920
vt 0.60516 0.26920
vt 0.60516 0.30214
vt 0.68831 0.30214
vt 0.57375 0.30214
vt 0.60516 0.30214
vt 0.60516 0.26920
vt 0.71528 0.31688
vt 0.71528 0.33019
vt 0.78993 0.31688
vt 0.54575 0.36238
vt 0.71528 0.33019
vt 0.71528 0.31688
vt 0.54575 0.36238
vt 0.57722 0.37657
vt 0.71528 0.33019
vt 0.54575 0.39694
vt 0.57722 0.37657
vt 0.54575 0.36238
vt 0.54575 0.39694
vt 0.61092 0.39583
vt 0.57722 0.37657
vt 0.54575 0.43175
vt 0.61092 0.39583
vt 0.54575 0.39694
vt 0.54575 0.43175
vt 0.54575 0.45982
vt 0.61092 0.39583
vt 0.48642 0.49312
vt 0.54575 0.45982
vt 0.54575 0.43175
vt 0.91671 0.67540
vt 0.97835 0.72868
vt 0.98741 0.67540
vt 0.91671 0.67540
vt 0.90072 0.72868
vt 0.97835 0.72868
vt 0.82090 0.67540
vt 0.90072 0.72868
vt 0.91671 0.67540
vt 0.82090 0.67540
vt 0.81589 0.72868
vt 0.90072 0.72868
vt 0.72825 0.67540
vt 0.81589 0.72868
vt 0.82090 0.67540
vt 0.72825 0.67540
vt 0.72825 0.72868
vt 0.81589 0.72868
vt 0.57375 0.01455
vt 0.57375 0.04423
vt 0.63479 0.03496
vt 0.57375 0.01455
vt 0.50343 0.04161
vt 0.57375 0.04423
vt 0.50343 0.01455
vt 0.50343 0.04161
vt 0.57375 0.01455
vt 0.50343 0.01455
vt 0.44037 0.01455
vt 0.50343 0.04161
vt 0.63479 0.03496
vt 0.63479 0.01455
vt 0.57375 0.01455
vt 0.68831 0.01455
vt 0.63479 0.01455
vt 0.63479 0.03496
vt 0.51859 0.18470
vt 0.51997 0.25073
vt 0.57375 0.18470
vt 0.44037 0.25073
vt 0.51997 0.25073
vt 0.51859 0.18470
vt 0.44037 0.25073
vt 0.44037 0.26920
vt 0.51997 0.25073
vt 0.38571 0.26920
vt 0.44037 0.26920
vt 0.44037 0.25073
vt 0.38571 0.26920
vt 0.38571 0.30214
vt 0.44037 0.26920
vt 0.38571 0.18470
vt 0.44037 0.18470
vt 0.38571 0.13494
vt 0.38571 0.18470
vt 0.44037 0.25073
vt 0.44037 0.18470
vt 0.38571 0.25073
vt 0.44037 0.25073
vt 0.38571 0.18470
vt 0.38571 0.25073
vt 0.38571 0.26920
vt 0.44037 0.25073
vt 0.54575 0.39694
vt 0.48642 0.49312
vt 0.54575 0.43175
vt 0.54575 0.36238
vt 0.48642 0.49312
vt 0.54575 0.39694
vt 0.09088 0.02348
vt 0.08347 0.02665
vt 0.05244 0.09574
vt 0.07621 0.00353
vt 0.08347 0.02665
vt 0.09088 0.02348
vt 0.07621 0.00353
vt 0.07138 0.01140
vt 0.08347 0.02665
vt 0.00338 0.01111
vt 0.07138 0.01140
vt 0.07621 0.00353
vt 0.00338 0.01111
vt 0.08347 0.02665
vt 0.07138 0.01140
vt 0.04653 0.09020
vt 0.08347 0.02665
vt 0.00338 0.01111
vt 0.04653 0.09020
vt 0.05244 0.09574
vt 0.08347 0.02665
vt 0.00464 0.10727
vt 0.05244 0.09574
vt 0.04653 0.09020
vt 0.32672 0.05199
vt 0.35099 0.03777
vt 0.35173 0.05300
vt 0.33796 0.03639
vt 0.35099 0.03777
vt 0.32672 0.05199
vt 0.32681 0.03761
vt 0.30981 0.00971
vt 0.34298 0.00971
vt 0.31491 0.05271
vt 0.30981 0.00971
vt 0.32681 0.03761
vt 0.31491 0.05271
vt 0.26706 0.00971
vt 0.30981 0.00971
vt 0.17386 0.18438
vt 0.18589 0.27217
vt 0.13795 0.26016
vt 0.17386 0.18438
vt 0.21791 0.20739
vt 0.18589 0.27217
vt 0.20692 0.17602
vt 0.21791 0.20739
vt 0.17386 0.18438
vt 0.20692 0.17602
vt 0.26152 0.21981
vt 0.21791 0.20739
vt 0.26154 0.18245
vt 0.26152 0.21981
vt 0.20692 0.17602
vt 0.26154 0.18245
vt 0.31599 0.18874
vt 0.26152 0.21981
vt 0.30337 0.12897
vt 0.31599 0.18874
vt 0.26154 0.18245
vt 0.30337 0.12897
vt 0.34341 0.12897
vt 0.31599 0.18874
vt 0.04653 0.09020
vt 0.00338 0.01111
vt 0.00464 0.10727
vt 0.17055 0.00971
vt 0.21575 0.08280
vt 0.16417 0.08071
vt 0.21545 0.03929
vt 0.21575 0.08280
vt 0.17055 0.00971
vt 0.21545 0.03929
vt 0.26706 0.04333
vt 0.21575 0.08280
vt 0.26911 0.29525
vt 0.21179 0.29525
vt 0.21705 0.27217
vt 0.80179 0.25004
vt 0.75725 0.25766
vt 0.80179 0.27755
vt 0.79264 0.22923
vt 0.75725 0.25766
vt 0.80179 0.25004
vt 0.79264 0.22923
vt 0.77610 0.21854
vt 0.75725 0.25766
vt 0.46312 0.72868
vt 0.53876 0.79093
vt 0.53357 0.72868
vt 0.48807 0.79093
vt 0.53876 0.79093
vt 0.46312 0.72868
vt 0.48807 0.79093
vt 0.55977 0.84888
vt 0.53876 0.79093
vt 0.51085 0.84888
vt 0.55977 0.84888
vt 0.48807 0.79093
vt 0.72825 0.67540
vt 0.72825 0.62273
vt 0.59498 0.60992
vt 0.82090 0.67540
vt 0.72825 0.62273
vt 0.72825 0.67540
vt 0.82090 0.67540
vt 0.82970 0.62273
vt 0.72825 0.62273
vt 0.91671 0.67540
vt 0.82970 0.62273
vt 0.82090 0.67540
vt 0.91671 0.67540
vt 0.92507 0.62273
vt 0.82970 0.62273
vt 0.98741 0.67540
vt 0.92507 0.62273
vt 0.91671 0.67540
vt 0.71528 0.39080
vt 0.71528 0.35911
vt 0.63801 0.41317
vt 0.78993 0.39080
vt 0.71528 0.35911
vt 0.71528 0.39080
vt 0.78993 0.39080
vt 0.78993 0.35911
vt 0.71528 0.35911
vt 0.87410 0.39080
vt 0.78993 0.35911
vt 0.78993 0.39080
vt 0.87410 0.39080
vt 0.87410 0.35911
vt 0.78993 0.35911
vt 0.87410 0.31688
vt 0.78993 0.35911
vt 0.87410 0.35911
vt 0.78993 0.31688
vt 0.78993 0.35911
vt 0.87410 0.31688
vt 0.78993 0.31688
vt 0.71528 0.33019
vt 0.78993 0.35911
vt 0.90784 0.79830
vt 0.97746 0.84340
vt 0.97746 0.79093
vt 0.91072 0.83849
vt 0.97746 0.84340
vt 0.90784 0.79830
vt 0.53876 0.79093
vt 0.60358 0.72868
vt 0.53357 0.72868
vt 0.61215 0.79093
vt 0.60358 0.72868
vt 0.53876 0.79093
vt 0.61215 0.79093
vt 0.72825 0.72868
vt 0.60358 0.72868
vt 0.65272 0.90507
vt 0.61831 0.92153
vt 0.65272 0.92153
vt 0.64162 0.86359
vt 0.61831 0.92153
vt 0.65272 0.90507
vt 0.64162 0.86359
vt 0.61831 0.91732
vt 0.61831 0.92153
vt 0.61377 0.84888
vt 0.61831 0.91732
vt 0.64162 0.86359
vt 0.61377 0.84888
vt 0.56523 0.91732
vt 0.61831 0.91732
vt 0.61831 0.93793
vt 0.65272 0.93793
vt 0.61831 0.92153
vt 0.61831 0.98648
vt 0.65272 0.93793
vt 0.61831 0.93793
vt 0.61831 0.98648
vt 0.65272 0.98648
vt 0.65272 0.93793
vt 0.80112 0.93793
vt 0.82824 0.93793
vt 0.82824 0.92153
vt 0.83652 0.26296
vt 0.83820 0.23633
vt 0.88784 0.26296
vt 0.81228 0.26296
vt 0.83820 0.23633
vt 0.83652 0.26296
vt 0.81228 0.26296
vt 0.81454 0.22419
vt 0.83820 0.23633
vt 0.81454 0.22419
vt 0.83820 0.23633
vt 0.85627 0.21471
vt 0.81228 0.26296
vt 0.83820 0.23633
vt 0.81454 0.22419
vt 0.81228 0.26296
vt 0.83652 0.26296
vt 0.83820 0.23633
vt 0.31833 0.23198
vt 0.32581 0.27400
vt 0.26438 0.27217
vt 0.37633 0.23652
vt 0.32581 0.27400
vt 0.31833 0.23198
vt 0.37633 0.23652
vt 0.37633 0.27583
vt 0.32581 0.27400
vt 0.26154 0.18245
vt 0.26706 0.12897
vt 0.30337 0.12897
vt 0.20692 0.17602
vt 0.26706 0.12897
vt 0.26154 0.18245
vt 0.37633 0.18862
vt 0.37633 0.23652
vt 0.31833 0.23198
vt 0.60011 0.51133
vt 0.51756 0.51371
vt 0.51594 0.56270
vt 0.61014 0.45916
vt 0.51756 0.51371
vt 0.60011 0.51133
vt 0.57722 0.37657
vt 0.71528 0.35911
vt 0.71528 0.33019
vt 0.61092 0.39583
vt 0.71528 0.35911
vt 0.57722 0.37657
vt 0.61092 0.39583
vt 0.63801 0.41317
vt 0.71528 0.35911
vt 0.54575 0.45982
vt 0.63801 0.41317
vt 0.61092 0.39583
vt 0.80216 0.46535
vt 0.87162 0.46535
vt 0.84557 0.39929
vt 0.82227 0.51398
vt 0.87162 0.46535
vt 0.80216 0.46535
vt 0.82227 0.51398
vt 0.90237 0.51398
vt 0.87162 0.46535
vt 0.91929 0.56608
vt 0.90237 0.51398
vt 0.82227 0.51398
vt 0.94028 0.21471
vt 0.92280 0.23633
vt 0.92280 0.21471
vt 0.97067 0.23633
vt 0.92280 0.23633
vt 0.94028 0.21471
vt 0.81454 0.22419
vt 0.85627 0.21471
vt 0.83820 0.23633
vt 0.59647 0.56587
vt 0.60011 0.51133
vt 0.51594 0.56270
vt 0.72825 0.56608
vt 0.60011 0.51133
vt 0.59647 0.56587
vt 0.60034 0.67540
vt 0.53357 0.72868
vt 0.60358 0.72868
vt 0.15242 0.34501
vt 0.16221 0.41085
vt 0.19703 0.35491
vt 0.10575 0.41502
vt 0.16221 0.41085
vt 0.15242 0.34501
vt 0.10575 0.41502
vt 0.11102 0.43858
vt 0.16221 0.41085
vt 0.07092 0.41456
vt 0.11102 0.43858
vt 0.10575 0.41502
vt 0.07092 0.41456
vt 0.06957 0.43764
vt 0.11102 0.43858
vt 0.15432 0.43110
vt 0.16221 0.41085
vt 0.11102 0.43858
vt 0.19260 0.41282
vt 0.16221 0.41085
vt 0.15432 0.43110
vt 0.19260 0.41282
vt 0.19703 0.35491
vt 0.16221 0.41085
vt 0.26805 0.33300
vt 0.30218 0.35886
vt 0.29697 0.31700
vt 0.04283 0.32086
vt 0.01237 0.31784
vt 0.00993 0.33627
vt 0.03037 0.29320
vt 0.01237 0.31784
vt 0.04283 0.32086
vt 0.83820 0.23633
vt 0.88784 0.26296
vt 0.83652 0.26296
vt 0.83820 0.23633
vt 0.88784 0.23633
vt 0.88784 0.26296
vt 0.85627 0.21471
vt 0.88784 0.23633
vt 0.83820 0.23633
vt 0.85627 0.21471
vt 0.88784 0.21471
vt 0.88784 0.23633
vt 0.83837 0.19623
vt 0.88784 0.21471
vt 0.85627 0.21471
vt 0.83837 0.19623
vt 0.88784 0.19623
vt 0.88784 0.21471
vt 0.88784 0.23633
vt 0.83820 0.23633
vt 0.88784 0.26296
vt 0.88784 0.21471
vt 0.83820 0.23633
vt 0.88784 0.23633
vt 0.88784 0.21471
vt 0.85627 0.21471
vt 0.83820 0.23633
vt 0.83837 0.19623
vt 0.85627 0.21471
vt 0.88784 0.21471
vt 0.82824 0.98648
vt 0.80112 0.93793
vt 0.82824 0.93793
vt 0.80112 0.98648
vt 0.80112 0.93793
vt 0.82824 0.98648
vt 0.80112 0.98648
vt 0.76315 0.93793
vt 0.80112 0.93793
vt 0.75397 0.98648
vt 0.76315 0.93793
vt 0.80112 0.98648
vt 0.75397 0.98648
vt 0.72818 0.98648
vt 0.76315 0.93793
vt 0.80112 0.93793
vt 0.82824 0.92153
vt 0.82824 0.93793
vt 0.80112 0.92153
vt 0.82824 0.92153
vt 0.80112 0.93793
vt 0.80112 0.92153
vt 0.82824 0.91732
vt 0.82824 0.92153
vt 0.97746 0.91732
vt 0.91072 0.83849
vt 0.97746 0.84340
vt 0.91573 0.91732
vt 0.91072 0.83849
vt 0.97746 0.91732
vt 0.91573 0.91732
vt 0.82824 0.91732
vt 0.91072 0.83849
vt 0.74804 0.13494
vt 0.68831 0.18470
vt 0.68831 0.13494
vt 0.74804 0.18470
vt 0.68831 0.18470
vt 0.74804 0.13494
vt 0.74804 0.18470
vt 0.68831 0.25073
vt 0.68831 0.18470
vt 0.74804 0.25073
vt 0.68831 0.25073
vt 0.74804 0.18470
vt 0.74804 0.25073
vt 0.68831 0.26920
vt 0.68831 0.25073
vt 0.74804 0.26920
vt 0.68831 0.26920
vt 0.74804 0.25073
vt 0.60516 0.26920
vt 0.57375 0.26920
vt 0.57375 0.25073
vt 0.57375 0.30214
vt 0.57375 0.26920
vt 0.60516 0.26920
vt 0.57375 0.30214
vt 0.51859 0.26920
vt 0.57375 0.26920
vt 0.51859 0.30214
vt 0.51859 0.26920
vt 0.57375 0.30214
vt 0.51859 0.30214
vt 0.44037 0.26920
vt 0.51859 0.26920
vt 0.44037 0.30214
vt 0.44037 0.26920
vt 0.51859 0.30214
vt 0.44037 0.30214
vt 0.38571 0.30214
vt 0.44037 0.26920
vt 0.60516 0.30214
vt 0.60516 0.26920
vt 0.68831 0.30214
vt 0.57375 0.30214
vt 0.60516 0.26920
vt 0.60516 0.30214
vt 0.71528 0.33019
vt 0.71528 0.31688
vt 0.78993 0.31688
vt 0.71528 0.33019
vt 0.54575 0.36238
vt 0.71528 0.31688
vt 0.57722 0.37657
vt 0.54575 0.36238
vt 0.71528 0.33019
vt 0.57722 0.37657
vt 0.54575 0.39694
vt 0.54575 0.36238
vt 0.61092 0.39583
vt 0.54575 0.39694
vt 0.57722 0.37657
vt 0.61092 0.39583
vt 0.54575 0.43175
vt 0.54575 0.39694
vt 0.54575 0.45982
vt 0.54575 0.43175
vt 0.61092 0.39583
vt 0.54575 0.45982
vt 0.48642 0.49312
vt 0.54575 0.43175
vt 0.97835 0.72868
vt 0.91671 0.67540
vt 0.98741 0.67540
vt 0.90072 0.72868
vt 0.91671 0.67540
vt 0.97835 0.72868
vt 0.90072 0.72868
vt 0.82090 0.67540
vt 0.91671 0.67540
vt 0.81589 0.72868
vt 0.82090 0.67540
vt 0.90072 0.72868
vt 0.81589 0.72868
vt 0.72825 0.67540
vt 0.82090 0.67540
vt 0.72825 0.72868
vt 0.72825 0.67540
vt 0.81589 0.72868
vt 0.57375 0.04423
vt 0.57375 0.01455
vt 0.63479 0.03496
vt 0.50343 0.04161
vt 0.57375 0.01455
vt 0.57375 0.04423
vt 0.50343 0.04161
vt 0.50343 0.01455
vt 0.57375 0.01455
vt 0.44037 0.01455
vt 0.50343 0.01455
vt 0.50343 0.04161
vt 0.63479 0.01455
vt 0.63479 0.03496
vt 0.57375 0.01455
vt 0.68831 0.01455
vt 0.63479 0.03496
vt 0.63479 0.01455
vt 0.38571 0.26920
vt 0.44037 0.26920
vt 0.38571 0.30214
vt 0.44037 0.25073
vt 0.44037 0.26920
vt 0.38571 0.26920
vt 0.44037 0.25073
vt 0.51997 0.25073
vt 0.44037 0.26920
vt 0.51859 0.18470
vt 0.51997 0.25073
vt 0.44037 0.25073
vt 0.51859 0.18470
vt 0.57375 0.18470
vt 0.51997 0.25073
vt 0.44037 0.18470
vt 0.38571 0.18470
vt 0.38571 0.13494
vt 0.44037 0.25073
vt 0.38571 0.18470
vt 0.44037 0.18470
vt 0.44037 0.25073
vt 0.38571 0.25073
vt 0.38571 0.18470
vt 0.38571 0.26920
vt 0.38571 0.25073
vt 0.44037 0.25073
vt 0.48642 0.49312
vt 0.54575 0.39694
vt 0.54575 0.43175
vt 0.54575 0.36238
vt 0.54575 0.39694
vt 0.48642 0.49312
vt 0.08347 0.02665
vt 0.09088 0.02348
vt 0.05244 0.09574
vt 0.08347 0.02665
vt 0.07621 0.00353
vt 0.09088 0.02348
vt 0.07138 0.01140
vt 0.07621 0.00353
vt 0.08347 0.02665
vt 0.07138 0.01140
vt 0.00338 0.01111
vt 0.07621 0.00353
vt 0.08347 0.02665
vt 0.00338 0.01111
vt 0.07138 0.01140
vt 0.08347 0.02665
vt 0.04653 0.09020
vt 0.00338 0.01111
vt 0.05244 0.09574
vt 0.04653 0.09020
vt 0.08347 0.02665
vt 0.05244 0.09574
vt 0.00464 0.10727
vt 0.04653 0.09020
vt 0.26706 0.04333
vt 0.26706 0.00971
vt 0.21545 0.03929
vt 0.31491 0.05271
vt 0.26706 0.00971
vt 0.26706 0.04333
vt 0.31491 0.05271
vt 0.30981 0.00971
vt 0.26706 0.00971
vt 0.32681 0.03761
vt 0.30981 0.00971
vt 0.31491 0.05271
vt 0.32681 0.03761
vt 0.34298 0.00971
vt 0.30981 0.00971
vt 0.26438 0.27217
vt 0.32581 0.27400
vt 0.31833 0.23198
vt 0.26911 0.29525
vt 0.32581 0.27400
vt 0.26438 0.27217
vt 0.26911 0.29525
vt 0.34132 0.29708
vt 0.32581 0.27400
vt 0.18589 0.27217
vt 0.17386 0.18438
vt 0.13795 0.26016
vt 0.21791 0.20739
vt 0.17386 0.18438
vt 0.18589 0.27217
vt 0.21791 0.20739
vt 0.20692 0.17602
vt 0.17386 0.18438
vt 0.26152 0.21981
vt 0.20692 0.17602
vt 0.21791 0.20739
vt 0.26152 0.21981
vt 0.26154 0.18245
vt 0.20692 0.17602
vt 0.31599 0.18874
vt 0.26154 0.18245
vt 0.26152 0.21981
vt 0.31599 0.18874
vt 0.30337 0.12897
vt 0.26154 0.18245
vt 0.34341 0.12897
vt 0.30337 0.12897
vt 0.31599 0.18874
vt 0.04653 0.09020
vt 0.00464 0.10727
vt 0.00338 0.01111
vt 0.17055 0.00971
vt 0.16417 0.08071
vt 0.21575 0.08280
vt 0.26911 0.29525
vt 0.21705 0.27217
vt 0.21179 0.29525
vt 0.26438 0.27217
vt 0.21705 0.27217
vt 0.26911 0.29525
vt 0.75725 0.25766
vt 0.80179 0.25004
vt 0.80179 0.27755
vt 0.79264 0.22923
vt 0.80179 0.25004
vt 0.75725 0.25766
vt 0.48807 0.79093
vt 0.55977 0.84888
vt 0.51085 0.84888
vt 0.48807 0.79093
vt 0.53876 0.79093
vt 0.55977 0.84888
vt 0.46312 0.72868
vt 0.53876 0.79093
vt 0.48807 0.79093
vt 0.46312 0.72868
vt 0.53357 0.72868
vt 0.53876 0.79093
vt 0.72825 0.62273
vt 0.72825 0.67540
vt 0.59498 0.60992
vt 0.72825 0.62273
vt 0.82090 0.67540
vt 0.72825 0.67540
vt 0.82970 0.62273
vt 0.82090 0.67540
vt 0.72825 0.62273
vt 0.82970 0.62273
vt 0.91671 0.67540
vt 0.82090 0.67540
vt 0.92507 0.62273
vt 0.91671 0.67540
vt 0.82970 0.62273
vt 0.92507 0.62273
vt 0.98741 0.67540
vt 0.91671 0.67540
vt 0.87410 0.39080
vt 0.78993 0.35911
vt 0.87410 0.35911
vt 0.78993 0.39080
vt 0.78993 0.35911
vt 0.87410 0.39080
vt 0.78993 0.39080
vt 0.71528 0.35911
vt 0.78993 0.35911
vt 0.71528 0.39080
vt 0.71528 0.35911
vt 0.78993 0.39080
vt 0.71528 0.39080
vt 0.63801 0.41317
vt 0.71528 0.35911
vt 0.57722 0.37657
vt 0.71528 0.35911
vt 0.61092 0.39583
vt 0.71528 0.33019
vt 0.71528 0.35911
vt 0.57722 0.37657
vt 0.71528 0.33019
vt 0.78993 0.35911
vt 0.71528 0.35911
vt 0.78993 0.31688
vt 0.78993 0.35911
vt 0.71528 0.33019
vt 0.78993 0.31688
vt 0.87410 0.31688
vt 0.78993 0.35911
vt 0.87410 0.31688
vt 0.87410 0.35911
vt 0.78993 0.35911
vt 0.97746 0.84340
vt 0.90784 0.79830
vt 0.97746 0.79093
vt 0.91072 0.83849
vt 0.90784 0.79830
vt 0.97746 0.84340
vt 0.53876 0.79093
vt 0.61215 0.79093
vt 0.55977 0.84888
vt 0.60358 0.72868
vt 0.61215 0.79093
vt 0.53876 0.79093
vt 0.60358 0.72868
vt 0.72825 0.72868
vt 0.61215 0.79093
vt 0.61377 0.84888
vt 0.61831 0.91732
vt 0.56523 0.91732
vt 0.64162 0.86359
vt 0.61831 0.91732
vt 0.61377 0.84888
vt 0.64162 0.86359
vt 0.61831 0.92153
vt 0.61831 0.91732
vt 0.65272 0.90507
vt 0.61831 0.92153
vt 0.64162 0.86359
vt 0.65272 0.90507
vt 0.65272 0.92153
vt 0.61831 0.92153
vt 0.61831 0.98648
vt 0.65272 0.93793
vt 0.65272 0.98648
vt 0.61831 0.93793
vt 0.65272 0.93793
vt 0.61831 0.98648
vt 0.61831 0.93793
vt 0.61831 0.92153
vt 0.65272 0.93793
vt 0.53876 0.79093
vt 0.53357 0.72868
vt 0.60358 0.72868
vt 0.81228 0.26296
vt 0.83820 0.23633
vt 0.81454 0.22419
vt 0.83652 0.26296
vt 0.83820 0.23633
vt 0.81228 0.26296
vt 0.83652 0.26296
vt 0.88784 0.26296
vt 0.83820 0.23633
vt 0.81228 0.26296
vt 0.83820 0.23633
vt 0.83652 0.26296
vt 0.81454 0.22419
vt 0.83820 0.23633
vt 0.81228 0.26296
vt 0.81454 0.22419
vt 0.85627 0.21471
vt 0.83820 0.23633
vt 0.26706 0.12897
vt 0.26154 0.18245
vt 0.30337 0.12897
vt 0.20692 0.17602
vt 0.26154 0.18245
vt 0.26706 0.12897
vt 0.26706 0.00971
vt 0.21545 0.00971
vt 0.21545 0.03929
vt 0.51756 0.51371
vt 0.60011 0.51133
vt 0.51594 0.56270
vt 0.61014 0.45916
vt 0.60011 0.51133
vt 0.51756 0.51371
vt 0.61092 0.39583
vt 0.63801 0.41317
vt 0.54575 0.45982
vt 0.71528 0.35911
vt 0.63801 0.41317
vt 0.61092 0.39583
vt 0.92280 0.26296
vt 0.97067 0.23633
vt 0.97072 0.26296
vt 0.92280 0.23633
vt 0.97067 0.23633
vt 0.92280 0.26296
vt 0.81454 0.22419
vt 0.83820 0.23633
vt 0.85627 0.21471
vt 0.60011 0.51133
vt 0.59647 0.56587
vt 0.51594 0.56270
vt 0.72825 0.56608
vt 0.59647 0.56587
vt 0.60011 0.51133
vt 0.60034 0.67540
vt 0.60358 0.72868
vt 0.53357 0.72868
vt 0.10575 0.41502
vt 0.15242 0.34501
vt 0.16221 0.41085
vt 0.77425 0.83245
vt 0.80112 0.85901
vt 0.83659 0.85077
vt 0.77425 0.83245
vt 0.76846 0.92153
vt 0.80112 0.85901
vt 0.72818 0.92153
vt 0.76846 0.92153
vt 0.77425 0.83245
vt 0.72818 0.92153
vt 0.72818 0.93793
vt 0.76846 0.92153
vt 0.67873 0.93793
vt 0.72818 0.93793
vt 0.72818 0.92153
vt 0.67873 0.93793
vt 0.68558 0.98648
vt 0.72818 0.93793
vt 0.79404 0.79830
vt 0.77425 0.83245
vt 0.83659 0.85077
vt 0.72818 0.83151
vt 0.77425 0.83245
vt 0.79404 0.79830
vt 0.72818 0.83151
vt 0.72818 0.92153
vt 0.77425 0.83245
vt 0.67158 0.90507
vt 0.72818 0.92153
vt 0.72818 0.83151
vt 0.67158 0.90507
vt 0.66732 0.92153
vt 0.72818 0.92153
vt 0.72342 0.79093
vt 0.72818 0.83151
vt 0.79404 0.79830
vt 0.65999 0.83572
vt 0.72818 0.83151
vt 0.72342 0.79093
vt 0.65999 0.83572
vt 0.67158 0.90507
vt 0.72818 0.83151
vt 0.57375 0.25073
vt 0.51859 0.26920
vt 0.57375 0.26920
vt 0.51997 0.25073
vt 0.51859 0.26920
vt 0.57375 0.25073
vt 0.51997 0.25073
vt 0.44037 0.26920
vt 0.51859 0.26920
vt 0.63479 0.13494
vt 0.68831 0.18470
vt 0.68831 0.13494
vt 0.63479 0.18470
vt 0.68831 0.18470
vt 0.63479 0.13494
vt 0.63479 0.18470
vt 0.68831 0.25073
vt 0.68831 0.18470
vt 0.61549 0.25073
vt 0.68831 0.25073
vt 0.63479 0.18470
vt 0.61549 0.25073
vt 0.68831 0.26920
vt 0.68831 0.25073
vt 0.51859 0.18470
vt 0.44037 0.18470
vt 0.44037 0.25073
vt 0.71528 0.33019
vt 0.71528 0.35911
vt 0.78993 0.35911
vt 0.57375 0.18470
vt 0.51997 0.25073
vt 0.57375 0.25073
vt 0.57375 0.13494
vt 0.63479 0.18470
vt 0.63479 0.13494
vt 0.61831 0.92153
vt 0.65272 0.93793
vt 0.65272 0.92153
vt 0.67873 0.93793
vt 0.72818 0.92153
vt 0.66732 0.92153
vt 0.53876 0.79093
vt 0.55977 0.84888
vt 0.61215 0.79093
vt 0.26706 0.04333
vt 0.26706 0.07203
vt 0.21575 0.08280
vt 0.82227 0.51398
vt 0.83636 0.56608
vt 0.91929 0.56608
vt 0.80112 0.85901
vt 0.77425 0.83245
vt 0.83659 0.85077
vt 0.76846 0.92153
vt 0.77425 0.83245
vt 0.80112 0.85901
vt 0.76846 0.92153
vt 0.72818 0.92153
vt 0.77425 0.83245
vt 0.72818 0.93793
vt 0.72818 0.92153
vt 0.76846 0.92153
vt 0.72818 0.93793
vt 0.67873 0.93793
vt 0.72818 0.92153
vt 0.68558 0.98648
vt 0.67873 0.93793
vt 0.72818 0.93793
vt 0.67158 0.90507
vt 0.72818 0.92153
vt 0.66732 0.92153
vt 0.72818 0.83151
vt 0.72818 0.92153
vt 0.67158 0.90507
vt 0.72818 0.83151
vt 0.77425 0.83245
vt 0.72818 0.92153
vt 0.79404 0.79830
vt 0.77425 0.83245
vt 0.72818 0.83151
vt 0.79404 0.79830
vt 0.83659 0.85077
vt 0.77425 0.83245
vt 0.65999 0.83572
vt 0.72818 0.83151
vt 0.67158 0.90507
vt 0.72342 0.79093
vt 0.72818 0.83151
vt 0.65999 0.83572
vt 0.72342 0.79093
vt 0.79404 0.79830
vt 0.72818 0.83151
vt 0.57375 0.25073
vt 0.51997 0.25073
vt 0.57375 0.18470
vt 0.51859 0.26920
vt 0.51997 0.25073
vt 0.57375 0.25073
vt 0.51859 0.26920
vt 0.44037 0.26920
vt 0.51997 0.25073
vt 0.61549 0.25073
vt 0.68831 0.25073
vt 0.68831 0.26920
vt 0.63479 0.18470
vt 0.68831 0.25073
vt 0.61549 0.25073
vt 0.63479 0.18470
vt 0.68831 0.18470
vt 0.68831 0.25073
vt 0.63479 0.13494
vt 0.68831 0.18470
vt 0.63479 0.18470
vt 0.63479 0.13494
vt 0.68831 0.13494
vt 0.68831 0.18470
vt 0.51859 0.18470
vt 0.44037 0.25073
vt 0.44037 0.18470
vt 0.35099 0.03777
vt 0.33796 0.03639
vt 0.32672 0.05199
vt 0.57375 0.25073
vt 0.57375 0.26920
vt 0.51859 0.26920
vt 0.57375 0.13494
vt 0.63479 0.13494
vt 0.63479 0.18470
vt 0.61831 0.92153
vt 0.65272 0.92153
vt 0.65272 0.93793
vt 0.76315 0.93793
vt 0.80112 0.92153
vt 0.80112 0.93793
vt 0.67873 0.93793
vt 0.66732 0.92153
vt 0.72818 0.92153
vt 0.82227 0.51398
vt 0.91929 0.56608
vt 0.83636 0.56608
vn 0.541597 -0.4076592 0.735178
vn 0.541597 -0.4076592 0.735178
vn 0.541597 -0.4076592 0.735178
vn 0.3431598 -0.937499 -0.05776674
vn 0.3431598 -0.937499 -0.05776674
vn 0.2435799 -0.9651156 -0.09602484
vn 0.8882515 0.2143696 -0.4062696
vn 0.9242046 0.08685902 -0.3718889
vn 0.8981699 0.1611291 -0.4090577
vn -0.7426796 -0.5551296 0.3745103
vn -0.7426796 -0.5551296 0.3745103
vn -0.6602165 -0.5766721 0.4812106
vn -0.7426796 -0.5551296 0.3745103
vn -0.8624694 -0.4248573 0.2750327
vn -0.7426796 -0.5551296 0.3745103
vn 0.2172768 0.620735 -0.753312
vn 0.125447 0.7395566 -0.6613011
vn 0.01899239 0.7717844 -0.6356006
vn -0.3352055 0.8030362 0.4927172
vn -0.2891691 0.9296424 0.2283553
vn -0.3352055 0.8030362 0.4927172
vn -0.879645 -0.3022182 0.3672723
vn -0.8497949 -0.2809892 0.4459752
vn -0.879645 -0.3022182 0.3672723
vn -0.9931359 0.1101639 0.03930873
vn -0.9931359 0.1101639 0.03930873
vn -0.9931359 0.1101639 0.03930873
vn 0.0552246 -0.1563898 0.9861503
vn -0.1681314 -0.3436193 0.9239359
vn -0.2514473 -0.3853871 0.887835
vn 0.6971937 -0.6566561 -0.2876173
vn 0.6971937 -0.6566561 -0.2876173
vn 0.6971937 -0.6566561 -0.2876173
vn -0.3352055 0.8030362 0.4927172
vn -0.3352055 0.8030362 0.4927172
vn -0.3517317 0.605734 0.7137026
vn -0.78084 -0.1314267 -0.6107503
vn -0.7021155 -0.260528 -0.6626909
vn -0.78084 -0.1314267 -0.6107503
vn -0.1248072 0.9920498 -0.01613592
vn -0.3487684 0.9363352 0.0404602
vn -0.05140183 0.9941095 0.09541667
vn 0.6719955 -0.1445481 -0.7263111
vn 0.5736816 -0.285579 -0.7676809
vn 0.8260596 -0.1015103 -0.5543655
vn 0.0399242 0.9934655 -0.1069225
vn -0.1248072 0.9920498 -0.01613592
vn 0.2260502 0.9727659 -0.05126345
vn -0.2382979 0.9705126 -0.03632316
vn -0.1248072 0.9920498 -0.01613592
vn 0.0399242 0.9934655 -0.1069225
vn -0.1248072 0.9920498 -0.01613592
vn -0.3504503 0.9360284 -0.03217649
vn -0.3487684 0.9363352 0.0404602
vn 0.2260502 0.9727659 -0.05126345
vn -0.1248072 0.9920498 -0.01613592
vn -0.05140183 0.9941095 0.09541667
vn -0.3504503 0.9360284 -0.03217649
vn -0.1248072 0.9920498 -0.01613592
vn -0.2382979 0.9705126 -0.03632316
vn 0.6366418 -0.7126684 -0.2946032
vn 0.6359046 -0.7711222 0.03155905
vn 0.7541558 -0.6553867 -0.0414418
vn 0.6359046 -0.7711222 0.03155905
vn 0.6219538 -0.727075 0.2907496
vn 0.7541558 -0.6553867 -0.0414418
vn 0.6387954 0.5294484 0.5582337
vn 0.6234882 0.4404738 0.6459453
vn 0.6234882 0.4404738 0.6459453
vn 0.5461745 0.3514971 -0.7603574
vn 0.5461745 0.3514971 -0.7603574
vn 0.5168967 0.2516961 -0.8182096
vn 0.5461745 0.3514971 -0.7603574
vn 0.5677161 0.4463193 -0.691735
vn 0.5461745 0.3514971 -0.7603574
vn 0.8833005 -0.2061499 0.4210492
vn 0.9332768 -0.1680524 0.3174163
vn 0.9379654 -0.1342338 0.319691
vn 0.852712 -0.2244755 0.4716915
vn 0.7247689 -0.3384 0.600163
vn 0.8833005 -0.2061499 0.4210492
vn -0.1145799 0.06272751 -0.9914317
vn 0.1427303 -0.127997 -0.9814504
vn 0.1918783 0.2543181 -0.9478951
vn -0.4432125 0.2093958 -0.871617
vn -0.3199002 -0.1337442 -0.937964
vn -0.1145799 0.06272751 -0.9914317
vn -0.4414874 0.8799465 -0.175451
vn -0.4501999 0.8815675 -0.1419817
vn -0.582139 0.7804338 -0.2281167
vn 0.3935902 -0.6325007 -0.6671054
vn 0.483862 -0.6562487 -0.5789778
vn 0.3060659 -0.5976237 -0.7410598
vn 0.2398328 -0.4192877 -0.8756015
vn 0.2398328 -0.4192877 -0.8756015
vn 0.2398328 -0.4192877 -0.8756015
vn -0.4690846 0.882137 0.04235521
vn -0.5246794 0.7658405 -0.3717524
vn -0.431889 0.9010768 0.03914726
vn -0.87997 -0.2315112 -0.4147956
vn -0.979298 -0.1984206 -0.04006028
vn -0.9744545 -0.2080688 0.08453327
vn 0.9845649 0.1527101 -0.08550787
vn 0.9116315 0.05116358 -0.4078119
vn 0.9477355 0.3083304 -0.08203548
vn 0.8833005 -0.2061499 0.4210492
vn 0.9379654 -0.1342338 0.319691
vn 0.852712 -0.2244755 0.4716915
vn -0.07447249 -0.8824047 -0.4645598
vn -0.1785939 -0.9253322 -0.3344616
vn -0.1039255 -0.9249751 -0.3655416
vn 0.3358394 -0.9418204 -0.01364711
vn 0.1948498 -0.9756616 -0.1005882
vn 0.1822098 -0.9791874 0.08939583
vn 0.3186491 -0.9229633 -0.2158736
vn 0.1948498 -0.9756616 -0.1005882
vn 0.3358394 -0.9418204 -0.01364711
vn 0.1822098 -0.9791874 0.08939583
vn 0.3374995 -0.9282296 0.1564731
vn 0.3358394 -0.9418204 -0.01364711
vn 0.3358394 -0.9418204 -0.01364711
vn 0.3374995 -0.9282296 0.1564731
vn 0.4870367 -0.8690979 0.08639443
vn 0.4870367 -0.8690979 0.08639443
vn 0.4614412 -0.8819004 -0.0965603
vn 0.3358394 -0.9418204 -0.01364711
vn 0.3186491 -0.9229633 -0.2158736
vn 0.3358394 -0.9418204 -0.01364711
vn 0.4614412 -0.8819004 -0.0965603
vn 0.02199567 0.9373667 0.3476494
vn -0.2000421 0.9752413 0.09427361
vn -0.2000421 0.9752413 0.09427361
vn -0.78084 -0.1314267 -0.6107503
vn -0.78084 -0.1314267 -0.6107503
vn -0.9628967 0.0005932027 -0.2698699
vn 0.6719955 -0.1445481 -0.7263111
vn 0.8260596 -0.1015103 -0.5543655
vn 0.9488229 0.0003920853 -0.3158084
vn 0.3477092 -0.9375858 -0.005588144
vn 0.2752315 -0.96074 0.03501782
vn 0.2752315 -0.96074 0.03501782
vn 0.4062043 -0.4050128 -0.8191231
vn 0.4062043 -0.4050128 -0.8191231
vn 0.4062043 -0.4050128 -0.8191231
vn 0.9451801 0.2132729 0.2472839
vn 0.9554166 0.1600226 0.248137
vn 0.974613 0.08587626 0.2067729
vn -0.8525931 -0.4804778 -0.2054905
vn -0.7964105 -0.5540873 -0.242317
vn -0.8443225 -0.5225956 -0.118378
vn -0.8525931 -0.4804778 -0.2054905
vn -0.733647 -0.5752463 -0.3617371
vn -0.7964105 -0.5540873 -0.242317
vn 0.3444318 0.6182672 0.7064788
vn 0.1288121 0.7696558 0.6253299
vn 0.1288121 0.7696558 0.6253299
vn -0.4151187 0.8045856 -0.4246392
vn -0.4151187 0.8045856 -0.4246392
vn -0.3240282 0.9303186 -0.1717937
vn -0.9141884 -0.2797338 -0.2932721
vn -0.929988 -0.3012363 -0.2106633
vn -0.9141884 -0.2797338 -0.2932721
vn -0.9849415 0.110011 0.1333715
vn -0.9849415 0.110011 0.1333715
vn -0.9849415 0.110011 0.1333715
vn -0.116171 -0.153057 -0.9813654
vn -0.3254581 -0.3405591 -0.8820978
vn -0.3254581 -0.3405591 -0.8820978
vn 0.7362342 -0.6574118 0.1605275
vn 0.7362342 -0.6574118 0.1605275
vn 0.7362342 -0.6574118 0.1605275
vn -0.4151187 0.8045856 -0.4246392
vn -0.4696634 0.6080193 -0.6401007
vn -0.4151187 0.8045856 -0.4246392
vn -0.1198461 0.9919536 0.04080463
vn -0.3502357 0.9363643 0.02359834
vn -0.3393339 0.9358128 0.09543028
vn -0.8811957 -0.07078838 0.467422
vn -0.6635125 -0.1337055 0.7361208
vn -0.5770301 -0.2629578 0.7732332
vn -0.1198461 0.9919536 0.04080463
vn -0.0668332 0.9944093 -0.08175255
vn -0.3502357 0.9363643 0.02359834
vn 0.6976956 -0.2879876 0.6559604
vn 0.7874157 -0.146792 0.5986891
vn 0.6976956 -0.2879876 0.6559604
vn -0.2281447 0.9703153 0.08023873
vn 0.05810181 0.9931123 0.1017452
vn -0.1198461 0.9919536 0.04080463
vn 0.2317959 0.9726538 0.01467262
vn -0.0668332 0.9944093 -0.08175255
vn -0.1198461 0.9919536 0.04080463
vn 0.2317959 0.9726538 0.01467262
vn -0.1198461 0.9919536 0.04080463
vn 0.05810181 0.9931123 0.1017452
vn -0.3393339 0.9358128 0.09543028
vn -0.2281447 0.9703153 0.08023873
vn -0.1198461 0.9919536 0.04080463
vn 0.6361685 -0.7623098 0.1190524
vn 0.7594412 -0.649718 0.03339916
vn 0.6206441 -0.7708255 -0.1436283
vn 0.6206441 -0.7708255 -0.1436283
vn 0.7594412 -0.649718 0.03339916
vn 0.5857904 -0.6565087 -0.4752326
vn 0.5328032 0.5315043 -0.6585014
vn 0.502535 0.4428232 -0.7425404
vn 0.502535 0.4428232 -0.7425404
vn 0.6695244 0.3491011 0.6556413
vn 0.6695244 0.3491011 0.6556413
vn 0.6789041 0.4441619 0.5846449
vn 0.6695244 0.3491011 0.6556413
vn 0.650661 0.2490952 0.7173506
vn 0.6695244 0.3491011 0.6556413
vn 0.7971344 -0.2044766 -0.5681251
vn 0.8685226 -0.132886 -0.4775037
vn 0.8642875 -0.1667164 -0.4745659
vn 0.7582451 -0.222639 -0.6127774
vn 0.7971344 -0.2044766 -0.5681251
vn 0.6099814 -0.3361693 -0.7175744
vn 0.05858968 0.0593638 0.9965156
vn 0.352962 0.2511901 0.9012887
vn 0.3102422 -0.13125 0.9415537
vn -0.2857683 0.2063365 0.9358214
vn 0.05858968 0.0593638 0.9965156
vn -0.1529398 -0.1369869 0.978695
vn -0.4042431 0.8792229 0.2521004
vn -0.5072085 0.825183 0.2486216
vn -0.3421319 0.9292849 0.1391954
vn 0.6365404 -0.7169969 0.2841332
vn 0.429415 -0.6000211 0.6749648
vn 0.4918411 -0.6027149 0.6283526
vn 0.3874971 -0.4221566 0.8195302
vn 0.3874971 -0.4221566 0.8195302
vn 0.3874971 -0.4221566 0.8195302
vn -0.4690846 0.882137 0.04235521
vn -0.431889 0.9010768 0.03914726
vn -0.3668866 0.8398784 0.3999981
vn -0.7950625 -0.233162 0.5599207
vn -0.9744545 -0.2080688 0.08453327
vn -0.979298 -0.1984206 -0.04006028
vn 0.9845649 0.1527101 -0.08550787
vn 0.9477355 0.3083304 -0.08203548
vn 0.9684291 0.0500591 0.2442114
vn 0.7971344 -0.2044766 -0.5681251
vn 0.7582451 -0.222639 -0.6127774
vn 0.8685226 -0.132886 -0.4775037
vn -0.03942597 -0.9262286 0.3748948
vn -0.03942597 -0.9262286 0.3748948
vn -0.1183445 -0.9265032 0.3571924
vn 0.3328644 -0.9417629 -0.04779133
vn 0.1637184 -0.9788286 -0.1228447
vn 0.2090206 -0.9759372 0.06210461
vn 0.3509057 -0.9235896 0.1544261
vn 0.3328644 -0.9417629 -0.04779133
vn 0.2090206 -0.9759372 0.06210461
vn 0.1637184 -0.9788286 -0.1228447
vn 0.3328644 -0.9417629 -0.04779133
vn 0.3050878 -0.9276001 -0.2155909
vn 0.3328644 -0.9417629 -0.04779133
vn 0.4645093 -0.8686597 -0.1722254
vn 0.3050878 -0.9276001 -0.2155909
vn 0.4645093 -0.8686597 -0.1722254
vn 0.3328644 -0.9417629 -0.04779133
vn 0.4709295 -0.8820843 0.01235726
vn 0.3509057 -0.9235896 0.1544261
vn 0.4709295 -0.8820843 0.01235726
vn 0.3328644 -0.9417629 -0.04779133
vn -0.03817286 0.9385373 -0.3430606
vn -0.03817286 0.9385373 -0.3430606
vn -0.2130407 0.9754946 -0.05499122
vn -0.8811957 -0.07078838 0.467422
vn -0.9017307 -0.0005945491 0.4322979
vn -0.6635125 -0.1337055 0.7361208
vn 0.8525167 -0.001006899 0.5226992
vn 0.8525167 -0.001006899 0.5226992
vn 0.7874157 -0.146792 0.5986891
vn 0.3060659 -0.5976237 -0.7410598
vn 0.483862 -0.6562487 -0.5789778
vn 0.1220068 -0.5465323 -0.8285026
vn 0.429415 -0.6000211 0.6749648
vn 0.2632634 -0.5492774 0.7930869
vn 0.4918411 -0.6027149 0.6283526
vn 0.005846663 -0.9977224 0.06720041
vn 0.005846663 -0.9977224 0.06720041
vn 0.1043492 -0.9938131 -0.03803549
vn -0.4392508 -0.6562154 0.6135473
vn -0.4392508 -0.6562154 0.6135473
vn -0.4392508 -0.6562154 0.6135473
vn -0.5039604 -0.01132324 0.8636526
vn -0.5039604 -0.01132324 0.8636526
vn -0.5039604 -0.01132324 0.8636526
vn -0.4970619 0.582687 -0.642966
vn -0.4970619 0.582687 -0.642966
vn -0.6765407 0.4002277 -0.6181508
vn -0.2847174 0.7266191 -0.6252687
vn -0.4970619 0.582687 -0.642966
vn -0.4970619 0.582687 -0.642966
vn 0.8981699 0.1611291 -0.4090577
vn 0.8496107 0.1168219 -0.5143095
vn 0.8882515 0.2143696 -0.4062696
vn 0.8386997 0.002395041 -0.5445889
vn 0.8496107 0.1168219 -0.5143095
vn 0.8981699 0.1611291 -0.4090577
vn 0.8386997 0.002395041 -0.5445889
vn 0.7459087 -0.04951515 -0.6642052
vn 0.8496107 0.1168219 -0.5143095
vn 0.3470203 0.5335724 0.771283
vn 0.3470203 0.5335724 0.771283
vn 0.2894402 0.5486241 0.7843698
vn 0.4033117 0.5165395 0.7553322
vn 0.3470203 0.5335724 0.771283
vn 0.3470203 0.5335724 0.771283
vn -0.879645 -0.3022182 0.3672723
vn -0.8624694 -0.4248573 0.2750327
vn -0.879645 -0.3022182 0.3672723
vn -0.2719038 -0.7351189 -0.6210221
vn -0.2719038 -0.7351189 -0.6210221
vn -0.2613347 -0.7301569 -0.631328
vn -0.2719038 -0.7351189 -0.6210221
vn -0.2824069 -0.7399027 -0.6105656
vn -0.2719038 -0.7351189 -0.6210221
vn 0.06230748 -0.9974495 -0.034819
vn 0.1428415 -0.9896367 0.01468029
vn 0.06230748 -0.9974495 -0.034819
vn 0.2220905 -0.9729202 0.06404749
vn 0.1428415 -0.9896367 0.01468029
vn 0.2220905 -0.9729202 0.06404749
vn 0.7816707 -0.3972979 -0.4807757
vn 0.5925813 -0.5350788 -0.6021115
vn 0.4811921 -0.6455497 -0.59306
vn 0.8892821 -0.2395869 -0.3895838
vn 0.5925813 -0.5350788 -0.6021115
vn 0.7816707 -0.3972979 -0.4807757
vn -0.6909389 -0.2089898 0.6920455
vn -0.7179013 -0.117958 0.6860785
vn -0.8432709 0.05214617 0.5349533
vn -0.6909389 -0.2089898 0.6920455
vn -0.5845275 -0.3309278 0.7408201
vn -0.7179013 -0.117958 0.6860785
vn -0.6412162 -0.6213335 0.4503184
vn -0.5845275 -0.3309278 0.7408201
vn -0.6909389 -0.2089898 0.6920455
vn -0.7213178 0.6827717 0.1162909
vn -0.5333055 0.8363045 0.1272003
vn -0.4431901 0.8815809 0.1624732
vn -0.9480535 -0.08681381 -0.3060361
vn -0.9794717 0.04815613 -0.1957451
vn -0.9703339 0.04404518 -0.2377228
vn -0.9480535 -0.08681381 -0.3060361
vn -0.8955231 -0.2259149 -0.3834067
vn -0.9794717 0.04815613 -0.1957451
vn -0.8037447 -0.3533533 -0.4786815
vn -0.8955231 -0.2259149 -0.3834067
vn -0.9480535 -0.08681381 -0.3060361
vn -0.8037447 -0.3533533 -0.4786815
vn -0.8124171 -0.3583382 -0.4599698
vn -0.8955231 -0.2259149 -0.3834067
vn -0.03204796 -0.9311481 0.3632302
vn -0.2980633 -0.8692568 0.3943993
vn -0.03204796 -0.9311481 0.3632302
vn -0.1774865 -0.9061995 0.3837983
vn -0.2980633 -0.8692568 0.3943993
vn -0.1774865 -0.9061995 0.3837983
vn -0.2994406 -0.7480565 0.592239
vn -0.2994406 -0.7480565 0.592239
vn -0.2980633 -0.8692568 0.3943993
vn -0.3902567 -0.4775752 0.7871605
vn -0.2514473 -0.3853871 0.887835
vn -0.1681314 -0.3436193 0.9239359
vn -0.4036612 -0.454456 0.7940576
vn -0.2514473 -0.3853871 0.887835
vn -0.3902567 -0.4775752 0.7871605
vn -0.141034 0.9829113 0.1182998
vn 0.02529489 0.9799827 0.1974695
vn -0.0653924 0.9604135 0.2707947
vn -0.141034 0.9829113 0.1182998
vn 0.02185175 0.9993826 0.02751328
vn 0.02529489 0.9799827 0.1974695
vn -0.1260403 0.9897988 0.06642503
vn 0.02185175 0.9993826 0.02751328
vn -0.141034 0.9829113 0.1182998
vn 0.3481187 0.5491292 -0.7597832
vn 0.3481187 0.5491292 -0.7597832
vn 0.3721858 0.5211954 -0.768006
vn -0.6902857 -0.3203758 -0.648741
vn -0.6902857 -0.3203758 -0.648741
vn -0.7027752 -0.03445522 -0.7105772
vn -0.6902857 -0.3203758 -0.648741
vn -0.6186178 -0.5788305 -0.5312883
vn -0.6902857 -0.3203758 -0.648741
vn -0.141034 0.9829113 0.1182998
vn -0.4431901 0.8815809 0.1624732
vn -0.5333055 0.8363045 0.1272003
vn -0.0653924 0.9604135 0.2707947
vn -0.4431901 0.8815809 0.1624732
vn -0.141034 0.9829113 0.1182998
vn 0.7816707 -0.3972979 -0.4807757
vn 0.9941423 -0.0927167 0.05553985
vn 0.8892821 -0.2395869 -0.3895838
vn 0.9584832 -0.1407767 0.2479756
vn 0.9941423 -0.0927167 0.05553985
vn 0.9584832 -0.1407767 0.2479756
vn 0.5665388 -0.7972468 -0.2084019
vn 0.5083849 -0.8600094 -0.04391748
vn 0.4282973 -0.850104 -0.3064061
vn 0.457555 -0.8829384 0.1051819
vn 0.5083849 -0.8600094 -0.04391748
vn 0.5665388 -0.7972468 -0.2084019
vn 0.457555 -0.8829384 0.1051819
vn 0.4368288 -0.8922921 0.113998
vn 0.5083849 -0.8600094 -0.04391748
vn 0.3794164 0.3265792 -0.8656728
vn 0.2172768 0.620735 -0.753312
vn 0.3794164 0.3265792 -0.8656728
vn 0.125447 0.7395566 -0.6613011
vn 0.2172768 0.620735 -0.753312
vn 0.2302667 0.6976911 -0.6783836
vn 0.8533075 -0.1088094 0.5099282
vn 0.8533075 -0.1088094 0.5099282
vn 0.987287 -0.05313369 0.1498034
vn 0.8608342 -0.01918029 0.508524
vn 0.8533075 -0.1088094 0.5099282
vn 0.8533075 -0.1088094 0.5099282
vn 0.09267617 0.9234644 0.3723233
vn -0.0653924 0.9604135 0.2707947
vn 0.02529489 0.9799827 0.1974695
vn 0.1870168 -0.9804226 -0.06161349
vn 0.2435799 -0.9651156 -0.09602484
vn 0.4282973 -0.850104 -0.3064061
vn 0.1870168 -0.9804226 -0.06161349
vn 0.1043492 -0.9938131 -0.03803549
vn 0.2435799 -0.9651156 -0.09602484
vn 0.2102386 -0.9776391 -0.004639685
vn 0.1043492 -0.9938131 -0.03803549
vn 0.1870168 -0.9804226 -0.06161349
vn 0.2102386 -0.9776391 -0.004639685
vn 0.03308419 -0.9887302 -0.1460072
vn 0.1043492 -0.9938131 -0.03803549
vn 0.8608342 -0.01918029 0.508524
vn 0.8719397 0.0725287 0.4842116
vn 0.8719397 0.0725287 0.4842116
vn -0.2780015 0.9568065 0.08506772
vn -0.1260403 0.9897988 0.06642503
vn -0.141034 0.9829113 0.1182998
vn 0.9922994 6.365468E-05 -0.1238623
vn 0.9488229 0.0003920853 -0.3158084
vn 0.8260596 -0.1015103 -0.5543655
vn 0.9922994 6.378415E-05 -0.1238623
vn 0.9488229 0.0003920853 -0.3158084
vn 0.9922994 6.365468E-05 -0.1238623
vn -0.9628967 0.0005932027 -0.2698699
vn -0.9996157 9.91182E-05 0.02772158
vn -0.9996157 9.892069E-05 0.02772158
vn -0.9996157 9.931571E-05 0.02772158
vn -0.9996157 9.91182E-05 0.02772158
vn -0.9996157 9.931571E-05 0.02772158
vn -0.02483722 -0.9454547 -0.3248056
vn -0.02483722 -0.9454547 -0.3248056
vn 0.01957392 -0.9640224 -0.2650992
vn 0.5889353 -0.4451658 -0.6745241
vn 0.5889353 -0.4451658 -0.6745241
vn 0.5911684 -0.4628612 -0.6605146
vn -0.07955646 -0.221599 -0.9718872
vn -0.0219772 -0.01071853 -0.9997011
vn -0.07955646 -0.221599 -0.9718872
vn -0.8347356 -0.1729785 -0.5227763
vn -0.7644253 -0.2778679 -0.5817589
vn -0.6760325 -0.3257509 -0.6609588
vn 0.08661588 -0.9928828 0.08174077
vn 0.04089092 -0.9580222 0.2837632
vn 0.07370679 -0.9701557 0.2310091
vn 0.5154276 -0.3009639 0.8023436
vn 0.3060628 -0.2976373 0.9042885
vn 0.6357672 -0.4168463 0.6496455
vn 0.5154276 -0.3009639 0.8023436
vn 0.1933248 -0.02166788 0.9808955
vn 0.3060628 -0.2976373 0.9042885
vn -0.5959602 -0.3360564 0.7293131
vn -0.7329503 -0.2207413 0.6434729
vn -0.5959602 -0.3360564 0.7293131
vn 0.0001463266 0.9999986 0.001679929
vn 0.0001462002 0.9999986 0.001680293
vn 0.0001459588 0.9999986 0.001681345
vn 0.0001466712 0.9999986 0.001678814
vn 0.0001462002 0.9999986 0.001680293
vn 0.0001463266 0.9999986 0.001679929
vn 0.0001466712 0.9999986 0.001678814
vn 0.0001462155 0.9999986 0.001679065
vn 0.0001462002 0.9999986 0.001680293
vn 0.0001460584 0.9999986 0.001679543
vn 0.0001462155 0.9999986 0.001679065
vn 0.0001466712 0.9999986 0.001678814
vn 0.0001460584 0.9999986 0.001679543
vn 0.0001455629 0.9999986 0.001678911
vn 0.0001462155 0.9999986 0.001679065
vn 0.0001466042 0.9999986 0.001678426
vn 0.0001466712 0.9999986 0.001678814
vn 0.0001463266 0.9999986 0.001679929
vn 0.0001460786 0.9999986 0.001679304
vn 0.0001466712 0.9999986 0.001678814
vn 0.0001466042 0.9999986 0.001678426
vn 0.0001460786 0.9999986 0.001679304
vn 0.0001460584 0.9999986 0.001679543
vn 0.0001466712 0.9999986 0.001678814
vn 0.0001455235 0.9999986 0.001681469
vn 0.0001460584 0.9999986 0.001679543
vn 0.0001460786 0.9999986 0.001679304
vn 0.0001455235 0.9999986 0.001681469
vn 0.0001466407 0.9999986 0.001681324
vn 0.0001460584 0.9999986 0.001679543
vn 0.2231869 -0.9503633 0.2167885
vn 0.2147458 -0.9748599 0.05943406
vn 0.2147458 -0.9748599 0.05943406
vn 0.6357672 -0.4168463 0.6496455
vn 0.6358306 -0.4308806 0.6403602
vn 0.5154276 -0.3009639 0.8023436
vn 0.5724626 -0.8171619 -0.06732661
vn 0.5724626 -0.8171619 -0.06732661
vn 0.5913152 -0.8051339 -0.04588956
vn 0.5530608 -0.8284059 -0.0886991
vn 0.5724626 -0.8171619 -0.06732661
vn 0.5724626 -0.8171619 -0.06732661
vn 0.9902009 0.1379005 -0.02204233
vn 0.9895172 0.1421382 -0.02554631
vn 0.9895172 0.1421382 -0.02554631
vn 0.5014352 0.3424822 -0.7945242
vn 0.3688389 0.4995061 -0.7838696
vn 0.602679 0.1607561 -0.7816237
vn 0.5014352 0.3424822 -0.7945242
vn -0.09657373 0.6230428 -0.7762032
vn 0.3688389 0.4995061 -0.7838696
vn 0.461573 0.8823175 -0.09201205
vn 0.4460596 0.8886234 -0.1066736
vn 0.4201817 0.9029896 -0.08976242
vn 0.461573 0.8823175 -0.09201205
vn 0.4819079 0.8712657 -0.09306335
vn 0.4460596 0.8886234 -0.1066736
vn 0.4482771 0.8869282 -0.1113824
vn 0.4819079 0.8712657 -0.09306335
vn 0.461573 0.8823175 -0.09201205
vn -0.587038 0.8087478 -0.03624234
vn -0.8554476 0.5161582 0.04231036
vn -0.5979594 0.80102 0.02848852
vn -0.6446291 0.7596009 -0.08637014
vn -0.8554476 0.5161582 0.04231036
vn -0.587038 0.8087478 -0.03624234
vn -0.9807134 0.1807515 -0.07436562
vn -0.9781439 0.2032302 0.04395652
vn -0.8554476 0.5161582 0.04231036
vn -0.9778656 0.2010392 -0.05798411
vn -0.9781439 0.2032302 0.04395652
vn -0.9807134 0.1807515 -0.07436562
vn -0.6331838 -0.7488918 -0.1955494
vn -0.6381646 -0.738136 -0.2188632
vn -0.6136951 -0.7729549 -0.1609937
vn -0.6419574 -0.7210874 -0.2606218
vn -0.6381646 -0.738136 -0.2188632
vn -0.6331838 -0.7488918 -0.1955494
vn -0.6419574 -0.7210874 -0.2606218
vn -0.6468002 -0.7151597 -0.2649457
vn -0.6381646 -0.738136 -0.2188632
vn -0.9807134 0.1807515 -0.07436562
vn -0.9655112 0.1425581 -0.2178654
vn -0.9778656 0.2010392 -0.05798411
vn -0.9807134 0.1807515 -0.07436562
vn -0.9673787 0.1151204 -0.2256672
vn -0.9655112 0.1425581 -0.2178654
vn -0.587038 0.8087478 -0.03624234
vn -0.4816713 0.8619513 -0.1582176
vn -0.6446291 0.7596009 -0.08637014
vn -0.587038 0.8087478 -0.03624234
vn -0.3972331 0.9175755 -0.01615632
vn -0.4816713 0.8619513 -0.1582176
vn 0.3933378 0.9128833 -0.1092217
vn 0.3653117 0.9154739 -0.1686859
vn 0.4316932 0.899959 -0.06095034
vn 0.3933378 0.9128833 -0.1092217
vn 0.329464 0.9103338 -0.2504912
vn 0.3653117 0.9154739 -0.1686859
vn 0.962374 0.2184151 -0.1616516
vn 0.9624851 0.194473 -0.189216
vn 0.9503736 0.2282109 -0.2114467
vn 0.962374 0.2184151 -0.1616516
vn 0.9754552 0.1947178 -0.1028215
vn 0.9624851 0.194473 -0.189216
vn 0.553807 -0.786888 -0.2722224
vn 0.565259 -0.7905948 -0.2354615
vn 0.5707216 -0.7788908 -0.2600117
vn 0.553807 -0.786888 -0.2722224
vn 0.5556657 -0.8000396 -0.2262126
vn 0.565259 -0.7905948 -0.2354615
vn -0.2887553 0.8312591 0.4750039
vn -0.4677656 0.8828426 0.04224101
vn -0.3967787 0.8923773 0.2150105
vn -0.4876166 0.8730531 0.002886355
vn -0.4677656 0.8828426 0.04224101
vn -0.2887553 0.8312591 0.4750039
vn -0.4876166 0.8730531 0.002886355
vn -0.5298917 0.8467289 0.04759213
vn -0.4677656 0.8828426 0.04224101
vn -0.09407469 0.4393307 -0.893386
vn -0.1708923 0.1724806 -0.9700754
vn -0.2802041 0.4883408 -0.8264436
vn -0.1044652 0.1214146 -0.9870894
vn -0.1708923 0.1724806 -0.9700754
vn -0.09407469 0.4393307 -0.893386
vn -0.1044652 0.1214146 -0.9870894
vn 0.3835359 0.2741407 -0.8818998
vn -0.1708923 0.1724806 -0.9700754
vn 0.3964951 -0.03125488 -0.9175046
vn 0.3835359 0.2741407 -0.8818998
vn -0.1044652 0.1214146 -0.9870894
vn 0.3964951 -0.03125488 -0.9175046
vn 0.7714682 0.3107623 -0.5552149
vn 0.3835359 0.2741407 -0.8818998
vn 0.8107332 -0.08078505 -0.579815
vn 0.7714682 0.3107623 -0.5552149
vn 0.3964951 -0.03125488 -0.9175046
vn 0.8107332 -0.08078505 -0.579815
vn 0.9715554 0.2213159 -0.08425742
vn 0.7714682 0.3107623 -0.5552149
vn 0.9922931 0.08893198 -0.08628726
vn 0.9715554 0.2213159 -0.08425742
vn 0.8107332 -0.08078505 -0.579815
vn -0.8947467 0.03775699 -0.444975
vn -0.8947467 0.03775699 -0.444975
vn -0.9090443 -0.06658892 -0.4113447
vn -0.8695123 0.1416414 -0.4731661
vn -0.8947467 0.03775699 -0.444975
vn -0.8947467 0.03775699 -0.444975
vn -0.4298803 0.8355316 -0.3421841
vn -0.3272832 0.8542106 -0.4039927
vn -0.5754116 0.8162404 0.05150819
vn 0.6227728 -0.408065 -0.6675606
vn 0.6227728 -0.408065 -0.6675606
vn 0.6227728 -0.408065 -0.6675606
vn 0.4026853 0.4394929 -0.8029263
vn 0.4796565 0.5399247 -0.6916726
vn 0.4026853 0.4394929 -0.8029263
vn -0.2490065 0.7448281 -0.6190532
vn -0.2797185 0.6632426 -0.6941664
vn -0.2724249 0.423422 -0.8640015
vn -0.3272832 0.8542106 -0.4039927
vn -0.2797185 0.6632426 -0.6941664
vn -0.2490065 0.7448281 -0.6190532
vn -0.3272832 0.8542106 -0.4039927
vn -0.4298803 0.8355316 -0.3421841
vn -0.2797185 0.6632426 -0.6941664
vn -0.02100104 -0.850781 -0.5251005
vn -0.07447249 -0.8824047 -0.4645598
vn -0.1039255 -0.9249751 -0.3655416
vn -0.01296752 -0.7644654 -0.6445343
vn -0.07447249 -0.8824047 -0.4645598
vn -0.02100104 -0.850781 -0.5251005
vn 0.9477355 0.3083304 -0.08203548
vn 0.7714682 0.3107623 -0.5552149
vn 0.9715554 0.2213159 -0.08425742
vn 0.7808459 0.1979365 -0.5925376
vn 0.7714682 0.3107623 -0.5552149
vn 0.9477355 0.3083304 -0.08203548
vn 0.7808459 0.1979365 -0.5925376
vn 0.3835359 0.2741407 -0.8818998
vn 0.7714682 0.3107623 -0.5552149
vn 0.6906902 -0.02734816 -0.7226335
vn 0.3835359 0.2741407 -0.8818998
vn 0.7808459 0.1979365 -0.5925376
vn -0.9442595 -0.1549509 -0.2904553
vn -0.8301607 -0.1921068 -0.5233815
vn -0.9351679 -0.1204801 -0.333085
vn -0.6888367 -0.2536162 -0.6791044
vn -0.8301607 -0.1921068 -0.5233815
vn -0.9442595 -0.1549509 -0.2904553
vn -0.6888367 -0.2536162 -0.6791044
vn -0.4107679 -0.343731 -0.8444636
vn -0.8301607 -0.1921068 -0.5233815
vn -0.1973236 -0.4518942 -0.8699743
vn -0.4107679 -0.343731 -0.8444636
vn -0.6888367 -0.2536162 -0.6791044
vn -0.1973236 -0.4518942 -0.8699743
vn 0.1220068 -0.5465323 -0.8285026
vn -0.4107679 -0.343731 -0.8444636
vn 0.1033753 -0.5686273 -0.816074
vn 0.1220068 -0.5465323 -0.8285026
vn -0.1973236 -0.4518942 -0.8699743
vn 0.1033753 -0.5686273 -0.816074
vn 0.3060659 -0.5976237 -0.7410598
vn 0.1220068 -0.5465323 -0.8285026
vn -0.1303538 -0.9789772 -0.1568803
vn -0.3148308 -0.9487966 0.02581936
vn -0.0710224 -0.9974646 0.004499398
vn -0.13372 -0.9709997 -0.198188
vn -0.3148308 -0.9487966 0.02581936
vn -0.1303538 -0.9789772 -0.1568803
vn -0.13372 -0.9709997 -0.198188
vn -0.1072244 -0.9796685 -0.1695659
vn -0.3148308 -0.9487966 0.02581936
vn -0.4526874 -0.8908623 0.03792593
vn -0.7417275 -0.5746203 -0.3459074
vn -0.8747299 -0.4787112 0.07538742
vn -0.4321135 -0.8446959 -0.3158588
vn -0.7417275 -0.5746203 -0.3459074
vn -0.4526874 -0.8908623 0.03792593
vn -0.4321135 -0.8446959 -0.3158588
vn -0.5126367 -0.5772548 -0.6355946
vn -0.7417275 -0.5746203 -0.3459074
vn -0.2522749 -0.273607 -0.9281685
vn -0.2522749 -0.273607 -0.9281685
vn -0.2928133 -0.2719992 -0.9166662
vn 0.4242614 -0.03020304 -0.905036
vn 0.3555535 0.09929149 -0.929367
vn 0.4394057 -0.02443019 -0.8979565
vn 0.4242614 -0.03020304 -0.905036
vn 0.4446661 -0.05710434 -0.8938742
vn 0.3555535 0.09929149 -0.929367
vn 0.996327 0.0006719337 -0.08562702
vn 0.9941261 -0.07727857 -0.07577085
vn 0.9973884 0.02469297 -0.06787264
vn 0.996327 0.0006719337 -0.08562702
vn 0.9885399 -0.1295027 -0.07757634
vn 0.9941261 -0.07727857 -0.07577085
vn 0.5635955 -0.2266711 0.7943427
vn 0.5875981 -0.4751384 0.6549596
vn 0.6073403 -0.1706663 0.7758935
vn 0.4311495 -0.8933907 0.1263453
vn 0.6320706 -0.7737545 -0.04231757
vn 0.5875981 -0.4751384 0.6549596
vn 0.4313567 -0.886914 -0.1652729
vn 0.6320706 -0.7737545 -0.04231757
vn 0.4311495 -0.8933907 0.1263453
vn 0.4313567 -0.886914 -0.1652729
vn 0.7048291 -0.6005463 -0.3775714
vn 0.6320706 -0.7737545 -0.04231757
vn 0.6372865 -0.7129912 -0.2924197
vn 0.7048291 -0.6005463 -0.3775714
vn 0.4313567 -0.886914 -0.1652729
vn 0.6372865 -0.7129912 -0.2924197
vn 0.6779299 -0.6115795 -0.407899
vn 0.7048291 -0.6005463 -0.3775714
vn 0.7441554 -0.6647433 -0.06594843
vn 0.6779299 -0.6115795 -0.407899
vn 0.6372865 -0.7129912 -0.2924197
vn 0.7441554 -0.6647433 -0.06594843
vn 0.6641707 -0.7452399 -0.05911702
vn 0.6779299 -0.6115795 -0.407899
vn 0.9899195 -0.112208 -0.08642185
vn 0.881917 -0.06849678 -0.4664019
vn 0.8575029 -0.5089005 -0.07555842
vn 0.9838814 0.1570906 -0.08543974
vn 0.881917 -0.06849678 -0.4664019
vn 0.9899195 -0.112208 -0.08642185
vn -0.579589 0.04257442 -0.8137961
vn -0.5047039 0.2584139 -0.8237088
vn -0.7933656 0.3841286 -0.4722459
vn -0.05761234 0.02374703 -0.9980565
vn -0.5047039 0.2584139 -0.8237088
vn -0.579589 0.04257442 -0.8137961
vn -0.05761234 0.02374703 -0.9980565
vn -0.02518741 0.2932189 -0.9557136
vn -0.5047039 0.2584139 -0.8237088
vn 0.5296613 -0.04997766 -0.8467357
vn -0.02518741 0.2932189 -0.9557136
vn -0.05761234 0.02374703 -0.9980565
vn 0.5296613 -0.04997766 -0.8467357
vn 0.5264283 0.229357 -0.8186994
vn -0.02518741 0.2932189 -0.9557136
vn 0.881917 -0.06849678 -0.4664019
vn 0.5264283 0.229357 -0.8186994
vn 0.5296613 -0.04997766 -0.8467357
vn 0.881917 -0.06849678 -0.4664019
vn 0.833582 0.1715043 -0.5250973
vn 0.5264283 0.229357 -0.8186994
vn 0.9838814 0.1570906 -0.08543974
vn 0.833582 0.1715043 -0.5250973
vn 0.881917 -0.06849678 -0.4664019
vn 0.9838814 0.1570906 -0.08543974
vn 0.8432674 0.3047244 -0.4427676
vn 0.833582 0.1715043 -0.5250973
vn 0.9211465 0.3809903 -0.07959604
vn 0.8432674 0.3047244 -0.4427676
vn 0.9838814 0.1570906 -0.08543974
vn 0.9211465 0.3809903 -0.07959604
vn 0.7389865 0.5714318 -0.356882
vn 0.8432674 0.3047244 -0.4427676
vn 0.6835704 0.7275513 -0.05831462
vn 0.7389865 0.5714318 -0.356882
vn 0.9211465 0.3809903 -0.07959604
vn 0.6835704 0.7275513 -0.05831462
vn 0.545335 0.8186612 -0.18001
vn 0.7389865 0.5714318 -0.356882
vn 0.5798793 0.8132192 -0.04913682
vn 0.545335 0.8186612 -0.18001
vn 0.6835704 0.7275513 -0.05831462
vn -0.1489788 0.4459681 -0.8825632
vn -0.1145799 0.06272751 -0.9914317
vn 0.1918783 0.2543181 -0.9478951
vn -0.4432125 0.2093958 -0.871617
vn -0.1145799 0.06272751 -0.9914317
vn -0.1489788 0.4459681 -0.8825632
vn -0.1145799 0.06272751 -0.9914317
vn -0.06680545 -0.2815002 -0.9572328
vn 0.1427303 -0.127997 -0.9814504
vn -0.3199002 -0.1337442 -0.937964
vn -0.06680545 -0.2815002 -0.9572328
vn -0.1145799 0.06272751 -0.9914317
vn -0.03044287 0.2651152 -0.9637361
vn -0.02518741 0.2932189 -0.9557136
vn 0.5264283 0.229357 -0.8186994
vn -0.03044287 0.2651152 -0.9637361
vn -0.5360036 0.3680529 -0.7597613
vn -0.02518741 0.2932189 -0.9557136
vn -0.3953553 -0.0729562 -0.9156264
vn -0.5360036 0.3680529 -0.7597613
vn -0.03044287 0.2651152 -0.9637361
vn -0.8071607 0.3145194 -0.4995689
vn -0.8071607 0.3145194 -0.4995689
vn -0.5360036 0.3680529 -0.7597613
vn -0.9505705 0.1212969 -0.2858371
vn -0.8071607 0.3145194 -0.4995689
vn -0.8071607 0.3145194 -0.4995689
vn -0.4528688 0.8801168 -0.1424929
vn -0.4414874 0.8799465 -0.175451
vn -0.582139 0.7804338 -0.2281167
vn -0.8260916 -0.5566419 -0.08787745
vn -0.8838722 -0.457404 -0.09773254
vn -0.8814545 -0.4607297 -0.1037596
vn -0.8260916 -0.5566419 -0.08787745
vn -0.7676304 -0.6370667 -0.06992513
vn -0.8838722 -0.457404 -0.09773254
vn -0.6945155 -0.7171541 -0.05777818
vn -0.7676304 -0.6370667 -0.06992513
vn -0.8260916 -0.5566419 -0.08787745
vn -0.6945155 -0.7171541 -0.05777818
vn -0.7112355 -0.7011101 -0.05088049
vn -0.7676304 -0.6370667 -0.06992513
vn -0.9976563 -0.05871711 -0.03513199
vn -0.9990618 -0.008980949 -0.04236549
vn -0.9969286 -0.04764146 -0.06215864
vn -0.9976563 -0.05871711 -0.03513199
vn -0.9954084 -0.09390157 -0.01856256
vn -0.9990618 -0.008980949 -0.04236549
vn -0.9698278 -0.242597 -0.02409667
vn -0.9954084 -0.09390157 -0.01856256
vn -0.9976563 -0.05871711 -0.03513199
vn -0.9698278 -0.242597 -0.02409667
vn -0.9487337 -0.3156991 -0.0154385
vn -0.9954084 -0.09390157 -0.01856256
vn -0.862074 -0.5002433 -0.08114779
vn -0.9487337 -0.3156991 -0.0154385
vn -0.9698278 -0.242597 -0.02409667
vn -0.862074 -0.5002433 -0.08114779
vn -0.6484822 -0.7592592 -0.05473799
vn -0.9487337 -0.3156991 -0.0154385
vn -0.4604988 -0.8768051 -0.1383964
vn -0.6484822 -0.7592592 -0.05473799
vn -0.862074 -0.5002433 -0.08114779
vn -0.4604988 -0.8768051 -0.1383964
vn -0.1398876 -0.990161 -0.003573015
vn -0.6484822 -0.7592592 -0.05473799
vn -0.3310895 -0.943206 0.02724501
vn -0.1398876 -0.990161 -0.003573015
vn -0.4604988 -0.8768051 -0.1383964
vn -0.3310895 -0.943206 0.02724501
vn 0.09650166 -0.9952816 -0.01009074
vn -0.1398876 -0.990161 -0.003573015
vn -0.1381105 -0.9760156 0.1682824
vn -0.1236797 -0.9750599 0.1842863
vn -0.1236797 -0.9750599 0.1842863
vn -0.006534301 -0.2389199 0.9710172
vn 0.0384372 -0.06950963 0.9968405
vn -0.08512472 -0.06766443 0.9940701
vn 0.05867298 -0.2147989 0.9748942
vn 0.0384372 -0.06950963 0.9968405
vn -0.006534301 -0.2389199 0.9710172
vn 0.05867298 -0.2147989 0.9748942
vn 0.03453947 0.03810738 0.9986767
vn 0.0384372 -0.06950963 0.9968405
vn 0.02483103 -0.180883 0.9831912
vn 0.03453947 0.03810738 0.9986767
vn 0.05867298 -0.2147989 0.9748942
vn 0.02483103 -0.180883 0.9831912
vn -0.01971681 0.05347348 0.9983747
vn 0.03453947 0.03810738 0.9986767
vn -0.002113208 -0.1225943 0.9924547
vn -0.01971681 0.05347348 0.9983747
vn 0.02483103 -0.180883 0.9831912
vn -0.002113208 -0.1225943 0.9924547
vn 0.02611892 -0.04653401 0.9985753
vn -0.01971681 0.05347348 0.9983747
vn -0.8124293 -0.1127041 0.5720634
vn -0.8248397 -0.05024882 0.5631294
vn -0.7329503 -0.2207413 0.6434729
vn -0.8124293 -0.1127041 0.5720634
vn -0.8482119 -0.01810109 0.5293478
vn -0.8248397 -0.05024882 0.5631294
vn 0.3013064 0.9141991 -0.2710251
vn 0.2450696 0.9422633 -0.2282121
vn -0.07397708 0.9865288 -0.1459053
vn 0.3013064 0.9141991 -0.2710251
vn 0.3404975 0.8984246 -0.2772989
vn 0.2450696 0.9422633 -0.2282121
vn 0.3128134 0.9083893 -0.2774466
vn 0.3404975 0.8984246 -0.2772989
vn 0.3013064 0.9141991 -0.2710251
vn 0.6680195 0.2357699 -0.7058062
vn 0.628306 0.2229561 -0.7453336
vn 0.8171655 0.265552 -0.5115885
vn 0.3306517 0.9175122 -0.2209994
vn 0.3013064 0.9141991 -0.2710251
vn -0.07397708 0.9865288 -0.1459053
vn 0.3128134 0.9083893 -0.2774466
vn 0.3013064 0.9141991 -0.2710251
vn 0.3306517 0.9175122 -0.2209994
vn -0.006534301 -0.2389199 0.9710172
vn 0.0596385 -0.3732741 0.9258022
vn 0.05867298 -0.2147989 0.9748942
vn -0.01145274 -0.9999023 -0.008016507
vn 0.07370679 -0.9701557 0.2310091
vn 0.04986786 -0.9879598 0.1464536
vn -0.01145274 -0.9999023 -0.008016507
vn 0.08661588 -0.9928828 0.08174077
vn 0.07370679 -0.9701557 0.2310091
vn 0.2147458 -0.9748599 0.05943406
vn 0.2008434 -0.9745641 -0.0994319
vn 0.2147458 -0.9748599 0.05943406
vn 0.5911684 -0.4628612 -0.6605146
vn 0.5930975 -0.4803185 -0.6461653
vn 0.5930975 -0.4803185 -0.6461653
vn -0.8885738 -0.06534591 -0.4540557
vn -0.8347356 -0.1729785 -0.5227763
vn -0.909201 -0.1100961 -0.4015377
vn -0.8564073 -0.1235071 -0.5013109
vn -0.8347356 -0.1729785 -0.5227763
vn -0.8885738 -0.06534591 -0.4540557
vn -0.8564073 -0.1235071 -0.5013109
vn -0.7644253 -0.2778679 -0.5817589
vn -0.8347356 -0.1729785 -0.5227763
vn -0.8124293 -0.1127041 0.5720634
vn -0.7329503 -0.2207413 0.6434729
vn -0.7775673 -0.2360469 0.5828131
vn -0.7517263 -0.181671 -0.6339585
vn -0.7482637 -0.1838685 -0.637412
vn -0.7482637 -0.1838685 -0.637412
vn -0.6246549 -0.06412682 0.7782634
vn -0.6246549 -0.06412682 0.7782634
vn -0.6355503 -0.05971455 0.7697468
vn -0.6246549 -0.06412682 0.7782634
vn -0.6136281 -0.0685256 0.7866161
vn -0.6246549 -0.06412682 0.7782634
vn 0.6234882 0.4404738 0.6459453
vn 0.5983024 0.3445203 0.7234225
vn 0.6234882 0.4404738 0.6459453
vn -0.7482637 -0.1838685 -0.637412
vn -0.7447796 -0.1860608 -0.640847
vn -0.7482637 -0.1838685 -0.637412
vn -0.2668336 0.9631724 -0.03314745
vn -0.07397708 0.9865288 -0.1459053
vn 0.2450696 0.9422633 -0.2282121
vn -0.487788 0.8700914 -0.07073772
vn -0.07397708 0.9865288 -0.1459053
vn -0.2668336 0.9631724 -0.03314745
vn -0.487788 0.8700914 -0.07073772
vn -0.582139 0.7804338 -0.2281167
vn -0.07397708 0.9865288 -0.1459053
vn -0.6991854 0.6812721 -0.216814
vn -0.582139 0.7804338 -0.2281167
vn -0.487788 0.8700914 -0.07073772
vn -0.6991854 0.6812721 -0.216814
vn -0.7290987 0.5634667 -0.3884849
vn -0.582139 0.7804338 -0.2281167
vn -0.8031301 0.5915627 0.07096183
vn -0.7290987 0.5634667 -0.3884849
vn -0.6991854 0.6812721 -0.216814
vn -0.8031301 0.5915627 0.07096183
vn -0.7933656 0.3841286 -0.4722459
vn -0.7290987 0.5634667 -0.3884849
vn 0.5008476 0.8123274 -0.2987906
vn 0.5061448 0.8613941 -0.04263234
vn 0.3925568 0.8837713 -0.2546518
vn 0.7546711 0.6220999 -0.2084787
vn 0.5061448 0.8613941 -0.04263234
vn 0.7169194 0.646324 -0.261327
vn 0.7546711 0.6220999 -0.2084787
vn 0.799314 0.596983 -0.06861764
vn 0.5061448 0.8613941 -0.04263234
vn -0.09337381 0.9955828 0.00981918
vn -0.1004926 0.9338374 -0.3432913
vn -0.0709238 0.9974507 0.007866561
vn -0.1005851 0.8586851 -0.502536
vn -0.1004926 0.9338374 -0.3432913
vn -0.09337381 0.9955828 0.00981918
vn -0.1005851 0.8586851 -0.502536
vn -0.08009546 0.797781 -0.5976036
vn -0.1004926 0.9338374 -0.3432913
vn -0.08506095 0.7848043 -0.6138785
vn -0.08009546 0.797781 -0.5976036
vn -0.1005851 0.8586851 -0.502536
vn -0.7834587 -0.3069447 -0.5403495
vn -0.87997 -0.2315112 -0.4147956
vn -0.7834587 -0.3069447 -0.5403495
vn -0.7909908 -0.238274 -0.5635238
vn -0.87997 -0.2315112 -0.4147956
vn -0.7909908 -0.238274 -0.5635238
vn -0.946602 -0.1717921 -0.2728229
vn -0.979298 -0.1984206 -0.04006028
vn -0.87997 -0.2315112 -0.4147956
vn -0.2802041 0.4883408 -0.8264436
vn -0.2470794 0.7073589 -0.6622651
vn -0.09407469 0.4393307 -0.893386
vn -0.5246794 0.7658405 -0.3717524
vn -0.2470794 0.7073589 -0.6622651
vn -0.2802041 0.4883408 -0.8264436
vn -0.5246794 0.7658405 -0.3717524
vn -0.4704486 0.8023037 -0.3674057
vn -0.2470794 0.7073589 -0.6622651
vn -0.4690846 0.882137 0.04235521
vn -0.4704486 0.8023037 -0.3674057
vn -0.5246794 0.7658405 -0.3717524
vn -0.8045719 -0.3999025 -0.4390242
vn -0.9265295 -0.1429308 -0.3480141
vn -0.8291673 -0.3596722 -0.4279223
vn -0.8666316 -0.4958292 -0.05570501
vn -0.9265295 -0.1429308 -0.3480141
vn -0.8657174 -0.4001253 -0.3007213
vn -0.8666316 -0.4958292 -0.05570501
vn -0.8436637 -0.5319419 0.07259083
vn -0.9265295 -0.1429308 -0.3480141
vn -0.64358 -0.3445787 -0.6834255
vn -0.7711161 -0.01843356 -0.6364277
vn -0.5480679 -0.03736604 -0.8355988
vn -0.9265295 -0.1429308 -0.3480141
vn -0.7711161 -0.01843356 -0.6364277
vn -0.8291673 -0.3596722 -0.4279223
vn 0.410272 -0.3144236 -0.856046
vn 0.1769314 -0.4877107 -0.854888
vn 0.3133851 -0.5249999 -0.7913059
vn 0.03176592 -0.2576473 -0.9657167
vn 0.1769314 -0.4877107 -0.854888
vn 0.410272 -0.3144236 -0.856046
vn 0.03176592 -0.2576473 -0.9657167
vn -0.2420046 -0.5584914 -0.7934237
vn 0.1769314 -0.4877107 -0.854888
vn -0.4556951 -0.2526706 -0.8535219
vn -0.2420046 -0.5584914 -0.7934237
vn 0.03176592 -0.2576473 -0.9657167
vn -0.4556951 -0.2526706 -0.8535219
vn -0.7595569 -0.3861543 -0.5234102
vn -0.2420046 -0.5584914 -0.7934237
vn -0.844857 0.02429771 -0.53444
vn -0.7595569 -0.3861543 -0.5234102
vn -0.4556951 -0.2526706 -0.8535219
vn -0.844857 0.02429771 -0.53444
vn -0.9960173 0.02039037 0.08679765
vn -0.7595569 -0.3861543 -0.5234102
vn -0.9265295 -0.1429308 -0.3480141
vn -0.9960173 0.02039037 0.08679765
vn -0.844857 0.02429771 -0.53444
vn -0.9265295 -0.1429308 -0.3480141
vn -0.9493103 0.2232738 -0.2212666
vn -0.9960173 0.02039037 0.08679765
vn -0.2420046 -0.5584914 -0.7934237
vn -0.05114065 -0.720048 -0.6920372
vn 0.1769314 -0.4877107 -0.854888
vn -0.4828743 -0.7247522 -0.4914942
vn -0.05114065 -0.720048 -0.6920372
vn -0.2420046 -0.5584914 -0.7934237
vn -0.4828743 -0.7247522 -0.4914942
vn -0.3400525 -0.8617036 -0.3766048
vn -0.05114065 -0.720048 -0.6920372
vn -0.5209565 -0.8524516 0.0439395
vn -0.3400525 -0.8617036 -0.3766048
vn -0.4828743 -0.7247522 -0.4914942
vn -0.5209565 -0.8524516 0.0439395
vn -0.3890398 -0.9206534 0.03233352
vn -0.3400525 -0.8617036 -0.3766048
vn 0.2640427 0.9614741 -0.0764797
vn 0.5061448 0.8613941 -0.04263234
vn 0.2579776 0.9659261 -0.02083692
vn 0.2630665 0.9475054 -0.1817405
vn 0.5061448 0.8613941 -0.04263234
vn 0.2640427 0.9614741 -0.0764797
vn 0.276894 0.9386185 -0.2057307
vn 0.3925568 0.8837713 -0.2546518
vn 0.5061448 0.8613941 -0.04263234
vn -0.9886611 -0.1492883 0.01618832
vn -0.9843575 -0.1486159 -0.09462392
vn -0.9871575 -0.1445771 -0.06795377
vn -0.9442595 -0.1549509 -0.2904553
vn -0.9843575 -0.1486159 -0.09462392
vn -0.9886611 -0.1492883 0.01618832
vn 0.6574769 -0.7421196 -0.1303182
vn 0.6446656 -0.7265328 -0.2378157
vn 0.633797 -0.746011 -0.2043747
vn 0.483862 -0.6562487 -0.5789778
vn 0.6446656 -0.7265328 -0.2378157
vn 0.6574769 -0.7421196 -0.1303182
vn -0.1767478 0.5970486 -0.7824917
vn -0.3619516 0.4606142 -0.8104477
vn 0.03908482 0.5730764 -0.8185694
vn -0.6193417 0.541665 -0.5683441
vn -0.3619516 0.4606142 -0.8104477
vn -0.1767478 0.5970486 -0.7824917
vn -0.6193417 0.541665 -0.5683441
vn -0.6915577 0.2917658 -0.6607729
vn -0.3619516 0.4606142 -0.8104477
vn -0.8300301 0.377764 -0.4102981
vn -0.6915577 0.2917658 -0.6607729
vn -0.6193417 0.541665 -0.5683441
vn -0.8300301 0.377764 -0.4102981
vn -0.8630075 0.2732689 -0.4249024
vn -0.6915577 0.2917658 -0.6607729
vn -0.5246794 0.7658405 -0.3717524
vn -0.8630075 0.2732689 -0.4249024
vn -0.8300301 0.377764 -0.4102981
vn -0.6562582 -0.7375917 0.1590083
vn -0.702968 -0.708683 0.06003684
vn -0.3148308 -0.9487966 0.02581936
vn 0.1026166 -0.986024 0.1312494
vn 0.1461113 -0.9434649 0.2975323
vn 0.0708923 -0.997453 -0.007864185
vn 0.1661429 -0.9076564 0.3854302
vn 0.1461113 -0.9434649 0.2975323
vn 0.1026166 -0.986024 0.1312494
vn 0.1661429 -0.9076564 0.3854302
vn 0.2191233 -0.7681354 0.6016253
vn 0.1461113 -0.9434649 0.2975323
vn 0.06769507 -0.9699244 0.2338034
vn 0.06769507 -0.9699244 0.2338034
vn 0.0708923 -0.997453 -0.007864185
vn 0.7808459 0.1979365 -0.5925376
vn 0.9116315 0.05116358 -0.4078119
vn 0.6906902 -0.02734816 -0.7226335
vn 0.9477355 0.3083304 -0.08203548
vn 0.9116315 0.05116358 -0.4078119
vn 0.7808459 0.1979365 -0.5925376
vn 0.0001460584 0.9999986 0.001679543
vn 0.0001456027 0.9999986 0.001679397
vn 0.0001455629 0.9999986 0.001678911
vn 0.0001462155 0.9999986 0.001679065
vn 0.000146162 0.9999986 0.001679688
vn 0.000146162 0.9999986 0.001679688
vn -0.1960418 0.01155358 -0.9805275
vn -0.1535026 -0.1642468 -0.9744024
vn -0.1195232 -0.01321894 -0.9927434
vn -0.1457915 -0.2576979 -0.9551632
vn -0.1535026 -0.1642468 -0.9744024
vn -0.1960418 0.01155358 -0.9805275
vn -0.1457915 -0.2576979 -0.9551632
vn -0.1034811 -0.4086722 -0.9067959
vn -0.1535026 -0.1642468 -0.9744024
vn -0.1142939 -0.4427788 -0.8893165
vn -0.1034811 -0.4086722 -0.9067959
vn -0.1457915 -0.2576979 -0.9551632
vn 0.01957392 -0.9640224 -0.2650992
vn -0.01145274 -0.9999023 -0.008016507
vn -0.1030022 -0.980338 -0.168309
vn 0.08661588 -0.9928828 0.08174077
vn -0.01145274 -0.9999023 -0.008016507
vn 0.01957392 -0.9640224 -0.2650992
vn -0.9106658 -0.0932793 -0.4024759
vn -0.993423 -0.07512683 0.08641005
vn -0.8747299 -0.4787112 0.07538742
vn -0.9514145 0.2964088 0.08337939
vn -0.993423 -0.07512683 0.08641005
vn -0.9106658 -0.0932793 -0.4024759
vn -0.9514145 0.2964088 0.08337939
vn -0.7933656 0.3841286 -0.4722459
vn -0.8031301 0.5915627 0.07096183
vn -0.9106658 -0.0932793 -0.4024759
vn -0.7933656 0.3841286 -0.4722459
vn -0.9514145 0.2964088 0.08337939
vn -0.9106658 -0.0932793 -0.4024759
vn -0.579589 0.04257442 -0.8137961
vn -0.7933656 0.3841286 -0.4722459
vn -0.5126367 -0.5772548 -0.6355946
vn -0.579589 0.04257442 -0.8137961
vn -0.9106658 -0.0932793 -0.4024759
vn -0.5126367 -0.5772548 -0.6355946
vn -0.4004997 -0.0832454 -0.9125077
vn -0.579589 0.04257442 -0.8137961
vn -0.2869127 -0.7753271 -0.5626269
vn -0.04590432 -0.7358351 -0.6756031
vn -0.5126367 -0.5772548 -0.6355946
vn -0.2869127 -0.7753271 -0.5626269
vn -0.08466171 -0.7790122 -0.6212667
vn -0.04590432 -0.7358351 -0.6756031
vn 0.4104929 0.07046758 -0.909137
vn 0.628306 0.2229561 -0.7453336
vn 0.6680195 0.2357699 -0.7058062
vn 0.3302153 -0.05189799 -0.9424778
vn 0.628306 0.2229561 -0.7453336
vn 0.4104929 0.07046758 -0.909137
vn -0.03044287 0.2651152 -0.9637361
vn 0.5264283 0.229357 -0.8186994
vn 0.628306 0.2229561 -0.7453336
vn 0.3929881 -0.6372349 -0.662942
vn 0.7048291 -0.6005463 -0.3775714
vn 0.6779299 -0.6115795 -0.407899
vn 0.2337878 -0.08581883 -0.9684929
vn 0.2404027 -0.101703 -0.9653305
vn 0.2151978 -0.1035109 -0.9710693
vn 0.2337878 -0.08581883 -0.9684929
vn 0.2529514 -0.1007729 -0.9622165
vn 0.2404027 -0.101703 -0.9653305
vn -0.4370832 -0.08336999 -0.8955487
vn -0.4703158 -0.09270259 -0.8776157
vn -0.4743633 -0.004415774 -0.880318
vn -0.4370832 -0.08336999 -0.8955487
vn -0.4669139 -0.1365743 -0.8736928
vn -0.4703158 -0.09270259 -0.8776157
vn -0.7417275 -0.5746203 -0.3459074
vn -0.9106658 -0.0932793 -0.4024759
vn -0.8747299 -0.4787112 0.07538742
vn -0.5126367 -0.5772548 -0.6355946
vn -0.9106658 -0.0932793 -0.4024759
vn -0.7417275 -0.5746203 -0.3459074
vn -0.4321135 -0.8446959 -0.3158588
vn -0.2059995 -0.9557552 -0.2099909
vn -0.5126367 -0.5772548 -0.6355946
vn -0.4526874 -0.8908623 0.03792593
vn -0.2059995 -0.9557552 -0.2099909
vn -0.4321135 -0.8446959 -0.3158588
vn -0.4526874 -0.8908623 0.03792593
vn -0.1783047 -0.9838777 0.01386729
vn -0.2059995 -0.9557552 -0.2099909
vn -0.6457058 -0.008572338 -0.7635382
vn -0.6457058 -0.008572338 -0.7635382
vn -0.6457058 -0.008572338 -0.7635382
vn -0.5389159 -0.6542758 -0.5305589
vn -0.5389159 -0.6542758 -0.5305589
vn -0.5389159 -0.6542758 -0.5305589
vn -0.006147783 -0.9974896 -0.07054625
vn 0.1090641 -0.9939046 0.01608258
vn 0.106869 -0.994267 0.003474206
vn -0.3782296 0.58038 0.7211806
vn -0.3782296 0.58038 0.7211806
vn -0.1721028 0.7244319 0.6675171
vn -0.5593483 0.3979539 0.7271604
vn -0.3782296 0.58038 0.7211806
vn -0.3782296 0.58038 0.7211806
vn 0.9202311 0.0008105029 0.3913748
vn 0.9257742 0.1153492 0.3600509
vn 0.8495058 -0.05152769 0.525057
vn 0.9554166 0.1600226 0.248137
vn 0.9257742 0.1153492 0.3600509
vn 0.9202311 0.0008105029 0.3913748
vn 0.9554166 0.1600226 0.248137
vn 0.9451801 0.2132729 0.2472839
vn 0.9257742 0.1153492 0.3600509
vn 0.2085876 0.5362601 -0.8178731
vn 0.2085876 0.5362601 -0.8178731
vn 0.2667833 0.5191903 -0.8119533
vn 0.1496175 0.5513387 -0.8207559
vn 0.2085876 0.5362601 -0.8178731
vn 0.2085876 0.5362601 -0.8178731
vn -0.1606412 -0.7372792 0.6562117
vn -0.1606412 -0.7372792 0.6562117
vn -0.1727947 -0.7420306 0.6477133
vn -0.1484487 -0.732349 0.6645509
vn -0.1606412 -0.7372792 0.6562117
vn -0.1606412 -0.7372792 0.6562117
vn -0.929988 -0.3012363 -0.2106633
vn -0.8525931 -0.4804778 -0.2054905
vn -0.938779 -0.3204687 -0.1264669
vn 0.2073881 -0.9726319 -0.1047727
vn 0.1378619 -0.9895392 -0.0424998
vn 0.2073881 -0.9726319 -0.1047727
vn 0.0670953 -0.997543 0.02015546
vn 0.1378619 -0.9895392 -0.0424998
vn 0.0670953 -0.997543 0.02015546
vn 0.6876075 -0.5369279 0.4887785
vn 0.6876075 -0.5369279 0.4887785
vn 0.7819388 -0.4131958 0.4667343
vn 0.5762963 -0.6474012 0.4987529
vn 0.6876075 -0.5369279 0.4887785
vn 0.6876075 -0.5369279 0.4887785
vn -0.8257514 -0.1158617 -0.5520061
vn -0.7874944 -0.3332751 -0.5184402
vn -0.923052 0.05369833 -0.3809089
vn -0.7039136 -0.3286079 -0.6297004
vn -0.7874944 -0.3332751 -0.5184402
vn -0.8257514 -0.1158617 -0.5520061
vn -0.7039136 -0.3286079 -0.6297004
vn -0.7115419 -0.5309715 -0.4601929
vn -0.7874944 -0.3332751 -0.5184402
vn -0.4632877 0.8856546 -0.03131202
vn -0.730365 0.6829432 0.01247525
vn -0.5470251 0.836569 -0.0302628
vn -0.9308608 0.04721014 0.3623111
vn -0.8808846 -0.08811986 0.4650562
vn -0.9146033 0.04296086 0.4020638
vn -0.8158064 -0.2274638 0.5317144
vn -0.8808846 -0.08811986 0.4650562
vn -0.9308608 0.04721014 0.3623111
vn -0.8158064 -0.2274638 0.5317144
vn -0.7089717 -0.3551937 0.6092591
vn -0.8808846 -0.08811986 0.4650562
vn -0.7207487 -0.3601176 0.5923148
vn -0.7089717 -0.3551937 0.6092591
vn -0.8158064 -0.2274638 0.5317144
vn -0.3975537 -0.7461499 -0.534052
vn -0.2481984 -0.8731992 -0.4194291
vn -0.5469298 -0.777308 -0.3109019
vn -0.2414399 -0.9049571 -0.3503707
vn -0.2481984 -0.8731992 -0.4194291
vn -0.2414399 -0.9049571 -0.3503707
vn -0.09464185 -0.9299322 -0.3553436
vn -0.09464185 -0.9299322 -0.3553436
vn -0.2481984 -0.8731992 -0.4194291
vn -0.3254581 -0.3405591 -0.8820978
vn -0.5206244 -0.4750406 -0.7094271
vn -0.3254581 -0.3405591 -0.8820978
vn -0.5350115 -0.4519039 -0.7138246
vn -0.5206244 -0.4750406 -0.7094271
vn -0.5350115 -0.4519039 -0.7138246
vn -0.008942927 0.9806476 -0.195577
vn -0.1590771 0.9832617 -0.08883087
vn -0.110949 0.9612981 -0.252183
vn 0.01705834 0.9994757 -0.02752079
vn -0.1590771 0.9832617 -0.08883087
vn -0.008942927 0.9806476 -0.195577
vn 0.01705834 0.9994757 -0.02752079
vn 0.02088782 0.9986708 -0.04712008
vn -0.1590771 0.9832617 -0.08883087
vn 0.4995265 0.518724 0.6938289
vn 0.4744087 0.5466777 0.6899854
vn 0.4995265 0.518724 0.6938289
vn -0.5678087 -0.3227541 0.757247
vn -0.5678087 -0.3227541 0.757247
vn -0.5693347 -0.03704281 0.8212708
vn -0.5176032 -0.5807949 0.6283028
vn -0.5678087 -0.3227541 0.757247
vn -0.5678087 -0.3227541 0.757247
vn -0.5470251 0.836569 -0.0302628
vn -0.1590771 0.9832617 -0.08883087
vn -0.4632877 0.8856546 -0.03131202
vn -0.110949 0.9612981 -0.252183
vn -0.1590771 0.9832617 -0.08883087
vn -0.2886774 0.9412635 -0.1751808
vn 0.432216 -0.8824469 -0.185679
vn 0.3762273 -0.9263899 -0.01596707
vn 0.4102742 -0.8917775 -0.1908085
vn 0.5938053 -0.7977776 0.104624
vn 0.3762273 -0.9263899 -0.01596707
vn 0.432216 -0.8824469 -0.185679
vn 0.5938053 -0.7977776 0.104624
vn 0.6947401 -0.6289476 0.348943
vn 0.3762273 -0.9263899 -0.01596707
vn 0.901129 -0.1396652 -0.410439
vn 0.9695376 -0.09224188 -0.2269102
vn 0.901129 -0.1396652 -0.410439
vn 0.9985719 -0.04107252 -0.03416628
vn 0.9985719 -0.04107252 -0.03416628
vn 0.9695376 -0.09224188 -0.2269102
vn 0.3444318 0.6182672 0.7064788
vn 0.4448701 0.5225264 0.7273629
vn 0.5234772 0.3237777 0.7881242
vn 0.3442988 0.695477 0.6306902
vn 0.4448701 0.5225264 0.7273629
vn 0.3444318 0.6182672 0.7064788
vn 0.7599353 -0.01722266 -0.6497706
vn 0.7599353 -0.01722266 -0.6497706
vn 0.7751043 0.07440594 -0.627437
vn 0.7522513 -0.1068476 -0.650155
vn 0.7599353 -0.01722266 -0.6497706
vn 0.7599353 -0.01722266 -0.6497706
vn -0.008942927 0.9806476 -0.195577
vn -0.110949 0.9612981 -0.252183
vn 0.02717281 0.9247371 -0.3796354
vn 0.2752315 -0.96074 0.03501782
vn 0.3762273 -0.9263899 -0.01596707
vn 0.2752315 -0.96074 0.03501782
vn 0.1090641 -0.9939046 0.01608258
vn 0.3762273 -0.9263899 -0.01596707
vn 0.106869 -0.994267 0.003474206
vn 0.1090641 -0.9939046 0.01608258
vn 0.2075866 -0.9775879 -0.03506537
vn 0.3762273 -0.9263899 -0.01596707
vn 0.05754174 -0.9892053 0.134766
vn 0.2075866 -0.9775879 -0.03506537
vn 0.1090641 -0.9939046 0.01608258
vn -0.4632877 0.8856546 -0.03131202
vn -0.1590771 0.9832617 -0.08883087
vn -0.288243 0.9570055 -0.03250277
vn -0.9893529 -0.0001005294 0.1455362
vn -0.8811957 -0.07078838 0.467422
vn -0.9893529 -0.0001007004 0.1455362
vn -0.9017307 -0.0005945491 0.4322979
vn -0.8811957 -0.07078838 0.467422
vn -0.9893529 -0.0001005294 0.1455362
vn 0.9987702 -6.417663E-05 -0.0495798
vn 0.9987702 -6.417663E-05 -0.0495798
vn 0.9987703 -6.203821E-05 -0.04957902
vn 0.9987702 -6.631507E-05 -0.04958057
vn 0.9987702 -6.417663E-05 -0.0495798
vn 0.9987702 -6.417663E-05 -0.0495798
vn 0.07678726 -0.301554 0.9503519
vn 0.02148403 -0.2609494 0.9651134
vn 0.04106732 -0.4457982 0.8941909
vn 0.07678726 -0.301554 0.9503519
vn -0.1348426 -0.274517 0.9520808
vn 0.02148403 -0.2609494 0.9651134
vn 0.1512082 -0.01408391 0.9884017
vn -0.1348426 -0.274517 0.9520808
vn 0.07678726 -0.301554 0.9503519
vn -0.5516582 -0.3281683 0.7667978
vn -0.652402 -0.2800444 0.7042348
vn -0.1348426 -0.274517 0.9520808
vn -0.1455974 -0.1775715 -0.9732777
vn 0.07741079 -0.3298547 -0.9408525
vn -0.1062018 -0.3866057 -0.9161098
vn -0.1247038 -0.09396076 -0.987735
vn 0.07741079 -0.3298547 -0.9408525
vn -0.1455974 -0.1775715 -0.9732777
vn -0.1247038 -0.09396076 -0.987735
vn 0.3688441 -0.298118 -0.8803861
vn 0.07741079 -0.3298547 -0.9408525
vn -0.7963835 -0.2863618 -0.5327009
vn -0.7131865 -0.3337775 -0.616407
vn -0.7131865 -0.3337775 -0.616407
vn 0.00014588 0.9999986 0.001679048
vn 0.0001456917 0.9999986 0.00167931
vn 0.0001456511 0.9999986 0.001680317
vn 0.0001462163 0.9999986 0.001679132
vn 0.0001456917 0.9999986 0.00167931
vn 0.00014588 0.9999986 0.001679048
vn 0.0001462163 0.9999986 0.001679132
vn 0.0001467834 0.9999986 0.00167935
vn 0.0001456917 0.9999986 0.00167931
vn 0.0001470113 0.9999986 0.001679535
vn 0.0001467834 0.9999986 0.00167935
vn 0.0001462163 0.9999986 0.001679132
vn 0.0001470113 0.9999986 0.001679535
vn 0.0001465716 0.9999986 0.001678615
vn 0.0001467834 0.9999986 0.00167935
vn 0.0001464136 0.9999986 0.001678534
vn 0.00014588 0.9999986 0.001679048
vn 0.0001466528 0.9999986 0.001680231
vn 0.0001455146 0.9999986 0.001678374
vn 0.00014588 0.9999986 0.001679048
vn 0.0001464136 0.9999986 0.001678534
vn 0.0001455146 0.9999986 0.001678374
vn 0.0001462163 0.9999986 0.001679132
vn 0.00014588 0.9999986 0.001679048
vn 0.0001464492 0.9999986 0.001679275
vn 0.0001462163 0.9999986 0.001679132
vn 0.0001455146 0.9999986 0.001678374
vn 0.0001464492 0.9999986 0.001679275
vn 0.0001470113 0.9999986 0.001679535
vn 0.0001462163 0.9999986 0.001679132
vn -0.00907049 -0.9570513 -0.2897767
vn 0.03670947 -0.9573721 -0.2865156
vn 0.03670947 -0.9573721 -0.2865156
vn 0.3688441 -0.298118 -0.8803861
vn 0.5137396 -0.4144775 -0.7511859
vn 0.07741079 -0.3298547 -0.9408525
vn 0.3688441 -0.298118 -0.8803861
vn 0.5154036 -0.4285437 -0.7420979
vn 0.5137396 -0.4144775 -0.7511859
vn 0.2009491 -0.974592 -0.0989435
vn 0.2009491 -0.974592 -0.0989435
vn 0.1820628 -0.9495646 -0.2553041
vn -0.5874361 -0.7221463 0.3652718
vn -0.5847425 -0.7473168 0.3155847
vn -0.5914568 -0.7162346 0.3703878
vn -0.5900543 -0.7497296 0.2995687
vn -0.5847425 -0.7473168 0.3155847
vn -0.5874361 -0.7221463 0.3652718
vn -0.5900543 -0.7497296 0.2995687
vn -0.5768399 -0.7736715 0.2620845
vn -0.5847425 -0.7473168 0.3155847
vn -0.887198 0.3934757 0.2409492
vn -0.9707031 0.2028794 0.1287464
vn -0.9704531 0.2042489 0.1284649
vn -0.887198 0.3934757 0.2409492
vn -0.849727 0.5160478 0.1079754
vn -0.9707031 0.2028794 0.1287464
vn -0.5716926 0.8084496 0.139917
vn -0.849727 0.5160478 0.1079754
vn -0.887198 0.3934757 0.2409492
vn -0.5716926 0.8084496 0.139917
vn -0.6380541 0.7671098 0.06655502
vn -0.849727 0.5160478 0.1079754
vn 0.4595451 0.8875394 0.03304625
vn 0.4909953 0.8710895 0.0112617
vn 0.4955599 0.8683316 -0.02051017
vn 0.4595451 0.8875394 0.03304625
vn 0.4336603 0.8150969 0.3841299
vn 0.4909953 0.8710895 0.0112617
vn 0.4296382 0.9028056 0.01879102
vn 0.4336603 0.8150969 0.3841299
vn 0.4595451 0.8875394 0.03304625
vn 0.6313651 0.3399564 0.6969991
vn 0.4989688 0.4969773 0.7099605
vn 0.4336603 0.8150969 0.3841299
vn 0.7200688 0.1639631 0.674253
vn 0.4989688 0.4969773 0.7099605
vn 0.6313651 0.3399564 0.6969991
vn 0.9791383 0.1381133 -0.1490397
vn 0.9791383 0.1381133 -0.1490397
vn 0.9790721 0.1423417 -0.1454538
vn 0.5752434 -0.8172152 -0.03541619
vn 0.5752434 -0.8172152 -0.03541619
vn 0.559824 -0.8285379 -0.01104563
vn 0.5752434 -0.8172152 -0.03541619
vn 0.5901107 -0.8051081 -0.0597527
vn 0.5752434 -0.8172152 -0.03541619
vn -0.9212251 0.154682 0.3569565
vn -0.887198 0.3934757 0.2409492
vn -0.9261237 0.1948558 0.3229956
vn -0.9046005 0.114532 0.4105856
vn -0.887198 0.3934757 0.2409492
vn -0.9212251 0.154682 0.3569565
vn -0.4468066 0.8612743 0.2420132
vn -0.5716926 0.8084496 0.139917
vn -0.887198 0.3934757 0.2409492
vn -0.3738665 0.9017256 0.2170594
vn -0.5716926 0.8084496 0.139917
vn -0.4468066 0.8612743 0.2420132
vn 0.3892432 0.9150092 0.106056
vn 0.3972169 0.9175379 0.01852408
vn 0.4307643 0.9015951 0.03960326
vn 0.3680786 0.9095836 0.1928101
vn 0.3972169 0.9175379 0.01852408
vn 0.3892432 0.9150092 0.106056
vn 0.9756272 0.2121935 -0.05590534
vn 0.9756272 0.2121935 -0.05590534
vn 0.9726868 0.2277764 0.04470056
vn 0.9829627 0.1758097 0.05362278
vn 0.9756272 0.2121935 -0.05590534
vn 0.9756272 0.2121935 -0.05590534
vn 0.5972261 -0.7912165 0.1315199
vn 0.5923043 -0.7876361 0.1697201
vn 0.6068544 -0.7795933 0.1547967
vn 0.5861757 -0.8006328 0.1240376
vn 0.5923043 -0.7876361 0.1697201
vn 0.5972261 -0.7912165 0.1315199
vn -0.5446356 0.8078268 -0.2253622
vn -0.4677656 0.8828426 0.04224101
vn -0.5298917 0.8467289 0.04759213
vn -0.4394123 0.898275 -0.004347891
vn -0.4677656 0.8828426 0.04224101
vn -0.5446356 0.8078268 -0.2253622
vn -0.4394123 0.898275 -0.004347891
vn -0.3967787 0.8923773 0.2150105
vn -0.4677656 0.8828426 0.04224101
vn -0.0005342737 0.1691718 0.9855864
vn 0.008900523 0.3448827 0.9386036
vn -0.379708 0.439633 0.8139685
vn -0.0005342737 0.1691718 0.9855864
vn 0.06781966 0.1180677 0.990687
vn 0.008900523 0.3448827 0.9386036
vn 0.4776821 0.235489 0.8463833
vn 0.06781966 0.1180677 0.990687
vn -0.0005342737 0.1691718 0.9855864
vn 0.4776821 0.235489 0.8463833
vn 0.5491579 -0.03422058 0.8350177
vn 0.06781966 0.1180677 0.990687
vn 0.7261518 0.2263147 0.649219
vn 0.5491579 -0.03422058 0.8350177
vn 0.4776821 0.235489 0.8463833
vn 0.7261518 0.2263147 0.649219
vn 0.8987526 -0.08249579 0.4306255
vn 0.5491579 -0.03422058 0.8350177
vn 0.9715554 0.2213159 -0.08425742
vn 0.8987526 -0.08249579 0.4306255
vn 0.9180145 0.3671217 0.1499033
vn 0.9715554 0.2213159 -0.08425742
vn 0.9922931 0.08893198 -0.08628726
vn 0.8987526 -0.08249579 0.4306255
vn -0.1807329 0.2564946 0.9494979
vn -0.1807329 0.2564946 0.9494979
vn -0.1504045 0.3398645 0.9283699
vn -0.8043189 0.03600183 0.5931062
vn -0.7745581 0.1398025 0.6168593
vn -0.8043189 0.03600183 0.5931062
vn -0.5754116 0.8162404 0.05150819
vn -0.2522513 0.852752 0.4573657
vn -0.2970397 0.7336953 0.6111127
vn -0.2522513 0.852752 0.4573657
vn -0.1552873 0.6608219 0.7343026
vn -0.2970397 0.7336953 0.6111127
vn -0.1392014 0.8587276 0.4931633
vn -0.1552873 0.6608219 0.7343026
vn -0.2522513 0.852752 0.4573657
vn 0.3329238 0.4553774 0.8257078
vn -0.1187886 0.4204509 0.8995057
vn -0.1552873 0.6608219 0.7343026
vn 0.5355815 0.4369126 0.7226754
vn 0.5921867 0.5377397 0.6001258
vn 0.3329238 0.4553774 0.8257078
vn 0.7286933 -0.410124 0.5484564
vn 0.7286933 -0.410124 0.5484564
vn 0.7286933 -0.410124 0.5484564
vn -0.8043189 0.03600183 0.5931062
vn -0.8242474 -0.06823893 0.562103
vn -0.8043189 0.03600183 0.5931062
vn -0.03942597 -0.9262286 0.3748948
vn 0.06986126 -0.8525451 0.5179635
vn -0.03942597 -0.9262286 0.3748948
vn 0.09845044 -0.7666265 0.6345008
vn 0.06986126 -0.8525451 0.5179635
vn 0.09845044 -0.7666265 0.6345008
vn 0.9180145 0.3671217 0.1499033
vn 0.9477355 0.3083304 -0.08203548
vn 0.9715554 0.2213159 -0.08425742
vn 0.9180145 0.3671217 0.1499033
vn 0.8715965 0.196173 0.4492615
vn 0.9477355 0.3083304 -0.08203548
vn 0.4776821 0.235489 0.8463833
vn 0.8715965 0.196173 0.4492615
vn 0.7261518 0.2263147 0.649219
vn 0.4776821 0.235489 0.8463833
vn 0.805227 -0.02957443 0.5922288
vn 0.8715965 0.196173 0.4492615
vn 0.2427579 -0.5713364 0.7839919
vn 0.2632634 -0.5492774 0.7930869
vn 0.429415 -0.6000211 0.6749648
vn -0.04405845 -0.4548719 0.8894664
vn 0.2632634 -0.5492774 0.7930869
vn 0.2427579 -0.5713364 0.7839919
vn -0.04405845 -0.4548719 0.8894664
vn -0.2586671 -0.3466855 0.9016099
vn 0.2632634 -0.5492774 0.7930869
vn -0.5611128 -0.2560971 0.7871255
vn -0.2586671 -0.3466855 0.9016099
vn -0.04405845 -0.4548719 0.8894664
vn -0.5611128 -0.2560971 0.7871255
vn -0.7272161 -0.1941063 0.6583917
vn -0.2586671 -0.3466855 0.9016099
vn -0.8372742 -0.1559287 0.5240784
vn -0.7272161 -0.1941063 0.6583917
vn -0.5611128 -0.2560971 0.7871255
vn -0.8372742 -0.1559287 0.5240784
vn -0.9295366 -0.1410468 0.3406871
vn -0.7272161 -0.1941063 0.6583917
vn -0.09772052 -0.9716992 0.2150612
vn -0.3148308 -0.9487966 0.02581936
vn -0.07657556 -0.9802641 0.1822594
vn -0.1015511 -0.9795366 0.1737686
vn -0.3148308 -0.9487966 0.02581936
vn -0.09772052 -0.9716992 0.2150612
vn -0.1015511 -0.9795366 0.1737686
vn -0.0710224 -0.9974646 0.004499398
vn -0.3148308 -0.9487966 0.02581936
vn -0.3712358 -0.8458796 0.3829774
vn -0.6709129 -0.5759972 0.4670153
vn -0.395185 -0.5795363 0.7127177
vn -0.4526874 -0.8908623 0.03792593
vn -0.6709129 -0.5759972 0.4670153
vn -0.3712358 -0.8458796 0.3829774
vn -0.4526874 -0.8908623 0.03792593
vn -0.8747299 -0.4787112 0.07538742
vn -0.6709129 -0.5759972 0.4670153
vn 0.7441554 -0.6647433 -0.06594843
vn 0.7380688 -0.6127476 0.2824796
vn 0.6641707 -0.7452399 -0.05911702
vn 0.678041 -0.7137828 0.175427
vn 0.7380688 -0.6127476 0.2824796
vn 0.7441554 -0.6647433 -0.06594843
vn 0.678041 -0.7137828 0.175427
vn 0.6773885 -0.4499199 0.5819938
vn 0.7380688 -0.6127476 0.2824796
vn 0.4531769 -0.8873379 0.0852184
vn 0.6773885 -0.4499199 0.5819938
vn 0.678041 -0.7137828 0.175427
vn 0.4531769 -0.8873379 0.0852184
vn 0.5367687 -0.8291302 0.1562769
vn 0.6773885 -0.4499199 0.5819938
vn 0.3734009 -0.9275017 -0.01767096
vn 0.5367687 -0.8291302 0.1562769
vn 0.4531769 -0.8873379 0.0852184
vn 0.4353641 -0.4086957 -0.8021383
vn 0.4653625 -0.4727665 -0.7482845
vn 0.4166092 -0.7267265 -0.5461733
vn 0.3689601 -0.1230649 -0.9212619
vn 0.4653625 -0.4727665 -0.7482845
vn 0.4353641 -0.4086957 -0.8021383
vn 0.9935459 -0.052516 -0.1005409
vn 0.9922312 -0.07724135 -0.09752387
vn 0.9873992 -0.1279359 -0.09314096
vn 0.994302 0.06581406 -0.08385706
vn 0.9922312 -0.07724135 -0.09752387
vn 0.9935459 -0.052516 -0.1005409
vn 0.5743507 -0.03311876 0.8179392
vn 0.5109234 0.09627189 0.8542183
vn 0.4663198 0.1593773 0.8701407
vn 0.5649941 -0.01966793 0.8248606
vn 0.5109234 0.09627189 0.8542183
vn 0.5743507 -0.03311876 0.8179392
vn -0.0880693 -0.2767981 0.9568839
vn -0.0880693 -0.2767981 0.9568839
vn -0.1299856 -0.2751634 0.9525697
vn 0.9492577 -0.06980489 0.3066544
vn 0.9899195 -0.112208 -0.08642185
vn 0.8575029 -0.5089005 -0.07555842
vn 0.9838814 0.1570906 -0.08543974
vn 0.9899195 -0.112208 -0.08642185
vn 0.9492577 -0.06980489 0.3066544
vn -0.3546011 0.2554977 0.8994325
vn -0.4301353 0.03967104 0.9018923
vn -0.6996488 0.382308 0.6035993
vn -0.3546011 0.2554977 0.8994325
vn 0.03398734 0.0496387 0.9981889
vn -0.4301353 0.03967104 0.9018923
vn 0.1405279 0.2899995 0.9466532
vn 0.03398734 0.0496387 0.9981889
vn -0.3546011 0.2554977 0.8994325
vn 0.1405279 0.2899995 0.9466532
vn 0.6680757 -0.05266668 0.7422271
vn 0.03398734 0.0496387 0.9981889
vn 0.6601256 0.2267597 0.7161104
vn 0.6680757 -0.05266668 0.7422271
vn 0.1405279 0.2899995 0.9466532
vn 0.6601256 0.2267597 0.7161104
vn 0.9492577 -0.06980489 0.3066544
vn 0.6680757 -0.05266668 0.7422271
vn 0.9118701 0.1699838 0.3736287
vn 0.9492577 -0.06980489 0.3066544
vn 0.6601256 0.2267597 0.7161104
vn 0.9118701 0.1699838 0.3736287
vn 0.9838814 0.1570906 -0.08543974
vn 0.9492577 -0.06980489 0.3066544
vn 0.9072133 0.3034818 0.2913125
vn 0.9838814 0.1570906 -0.08543974
vn 0.9118701 0.1699838 0.3736287
vn 0.9072133 0.3034818 0.2913125
vn 0.9211465 0.3809903 -0.07959604
vn 0.9838814 0.1570906 -0.08543974
vn 0.7897307 0.5704458 0.2256479
vn 0.9211465 0.3809903 -0.07959604
vn 0.9072133 0.3034818 0.2913125
vn 0.7897307 0.5704458 0.2256479
vn 0.6835704 0.7275513 -0.05831462
vn 0.9211465 0.3809903 -0.07959604
vn 0.3835449 0.9106801 0.1534768
vn 0.6835704 0.7275513 -0.05831462
vn 0.7897307 0.5704458 0.2256479
vn 0.3835449 0.9106801 0.1534768
vn 0.5798793 0.8132192 -0.04913682
vn 0.6835704 0.7275513 -0.05831462
vn 0.05858968 0.0593638 0.9965156
vn 0.005996667 0.4429569 0.8965229
vn 0.352962 0.2511901 0.9012887
vn -0.2857683 0.2063365 0.9358214
vn 0.005996667 0.4429569 0.8965229
vn 0.05858968 0.0593638 0.9965156
vn 0.09963023 -0.2847329 0.9534155
vn 0.05858968 0.0593638 0.9965156
vn 0.3102422 -0.13125 0.9415537
vn -0.1529398 -0.1369869 0.978695
vn 0.05858968 0.0593638 0.9965156
vn 0.09963023 -0.2847329 0.9534155
vn 0.1405279 0.2899995 0.9466532
vn 0.1367303 0.2618678 0.9553692
vn 0.6601256 0.2267597 0.7161104
vn -0.3964542 0.3653417 0.8422289
vn 0.1367303 0.2618678 0.9553692
vn 0.1405279 0.2899995 0.9466532
vn -0.3964542 0.3653417 0.8422289
vn -0.6782807 0.1738319 0.7139452
vn 0.1367303 0.2618678 0.9553692
vn -0.6702588 0.359759 0.6490968
vn -0.6782807 0.1738319 0.7139452
vn -0.3964542 0.3653417 0.8422289
vn -0.6702588 0.359759 0.6490968
vn -0.8783177 0.1251467 0.4614072
vn -0.6782807 0.1738319 0.7139452
vn -0.4042431 0.8792229 0.2521004
vn -0.4211527 0.8795006 0.2216059
vn -0.5072085 0.825183 0.2486216
vn -0.8537943 -0.4579883 0.2475522
vn -0.7986171 -0.5571757 0.2275215
vn -0.8503723 -0.4613332 0.2530588
vn -0.7441646 -0.637522 0.199461
vn -0.7986171 -0.5571757 0.2275215
vn -0.8537943 -0.4579883 0.2475522
vn -0.7441646 -0.637522 0.199461
vn -0.6742752 -0.7175464 0.1745856
vn -0.7986171 -0.5571757 0.2275215
vn -0.6919326 -0.701483 0.1707366
vn -0.6742752 -0.7175464 0.1745856
vn -0.7441646 -0.637522 0.199461
vn -0.9766911 -0.009417297 0.2144429
vn -0.976572 -0.05912773 0.2069083
vn -0.9711789 -0.0481433 0.2334391
vn -0.9772334 -0.09425516 0.1900819
vn -0.976572 -0.05912773 0.2069083
vn -0.9766911 -0.009417297 0.2144429
vn -0.9772334 -0.09425516 0.1900819
vn -0.9511246 -0.2429603 0.1906102
vn -0.976572 -0.05912773 0.2069083
vn -0.9318668 -0.3160266 0.1781892
vn -0.9511246 -0.2429603 0.1906102
vn -0.9772334 -0.09425516 0.1900819
vn -0.9318668 -0.3160266 0.1781892
vn -0.7701373 -0.5504352 0.32235
vn -0.9511246 -0.2429603 0.1906102
vn -0.6299037 -0.7754337 0.04386157
vn -0.7701373 -0.5504352 0.32235
vn -0.9318668 -0.3160266 0.1781892
vn -0.6299037 -0.7754337 0.04386157
vn -0.4298899 -0.8773997 0.2129896
vn -0.7701373 -0.5504352 0.32235
vn -0.1374527 -0.9902083 0.02438115
vn -0.4298899 -0.8773997 0.2129896
vn -0.6299037 -0.7754337 0.04386157
vn -0.1374527 -0.9902083 0.02438115
vn -0.3310895 -0.943206 0.02724501
vn -0.4298899 -0.8773997 0.2129896
vn 0.09650166 -0.9952816 -0.01009074
vn -0.3310895 -0.943206 0.02724501
vn -0.1374527 -0.9902083 0.02438115
vn -0.1028423 -0.9834102 -0.1494253
vn -0.01018585 -0.9999268 0.006517456
vn -0.1435127 -0.9857406 0.0878612
vn -0.1028423 -0.9834102 -0.1494253
vn 0.02350561 -0.9874477 -0.1561879
vn -0.01018585 -0.9999268 0.006517456
vn -0.11084 -0.2115049 -0.9710716
vn -0.1062018 -0.3866057 -0.9161098
vn -0.1744013 -0.2356577 -0.9560595
vn -0.11084 -0.2115049 -0.9710716
vn -0.1455974 -0.1775715 -0.9732777
vn -0.1062018 -0.3866057 -0.9161098
vn -0.1170894 0.05930772 -0.991349
vn -0.1455974 -0.1775715 -0.9732777
vn -0.11084 -0.2115049 -0.9710716
vn -0.1170894 0.05930772 -0.991349
vn -0.2137065 0.1065735 -0.9710673
vn -0.1455974 -0.1775715 -0.9732777
vn -0.2137065 0.1065735 -0.9710673
vn -0.1247038 -0.09396076 -0.987735
vn -0.1455974 -0.1775715 -0.9732777
vn -0.1469476 -0.04317426 -0.9882016
vn -0.1247038 -0.09396076 -0.987735
vn -0.1469476 -0.04317426 -0.9882016
vn -0.9097998 -0.04860079 -0.412192
vn -0.9097998 -0.04860079 -0.412192
vn -0.8811038 -0.1578846 -0.4457897
vn -0.9269696 -0.01657338 -0.3747702
vn -0.9097998 -0.04860079 -0.412192
vn -0.9097998 -0.04860079 -0.412192
vn 0.3438994 0.9133711 0.2179134
vn 0.3686244 0.9095377 0.1919823
vn 0.3562389 0.9106808 0.2091753
vn 0.3438994 0.9133711 0.2179134
vn 0.3563403 0.9075439 0.2222287
vn 0.3686244 0.9095377 0.1919823
vn 0.3147374 0.9154693 0.2507115
vn 0.3563403 0.9075439 0.2222287
vn 0.3438994 0.9133711 0.2179134
vn 0.8933924 0.2640716 0.363478
vn 0.7477814 0.2206351 0.6262134
vn 0.8661569 0.211678 0.4527302
vn 0.7477814 0.2206351 0.6262134
vn 0.9072133 0.3034818 0.2913125
vn 0.9118701 0.1699838 0.3736287
vn 0.7477814 0.2206351 0.6262134
vn 0.7897307 0.5704458 0.2256479
vn 0.9072133 0.3034818 0.2913125
vn 0.8933924 0.2640716 0.363478
vn 0.7897307 0.5704458 0.2256479
vn 0.7477814 0.2206351 0.6262134
vn 0.5141299 0.8451381 0.1463284
vn 0.3835449 0.9106801 0.1534768
vn 0.7897307 0.5704458 0.2256479
vn 0.3438994 0.9133711 0.2179134
vn 0.3835449 0.9106801 0.1534768
vn 0.3147374 0.9154693 0.2507115
vn 0.3438994 0.9133711 0.2179134
vn 0.3562389 0.9106808 0.2091753
vn 0.3835449 0.9106801 0.1534768
vn 0.03670947 -0.9573721 -0.2865156
vn 0.03670947 -0.9573721 -0.2865156
vn -0.01018585 -0.9999268 0.006517456
vn 0.08133178 -0.9489685 0.304703
vn 0.03141882 -0.946548 0.3210293
vn 0.03141882 -0.946548 0.3210293
vn 0.6963381 -0.4649023 0.5467898
vn 0.6963381 -0.4649023 0.5467898
vn 0.696566 -0.4472554 0.5610333
vn 0.695752 -0.4823101 0.5322652
vn 0.6963381 -0.4649023 0.5467898
vn 0.6963381 -0.4649023 0.5467898
vn 0.2009491 -0.974592 -0.0989435
vn 0.2009491 -0.974592 -0.0989435
vn 0.2147251 -0.974834 0.05993335
vn -0.7568652 -0.1254413 0.6414201
vn -0.7811536 -0.1210218 0.6124973
vn -0.652402 -0.2800444 0.7042348
vn -0.7967 -0.06713118 0.6006351
vn -0.7811536 -0.1210218 0.6124973
vn -0.7568652 -0.1254413 0.6414201
vn -0.7967 -0.06713118 0.6006351
vn -0.8261093 -0.1117095 0.5523263
vn -0.7811536 -0.1210218 0.6124973
vn -0.8666978 -0.2343137 -0.4403774
vn -0.7963835 -0.2863618 -0.5327009
vn -0.8811038 -0.1578846 -0.4457897
vn -0.6268355 -0.1862265 0.7565693
vn -0.6308424 -0.1840184 0.753774
vn -0.6268355 -0.1862265 0.7565693
vn -0.749832 -0.06169324 -0.6587456
vn -0.749832 -0.06169324 -0.6587456
vn -0.7590916 -0.05731176 -0.6484562
vn -0.7404146 -0.06606174 -0.6688962
vn -0.749832 -0.06169324 -0.6587456
vn -0.749832 -0.06169324 -0.6587456
vn 0.4643053 0.3471264 -0.8148152
vn 0.502535 0.4428232 -0.7425404
vn 0.502535 0.4428232 -0.7425404
vn -0.6268355 -0.1862265 0.7565693
vn -0.6268355 -0.1862265 0.7565693
vn -0.6228105 -0.1884294 0.7593428
vn -0.8031301 0.5915627 0.07096183
vn -0.6507807 0.5619444 0.5105906
vn -0.6996488 0.382308 0.6035993
vn -0.6509663 0.6803353 0.3367296
vn -0.6507807 0.5619444 0.5105906
vn -0.8031301 0.5915627 0.07096183
vn -0.6509663 0.6803353 0.3367296
vn -0.5072085 0.825183 0.2486216
vn -0.6507807 0.5619444 0.5105906
vn -0.4679548 0.8697067 0.1569345
vn -0.5072085 0.825183 0.2486216
vn -0.6509663 0.6803353 0.3367296
vn -0.4679548 0.8697067 0.1569345
vn -0.3421319 0.9292849 0.1391954
vn -0.5072085 0.825183 0.2486216
vn -0.256802 0.9629775 0.08201961
vn -0.3421319 0.9292849 0.1391954
vn -0.4679548 0.8697067 0.1569345
vn -0.256802 0.9629775 0.08201961
vn 0.3835449 0.9106801 0.1534768
vn -0.3421319 0.9292849 0.1391954
vn 0.779534 0.6216166 0.07693923
vn 0.5061448 0.8613941 -0.04263234
vn 0.799314 0.596983 -0.06861764
vn 0.751496 0.6456521 0.1355998
vn 0.5061448 0.8613941 -0.04263234
vn 0.779534 0.6216166 0.07693923
vn 0.5452054 0.8114653 0.2104171
vn 0.5452054 0.8114653 0.2104171
vn 0.5061448 0.8613941 -0.04263234
vn -0.03934807 0.9326491 0.3586324
vn -0.09337381 0.9955828 0.00981918
vn -0.0709238 0.9974507 0.007866561
vn -0.03934807 0.9326491 0.3586324
vn -0.01192649 0.8569626 0.5152405
vn -0.09337381 0.9955828 0.00981918
vn 0.02467468 0.7957459 0.6051278
vn -0.01192649 0.8569626 0.5152405
vn -0.03934807 0.9326491 0.3586324
vn 0.02467468 0.7957459 0.6051278
vn 0.02259429 0.7827138 0.6219717
vn -0.01192649 0.8569626 0.5152405
vn -0.8852215 -0.1729865 0.4318085
vn -0.7950625 -0.233162 0.5599207
vn -0.8852215 -0.1729865 0.4318085
vn -0.6817097 -0.2404011 0.6909989
vn -0.7950625 -0.233162 0.5599207
vn -0.6817097 -0.2404011 0.6909989
vn -0.6783181 -0.3089879 0.6666417
vn -0.6783181 -0.3089879 0.6666417
vn -0.7950625 -0.233162 0.5599207
vn -0.1286395 0.7050588 0.6973836
vn -0.379708 0.439633 0.8139685
vn 0.008900523 0.3448827 0.9386036
vn -0.1286395 0.7050588 0.6973836
vn -0.3668866 0.8398784 0.3999981
vn -0.379708 0.439633 0.8139685
vn -0.399601 0.8009274 0.4459084
vn -0.3668866 0.8398784 0.3999981
vn -0.1286395 0.7050588 0.6973836
vn -0.399601 0.8009274 0.4459084
vn -0.4690846 0.882137 0.04235521
vn -0.3668866 0.8398784 0.3999981
vn -0.8666316 -0.4958292 -0.05570501
vn -0.7980764 -0.2897961 0.5282919
vn -0.8436637 -0.5319419 0.07259083
vn -0.8007982 -0.4013834 0.4445374
vn -0.7980764 -0.2897961 0.5282919
vn -0.8007982 -0.4013834 0.4445374
vn -0.7166623 -0.4016073 0.5701815
vn -0.7166623 -0.4016073 0.5701815
vn -0.7980764 -0.2897961 0.5282919
vn -0.6494641 -0.02079754 0.7601078
vn -0.6509802 -0.3385841 0.6794009
vn -0.5118572 -0.0846737 0.8548876
vn -0.7980764 -0.2897961 0.5282919
vn -0.6509802 -0.3385841 0.6794009
vn -0.6494641 -0.02079754 0.7601078
vn -0.8949457 0.2179421 0.3893242
vn -0.9960173 0.02039037 0.08679765
vn -0.8966882 0.2222517 0.3828245
vn -0.739716 0.02225468 0.6725512
vn -0.9960173 0.02039037 0.08679765
vn -0.8949457 0.2179421 0.3893242
vn -0.739716 0.02225468 0.6725512
vn -0.6577272 -0.3881342 0.6455591
vn -0.9960173 0.02039037 0.08679765
vn -0.3013254 -0.2556704 0.9186052
vn -0.6577272 -0.3881342 0.6455591
vn -0.739716 0.02225468 0.6725512
vn -0.3013254 -0.2556704 0.9186052
vn -0.101334 -0.561225 0.8214365
vn -0.6577272 -0.3881342 0.6455591
vn 0.1981924 -0.2608819 0.9448071
vn -0.101334 -0.561225 0.8214365
vn -0.3013254 -0.2556704 0.9186052
vn 0.1981924 -0.2608819 0.9448071
vn 0.3219401 -0.4905282 0.8097757
vn -0.101334 -0.561225 0.8214365
vn 0.5520177 -0.317178 0.7711514
vn 0.3219401 -0.4905282 0.8097757
vn 0.1981924 -0.2608819 0.9448071
vn 0.5520177 -0.317178 0.7711514
vn 0.4453336 -0.5275625 0.7234333
vn 0.3219401 -0.4905282 0.8097757
vn -0.6577272 -0.3881342 0.6455591
vn -0.850401 -0.5210185 0.07319814
vn -0.9960173 0.02039037 0.08679765
vn -0.3908297 -0.7265406 0.5651469
vn -0.850401 -0.5210185 0.07319814
vn -0.6577272 -0.3881342 0.6455591
vn -0.3908297 -0.7265406 0.5651469
vn -0.5209565 -0.8524516 0.0439395
vn -0.850401 -0.5210185 0.07319814
vn -0.2700638 -0.8630637 0.4268331
vn -0.5209565 -0.8524516 0.0439395
vn -0.3908297 -0.7265406 0.5651469
vn -0.2700638 -0.8630637 0.4268331
vn -0.3890398 -0.9206534 0.03233352
vn -0.5209565 -0.8524516 0.0439395
vn 0.3085706 0.9380031 0.1579068
vn 0.5061448 0.8613941 -0.04263234
vn 0.3085706 0.9380031 0.1579068
vn 0.273571 0.9612889 0.03290282
vn 0.5061448 0.8613941 -0.04263234
vn 0.2908057 0.9469665 0.1366986
vn 0.273571 0.9612889 0.03290282
vn 0.2579776 0.9659261 -0.02083692
vn 0.5061448 0.8613941 -0.04263234
vn -0.9451454 -0.1532384 0.288476
vn -0.9295366 -0.1410468 0.3406871
vn -0.9451454 -0.1532384 0.288476
vn -0.9605816 -0.1450935 0.2371306
vn -0.9295366 -0.1410468 0.3406871
vn -0.9886611 -0.1492883 0.01618832
vn 0.691263 -0.7065962 0.1512523
vn 0.6365404 -0.7169969 0.2841332
vn 0.691263 -0.7065962 0.1512523
vn 0.6593705 -0.7465075 0.08920252
vn 0.6365404 -0.7169969 0.2841332
vn 0.6574769 -0.7421196 -0.1303182
vn 0.262385 0.1665234 0.9504864
vn 0.1802018 0.5703313 0.8014047
vn -0.03861162 0.5943617 0.8032703
vn -0.0005342737 0.1691718 0.9855864
vn 0.375618 -0.144181 0.9154906
vn 0.262385 0.1665234 0.9504864
vn -0.0005342737 0.1691718 0.9855864
vn -0.5668045 0.2893406 0.7713719
vn -0.3451013 0.4003491 0.8488967
vn -0.379708 0.439633 0.8139685
vn -0.5668045 0.2893406 0.7713719
vn -0.0005342737 0.1691718 0.9855864
vn -0.379708 0.439633 0.8139685
vn -0.7464757 0.376138 0.5489029
vn -0.5668045 0.2893406 0.7713719
vn -0.7094203 0.3449654 0.6145908
vn -0.7464757 0.376138 0.5489029
vn -0.379708 0.439633 0.8139685
vn -0.674084 -0.7372447 -0.04561877
vn -0.3148308 -0.9487966 0.02581936
vn -0.702968 -0.708683 0.06003684
vn -0.674084 -0.7372447 -0.04561877
vn -0.6345913 -0.77169 0.04229009
vn -0.3148308 -0.9487966 0.02581936
vn 0.09218863 -0.9424178 -0.3214809
vn 0.09673098 -0.9063091 -0.4113963
vn 0.07521388 -0.9840226 -0.161377
vn 0.09218863 -0.9424178 -0.3214809
vn 0.1115725 -0.7660494 -0.6330245
vn 0.09673098 -0.9063091 -0.4113963
vn 0.02596503 -0.9691134 -0.2452448
vn 0.0708923 -0.997453 -0.007864185
vn 0.02596503 -0.9691134 -0.2452448
vn 0.08095218 -0.9869416 -0.1392585
vn 0.0708923 -0.997453 -0.007864185
vn 0.09218863 -0.9424178 -0.3214809
vn 0.9684291 0.0500591 0.2442114
vn 0.8715965 0.196173 0.4492615
vn 0.805227 -0.02957443 0.5922288
vn 0.9477355 0.3083304 -0.08203548
vn 0.8715965 0.196173 0.4492615
vn 0.9684291 0.0500591 0.2442114
vn 0.00014588 0.9999986 0.001679048
vn 0.0001456511 0.9999986 0.001680317
vn 0.0001466528 0.9999986 0.001680231
vn 0.0001456917 0.9999986 0.00167931
vn 0.0001451213 0.9999986 0.001680535
vn 0.0001456511 0.9999986 0.001680317
vn 0.01724266 -0.1675654 0.9857101
vn -0.04256484 0.03471273 0.9984906
vn -0.06856516 -0.07381214 0.9949125
vn 0.01724266 -0.1675654 0.9857101
vn 0.02148403 -0.2609494 0.9651134
vn -0.04256484 0.03471273 0.9984906
vn 0.005924277 -0.4012097 0.9159672
vn 0.02148403 -0.2609494 0.9651134
vn 0.01724266 -0.1675654 0.9857101
vn 0.005924277 -0.4012097 0.9159672
vn 0.04106732 -0.4457982 0.8941909
vn 0.02148403 -0.2609494 0.9651134
vn -0.01018585 -0.9999268 0.006517456
vn 0.08146211 -0.971975 0.2205188
vn 0.03129447 -0.9879077 0.1518521
vn -0.01018585 -0.9999268 0.006517456
vn 0.08133178 -0.9489685 0.304703
vn 0.08146211 -0.971975 0.2205188
vn -0.993423 -0.07512683 0.08641005
vn -0.8273855 -0.09489685 0.5535592
vn -0.8747299 -0.4787112 0.07538742
vn -0.9514145 0.2964088 0.08337939
vn -0.8273855 -0.09489685 0.5535592
vn -0.993423 -0.07512683 0.08641005
vn -0.07063402 -0.7575324 0.6489649
vn 0.0713884 -0.7381133 0.6708893
vn 0.02380754 -0.7811193 0.6239278
vn -0.395185 -0.5795363 0.7127177
vn 0.0713884 -0.7381133 0.6708893
vn -0.07063402 -0.7575324 0.6489649
vn -0.395185 -0.5795363 0.7127177
vn -0.4301353 0.03967104 0.9018923
vn -0.2367123 -0.08642758 0.967728
vn -0.8273855 -0.09489685 0.5535592
vn -0.4301353 0.03967104 0.9018923
vn -0.395185 -0.5795363 0.7127177
vn -0.8273855 -0.09489685 0.5535592
vn -0.6996488 0.382308 0.6035993
vn -0.4301353 0.03967104 0.9018923
vn -0.9514145 0.2964088 0.08337939
vn -0.6996488 0.382308 0.6035993
vn -0.8273855 -0.09489685 0.5535592
vn -0.9514145 0.2964088 0.08337939
vn -0.8031301 0.5915627 0.07096183
vn -0.6996488 0.382308 0.6035993
vn 0.1367303 0.2618678 0.9553692
vn 0.7477814 0.2206351 0.6262134
vn 0.6601256 0.2267597 0.7161104
vn 0.5615256 0.06753414 0.8246988
vn 0.7477814 0.2206351 0.6262134
vn 0.4881869 -0.05496505 0.8710065
vn 0.5615256 0.06753414 0.8246988
vn 0.8661569 0.211678 0.4527302
vn 0.7477814 0.2206351 0.6262134
vn -0.3123907 -0.07397791 0.9470688
vn -0.311513 -0.09578743 0.9454017
vn -0.3088536 -0.1396448 0.9408022
vn -0.2588324 -0.05948114 0.9640892
vn -0.311513 -0.09578743 0.9454017
vn -0.3123907 -0.07397791 0.9470688
vn 0.3977019 -0.08900285 0.9131876
vn 0.6773885 -0.4499199 0.5819938
vn 0.4154871 -0.103931 0.9036421
vn 0.4930361 -0.5461126 0.6772567
vn 0.6773885 -0.4499199 0.5819938
vn 0.3977019 -0.08900285 0.9131876
vn 0.4930361 -0.5461126 0.6772567
vn 0.7380688 -0.6127476 0.2824796
vn 0.6773885 -0.4499199 0.5819938
vn -0.8273855 -0.09489685 0.5535592
vn -0.6709129 -0.5759972 0.4670153
vn -0.8747299 -0.4787112 0.07538742
vn -0.395185 -0.5795363 0.7127177
vn -0.6709129 -0.5759972 0.4670153
vn -0.8273855 -0.09489685 0.5535592
vn -0.4526874 -0.8908623 0.03792593
vn -0.2303136 -0.9246771 0.303196
vn -0.1783047 -0.9838777 0.01386729
vn -0.3712358 -0.8458796 0.3829774
vn -0.2303136 -0.9246771 0.303196
vn -0.4526874 -0.8908623 0.03792593
vn -0.3712358 -0.8458796 0.3829774
vn -0.395185 -0.5795363 0.7127177
vn -0.2303136 -0.9246771 0.303196
vn 0.2919335 -0.7246605 -0.6242131
vn 0.2547887 -0.6711516 -0.6961597
vn 0.2919335 -0.7246605 -0.6242131
vn 0.215244 -0.611321 -0.7615489
vn 0.2547887 -0.6711516 -0.6961597
vn 0.215244 -0.611321 -0.7615489
vn 0.9667568 -0.2556971 0.0006349087
vn 0.9667568 -0.2556971 0.0006349087
vn 0.9851949 -0.1708737 -0.01389301
vn 0.9961925 0.07590724 0.04287857
vn 0.987287 -0.05313369 0.1498034
vn 0.9794751 0.1549653 0.128897
vn 0.9851949 -0.1708737 -0.01389301
vn 0.987287 -0.05313369 0.1498034
vn 0.9961925 0.07590724 0.04287857
vn 0.9851949 -0.1708737 -0.01389301
vn 0.9684962 -0.2490222 0.001723409
vn 0.987287 -0.05313369 0.1498034
vn 0.4368288 -0.8922921 0.113998
vn 0.2102386 -0.9776391 -0.004639685
vn 0.5083849 -0.8600094 -0.04391748
vn -0.5995005 -0.6668239 0.4426568
vn -0.6412162 -0.6213335 0.4503184
vn -0.5995005 -0.6668239 0.4426568
vn -0.2980633 -0.8692568 0.3943993
vn -0.6412162 -0.6213335 0.4503184
vn -0.6354253 -0.7520678 0.1750107
vn -0.1568301 -0.9854821 -0.06503403
vn -0.1030022 -0.980338 -0.168309
vn -0.01145274 -0.9999023 -0.008016507
vn -0.1349582 -0.9692209 -0.2059058
vn -0.1030022 -0.980338 -0.168309
vn -0.1568301 -0.9854821 -0.06503403
vn -0.1727485 -0.282012 -0.9437305
vn -0.1535026 -0.1642468 -0.9744024
vn -0.2497626 -0.3740295 -0.8931521
vn -0.07027442 -0.05172182 -0.996186
vn -0.1535026 -0.1642468 -0.9744024
vn -0.1727485 -0.282012 -0.9437305
vn -0.07027442 -0.05172182 -0.996186
vn -0.1195232 -0.01321894 -0.9927434
vn -0.1535026 -0.1642468 -0.9744024
vn -0.02824481 0.08919738 -0.9956135
vn -0.1195232 -0.01321894 -0.9927434
vn -0.07027442 -0.05172182 -0.996186
vn -0.1568301 -0.9854821 -0.06503403
vn -0.01145274 -0.9999023 -0.008016507
vn -0.1381105 -0.9760156 0.1682824
vn -0.2147419 0.03181435 -0.9761525
vn -0.2147419 0.03181435 -0.9761525
vn -0.1776735 -0.02723218 -0.9837126
vn -0.2147419 0.03181435 -0.9761525
vn -0.1457915 -0.2576979 -0.9551632
vn -0.2147419 0.03181435 -0.9761525
vn -0.07955646 -0.221599 -0.9718872
vn -0.1457915 -0.2576979 -0.9551632
vn -0.07955646 -0.221599 -0.9718872
vn -0.1051307 -0.442535 -0.8905675
vn -0.1142939 -0.4427788 -0.8893165
vn -0.1457915 -0.2576979 -0.9551632
vn 0.05867298 -0.2147989 0.9748942
vn 0.0596385 -0.3732741 0.9258022
vn 0.02483103 -0.180883 0.9831912
vn 0.3879441 -0.0090199 -0.9216387
vn 0.4242614 -0.03020304 -0.905036
vn 0.3879441 -0.0090199 -0.9216387
vn 0.9741912 0.1569167 -0.1622609
vn 0.9794444 0.140276 -0.1449528
vn 0.9678621 0.122922 -0.2193925
vn 0.9741912 0.1569167 -0.1622609
vn 0.9830438 0.1486461 -0.1073745
vn 0.9794444 0.140276 -0.1449528
vn 0.4301079 0.09506929 0.8977578
vn 0.4272723 0.1613821 0.8896034
vn 0.3890892 0.1081768 0.9148264
vn 0.4301079 0.09506929 0.8977578
vn 0.4702037 0.08175775 0.8787629
vn 0.4272723 0.1613821 0.8896034
vn 0.9830438 0.1486461 -0.1073745
vn 0.996327 0.0006719337 -0.08562702
vn 0.9794444 0.140276 -0.1449528
vn 0.4645549 0.0310307 0.8850006
vn 0.4767554 -0.1026524 0.8730217
vn 0.4187071 0.08002305 0.9045887
vn 0.4645549 0.0310307 0.8850006
vn 0.5635955 -0.2266711 0.7943427
vn 0.4767554 -0.1026524 0.8730217
vn -0.1398876 -0.990161 -0.003573015
vn 0.4313567 -0.886914 -0.1652729
vn 0.4311495 -0.8933907 0.1263453
vn 0.09650166 -0.9952816 -0.01009074
vn 0.4313567 -0.886914 -0.1652729
vn -0.1398876 -0.990161 -0.003573015
vn 0.09650166 -0.9952816 -0.01009074
vn 0.4645418 -0.8845564 -0.04196337
vn 0.4313567 -0.886914 -0.1652729
vn 0.5390375 -0.7851466 -0.3049315
vn 0.553807 -0.786888 -0.2722224
vn 0.5707216 -0.7788908 -0.2600117
vn 0.5390375 -0.7851466 -0.3049315
vn 0.5172697 -0.7948874 -0.3171531
vn 0.553807 -0.786888 -0.2722224
vn 0.4696752 -0.7478846 -0.4691203
vn 0.5172697 -0.7948874 -0.3171531
vn 0.5390375 -0.7851466 -0.3049315
vn 0.4696752 -0.7478846 -0.4691203
vn 0.3732621 -0.6665241 -0.6453069
vn 0.5172697 -0.7948874 -0.3171531
vn 0.2884737 -0.5599185 -0.7767073
vn 0.3732621 -0.6665241 -0.6453069
vn 0.4696752 -0.7478846 -0.4691203
vn 0.2884737 -0.5599185 -0.7767073
vn 0.2490269 -0.5459668 -0.7999412
vn 0.3732621 -0.6665241 -0.6453069
vn -0.3891801 -0.9208907 -0.0223437
vn -0.3708568 -0.9035388 -0.2146695
vn -0.369534 -0.929217 -0.0007196665
vn -0.9897026 0.05741364 0.1311202
vn -0.9897026 0.05741364 0.1311202
vn -0.9872333 0.06887554 0.1436198
vn -0.9897026 0.05741364 0.1311202
vn -0.9918812 0.04593488 0.1185821
vn -0.9897026 0.05741364 0.1311202
vn -0.5006216 0.8608234 0.09143937
vn -0.5006216 0.8608234 0.09143937
vn -0.4886519 0.866379 0.1029885
vn -0.5006216 0.8608234 0.09143937
vn -0.5124372 0.855003 0.07986218
vn -0.5006216 0.8608234 0.09143937
vn 0.3603756 0.9324185 0.02692872
vn 0.3696222 0.9290496 0.01569694
vn 0.3696222 0.9290496 0.01569694
vn 0.3688389 0.4995061 -0.7838696
vn -0.09657373 0.6230428 -0.7762032
vn -0.1231497 0.6177568 -0.7766664
vn 0.9895172 0.1421382 -0.02554631
vn 0.9888031 0.1463716 -0.02904958
vn 0.9895172 0.1421382 -0.02554631
vn 0.3510488 0.9355795 0.03815448
vn 0.3510488 0.9355795 0.03815448
vn 0.3603756 0.9324185 0.02692872
vn -0.4524562 0.6495808 0.6110059
vn -0.3938829 0.6774805 0.6211896
vn -0.6769294 0.5740778 0.4606532
vn -0.2887553 0.8312591 0.4750039
vn -0.3938829 0.6774805 0.6211896
vn -0.4524562 0.6495808 0.6110059
vn -0.2887553 0.8312591 0.4750039
vn -0.3373957 0.8392726 0.4263633
vn -0.3938829 0.6774805 0.6211896
vn -0.3721237 0.8562161 0.3583545
vn -0.3373957 0.8392726 0.4263633
vn -0.2887553 0.8312591 0.4750039
vn -0.3721237 0.8562161 0.3583545
vn -0.4470866 0.8771455 0.1752979
vn -0.3373957 0.8392726 0.4263633
vn -0.5053241 0.8457532 0.1713158
vn -0.4470866 0.8771455 0.1752979
vn -0.3721237 0.8562161 0.3583545
vn -0.6615212 -0.1332821 -0.7379875
vn -0.6615212 -0.1332821 -0.7379875
vn -0.4746414 -0.1478401 -0.8676745
vn -0.8081002 -0.1223583 -0.5761967
vn -0.6615212 -0.1332821 -0.7379875
vn -0.6615212 -0.1332821 -0.7379875
vn 0.6906488 -0.5658978 -0.4502931
vn 0.6641707 -0.7452399 -0.05911702
vn 0.8575029 -0.5089005 -0.07555842
vn 0.6906488 -0.5658978 -0.4502931
vn 0.6779299 -0.6115795 -0.407899
vn 0.6641707 -0.7452399 -0.05911702
vn 0.4491864 -0.4683004 -0.7608721
vn 0.6779299 -0.6115795 -0.407899
vn 0.6906488 -0.5658978 -0.4502931
vn 0.4491864 -0.4683004 -0.7608721
vn 0.3929881 -0.6372349 -0.662942
vn 0.6779299 -0.6115795 -0.407899
vn -0.04590432 -0.7358351 -0.6756031
vn 0.3929881 -0.6372349 -0.662942
vn 0.4491864 -0.4683004 -0.7608721
vn -0.04590432 -0.7358351 -0.6756031
vn -0.08466171 -0.7790122 -0.6212667
vn 0.3929881 -0.6372349 -0.662942
vn 0.3196228 0.8917034 -0.3204785
vn 0.3653117 0.9154739 -0.1686859
vn 0.329464 0.9103338 -0.2504912
vn -0.4414874 0.8799465 -0.175451
vn -0.4816713 0.8619513 -0.1582176
vn -0.4068055 0.8715927 -0.2735608
vn -0.4528688 0.8801168 -0.1424929
vn -0.4816713 0.8619513 -0.1582176
vn -0.4414874 0.8799465 -0.175451
vn -0.9505705 0.1212969 -0.2858371
vn -0.9655112 0.1425581 -0.2178654
vn -0.9559976 0.1161165 -0.2694173
vn 0.329464 0.9103338 -0.2504912
vn 0.3128134 0.9083893 -0.2774466
vn 0.3196228 0.8917034 -0.3204785
vn 0.9281682 0.1552159 -0.3382486
vn 0.9281682 0.1552159 -0.3382486
vn 0.9624851 0.194473 -0.189216
vn -0.8554476 0.5161582 0.04231036
vn -0.8541173 0.5181478 0.04479182
vn -0.5979594 0.80102 0.02848852
vn -0.9775258 0.2077275 0.0359543
vn -0.8541173 0.5181478 0.04479182
vn -0.8554476 0.5161582 0.04231036
vn -0.7125424 0.1337202 -0.6887686
vn -0.7125424 0.1337202 -0.6887686
vn -0.6706443 0.2555532 -0.6963683
vn -0.3672656 -0.7983342 -0.4772613
vn -0.3708568 -0.9035388 -0.2146695
vn -0.4494522 -0.764313 -0.462405
vn -0.3672656 -0.7983342 -0.4772613
vn -0.369534 -0.929217 -0.0007196665
vn -0.3708568 -0.9035388 -0.2146695
vn -0.6070023 -0.7753196 -0.1744357
vn -0.6136951 -0.7729549 -0.1609937
vn -0.6078025 -0.7704845 -0.1921713
vn -0.6070023 -0.7753196 -0.1744357
vn -0.4494522 -0.764313 -0.462405
vn -0.6136951 -0.7729549 -0.1609937
vn -0.441247 -0.8580703 -0.2627101
vn -0.4494522 -0.764313 -0.462405
vn -0.441247 -0.8580703 -0.2627101
vn -0.3552698 -0.568979 -0.7416512
vn -0.3672656 -0.7983342 -0.4772613
vn -0.4494522 -0.764313 -0.462405
vn -0.3721237 0.8562161 0.3583545
vn -0.3967787 0.8923773 0.2150105
vn -0.5053241 0.8457532 0.1713158
vn -0.2887553 0.8312591 0.4750039
vn -0.3967787 0.8923773 0.2150105
vn -0.3721237 0.8562161 0.3583545
vn 0.1672506 -0.2930229 -0.9413633
vn 0.1672506 -0.2930229 -0.9413633
vn 0.134584 -0.2979605 -0.9450432
vn -0.1478134 0.8010157 -0.5801077
vn -0.3615155 0.7522383 -0.5508576
vn -0.0515753 0.7749282 -0.6299416
vn -0.1478134 0.8010157 -0.5801077
vn -0.4791664 0.788799 -0.3849618
vn -0.3615155 0.7522383 -0.5508576
vn -0.2000421 0.9752413 0.09427361
vn -0.4791664 0.788799 -0.3849618
vn -0.2000421 0.9752413 0.09427361
vn -0.8891932 0.2256324 -0.3980272
vn -0.3615155 0.7522383 -0.5508576
vn -0.4791664 0.788799 -0.3849618
vn -0.9261745 0.05548689 -0.3729908
vn -0.888485 0.1103986 -0.4454287
vn -0.8891932 0.2256324 -0.3980272
vn 0.1017687 -0.3025689 -0.9476789
vn 0.134584 -0.2979605 -0.9450432
vn 0.1017687 -0.3025689 -0.9476789
vn -0.04471842 -0.9270086 -0.3723645
vn -0.04471842 -0.9270086 -0.3723645
vn -0.04471842 -0.9270086 -0.3723645
vn -0.3421093 0.2596245 -0.9030817
vn -0.3085535 0.3429466 -0.887233
vn -0.3421093 0.2596245 -0.9030817
vn -0.2797185 0.6632426 -0.6941664
vn -0.3085535 0.3429466 -0.887233
vn -0.2724249 0.423422 -0.8640015
vn -0.2490065 0.7448281 -0.6190532
vn -0.1810183 0.8732861 -0.4523317
vn -0.3272832 0.8542106 -0.4039927
vn 0.4026853 0.4394929 -0.8029263
vn 0.3142826 0.3265845 -0.891386
vn 0.4026853 0.4394929 -0.8029263
vn -0.8300301 0.377764 -0.4102981
vn -0.6193417 0.541665 -0.5683441
vn -0.7868266 0.4317956 -0.4409723
vn 0.3964951 -0.03125488 -0.9175046
vn 0.410272 -0.3144236 -0.856046
vn 0.8107332 -0.08078505 -0.579815
vn 0.3964951 -0.03125488 -0.9175046
vn 0.03176592 -0.2576473 -0.9657167
vn 0.410272 -0.3144236 -0.856046
vn -0.1044652 0.1214146 -0.9870894
vn 0.03176592 -0.2576473 -0.9657167
vn 0.3964951 -0.03125488 -0.9175046
vn -0.1044652 0.1214146 -0.9870894
vn -0.4556951 -0.2526706 -0.8535219
vn 0.03176592 -0.2576473 -0.9657167
vn -0.5514107 0.01573183 -0.8340855
vn -0.4556951 -0.2526706 -0.8535219
vn -0.1044652 0.1214146 -0.9870894
vn -0.5514107 0.01573183 -0.8340855
vn -0.844857 0.02429771 -0.53444
vn -0.4556951 -0.2526706 -0.8535219
vn -0.7711161 -0.01843356 -0.6364277
vn -0.844857 0.02429771 -0.53444
vn -0.5514107 0.01573183 -0.8340855
vn -0.7711161 -0.01843356 -0.6364277
vn -0.9265295 -0.1429308 -0.3480141
vn -0.844857 0.02429771 -0.53444
vn -0.9261745 0.05548689 -0.3729908
vn -0.8891932 0.2256324 -0.3980272
vn -0.9548959 3.793929E-05 -0.2969411
vn 0.1151412 -0.04601154 -0.992283
vn -0.1708923 0.1724806 -0.9700754
vn 0.01647538 0.04984706 -0.998621
vn 0.2116235 -0.1409976 -0.9671273
vn -0.1708923 0.1724806 -0.9700754
vn 0.1151412 -0.04601154 -0.992283
vn -0.3619516 0.4606142 -0.8104477
vn -0.6915577 0.2917658 -0.6607729
vn -0.1708923 0.1724806 -0.9700754
vn -0.05114065 -0.720048 -0.6920372
vn 0.3133851 -0.5249999 -0.7913059
vn 0.1769314 -0.4877107 -0.854888
vn -0.1292004 -0.97505 -0.1805127
vn -0.3148308 -0.9487966 0.02581936
vn -0.1072244 -0.9796685 -0.1695659
vn -0.3667958 -0.9141395 -0.1726552
vn -0.3148308 -0.9487966 0.02581936
vn -0.3667958 -0.9141395 -0.1726552
vn -0.63257 -0.7717304 0.06547791
vn -0.6562582 -0.7375917 0.1590083
vn -0.3148308 -0.9487966 0.02581936
vn -0.8889211 -0.4580321 0.005072296
vn -0.7609192 -0.5894977 -0.2710985
vn -0.7302607 -0.5844236 -0.3537913
vn -0.8884315 -0.4525681 0.07662541
vn -0.7609192 -0.5894977 -0.2710985
vn -0.8889211 -0.4580321 0.005072296
vn -0.4163241 -0.9085528 0.03472844
vn -0.4604988 -0.8768051 -0.1383964
vn -0.7609192 -0.5894977 -0.2710985
vn -0.3310895 -0.943206 0.02724501
vn -0.4604988 -0.8768051 -0.1383964
vn -0.4163241 -0.9085528 0.03472844
vn -0.4004997 -0.0832454 -0.9125077
vn -0.05761234 0.02374703 -0.9980565
vn -0.579589 0.04257442 -0.8137961
vn 0.4491864 -0.4683004 -0.7608721
vn -0.05761234 0.02374703 -0.9980565
vn 0.331229 -0.1161629 -0.9363725
vn 0.4491864 -0.4683004 -0.7608721
vn 0.5296613 -0.04997766 -0.8467357
vn -0.05761234 0.02374703 -0.9980565
vn 0.6906488 -0.5658978 -0.4502931
vn 0.5296613 -0.04997766 -0.8467357
vn 0.4491864 -0.4683004 -0.7608721
vn 0.6906488 -0.5658978 -0.4502931
vn 0.881917 -0.06849678 -0.4664019
vn 0.5296613 -0.04997766 -0.8467357
vn 0.8575029 -0.5089005 -0.07555842
vn 0.881917 -0.06849678 -0.4664019
vn 0.6906488 -0.5658978 -0.4502931
vn 0.01593142 -0.1946095 -0.9807515
vn 0.2552024 -0.05242264 -0.9654655
vn -0.2110109 -0.09680971 -0.9726778
vn 0.7026263 0.02756261 -0.711025
vn 0.2552024 -0.05242264 -0.9654655
vn 0.5577814 -0.00564441 -0.8299686
vn 0.7026263 0.02756261 -0.711025
vn 0.825381 0.07157204 -0.560021
vn 0.2552024 -0.05242264 -0.9654655
vn 0.9722148 0.1368709 -0.1899073
vn 0.825381 0.07157204 -0.560021
vn 0.7026263 0.02756261 -0.711025
vn 0.9722148 0.1368709 -0.1899073
vn 0.9882072 0.1267801 -0.08586848
vn 0.825381 0.07157204 -0.560021
vn -0.1336983 0.9909325 0.01332334
vn -0.2178203 0.9745095 -0.05371703
vn -0.08936631 0.9959691 0.007700466
vn -0.2393226 0.9692751 -0.05683726
vn -0.2178203 0.9745095 -0.05371703
vn -0.1336983 0.9909325 0.01332334
vn -0.2393226 0.9692751 -0.05683726
vn -0.2980587 0.9466821 -0.1222868
vn -0.2178203 0.9745095 -0.05371703
vn 0.6372865 -0.7129912 -0.2924197
vn 0.4645418 -0.8845564 -0.04196337
vn 0.7441554 -0.6647433 -0.06594843
vn 0.4313567 -0.886914 -0.1652729
vn 0.4645418 -0.8845564 -0.04196337
vn 0.6372865 -0.7129912 -0.2924197
vn -0.7609192 -0.5894977 -0.2710985
vn -0.8174836 -0.3793126 -0.4334081
vn -0.7302607 -0.5844236 -0.3537913
vn -0.7141083 -0.6093444 -0.3445992
vn -0.8174836 -0.3793126 -0.4334081
vn -0.7609192 -0.5894977 -0.2710985
vn -0.4370832 -0.08336999 -0.8955487
vn -0.3663717 -0.1078777 -0.9241938
vn -0.3663717 -0.1078777 -0.9241938
vn -0.379062 0.003230126 0.9253657
vn -0.4254805 -0.123717 0.8964711
vn -0.3179967 -0.1418429 0.9374213
vn -0.4457192 -0.1865464 0.8755199
vn -0.4254805 -0.123717 0.8964711
vn -0.3846793 -0.1357307 0.9130165
vn -0.4457192 -0.1865464 0.8755199
vn -0.5077367 -0.5063298 0.6970176
vn -0.4254805 -0.123717 0.8964711
vn -0.4658661 -0.7305781 0.4992239
vn -0.5077367 -0.5063298 0.6970176
vn -0.4658661 -0.7305781 0.4992239
vn -0.6484822 -0.7592592 -0.05473799
vn -0.1398876 -0.990161 -0.003573015
vn -0.4695761 -0.876062 0.1096069
vn -0.4597865 -0.08264852 0.8841752
vn -0.4402695 -0.1266954 0.8888818
vn -0.3893505 -0.1198662 0.913257
vn -0.398474 -0.2128151 0.8921481
vn -0.4402695 -0.1266954 0.8888818
vn -0.4597865 -0.08264852 0.8841752
vn -0.3985961 -0.2129983 0.89205
vn -0.3985961 -0.2129983 0.89205
vn -0.4402695 -0.1266954 0.8888818
vn 0.4272723 0.1613821 0.8896034
vn 0.4158722 0.2916995 0.861372
vn 0.4645549 0.0310307 0.8850006
vn 0.1204148 0.1090966 0.9867108
vn 0.0384372 -0.06950963 0.9968405
vn 0.1204148 0.1090966 0.9867108
vn 0.8529259 -0.1305946 0.5054331
vn 0.8194284 -0.2895747 0.494655
vn 0.8231942 -0.0002536046 0.5677599
vn 0.8529259 -0.1305946 0.5054331
vn 0.8641 -0.2580943 0.4321094
vn 0.8194284 -0.2895747 0.494655
vn 0.7541558 -0.6553867 -0.0414418
vn 0.8435179 -0.3683551 -0.3908864
vn 0.6366418 -0.7126684 -0.2946032
vn 0.8977377 -0.2929816 -0.3289815
vn 0.8435179 -0.3683551 -0.3908864
vn 0.7541558 -0.6553867 -0.0414418
vn 0.8864371 -0.117307 -0.4477372
vn 0.8864371 -0.117307 -0.4477372
vn 0.8435179 -0.3683551 -0.3908864
vn -0.7595569 -0.3861543 -0.5234102
vn -0.4828743 -0.7247522 -0.4914942
vn -0.2420046 -0.5584914 -0.7934237
vn -0.850401 -0.5210185 0.07319814
vn -0.4828743 -0.7247522 -0.4914942
vn -0.7595569 -0.3861543 -0.5234102
vn -0.850401 -0.5210185 0.07319814
vn -0.5209565 -0.8524516 0.0439395
vn -0.4828743 -0.7247522 -0.4914942
vn -0.5514107 0.01573183 -0.8340855
vn -0.5480679 -0.03736604 -0.8355988
vn -0.7711161 -0.01843356 -0.6364277
vn -0.1044652 0.1214146 -0.9870894
vn -0.5480679 -0.03736604 -0.8355988
vn -0.5514107 0.01573183 -0.8340855
vn -0.9960173 0.02039037 0.08679765
vn -0.850401 -0.5210185 0.07319814
vn -0.7595569 -0.3861543 -0.5234102
vn -0.5360036 0.3680529 -0.7597613
vn -0.7290987 0.5634667 -0.3884849
vn -0.7933656 0.3841286 -0.4722459
vn -0.582139 0.7804338 -0.2281167
vn -0.7290987 0.5634667 -0.3884849
vn -0.5360036 0.3680529 -0.7597613
vn -0.5268384 0.833967 -0.1641349
vn -0.4666316 0.8843293 0.01471889
vn -0.4169298 0.8985149 -0.1372603
vn -0.4470866 0.8771455 0.1752979
vn -0.4666316 0.8843293 0.01471889
vn -0.3373957 0.8392726 0.4263633
vn -0.1651317 0.07024092 -0.9837672
vn -0.2110109 -0.09680971 -0.9726778
vn 0.2552024 -0.05242264 -0.9654655
vn -0.4658606 -0.1578152 -0.8706712
vn -0.2110109 -0.09680971 -0.9726778
vn -0.4746414 -0.1478401 -0.8676745
vn 0.3404975 0.8984246 -0.2772989
vn 0.7389865 0.5714318 -0.356882
vn 0.2450696 0.9422633 -0.2282121
vn 0.628306 0.2229561 -0.7453336
vn 0.7389865 0.5714318 -0.356882
vn 0.8171655 0.265552 -0.5115885
vn 0.628306 0.2229561 -0.7453336
vn 0.8432674 0.3047244 -0.4427676
vn 0.7389865 0.5714318 -0.356882
vn 0.833582 0.1715043 -0.5250973
vn 0.8432674 0.3047244 -0.4427676
vn 0.628306 0.2229561 -0.7453336
vn 0.0417589 -0.4221111 0.9055819
vn 0.02483103 -0.180883 0.9831912
vn 0.0417589 -0.4221111 0.9055819
vn -0.002113208 -0.1225943 0.9924547
vn 0.02483103 -0.180883 0.9831912
vn 0.3060628 -0.2976373 0.9042885
vn 0.7541558 -0.6553867 -0.0414418
vn 0.6882964 -0.581153 0.4341765
vn 0.8194284 -0.2895747 0.494655
vn -0.5047039 0.2584139 -0.8237088
vn -0.5360036 0.3680529 -0.7597613
vn -0.7933656 0.3841286 -0.4722459
vn -0.02518741 0.2932189 -0.9557136
vn -0.5360036 0.3680529 -0.7597613
vn -0.5047039 0.2584139 -0.8237088
vn -0.5126367 -0.5772548 -0.6355946
vn -0.7302607 -0.5844236 -0.3537913
vn -0.2869127 -0.7753271 -0.5626269
vn 0.3952545 -0.726669 0.5618951
vn 0.3952545 -0.726669 0.5618951
vn 0.371125 -0.673413 0.63936
vn 0.4995265 0.518724 0.6938289
vn 0.5239316 0.4900301 0.6966824
vn 0.4995265 0.518724 0.6938289
vn 0.9915479 -0.004056874 -0.1296778
vn 0.930813 0.01609012 -0.3651417
vn 0.9727072 -0.1706329 -0.1572424
vn 0.9424806 0.1556864 -0.2957907
vn 0.930813 0.01609012 -0.3651417
vn 0.9424806 0.1556864 -0.2957907
vn 0.7522513 -0.1068476 -0.650155
vn 0.7663185 -0.1049511 -0.6338307
vn 0.930813 0.01609012 -0.3651417
vn 0.9535338 -0.2487447 -0.1699983
vn 0.9727072 -0.1706329 -0.1572424
vn 0.9535338 -0.2487447 -0.1699983
vn 0.9520103 -0.255408 -0.1686512
vn 0.9727072 -0.1706329 -0.1572424
vn 0.9520103 -0.255408 -0.1686512
vn 0.3434999 -0.613814 0.7108026
vn 0.371125 -0.673413 0.63936
vn 0.3434999 -0.613814 0.7108026
vn 0.4102742 -0.8917775 -0.1908085
vn 0.3762273 -0.9263899 -0.01596707
vn 0.2075866 -0.9775879 -0.03506537
vn -0.7115419 -0.5309715 -0.4601929
vn -0.6685058 -0.7157951 -0.2018349
vn -0.7874944 -0.3332751 -0.5184402
vn -0.6563364 -0.7516605 -0.06503111
vn -0.6685058 -0.7157951 -0.2018349
vn -0.5469298 -0.777308 -0.3109019
vn 0.1030168 -0.05508843 0.993153
vn 0.1149956 0.0122294 0.9932908
vn 0.1443564 0.0858468 0.9857949
vn 0.1030168 -0.05508843 0.993153
vn 0.01724266 -0.1675654 0.9857101
vn 0.1149956 0.0122294 0.9932908
vn -0.007051937 -0.2852335 0.9584321
vn 0.01724266 -0.1675654 0.9857101
vn 0.1030168 -0.05508843 0.993153
vn -0.007051937 -0.2852335 0.9584321
vn 0.005924277 -0.4012097 0.9159672
vn 0.01724266 -0.1675654 0.9857101
vn -0.1435127 -0.9857406 0.0878612
vn -0.1243242 -0.973145 0.1937325
vn -0.09760956 -0.9699465 0.2228816
vn -0.1435127 -0.9857406 0.0878612
vn -0.01018585 -0.9999268 0.006517456
vn -0.1243242 -0.973145 0.1937325
vn -0.11084 -0.2115049 -0.9710716
vn -0.1345232 -0.06615061 -0.9887
vn -0.1170894 0.05930772 -0.991349
vn -0.1744013 -0.2356577 -0.9560595
vn -0.1345232 -0.06615061 -0.9887
vn -0.11084 -0.2115049 -0.9710716
vn -0.1744013 -0.2356577 -0.9560595
vn -0.255743 -0.06435014 -0.9646007
vn -0.1345232 -0.06615061 -0.9887
vn -0.1539662 -0.9744713 -0.1634015
vn -0.1539662 -0.9744713 -0.1634015
vn -0.1028423 -0.9834102 -0.1494253
vn 0.2684284 0.09820981 -0.9582803
vn 0.264463 0.1441804 -0.9535573
vn 0.2876843 0.1909116 -0.9385045
vn 0.2250816 0.1113621 -0.9679549
vn 0.264463 0.1441804 -0.9535573
vn 0.2684284 0.09820981 -0.9582803
vn 0.979581 0.1901446 -0.06531692
vn 0.98762 0.1566559 -0.008103549
vn 0.9868467 0.1485711 -0.06371987
vn 0.9912549 0.1224686 0.04914594
vn 0.98762 0.1566559 -0.008103549
vn 0.9912549 0.1224686 0.04914594
vn 0.5414563 -0.01200143 0.8406433
vn 0.5649941 -0.01966793 0.8248606
vn 0.5743507 -0.03311876 0.8179392
vn 0.264463 0.1441804 -0.9535573
vn 0.3045431 0.03413869 -0.9518865
vn 0.2876843 0.1909116 -0.9385045
vn 0.3689601 -0.1230649 -0.9212619
vn 0.3045431 0.03413869 -0.9518865
vn 0.264463 0.1441804 -0.9535573
vn 0.3689601 -0.1230649 -0.9212619
vn 0.4353641 -0.4086957 -0.8021383
vn 0.3045431 0.03413869 -0.9518865
vn 0.09650166 -0.9952816 -0.01009074
vn 0.4531769 -0.8873379 0.0852184
vn 0.4645418 -0.8845564 -0.04196337
vn -0.1374527 -0.9902083 0.02438115
vn 0.4531769 -0.8873379 0.0852184
vn 0.09650166 -0.9952816 -0.01009074
vn -0.1374527 -0.9902083 0.02438115
vn 0.3734009 -0.9275017 -0.01767096
vn 0.4531769 -0.8873379 0.0852184
vn 0.5923043 -0.7876361 0.1697201
vn 0.5834142 -0.7860084 0.2044964
vn 0.6068544 -0.7795933 0.1547967
vn 0.5640851 -0.7957962 0.2202641
vn 0.5834142 -0.7860084 0.2044964
vn 0.5923043 -0.7876361 0.1697201
vn 0.5640851 -0.7957962 0.2202641
vn 0.5434972 -0.7493182 0.3783292
vn 0.5834142 -0.7860084 0.2044964
vn 0.4790249 -0.6685787 0.5688037
vn 0.5434972 -0.7493182 0.3783292
vn 0.5640851 -0.7957962 0.2202641
vn 0.4790249 -0.6685787 0.5688037
vn 0.4182656 -0.5624406 0.7132422
vn 0.5434972 -0.7493182 0.3783292
vn 0.08480053 -0.5878551 0.8045093
vn 0.4182656 -0.5624406 0.7132422
vn 0.4790249 -0.6685787 0.5688037
vn 0.4989688 0.4969773 0.7099605
vn 0.3266678 0.6183683 0.714779
vn 0.4336603 0.8150969 0.3841299
vn 0.3505634 0.9326094 -0.08570275
vn 0.3616113 0.9292057 -0.07625067
vn 0.3616113 0.9292057 -0.07625067
vn -0.5086397 0.8609793 -0.0006072521
vn -0.5086397 0.8609793 -0.0006072521
vn -0.5182764 0.8551172 0.01281753
vn -0.4988467 0.8665767 -0.01403189
vn -0.5086397 0.8609793 -0.0006072521
vn -0.5086397 0.8609793 -0.0006072521
vn -0.9974318 0.0460441 0.05486125
vn -0.9974506 0.05756503 0.0421744
vn -0.9974318 0.0460441 0.05486125
vn -0.9971763 0.06906905 0.02947515
vn -0.9974506 0.05756503 0.0421744
vn -0.9971763 0.06906905 0.02947515
vn -0.3797258 -0.9210734 0.08620945
vn -0.3797258 -0.9210734 0.08620945
vn -0.3284165 -0.9043647 0.27252
vn 0.9789756 0.1465658 -0.1418634
vn 0.9790721 0.1423417 -0.1454538
vn 0.9789756 0.1465658 -0.1418634
vn 0.3505634 0.9326094 -0.08570275
vn 0.3394373 0.9358053 -0.09513575
vn 0.3394373 0.9358053 -0.09513575
vn -0.49516 0.6794468 -0.5414506
vn -0.5446356 0.8078268 -0.2253622
vn -0.7462163 0.5754225 -0.3347389
vn -0.49516 0.6794468 -0.5414506
vn -0.3052422 0.744523 -0.5937278
vn -0.5446356 0.8078268 -0.2253622
vn -0.4371335 0.8667709 -0.2400472
vn -0.3052422 0.744523 -0.5937278
vn -0.49516 0.6794468 -0.5414506
vn -0.4371335 0.8667709 -0.2400472
vn -0.4282311 0.8573061 -0.285735
vn -0.3052422 0.744523 -0.5937278
vn -0.4704064 0.8775986 -0.09240478
vn -0.4282311 0.8573061 -0.285735
vn -0.4371335 0.8667709 -0.2400472
vn -0.4704064 0.8775986 -0.09240478
vn -0.5082347 0.8588452 -0.06389484
vn -0.4282311 0.8573061 -0.285735
vn -0.4538292 -0.1453132 0.8791604
vn -0.523997 -0.1359469 0.8408007
vn -0.3175098 -0.1508892 0.9361731
vn -0.4538292 -0.1453132 0.8791604
vn -0.696339 -0.1245231 0.7068282
vn -0.523997 -0.1359469 0.8408007
vn 0.6641707 -0.7452399 -0.05911702
vn 0.7579396 -0.5672053 0.3221891
vn 0.8575029 -0.5089005 -0.07555842
vn 0.7380688 -0.6127476 0.2824796
vn 0.7579396 -0.5672053 0.3221891
vn 0.6641707 -0.7452399 -0.05911702
vn 0.7380688 -0.6127476 0.2824796
vn 0.5738441 -0.4707221 0.6701669
vn 0.7579396 -0.5672053 0.3221891
vn 0.4930361 -0.5461126 0.6772567
vn 0.5738441 -0.4707221 0.6701669
vn 0.7380688 -0.6127476 0.2824796
vn 0.4930361 -0.5461126 0.6772567
vn 0.0713884 -0.7381133 0.6708893
vn 0.5738441 -0.4707221 0.6701669
vn 0.02380754 -0.7811193 0.6239278
vn 0.0713884 -0.7381133 0.6708893
vn 0.4930361 -0.5461126 0.6772567
vn 0.3892432 0.9150092 0.106056
vn 0.3642741 0.8887002 0.2784175
vn 0.3680786 0.9095836 0.1928101
vn -0.4468066 0.8612743 0.2420132
vn -0.4042431 0.8792229 0.2521004
vn -0.3738665 0.9017256 0.2170594
vn -0.4468066 0.8612743 0.2420132
vn -0.4211527 0.8795006 0.2216059
vn -0.4042431 0.8792229 0.2521004
vn -0.6782807 0.1738319 0.7139452
vn -0.8949836 0.114929 0.4310402
vn -0.9046005 0.114532 0.4105856
vn 0.3563403 0.9075439 0.2222287
vn 0.3680786 0.9095836 0.1928101
vn 0.3686244 0.9095377 0.1919823
vn 0.9829627 0.1758097 0.05362278
vn 0.9727193 0.1543504 0.1731855
vn 0.8661569 0.211678 0.4527302
vn -0.296193 -0.8817205 0.3672038
vn -0.3284165 -0.9043647 0.27252
vn -0.3481681 -0.9367135 0.03669992
vn -0.3629529 -0.7659958 0.5305805
vn -0.3284165 -0.9043647 0.27252
vn -0.296193 -0.8817205 0.3672038
vn -0.5826769 0.1311978 0.8020443
vn -0.5826769 0.1311978 0.8020443
vn -0.6516828 0.09937367 0.7519537
vn -0.849727 0.5160478 0.1079754
vn -0.7484643 0.6545727 0.1064699
vn -0.9676978 0.2126659 0.135404
vn -0.849727 0.5160478 0.1079754
vn -0.6380541 0.7671098 0.06655502
vn -0.7484643 0.6545727 0.1064699
vn -0.5768399 -0.7736715 0.2620845
vn -0.5108144 -0.807536 0.2948798
vn -0.5847425 -0.7473168 0.3155847
vn -0.3629529 -0.7659958 0.5305805
vn -0.5108144 -0.807536 0.2948798
vn -0.5768399 -0.7736715 0.2620845
vn -0.3629529 -0.7659958 0.5305805
vn -0.3186657 -0.7458128 0.5849918
vn -0.5108144 -0.807536 0.2948798
vn 0.08480053 -0.5878551 0.8045093
vn -0.3186657 -0.7458128 0.5849918
vn -0.3629529 -0.7659958 0.5305805
vn -0.5455579 0.832888 -0.09308201
vn -0.4282311 0.8573061 -0.285735
vn -0.5455579 0.832888 -0.09308201
vn -0.3052422 0.744523 -0.5937278
vn -0.4282311 0.8573061 -0.285735
vn -0.2384176 0.8159916 -0.5266069
vn 0.2958753 -0.3010938 0.9065321
vn 0.3274143 -0.2961343 0.8972761
vn 0.2958753 -0.3010938 0.9065321
vn -0.04503836 0.79902 0.5996154
vn -0.155855 0.8562652 0.4924623
vn 0.05835599 0.7727937 0.6319689
vn -0.4051524 0.7873636 0.4646614
vn -0.155855 0.8562652 0.4924623
vn -0.04503836 0.79902 0.5996154
vn -0.4051524 0.7873636 0.4646614
vn -0.2130407 0.9754946 -0.05499122
vn -0.155855 0.8562652 0.4924623
vn -0.7441953 0.3341105 0.5783974
vn -0.8069131 0.2240313 0.5465356
vn -0.4051524 0.7873636 0.4646614
vn -0.7441953 0.3341105 0.5783974
vn -0.7980531 0.1086413 0.5927127
vn -0.8069131 0.2240313 0.5465356
vn 0.2958753 -0.3010938 0.9065321
vn 0.2640092 -0.3057205 0.9147864
vn 0.2958753 -0.3010938 0.9065321
vn 0.0200685 -0.9282675 0.3713716
vn 0.0200685 -0.9282675 0.3713716
vn 0.0200685 -0.9282675 0.3713716
vn -0.5668045 0.2893406 0.7713719
vn -0.5115856 0.5395683 0.66869
vn -0.3451013 0.4003491 0.8488967
vn -0.7464757 0.376138 0.5489029
vn -0.5115856 0.5395683 0.66869
vn -0.5668045 0.2893406 0.7713719
vn -0.7464757 0.376138 0.5489029
vn -0.6986047 0.4300786 0.5718251
vn -0.5115856 0.5395683 0.66869
vn 0.3329238 0.4553774 0.8257078
vn 0.4637718 0.3236822 0.8247094
vn 0.5355815 0.4369126 0.7226754
vn -0.1392014 0.8587276 0.4931633
vn -0.2522513 0.852752 0.4573657
vn -0.09982373 0.8717077 0.4797508
vn -0.101334 -0.561225 0.8214365
vn -0.3908297 -0.7265406 0.5651469
vn -0.6577272 -0.3881342 0.6455591
vn 0.06907628 -0.7223833 0.688034
vn -0.3908297 -0.7265406 0.5651469
vn -0.101334 -0.561225 0.8214365
vn 0.06907628 -0.7223833 0.688034
vn -0.2700638 -0.8630637 0.4268331
vn -0.3908297 -0.7265406 0.5651469
vn 0.5520177 -0.317178 0.7711514
vn 0.5491579 -0.03422058 0.8350177
vn 0.8987526 -0.08249579 0.4306255
vn 0.1981924 -0.2608819 0.9448071
vn 0.5491579 -0.03422058 0.8350177
vn 0.5520177 -0.317178 0.7711514
vn 0.1981924 -0.2608819 0.9448071
vn 0.06781966 0.1180677 0.990687
vn 0.5491579 -0.03422058 0.8350177
vn -0.3013254 -0.2556704 0.9186052
vn 0.06781966 0.1180677 0.990687
vn 0.1981924 -0.2608819 0.9448071
vn -0.3013254 -0.2556704 0.9186052
vn -0.3988817 0.012769 0.9169135
vn 0.06781966 0.1180677 0.990687
vn -0.739716 0.02225468 0.6725512
vn -0.3988817 0.012769 0.9169135
vn -0.3013254 -0.2556704 0.9186052
vn -0.739716 0.02225468 0.6725512
vn -0.6494641 -0.02079754 0.7601078
vn -0.3988817 0.012769 0.9169135
vn -0.7980764 -0.2897961 0.5282919
vn -0.6494641 -0.02079754 0.7601078
vn -0.739716 0.02225468 0.6725512
vn -0.8891696 -0.001238101 0.4575764
vn -0.8891696 -0.001238101 0.4575764
vn -0.8069131 0.2240313 0.5465356
vn 0.262385 0.1665234 0.9504864
vn 0.4776821 0.235489 0.8463833
vn -0.0005342737 0.1691718 0.9855864
vn 0.06907628 -0.7223833 0.688034
vn 0.3219401 -0.4905282 0.8097757
vn 0.4453336 -0.5275625 0.7234333
vn -0.101334 -0.561225 0.8214365
vn 0.3219401 -0.4905282 0.8097757
vn 0.06907628 -0.7223833 0.688034
vn -0.3148308 -0.9487966 0.02581936
vn -0.2156351 -0.9524524 0.215258
vn -0.07657556 -0.9802641 0.1822594
vn -0.3316835 -0.9148222 0.2304051
vn -0.2156351 -0.9524524 0.215258
vn -0.3148308 -0.9487966 0.02581936
vn -0.4163241 -0.9085528 0.03472844
vn -0.4298899 -0.8773997 0.2129896
vn -0.3310895 -0.943206 0.02724501
vn -0.4163241 -0.9085528 0.03472844
vn -0.7027557 -0.5906277 0.3966022
vn -0.4298899 -0.8773997 0.2129896
vn -0.8889211 -0.4580321 0.005072296
vn -0.7027557 -0.5906277 0.3966022
vn -0.8884315 -0.4525681 0.07662541
vn -0.8403785 -0.4625918 0.282441
vn -0.761122 -0.4646691 0.4525217
vn -0.7027557 -0.5906277 0.3966022
vn 0.03398734 0.0496387 0.9981889
vn -0.2367123 -0.08642758 0.967728
vn -0.4301353 0.03967104 0.9018923
vn 0.4881114 -0.1192113 0.8646016
vn 0.5738441 -0.4707221 0.6701669
vn 0.4881114 -0.1192113 0.8646016
vn 0.6680757 -0.05266668 0.7422271
vn 0.5738441 -0.4707221 0.6701669
vn 0.03398734 0.0496387 0.9981889
vn 0.6680757 -0.05266668 0.7422271
vn 0.7579396 -0.5672053 0.3221891
vn 0.5738441 -0.4707221 0.6701669
vn 0.9492577 -0.06980489 0.3066544
vn 0.7579396 -0.5672053 0.3221891
vn 0.6680757 -0.05266668 0.7422271
vn 0.9492577 -0.06980489 0.3066544
vn 0.8575029 -0.5089005 -0.07555842
vn 0.7579396 -0.5672053 0.3221891
vn 0.9722148 0.1368709 -0.1899073
vn 0.9098021 0.06993075 0.4091085
vn 0.9882072 0.1267801 -0.08586848
vn 0.8673729 0.04270009 0.4958234
vn 0.9098021 0.06993075 0.4091085
vn 0.964097 0.1507751 0.2185953
vn 0.8673729 0.04270009 0.4958234
vn 0.4182799 -0.05559209 0.9066155
vn 0.9098021 0.06993075 0.4091085
vn 0.6928865 -0.008270645 0.7209993
vn 0.4182799 -0.05559209 0.9066155
vn 0.6928865 -0.008270645 0.7209993
vn 0.1852149 -0.1978998 0.9625649
vn 0.1852149 -0.1978998 0.9625649
vn 0.4182799 -0.05559209 0.9066155
vn -0.4371335 0.8667709 -0.2400472
vn -0.4013958 0.9103347 0.1008574
vn -0.4704064 0.8775986 -0.09240478
vn -0.3866534 0.8979267 0.2103017
vn -0.4013958 0.9103347 0.1008574
vn -0.4371335 0.8667709 -0.2400472
vn -0.3866534 0.8979267 0.2103017
vn -0.2049654 0.9742599 0.09384423
vn -0.4013958 0.9103347 0.1008574
vn -0.2256055 0.9690089 0.1006177
vn -0.2049654 0.9742599 0.09384423
vn -0.2721471 0.9461789 0.1751617
vn -0.2256055 0.9690089 0.1006177
vn -0.1336983 0.9909325 0.01332334
vn -0.2049654 0.9742599 0.09384423
vn -0.1336983 0.9909325 0.01332334
vn -0.08906032 0.9959632 0.01121312
vn -0.2049654 0.9742599 0.09384423
vn 0.4645418 -0.8845564 -0.04196337
vn 0.678041 -0.7137828 0.175427
vn 0.7441554 -0.6647433 -0.06594843
vn 0.4531769 -0.8873379 0.0852184
vn 0.678041 -0.7137828 0.175427
vn 0.4645418 -0.8845564 -0.04196337
vn -0.7027557 -0.5906277 0.3966022
vn -0.7701373 -0.5504352 0.32235
vn -0.4298899 -0.8773997 0.2129896
vn -0.6416261 -0.5306918 0.553789
vn -0.7701373 -0.5504352 0.32235
vn -0.7027557 -0.5906277 0.3966022
vn -0.2010844 -0.1110891 0.9732546
vn -0.2588324 -0.05948114 0.9640892
vn -0.2010844 -0.1110891 0.9732546
vn -0.6299037 -0.7754337 0.04386157
vn -0.5250249 -0.8203643 -0.2266083
vn -0.1374527 -0.9902083 0.02438115
vn -0.6207569 -0.5041336 -0.600425
vn -0.5250249 -0.8203643 -0.2266083
vn -0.6299037 -0.7754337 0.04386157
vn -0.6207569 -0.5041336 -0.600425
vn -0.5346212 -0.1618071 -0.8294568
vn -0.6395413 -0.2332763 -0.7325088
vn -0.5367911 -0.1327742 -0.8332025
vn -0.5346212 -0.1618071 -0.8294568
vn -0.5367911 -0.1327742 -0.8332025
vn -0.5333532 0.00622123 -0.8458698
vn -0.5333532 0.00622123 -0.8458698
vn -0.5346212 -0.1618071 -0.8294568
vn -0.5468959 -0.210116 -0.8104049
vn -0.5447955 -0.1642055 -0.8223348
vn -0.5468959 -0.210116 -0.8104049
vn -0.546793 -0.2099332 -0.8105217
vn -0.5447955 -0.1642055 -0.8223348
vn -0.546793 -0.2099332 -0.8105217
vn -0.6521578 0.05196452 -0.7563002
vn -0.6521578 0.05196452 -0.7563002
vn -0.5447955 -0.1642055 -0.8223348
vn -0.7027557 -0.5906277 0.3966022
vn -0.761122 -0.4646691 0.4525217
vn -0.6416261 -0.5306918 0.553789
vn 0.7526468 -0.1286487 -0.645734
vn 0.7526468 -0.1286487 -0.645734
vn 0.701453 -0.4251916 -0.5719929
vn 0.712625 0.001890841 -0.7015427
vn 0.7526468 -0.1286487 -0.645734
vn 0.7526468 -0.1286487 -0.645734
vn -0.05197863 0.1124407 -0.9922981
vn -0.1170894 0.05930772 -0.991349
vn -0.1345232 -0.06615061 -0.9887
vn 0.950468 -0.1185488 0.2873271
vn 0.8982923 -0.3694191 0.2379088
vn 0.950468 -0.1185488 0.2873271
vn 0.7594412 -0.649718 0.03339916
vn 0.8982923 -0.3694191 0.2379088
vn 0.941013 -0.2938246 0.167814
vn 0.7594412 -0.649718 0.03339916
vn 0.714278 -0.6592345 0.2349827
vn 0.8982923 -0.3694191 0.2379088
vn -0.5118572 -0.0846737 0.8548876
vn -0.3988817 0.012769 0.9169135
vn -0.6494641 -0.02079754 0.7601078
vn 0.06781966 0.1180677 0.990687
vn -0.3988817 0.012769 0.9169135
vn 0.008900523 0.3448827 0.9386036
vn -0.5115856 0.5395683 0.66869
vn -0.03861162 0.5943617 0.8032703
vn -0.3451013 0.4003491 0.8488967
vn -0.6507807 0.5619444 0.5105906
vn -0.3964542 0.3653417 0.8422289
vn -0.6996488 0.382308 0.6035993
vn -0.6702588 0.359759 0.6490968
vn -0.3964542 0.3653417 0.8422289
vn -0.6507807 0.5619444 0.5105906
vn -0.3175098 -0.1508892 0.9361731
vn -0.1534395 -0.04793362 0.9869948
vn -0.4538292 -0.1453132 0.8791604
vn 0.4182799 -0.05559209 0.9066155
vn -0.1534395 -0.04793362 0.9869948
vn 0.007477239 0.06688681 0.9977325
vn -0.004915282 -0.03058716 0.9995201
vn -0.0427144 0.02847221 0.9986816
vn -0.004915282 -0.03058716 0.9995201
vn 0.02148403 -0.2609494 0.9651134
vn -0.0427144 0.02847221 0.9986816
vn -0.04256484 0.03471273 0.9984906
vn 0.701453 -0.4251916 -0.5719929
vn 0.6026858 -0.5794904 -0.548599
vn 0.5857904 -0.6565087 -0.4752326
vn -0.3964542 0.3653417 0.8422289
vn -0.3546011 0.2554977 0.8994325
vn -0.6996488 0.382308 0.6035993
vn 0.1405279 0.2899995 0.9466532
vn -0.3546011 0.2554977 0.8994325
vn -0.3964542 0.3653417 0.8422289
vn -0.395185 -0.5795363 0.7127177
vn -0.6416261 -0.5306918 0.553789
vn -0.2303136 -0.9246771 0.303196
vn 0.3721858 0.5211954 -0.768006
vn 0.3957218 0.4925177 -0.7751327
vn 0.3957218 0.4925177 -0.7751327
vn 0.9435879 -0.3103964 -0.1153081
vn 0.9727849 -0.2055897 -0.1068754
vn 0.9499477 -0.2832852 -0.1317156
vn 0.9435879 -0.3103964 -0.1153081
vn 0.9941261 -0.07727857 -0.07577085
vn 0.9727849 -0.2055897 -0.1068754
vn 0.05990432 -0.107969 -0.9923478
vn 0.2968291 0.08914707 -0.9507604
vn 0.4115698 -0.2016103 -0.888799
vn 0.05990432 -0.107969 -0.9923478
vn 0.3555535 0.09929149 -0.929367
vn 0.2968291 0.08914707 -0.9507604
vn -0.3668424 -0.1408135 -0.9195641
vn -0.4854572 -0.05521915 -0.8725148
vn -0.6039325 0.1633539 -0.7801162
vn -0.3668424 -0.1408135 -0.9195641
vn -0.2928133 -0.2719992 -0.9166662
vn -0.4854572 -0.05521915 -0.8725148
vn 0.7048291 -0.6005463 -0.3775714
vn 0.9435879 -0.3103964 -0.1153081
vn 0.6320706 -0.7737545 -0.04231757
vn 0.2085168 -0.2486024 -0.9458952
vn 0.4063628 -0.288121 -0.8670961
vn 0.4123773 -0.3810989 -0.8274712
vn 0.2085168 -0.2486024 -0.9458952
vn 0.05990432 -0.107969 -0.9923478
vn 0.4063628 -0.288121 -0.8670961
vn -0.3291394 -0.1395499 -0.9339128
vn 0.05990432 -0.107969 -0.9923478
vn 0.2085168 -0.2486024 -0.9458952
vn -0.3291394 -0.1395499 -0.9339128
vn -0.2465675 -0.04086072 -0.9682639
vn 0.05990432 -0.107969 -0.9923478
vn 0.2529514 -0.1007729 -0.9622165
vn 0.2085168 -0.2486024 -0.9458952
vn 0.2404027 -0.101703 -0.9653305
vn -0.4669139 -0.1365743 -0.8736928
vn -0.4671732 -0.1331063 -0.8740892
vn -0.4703158 -0.09270259 -0.8776157
vn -0.4669878 -0.1301084 -0.8746395
vn -0.3291394 -0.1395499 -0.9339128
vn -0.4671732 -0.1331063 -0.8740892
vn -0.09657373 0.6230428 -0.7762032
vn -0.5769833 0.4033825 -0.7101921
vn -0.1231497 0.6177568 -0.7766664
vn -0.6706443 0.2555532 -0.6963683
vn -0.5769833 0.4033825 -0.7101921
vn -0.09657373 0.6230428 -0.7762032
vn -0.6706443 0.2555532 -0.6963683
vn -0.8247828 0.0688504 -0.5612423
vn -0.5769833 0.4033825 -0.7101921
vn 0.9503736 0.2282109 -0.2114467
vn 0.9418557 0.2255478 -0.2490707
vn 0.962374 0.2184151 -0.1616516
vn 0.9399072 0.2377382 -0.2450616
vn 0.9418557 0.2255478 -0.2490707
vn 0.9503736 0.2282109 -0.2114467
vn 0.9399072 0.2377382 -0.2450616
vn 0.863364 0.2318455 -0.4481632
vn 0.9418557 0.2255478 -0.2490707
vn 0.9322753 0.2654751 -0.2457352
vn 0.863364 0.2318455 -0.4481632
vn 0.9399072 0.2377382 -0.2450616
vn 0.5014352 0.3424822 -0.7945242
vn 0.5825859 0.1720968 -0.7943403
vn 0.863364 0.2318455 -0.4481632
vn -0.8554476 0.5161582 0.04231036
vn -0.9785503 0.2026154 0.0372352
vn -0.9775258 0.2077275 0.0359543
vn -0.4169298 0.8985149 -0.1372603
vn -0.2999467 0.9478163 -0.1080566
vn -0.2178203 0.9745095 -0.05371703
vn -0.5979594 0.80102 0.02848852
vn -0.5085887 0.860957 -0.009513527
vn -0.5085887 0.860957 -0.009513527
vn 0.4482771 0.8869282 -0.1113824
vn 0.4025831 0.9013485 -0.15968
vn 0.3933378 0.9128833 -0.1092217
vn -0.3893505 -0.1198662 0.913257
vn -0.2490068 -0.2833812 0.926116
vn -0.3179967 -0.1418429 0.9374213
vn -0.3668424 -0.1408135 -0.9195641
vn 0.05990432 -0.107969 -0.9923478
vn -0.1132049 -0.2964795 -0.9483062
vn -0.7609192 -0.5894977 -0.2710985
vn -0.4604988 -0.8768051 -0.1383964
vn -0.7141083 -0.6093444 -0.3445992
vn -0.6915577 0.2917658 -0.6607729
vn -0.2802041 0.4883408 -0.8264436
vn -0.1708923 0.1724806 -0.9700754
vn 0.628306 0.2229561 -0.7453336
vn 0.5264283 0.229357 -0.8186994
vn 0.833582 0.1715043 -0.5250973
vn 0.958328 -0.2834594 -0.03547102
vn 0.9765514 -0.2056678 -0.06362706
vn 0.9165146 -0.3989187 -0.02940977
vn 0.9922312 -0.07724135 -0.09752387
vn 0.9765514 -0.2056678 -0.06362706
vn 0.9873992 -0.1279359 -0.09314096
vn 0.5589926 -0.2044744 0.8035655
vn 0.2669538 -0.06966327 0.9611882
vn 0.5535561 -0.2622341 0.7904485
vn 0.5109234 0.09627189 0.8542183
vn 0.2669538 -0.06966327 0.9611882
vn 0.4663198 0.1593773 0.8701407
vn -0.4598985 0.1605517 0.8733364
vn -0.3272966 -0.05829428 0.9431219
vn -0.4598985 0.1605517 0.8733364
vn -0.1716706 -0.2730394 0.9465616
vn -0.3272966 -0.05829428 0.9431219
vn -0.1299856 -0.2751634 0.9525697
vn -0.08795317 -0.1463922 0.9853089
vn 0.2669538 -0.06966327 0.9611882
vn -0.01165548 -0.1737658 0.984718
vn 0.1439621 -0.2243945 0.963806
vn 0.2669538 -0.06966327 0.9611882
vn -0.08795317 -0.1463922 0.9853089
vn 0.1439621 -0.2243945 0.963806
vn 0.5535561 -0.2622341 0.7904485
vn 0.2669538 -0.06966327 0.9611882
vn 0.6773885 -0.4499199 0.5819938
vn 0.5535561 -0.2622341 0.7904485
vn 0.1439621 -0.2243945 0.963806
vn 0.6773885 -0.4499199 0.5819938
vn 0.9165146 -0.3989187 -0.02940977
vn 0.8608472 -0.5083479 -0.02290404
vn -0.3087613 -0.1331825 0.9417691
vn 0.1439621 -0.2243945 0.963806
vn -0.3087613 -0.1331825 0.9417691
vn -0.311513 -0.09578743 0.9454017
vn 0.1439621 -0.2243945 0.963806
vn -0.3088536 -0.1396448 0.9408022
vn 0.4154871 -0.103931 0.9036421
vn 0.6773885 -0.4499199 0.5819938
vn 0.1439621 -0.2243945 0.963806
vn -0.4990335 0.8607702 0.1002009
vn -0.7484643 0.6545727 0.1064699
vn -0.4990335 0.8607702 0.1002009
vn -0.4453748 0.4008266 0.8006118
vn -0.5138299 0.3158704 0.7976243
vn -0.2542753 0.5293019 0.8094341
vn -0.4453748 0.4008266 0.8006118
vn -0.6516828 0.09937367 0.7519537
vn -0.5138299 0.3158704 0.7976243
vn 0.6313651 0.3399564 0.6969991
vn 0.9279193 0.2305892 0.2929072
vn 0.7200688 0.1639631 0.674253
vn 0.9681934 0.2371862 0.0796504
vn 0.9279193 0.2305892 0.2929072
vn 0.9608006 0.2649201 0.08172822
vn 0.9681934 0.2371862 0.0796504
vn 0.9708022 0.2249833 0.08322144
vn 0.9279193 0.2305892 0.2929072
vn 0.9726868 0.2277764 0.04470056
vn 0.9708022 0.2249833 0.08322144
vn 0.9681934 0.2371862 0.0796504
vn 0.9726868 0.2277764 0.04470056
vn 0.9691547 0.2284424 0.0924843
vn 0.9708022 0.2249833 0.08322144
vn -0.849727 0.5160478 0.1079754
vn -0.9701901 0.2024545 0.1332043
vn -0.9707031 0.2028794 0.1287464
vn -0.2970397 0.7336953 0.6111127
vn -0.1552873 0.6608219 0.7343026
vn -0.1504045 0.3398645 0.9283699
vn -0.3016794 0.548062 0.7801394
vn -0.3016794 0.548062 0.7801394
vn -0.4453748 0.4008266 0.8006118
vn 0.4307643 0.9015951 0.03960326
vn 0.4243933 0.9009249 0.09069031
vn 0.4595451 0.8875394 0.03304625
vn -0.5346212 -0.1618071 -0.8294568
vn -0.4054742 -0.2803398 -0.8700577
vn -0.5447955 -0.1642055 -0.8223348
vn 0.994302 0.06581406 -0.08385706
vn 0.9923523 0.1067326 -0.06200916
vn 0.9868467 0.1485711 -0.06371987
vn 0.05238077 -0.2996966 0.9525955
vn -0.01165548 -0.1737658 0.984718
vn 0.05238077 -0.2996966 0.9525955
vn 0.7477814 0.2206351 0.6262134
vn 0.9118701 0.1699838 0.3736287
vn 0.6601256 0.2267597 0.7161104
s 1
f 3/3/3 2/2/2 1/1/1
f 6/6/6 5/5/5 4/4/4
f 9/9/9 8/8/8 7/7/7
f 12/12/12 11/11/11 10/10/10
f 15/15/15 14/14/14 13/13/13
f 18/18/18 17/17/17 16/16/16
f 21/21/21 20/20/20 19/19/19
f 24/24/24 23/23/23 22/22/22
f 27/27/27 26/26/26 25/25/25
f 30/30/30 29/29/29 28/28/28
f 33/33/33 32/32/32 31/31/31
f 36/36/36 35/35/35 34/34/34
f 39/39/39 38/38/38 37/37/37
f 42/42/42 41/41/41 40/40/40
f 45/45/45 44/44/44 43/43/43
f 48/48/48 47/47/47 46/46/46
f 51/51/51 50/50/50 49/49/49
f 54/54/54 53/53/53 52/52/52
f 57/57/57 56/56/56 55/55/55
f 60/60/60 59/59/59 58/58/58
f 63/63/63 62/62/62 61/61/61
f 66/66/66 65/65/65 64/64/64
f 69/69/69 68/68/68 67/67/67
f 72/72/72 71/71/71 70/70/70
f 75/75/75 74/74/74 73/73/73
f 78/78/78 77/77/77 76/76/76
f 81/81/81 80/80/80 79/79/79
f 84/84/84 83/83/83 82/82/82
f 87/87/87 86/86/86 85/85/85
f 90/90/90 89/89/89 88/88/88
f 93/93/93 92/92/92 91/91/91
f 96/96/96 95/95/95 94/94/94
f 99/99/99 98/98/98 97/97/97
f 102/102/102 101/101/101 100/100/100
f 105/105/105 104/104/104 103/103/103
f 108/108/108 107/107/107 106/106/106
f 111/111/111 110/110/110 109/109/109
f 114/114/114 113/113/113 112/112/112
f 117/117/117 116/116/116 115/115/115
f 120/120/120 119/119/119 118/118/118
f 123/123/123 122/122/122 121/121/121
f 126/126/126 125/125/125 124/124/124
f 129/129/129 128/128/128 127/127/127
f 132/132/132 131/131/131 130/130/130
f 135/135/135 134/134/134 133/133/133
f 138/138/138 137/137/137 136/136/136
f 141/141/141 140/140/140 139/139/139
f 144/144/144 143/143/143 142/142/142
f 147/147/147 146/146/146 145/145/145
f 150/150/150 149/149/149 148/148/148
f 153/153/153 152/152/152 151/151/151
f 156/156/156 155/155/155 154/154/154
f 159/159/159 158/158/158 157/157/157
f 162/162/162 161/161/161 160/160/160
f 165/165/165 164/164/164 163/163/163
f 168/168/168 167/167/167 166/166/166
f 171/171/171 170/170/170 169/169/169
f 174/174/174 173/173/173 172/172/172
f 177/177/177 176/176/176 175/175/175
f 180/180/180 179/179/179 178/178/178
f 183/183/183 182/182/182 181/181/181
f 186/186/186 185/185/185 184/184/184
f 189/189/189 188/188/188 187/187/187
f 192/192/192 191/191/191 190/190/190
f 195/195/195 194/194/194 193/193/193
f 198/198/198 197/197/197 196/196/196
f 201/201/201 200/200/200 199/199/199
f 204/204/204 203/203/203 202/202/202
f 207/207/207 206/206/206 205/205/205
f 210/210/210 209/209/209 208/208/208
f 213/213/213 212/212/212 211/211/211
f 216/216/216 215/215/215 214/214/214
f 219/219/219 218/218/218 217/217/217
f 222/222/222 221/221/221 220/220/220
f 225/225/225 224/224/224 223/223/223
f 228/228/228 227/227/227 226/226/226
f 231/231/231 230/230/230 229/229/229
f 234/234/234 233/233/233 232/232/232
f 237/237/237 236/236/236 235/235/235
f 240/240/240 239/239/239 238/238/238
f 243/243/243 242/242/242 241/241/241
f 246/246/246 245/245/245 244/244/244
f 249/249/249 248/248/248 247/247/247
f 252/252/252 251/251/251 250/250/250
f 255/255/255 254/254/254 253/253/253
f 258/258/258 257/257/257 256/256/256
f 261/261/261 260/260/260 259/259/259
f 264/264/264 263/263/263 262/262/262
f 267/267/267 266/266/266 265/265/265
f 270/270/270 269/269/269 268/268/268
f 273/273/273 272/272/272 271/271/271
f 276/276/276 275/275/275 274/274/274
f 279/279/279 278/278/278 277/277/277
f 282/282/282 281/281/281 280/280/280
f 285/285/285 284/284/284 283/283/283
f 288/288/288 287/287/287 286/286/286
f 291/291/291 290/290/290 289/289/289
f 294/294/294 293/293/293 292/292/292
f 297/297/297 296/296/296 295/295/295
f 300/300/300 299/299/299 298/298/298
f 303/303/303 302/302/302 301/301/301
f 306/306/306 305/305/305 304/304/304
f 309/309/309 308/308/308 307/307/307
f 312/312/312 311/311/311 310/310/310
f 315/315/315 314/314/314 313/313/313
f 318/318/318 317/317/317 316/316/316
f 321/321/321 320/320/320 319/319/319
f 324/324/324 323/323/323 322/322/322
f 327/327/327 326/326/326 325/325/325
f 330/330/330 329/329/329 328/328/328
f 333/333/333 332/332/332 331/331/331
f 336/336/336 335/335/335 334/334/334
f 339/339/339 338/338/338 337/337/337
f 342/342/342 341/341/341 340/340/340
f 345/345/345 344/344/344 343/343/343
f 348/348/348 347/347/347 346/346/346
f 351/351/351 350/350/350 349/349/349
f 354/354/354 353/353/353 352/352/352
f 357/357/357 356/356/356 355/355/355
f 360/360/360 359/359/359 358/358/358
f 363/363/363 362/362/362 361/361/361
f 366/366/366 365/365/365 364/364/364
f 369/369/369 368/368/368 367/367/367
f 372/372/372 371/371/371 370/370/370
f 375/375/375 374/374/374 373/373/373
f 378/378/378 377/377/377 376/376/376
f 381/381/381 380/380/380 379/379/379
f 384/384/384 383/383/383 382/382/382
f 387/387/387 386/386/386 385/385/385
f 390/390/390 389/389/389 388/388/388
f 393/393/393 392/392/392 391/391/391
f 396/396/396 395/395/395 394/394/394
f 399/399/399 398/398/398 397/397/397
f 402/402/402 401/401/401 400/400/400
f 405/405/405 404/404/404 403/403/403
f 408/408/408 407/407/407 406/406/406
f 411/411/411 410/410/410 409/409/409
f 414/414/414 413/413/413 412/412/412
f 417/417/417 416/416/416 415/415/415
f 420/420/420 419/419/419 418/418/418
f 423/423/423 422/422/422 421/421/421
f 426/426/426 425/425/425 424/424/424
f 429/429/429 428/428/428 427/427/427
f 432/432/432 431/431/431 430/430/430
f 435/435/435 434/434/434 433/433/433
f 438/438/438 437/437/437 436/436/436
f 441/441/441 440/440/440 439/439/439
f 444/444/444 443/443/443 442/442/442
f 447/447/447 446/446/446 445/445/445
f 450/450/450 449/449/449 448/448/448
f 453/453/453 452/452/452 451/451/451
f 456/456/456 455/455/455 454/454/454
f 459/459/459 458/458/458 457/457/457
f 462/462/462 461/461/461 460/460/460
f 465/465/465 464/464/464 463/463/463
f 468/468/468 467/467/467 466/466/466
f 471/471/471 470/470/470 469/469/469
f 474/474/474 473/473/473 472/472/472
f 477/477/477 476/476/476 475/475/475
f 480/480/480 479/479/479 478/478/478
f 483/483/483 482/482/482 481/481/481
f 486/486/486 485/485/485 484/484/484
f 489/489/489 488/488/488 487/487/487
f 492/492/492 491/491/491 490/490/490
f 495/495/495 494/494/494 493/493/493
f 498/498/498 497/497/497 496/496/496
f 501/501/501 500/500/500 499/499/499
f 504/504/504 503/503/503 502/502/502
f 507/507/507 506/506/506 505/505/505
f 510/510/510 509/509/509 508/508/508
f 513/513/513 512/512/512 511/511/511
f 516/516/516 515/515/515 514/514/514
f 519/519/519 518/518/518 517/517/517
f 522/522/522 521/521/521 520/520/520
f 525/525/525 524/524/524 523/523/523
f 528/528/528 527/527/527 526/526/526
f 531/531/531 530/530/530 529/529/529
f 534/534/534 533/533/533 532/532/532
f 537/537/537 536/536/536 535/535/535
f 540/540/540 539/539/539 538/538/538
f 543/543/543 542/542/542 541/541/541
f 546/546/546 545/545/545 544/544/544
f 549/549/549 548/548/548 547/547/547
f 552/552/552 551/551/551 550/550/550
f 555/555/555 554/554/554 553/553/553
f 558/558/558 557/557/557 556/556/556
f 561/561/561 560/560/560 559/559/559
f 564/564/564 563/563/563 562/562/562
f 567/567/567 566/566/566 565/565/565
f 570/570/570 569/569/569 568/568/568
f 573/573/573 572/572/572 571/571/571
f 576/576/576 575/575/575 574/574/574
f 579/579/579 578/578/578 577/577/577
f 582/582/582 581/581/581 580/580/580
f 585/585/585 584/584/584 583/583/583
f 588/588/588 587/587/587 586/586/586
f 591/591/591 590/590/590 589/589/589
f 594/594/594 593/593/593 592/592/592
f 597/597/597 596/596/596 595/595/595
f 600/600/600 599/599/599 598/598/598
f 603/603/603 602/602/602 601/601/601
f 606/606/606 605/605/605 604/604/604
f 609/609/609 608/608/608 607/607/607
f 612/612/612 611/611/611 610/610/610
f 615/615/615 614/614/614 613/613/613
f 618/618/618 617/617/617 616/616/616
f 621/621/621 620/620/620 619/619/619
f 624/624/624 623/623/623 622/622/622
f 627/627/627 626/626/626 625/625/625
f 630/630/630 629/629/629 628/628/628
f 633/633/633 632/632/632 631/631/631
f 636/636/636 635/635/635 634/634/634
f 639/639/639 638/638/638 637/637/637
f 642/642/642 641/641/641 640/640/640
f 645/645/645 644/644/644 643/643/643
f 648/648/648 647/647/647 646/646/646
f 651/651/651 650/650/650 649/649/649
f 654/654/654 653/653/653 652/652/652
f 657/657/657 656/656/656 655/655/655
f 660/660/660 659/659/659 658/658/658
f 663/663/663 662/662/662 661/661/661
f 666/666/666 665/665/665 664/664/664
f 669/669/669 668/668/668 667/667/667
f 672/672/672 671/671/671 670/670/670
f 675/675/675 674/674/674 673/673/673
f 678/678/678 677/677/677 676/676/676
f 681/681/681 680/680/680 679/679/679
f 684/684/684 683/683/683 682/682/682
f 687/687/687 686/686/686 685/685/685
f 690/690/690 689/689/689 688/688/688
f 693/693/693 692/692/692 691/691/691
f 696/696/696 695/695/695 694/694/694
f 699/699/699 698/698/698 697/697/697
f 702/702/702 701/701/701 700/700/700
f 705/705/705 704/704/704 703/703/703
f 708/708/708 707/707/707 706/706/706
f 711/711/711 710/710/710 709/709/709
f 714/714/714 713/713/713 712/712/712
f 717/717/717 716/716/716 715/715/715
f 720/720/720 719/719/719 718/718/718
f 723/723/723 722/722/722 721/721/721
f 726/726/726 725/725/725 724/724/724
f 729/729/729 728/728/728 727/727/727
f 732/732/732 731/731/731 730/730/730
f 735/735/735 734/734/734 733/733/733
f 738/738/738 737/737/737 736/736/736
f 741/741/741 740/740/740 739/739/739
f 744/744/744 743/743/743 742/742/742
f 747/747/747 746/746/746 745/745/745
f 750/750/750 749/749/749 748/748/748
f 753/753/753 752/752/752 751/751/751
f 756/756/756 755/755/755 754/754/754
f 759/759/759 758/758/758 757/757/757
f 762/762/762 761/761/761 760/760/760
f 765/765/765 764/764/764 763/763/763
f 768/768/768 767/767/767 766/766/766
f 771/771/771 770/770/770 769/769/769
f 774/774/774 773/773/773 772/772/772
f 777/777/777 776/776/776 775/775/775
f 780/780/780 779/779/779 778/778/778
f 783/783/783 782/782/782 781/781/781
f 786/786/786 785/785/785 784/784/784
f 789/789/789 788/788/788 787/787/787
f 792/792/792 791/791/791 790/790/790
f 795/795/795 794/794/794 793/793/793
f 798/798/798 797/797/797 796/796/796
f 801/801/801 800/800/800 799/799/799
f 804/804/804 803/803/803 802/802/802
f 807/807/807 806/806/806 805/805/805
f 810/810/810 809/809/809 808/808/808
f 813/813/813 812/812/812 811/811/811
f 816/816/816 815/815/815 814/814/814
f 819/819/819 818/818/818 817/817/817
f 822/822/822 821/821/821 820/820/820
f 825/825/825 824/824/824 823/823/823
f 828/828/828 827/827/827 826/826/826
f 831/831/831 830/830/830 829/829/829
f 834/834/834 833/833/833 832/832/832
f 837/837/837 836/836/836 835/835/835
f 840/840/840 839/839/839 838/838/838
f 843/843/843 842/842/842 841/841/841
f 846/846/846 845/845/845 844/844/844
f 849/849/849 848/848/848 847/847/847
f 852/852/852 851/851/851 850/850/850
f 855/855/855 854/854/854 853/853/853
f 858/858/858 857/857/857 856/856/856
f 861/861/861 860/860/860 859/859/859
f 864/864/864 863/863/863 862/862/862
f 867/867/867 866/866/866 865/865/865
f 870/870/870 869/869/869 868/868/868
f 873/873/873 872/872/872 871/871/871
f 876/876/876 875/875/875 874/874/874
f 879/879/879 878/878/878 877/877/877
f 882/882/882 881/881/881 880/880/880
f 885/885/885 884/884/884 883/883/883
f 888/888/888 887/887/887 886/886/886
f 891/891/891 890/890/890 889/889/889
f 894/894/894 893/893/893 892/892/892
f 897/897/897 896/896/896 895/895/895
f 900/900/900 899/899/899 898/898/898
f 903/903/903 902/902/902 901/901/901
f 906/906/906 905/905/905 904/904/904
f 909/909/909 908/908/908 907/907/907
f 912/912/912 911/911/911 910/910/910
f 915/915/915 914/914/914 913/913/913
f 918/918/918 917/917/917 916/916/916
f 921/921/921 920/920/920 919/919/919
f 924/924/924 923/923/923 922/922/922
f 927/927/927 926/926/926 925/925/925
f 930/930/930 929/929/929 928/928/928
f 933/933/933 932/932/932 931/931/931
f 936/936/936 935/935/935 934/934/934
f 939/939/939 938/938/938 937/937/937
f 942/942/942 941/941/941 940/940/940
f 945/945/945 944/944/944 943/943/943
f 948/948/948 947/947/947 946/946/946
f 951/951/951 950/950/950 949/949/949
f 954/954/954 953/953/953 952/952/952
f 957/957/957 956/956/956 955/955/955
f 960/960/960 959/959/959 958/958/958
f 963/963/963 962/962/962 961/961/961
f 966/966/966 965/965/965 964/964/964
f 969/969/969 968/968/968 967/967/967
f 972/972/972 971/971/971 970/970/970
f 975/975/975 974/974/974 973/973/973
f 978/978/978 977/977/977 976/976/976
f 981/981/981 980/980/980 979/979/979
f 984/984/984 983/983/983 982/982/982
f 987/987/987 986/986/986 985/985/985
f 990/990/990 989/989/989 988/988/988
f 993/993/993 992/992/992 991/991/991
f 996/996/996 995/995/995 994/994/994
f 999/999/999 998/998/998 997/997/997
f 1002/1002/1002 1001/1001/1001 1000/1000/1000
f 1005/1005/1005 1004/1004/1004 1003/1003/1003
f 1008/1008/1008 1007/1007/1007 1006/1006/1006
f 1011/1011/1011 1010/1010/1010 1009/1009/1009
f 1014/1014/1014 1013/1013/1013 1012/1012/1012
f 1017/1017/1017 1016/1016/1016 1015/1015/1015
f 1020/1020/1020 1019/1019/1019 1018/1018/1018
f 1023/1023/1023 1022/1022/1022 1021/1021/1021
f 1026/1026/1026 1025/1025/1025 1024/1024/1024
f 1029/1029/1029 1028/1028/1028 1027/1027/1027
f 1032/1032/1032 1031/1031/1031 1030/1030/1030
f 1035/1035/1035 1034/1034/1034 1033/1033/1033
f 1038/1038/1038 1037/1037/1037 1036/1036/1036
f 1041/1041/1041 1040/1040/1040 1039/1039/1039
f 1044/1044/1044 1043/1043/1043 1042/1042/1042
f 1047/1047/1047 1046/1046/1046 1045/1045/1045
f 1050/1050/1050 1049/1049/1049 1048/1048/1048
f 1053/1053/1053 1052/1052/1052 1051/1051/1051
f 1056/1056/1056 1055/1055/1055 1054/1054/1054
f 1059/1059/1059 1058/1058/1058 1057/1057/1057
f 1062/1062/1062 1061/1061/1061 1060/1060/1060
f 1065/1065/1065 1064/1064/1064 1063/1063/1063
f 1068/1068/1068 1067/1067/1067 1066/1066/1066
f 1071/1071/1071 1070/1070/1070 1069/1069/1069
f 1074/1074/1074 1073/1073/1073 1072/1072/1072
f 1077/1077/1077 1076/1076/1076 1075/1075/1075
f 1080/1080/1080 1079/1079/1079 1078/1078/1078
f 1083/1083/1083 1082/1082/1082 1081/1081/1081
f 1086/1086/1086 1085/1085/1085 1084/1084/1084
f 1089/1089/1089 1088/1088/1088 1087/1087/1087
f 1092/1092/1092 1091/1091/1091 1090/1090/1090
f 1095/1095/1095 1094/1094/1094 1093/1093/1093
f 1098/1098/1098 1097/1097/1097 1096/1096/1096
f 1101/1101/1101 1100/1100/1100 1099/1099/1099
f 1104/1104/1104 1103/1103/1103 1102/1102/1102
f 1107/1107/1107 1106/1106/1106 1105/1105/1105
f 1110/1110/1110 1109/1109/1109 1108/1108/1108
f 1113/1113/1113 1112/1112/1112 1111/1111/1111
f 1116/1116/1116 1115/1115/1115 1114/1114/1114
f 1119/1119/1119 1118/1118/1118 1117/1117/1117
f 1122/1122/1122 1121/1121/1121 1120/1120/1120
f 1125/1125/1125 1124/1124/1124 1123/1123/1123
f 1128/1128/1128 1127/1127/1127 1126/1126/1126
f 1131/1131/1131 1130/1130/1130 1129/1129/1129
f 1134/1134/1134 1133/1133/1133 1132/1132/1132
f 1137/1137/1137 1136/1136/1136 1135/1135/1135
f 1140/1140/1140 1139/1139/1139 1138/1138/1138
f 1143/1143/1143 1142/1142/1142 1141/1141/1141
f 1146/1146/1146 1145/1145/1145 1144/1144/1144
f 1149/1149/1149 1148/1148/1148 1147/1147/1147
f 1152/1152/1152 1151/1151/1151 1150/1150/1150
f 1155/1155/1155 1154/1154/1154 1153/1153/1153
f 1158/1158/1158 1157/1157/1157 1156/1156/1156
f 1161/1161/1161 1160/1160/1160 1159/1159/1159
f 1164/1164/1164 1163/1163/1163 1162/1162/1162
f 1167/1167/1167 1166/1166/1166 1165/1165/1165
f 1170/1170/1170 1169/1169/1169 1168/1168/1168
f 1173/1173/1173 1172/1172/1172 1171/1171/1171
f 1176/1176/1176 1175/1175/1175 1174/1174/1174
f 1179/1179/1179 1178/1178/1178 1177/1177/1177
f 1182/1182/1182 1181/1181/1181 1180/1180/1180
f 1185/1185/1185 1184/1184/1184 1183/1183/1183
f 1188/1188/1188 1187/1187/1187 1186/1186/1186
f 1191/1191/1191 1190/1190/1190 1189/1189/1189
f 1194/1194/1194 1193/1193/1193 1192/1192/1192
f 1197/1197/1197 1196/1196/1196 1195/1195/1195
f 1200/1200/1200 1199/1199/1199 1198/1198/1198
f 1203/1203/1203 1202/1202/1202 1201/1201/1201
f 1206/1206/1206 1205/1205/1205 1204/1204/1204
f 1209/1209/1209 1208/1208/1208 1207/1207/1207
f 1212/1212/1212 1211/1211/1211 1210/1210/1210
f 1215/1215/1215 1214/1214/1214 1213/1213/1213
f 1218/1218/1218 1217/1217/1217 1216/1216/1216
f 1221/1221/1221 1220/1220/1220 1219/1219/1219
f 1224/1224/1224 1223/1223/1223 1222/1222/1222
f 1227/1227/1227 1226/1226/1226 1225/1225/1225
f 1230/1230/1230 1229/1229/1229 1228/1228/1228
f 1233/1233/1233 1232/1232/1232 1231/1231/1231
f 1236/1236/1236 1235/1235/1235 1234/1234/1234
f 1239/1239/1239 1238/1238/1238 1237/1237/1237
f 1242/1242/1242 1241/1241/1241 1240/1240/1240
f 1245/1245/1245 1244/1244/1244 1243/1243/1243
f 1248/1248/1248 1247/1247/1247 1246/1246/1246
f 1251/1251/1251 1250/1250/1250 1249/1249/1249
f 1254/1254/1254 1253/1253/1253 1252/1252/1252
f 1257/1257/1257 1256/1256/1256 1255/1255/1255
f 1260/1260/1260 1259/1259/1259 1258/1258/1258
f 1263/1263/1263 1262/1262/1262 1261/1261/1261
f 1266/1266/1266 1265/1265/1265 1264/1264/1264
f 1269/1269/1269 1268/1268/1268 1267/1267/1267
f 1272/1272/1272 1271/1271/1271 1270/1270/1270
f 1275/1275/1275 1274/1274/1274 1273/1273/1273
f 1278/1278/1278 1277/1277/1277 1276/1276/1276
f 1281/1281/1281 1280/1280/1280 1279/1279/1279
f 1284/1284/1284 1283/1283/1283 1282/1282/1282
f 1287/1287/1287 1286/1286/1286 1285/1285/1285
f 1290/1290/1290 1289/1289/1289 1288/1288/1288
f 1293/1293/1293 1292/1292/1292 1291/1291/1291
f 1296/1296/1296 1295/1295/1295 1294/1294/1294
f 1299/1299/1299 1298/1298/1298 1297/1297/1297
f 1302/1302/1302 1301/1301/1301 1300/1300/1300
f 1305/1305/1305 1304/1304/1304 1303/1303/1303
f 1308/1308/1308 1307/1307/1307 1306/1306/1306
f 1311/1311/1311 1310/1310/1310 1309/1309/1309
f 1314/1314/1314 1313/1313/1313 1312/1312/1312
f 1317/1317/1317 1316/1316/1316 1315/1315/1315
f 1320/1320/1320 1319/1319/1319 1318/1318/1318
f 1323/1323/1323 1322/1322/1322 1321/1321/1321
f 1326/1326/1326 1325/1325/1325 1324/1324/1324
f 1329/1329/1329 1328/1328/1328 1327/1327/1327
f 1332/1332/1332 1331/1331/1331 1330/1330/1330
f 1335/1335/1335 1334/1334/1334 1333/1333/1333
f 1338/1338/1338 1337/1337/1337 1336/1336/1336
f 1341/1341/1341 1340/1340/1340 1339/1339/1339
f 1344/1344/1344 1343/1343/1343 1342/1342/1342
f 1347/1347/1347 1346/1346/1346 1345/1345/1345
f 1350/1350/1350 1349/1349/1349 1348/1348/1348
f 1353/1353/1353 1352/1352/1352 1351/1351/1351
f 1356/1356/1356 1355/1355/1355 1354/1354/1354
f 1359/1359/1359 1358/1358/1358 1357/1357/1357
f 1362/1362/1362 1361/1361/1361 1360/1360/1360
f 1365/1365/1365 1364/1364/1364 1363/1363/1363
f 1368/1368/1368 1367/1367/1367 1366/1366/1366
f 1371/1371/1371 1370/1370/1370 1369/1369/1369
f 1374/1374/1374 1373/1373/1373 1372/1372/1372
f 1377/1377/1377 1376/1376/1376 1375/1375/1375
f 1380/1380/1380 1379/1379/1379 1378/1378/1378
f 1383/1383/1383 1382/1382/1382 1381/1381/1381
f 1386/1386/1386 1385/1385/1385 1384/1384/1384
f 1389/1389/1389 1388/1388/1388 1387/1387/1387
f 1392/1392/1392 1391/1391/1391 1390/1390/1390
f 1395/1395/1395 1394/1394/1394 1393/1393/1393
f 1398/1398/1398 1397/1397/1397 1396/1396/1396
f 1401/1401/1401 1400/1400/1400 1399/1399/1399
f 1404/1404/1404 1403/1403/1403 1402/1402/1402
f 1407/1407/1407 1406/1406/1406 1405/1405/1405
f 1410/1410/1410 1409/1409/1409 1408/1408/1408
f 1413/1413/1413 1412/1412/1412 1411/1411/1411
f 1416/1416/1416 1415/1415/1415 1414/1414/1414
f 1419/1419/1419 1418/1418/1418 1417/1417/1417
f 1422/1422/1422 1421/1421/1421 1420/1420/1420
f 1425/1425/1425 1424/1424/1424 1423/1423/1423
f 1428/1428/1428 1427/1427/1427 1426/1426/1426
f 1431/1431/1431 1430/1430/1430 1429/1429/1429
f 1434/1434/1434 1433/1433/1433 1432/1432/1432
f 1437/1437/1437 1436/1436/1436 1435/1435/1435
f 1440/1440/1440 1439/1439/1439 1438/1438/1438
f 1443/1443/1443 1442/1442/1442 1441/1441/1441
f 1446/1446/1446 1445/1445/1445 1444/1444/1444
f 1449/1449/1449 1448/1448/1448 1447/1447/1447
f 1452/1452/1452 1451/1451/1451 1450/1450/1450
f 1455/1455/1455 1454/1454/1454 1453/1453/1453
f 1458/1458/1458 1457/1457/1457 1456/1456/1456
f 1461/1461/1461 1460/1460/1460 1459/1459/1459
f 1464/1464/1464 1463/1463/1463 1462/1462/1462
f 1467/1467/1467 1466/1466/1466 1465/1465/1465
f 1470/1470/1470 1469/1469/1469 1468/1468/1468
f 1473/1473/1473 1472/1472/1472 1471/1471/1471
f 1476/1476/1476 1475/1475/1475 1474/1474/1474
f 1479/1479/1479 1478/1478/1478 1477/1477/1477
f 1482/1482/1482 1481/1481/1481 1480/1480/1480
f 1485/1485/1485 1484/1484/1484 1483/1483/1483
f 1488/1488/1488 1487/1487/1487 1486/1486/1486
f 1491/1491/1491 1490/1490/1490 1489/1489/1489
f 1494/1494/1494 1493/1493/1493 1492/1492/1492
f 1497/1497/1497 1496/1496/1496 1495/1495/1495
f 1500/1500/1500 1499/1499/1499 1498/1498/1498
f 1503/1503/1503 1502/1502/1502 1501/1501/1501
f 1506/1506/1506 1505/1505/1505 1504/1504/1504
f 1509/1509/1509 1508/1508/1508 1507/1507/1507
f 1512/1512/1512 1511/1511/1511 1510/1510/1510
f 1515/1515/1515 1514/1514/1514 1513/1513/1513
f 1518/1518/1518 1517/1517/1517 1516/1516/1516
f 1521/1521/1521 1520/1520/1520 1519/1519/1519
f 1524/1524/1524 1523/1523/1523 1522/1522/1522
f 1527/1527/1527 1526/1526/1526 1525/1525/1525
f 1530/1530/1530 1529/1529/1529 1528/1528/1528
f 1533/1533/1533 1532/1532/1532 1531/1531/1531
f 1536/1536/1536 1535/1535/1535 1534/1534/1534
f 1539/1539/1539 1538/1538/1538 1537/1537/1537
f 1542/1542/1542 1541/1541/1541 1540/1540/1540
f 1545/1545/1545 1544/1544/1544 1543/1543/1543
f 1548/1548/1548 1547/1547/1547 1546/1546/1546
f 1551/1551/1551 1550/1550/1550 1549/1549/1549
f 1554/1554/1554 1553/1553/1553 1552/1552/1552
f 1557/1557/1557 1556/1556/1556 1555/1555/1555
f 1560/1560/1560 1559/1559/1559 1558/1558/1558
f 1563/1563/1563 1562/1562/1562 1561/1561/1561
f 1566/1566/1566 1565/1565/1565 1564/1564/1564
f 1569/1569/1569 1568/1568/1568 1567/1567/1567
f 1572/1572/1572 1571/1571/1571 1570/1570/1570
f 1575/1575/1575 1574/1574/1574 1573/1573/1573
f 1578/1578/1578 1577/1577/1577 1576/1576/1576
f 1581/1581/1581 1580/1580/1580 1579/1579/1579
f 1584/1584/1584 1583/1583/1583 1582/1582/1582
f 1587/1587/1587 1586/1586/1586 1585/1585/1585
f 1590/1590/1590 1589/1589/1589 1588/1588/1588
f 1593/1593/1593 1592/1592/1592 1591/1591/1591
f 1596/1596/1596 1595/1595/1595 1594/1594/1594
f 1599/1599/1599 1598/1598/1598 1597/1597/1597
f 1602/1602/1602 1601/1601/1601 1600/1600/1600
f 1605/1605/1605 1604/1604/1604 1603/1603/1603
f 1608/1608/1608 1607/1607/1607 1606/1606/1606
f 1611/1611/1611 1610/1610/1610 1609/1609/1609
f 1614/1614/1614 1613/1613/1613 1612/1612/1612
f 1617/1617/1617 1616/1616/1616 1615/1615/1615
f 1620/1620/1620 1619/1619/1619 1618/1618/1618
f 1623/1623/1623 1622/1622/1622 1621/1621/1621
f 1626/1626/1626 1625/1625/1625 1624/1624/1624
f 1629/1629/1629 1628/1628/1628 1627/1627/1627
f 1632/1632/1632 1631/1631/1631 1630/1630/1630
f 1635/1635/1635 1634/1634/1634 1633/1633/1633
f 1638/1638/1638 1637/1637/1637 1636/1636/1636
f 1641/1641/1641 1640/1640/1640 1639/1639/1639
f 1644/1644/1644 1643/1643/1643 1642/1642/1642
f 1647/1647/1647 1646/1646/1646 1645/1645/1645
f 1650/1650/1650 1649/1649/1649 1648/1648/1648
f 1653/1653/1653 1652/1652/1652 1651/1651/1651
f 1656/1656/1656 1655/1655/1655 1654/1654/1654
f 1659/1659/1659 1658/1658/1658 1657/1657/1657
f 1662/1662/1662 1661/1661/1661 1660/1660/1660
f 1665/1665/1665 1664/1664/1664 1663/1663/1663
f 1668/1668/1668 1667/1667/1667 1666/1666/1666
f 1671/1671/1671 1670/1670/1670 1669/1669/1669
f 1674/1674/1674 1673/1673/1673 1672/1672/1672
f 1677/1677/1677 1676/1676/1676 1675/1675/1675
f 1680/1680/1680 1679/1679/1679 1678/1678/1678
f 1683/1683/1683 1682/1682/1682 1681/1681/1681
f 1686/1686/1686 1685/1685/1685 1684/1684/1684
f 1689/1689/1689 1688/1688/1688 1687/1687/1687
f 1692/1692/1692 1691/1691/1691 1690/1690/1690
f 1695/1695/1695 1694/1694/1694 1693/1693/1693
f 1698/1698/1698 1697/1697/1697 1696/1696/1696
f 1701/1701/1701 1700/1700/1700 1699/1699/1699
f 1704/1704/1704 1703/1703/1703 1702/1702/1702
f 1707/1707/1707 1706/1706/1706 1705/1705/1705
f 1710/1710/1710 1709/1709/1709 1708/1708/1708
f 1713/1713/1713 1712/1712/1712 1711/1711/1711
f 1716/1716/1716 1715/1715/1715 1714/1714/1714
f 1719/1719/1719 1718/1718/1718 1717/1717/1717
f 1722/1722/1722 1721/1721/1721 1720/1720/1720
f 1725/1725/1725 1724/1724/1724 1723/1723/1723
f 1728/1728/1728 1727/1727/1727 1726/1726/1726
f 1731/1731/1731 1730/1730/1730 1729/1729/1729
f 1734/1734/1734 1733/1733/1733 1732/1732/1732
f 1737/1737/1737 1736/1736/1736 1735/1735/1735
f 1740/1740/1740 1739/1739/1739 1738/1738/1738
f 1743/1743/1743 1742/1742/1742 1741/1741/1741
f 1746/1746/1746 1745/1745/1745 1744/1744/1744
f 1749/1749/1749 1748/1748/1748 1747/1747/1747
f 1752/1752/1752 1751/1751/1751 1750/1750/1750
f 1755/1755/1755 1754/1754/1754 1753/1753/1753
f 1758/1758/1758 1757/1757/1757 1756/1756/1756
f 1761/1761/1761 1760/1760/1760 1759/1759/1759
f 1764/1764/1764 1763/1763/1763 1762/1762/1762
f 1767/1767/1767 1766/1766/1766 1765/1765/1765
f 1770/1770/1770 1769/1769/1769 1768/1768/1768
f 1773/1773/1773 1772/1772/1772 1771/1771/1771
f 1776/1776/1776 1775/1775/1775 1774/1774/1774
f 1779/1779/1779 1778/1778/1778 1777/1777/1777
f 1782/1782/1782 1781/1781/1781 1780/1780/1780
f 1785/1785/1785 1784/1784/1784 1783/1783/1783
f 1788/1788/1788 1787/1787/1787 1786/1786/1786
f 1791/1791/1791 1790/1790/1790 1789/1789/1789
f 1794/1794/1794 1793/1793/1793 1792/1792/1792
f 1797/1797/1797 1796/1796/1796 1795/1795/1795
f 1800/1800/1800 1799/1799/1799 1798/1798/1798
f 1803/1803/1803 1802/1802/1802 1801/1801/1801
f 1806/1806/1806 1805/1805/1805 1804/1804/1804
f 1809/1809/1809 1808/1808/1808 1807/1807/1807
f 1812/1812/1812 1811/1811/1811 1810/1810/1810
f 1815/1815/1815 1814/1814/1814 1813/1813/1813
f 1818/1818/1818 1817/1817/1817 1816/1816/1816
f 1821/1821/1821 1820/1820/1820 1819/1819/1819
f 1824/1824/1824 1823/1823/1823 1822/1822/1822
f 1827/1827/1827 1826/1826/1826 1825/1825/1825
f 1830/1830/1830 1829/1829/1829 1828/1828/1828
f 1833/1833/1833 1832/1832/1832 1831/1831/1831
f 1836/1836/1836 1835/1835/1835 1834/1834/1834
f 1839/1839/1839 1838/1838/1838 1837/1837/1837
f 1842/1842/1842 1841/1841/1841 1840/1840/1840
f 1845/1845/1845 1844/1844/1844 1843/1843/1843
f 1848/1848/1848 1847/1847/1847 1846/1846/1846
f 1851/1851/1851 1850/1850/1850 1849/1849/1849
f 1854/1854/1854 1853/1853/1853 1852/1852/1852
f 1857/1857/1857 1856/1856/1856 1855/1855/1855
f 1860/1860/1860 1859/1859/1859 1858/1858/1858
f 1863/1863/1863 1862/1862/1862 1861/1861/1861
f 1866/1866/1866 1865/1865/1865 1864/1864/1864
f 1869/1869/1869 1868/1868/1868 1867/1867/1867
f 1872/1872/1872 1871/1871/1871 1870/1870/1870
f 1875/1875/1875 1874/1874/1874 1873/1873/1873
f 1878/1878/1878 1877/1877/1877 1876/1876/1876
f 1881/1881/1881 1880/1880/1880 1879/1879/1879
f 1884/1884/1884 1883/1883/1883 1882/1882/1882
f 1887/1887/1887 1886/1886/1886 1885/1885/1885
f 1890/1890/1890 1889/1889/1889 1888/1888/1888
f 1893/1893/1893 1892/1892/1892 1891/1891/1891
f 1896/1896/1896 1895/1895/1895 1894/1894/1894
f 1899/1899/1899 1898/1898/1898 1897/1897/1897
f 1902/1902/1902 1901/1901/1901 1900/1900/1900
f 1905/1905/1905 1904/1904/1904 1903/1903/1903
f 1908/1908/1908 1907/1907/1907 1906/1906/1906
f 1911/1911/1911 1910/1910/1910 1909/1909/1909
f 1914/1914/1914 1913/1913/1913 1912/1912/1912
f 1917/1917/1917 1916/1916/1916 1915/1915/1915
f 1920/1920/1920 1919/1919/1919 1918/1918/1918
f 1923/1923/1923 1922/1922/1922 1921/1921/1921
f 1926/1926/1926 1925/1925/1925 1924/1924/1924
f 1929/1929/1929 1928/1928/1928 1927/1927/1927
f 1932/1932/1932 1931/1931/1931 1930/1930/1930
f 1935/1935/1935 1934/1934/1934 1933/1933/1933
f 1938/1938/1938 1937/1937/1937 1936/1936/1936
f 1941/1941/1941 1940/1940/1940 1939/1939/1939
f 1944/1944/1944 1943/1943/1943 1942/1942/1942
f 1947/1947/1947 1946/1946/1946 1945/1945/1945
f 1950/1950/1950 1949/1949/1949 1948/1948/1948
f 1953/1953/1953 1952/1952/1952 1951/1951/1951
f 1956/1956/1956 1955/1955/1955 1954/1954/1954
f 1959/1959/1959 1958/1958/1958 1957/1957/1957
f 1962/1962/1962 1961/1961/1961 1960/1960/1960
f 1965/1965/1965 1964/1964/1964 1963/1963/1963
f 1968/1968/1968 1967/1967/1967 1966/1966/1966
f 1971/1971/1971 1970/1970/1970 1969/1969/1969
f 1974/1974/1974 1973/1973/1973 1972/1972/1972
f 1977/1977/1977 1976/1976/1976 1975/1975/1975
f 1980/1980/1980 1979/1979/1979 1978/1978/1978
f 1983/1983/1983 1982/1982/1982 1981/1981/1981
f 1986/1986/1986 1985/1985/1985 1984/1984/1984
f 1989/1989/1989 1988/1988/1988 1987/1987/1987
f 1992/1992/1992 1991/1991/1991 1990/1990/1990
f 1995/1995/1995 1994/1994/1994 1993/1993/1993
f 1998/1998/1998 1997/1997/1997 1996/1996/1996
f 2001/2001/2001 2000/2000/2000 1999/1999/1999
f 2004/2004/2004 2003/2003/2003 2002/2002/2002
f 2007/2007/2007 2006/2006/2006 2005/2005/2005
f 2010/2010/2010 2009/2009/2009 2008/2008/2008
f 2013/2013/2013 2012/2012/2012 2011/2011/2011
f 2016/2016/2016 2015/2015/2015 2014/2014/2014
f 2019/2019/2019 2018/2018/2018 2017/2017/2017
f 2022/2022/2022 2021/2021/2021 2020/2020/2020
f 2025/2025/2025 2024/2024/2024 2023/2023/2023
f 2028/2028/2028 2027/2027/2027 2026/2026/2026
f 2031/2031/2031 2030/2030/2030 2029/2029/2029
f 2034/2034/2034 2033/2033/2033 2032/2032/2032
f 2037/2037/2037 2036/2036/2036 2035/2035/2035
f 2040/2040/2040 2039/2039/2039 2038/2038/2038
f 2043/2043/2043 2042/2042/2042 2041/2041/2041
f 2046/2046/2046 2045/2045/2045 2044/2044/2044
f 2049/2049/2049 2048/2048/2048 2047/2047/2047
f 2052/2052/2052 2051/2051/2051 2050/2050/2050
f 2055/2055/2055 2054/2054/2054 2053/2053/2053
f 2058/2058/2058 2057/2057/2057 2056/2056/2056
f 2061/2061/2061 2060/2060/2060 2059/2059/2059
f 2064/2064/2064 2063/2063/2063 2062/2062/2062
f 2067/2067/2067 2066/2066/2066 2065/2065/2065
f 2070/2070/2070 2069/2069/2069 2068/2068/2068
f 2073/2073/2073 2072/2072/2072 2071/2071/2071
f 2076/2076/2076 2075/2075/2075 2074/2074/2074
f 2079/2079/2079 2078/2078/2078 2077/2077/2077
f 2082/2082/2082 2081/2081/2081 2080/2080/2080
f 2085/2085/2085 2084/2084/2084 2083/2083/2083
f 2088/2088/2088 2087/2087/2087 2086/2086/2086
f 2091/2091/2091 2090/2090/2090 2089/2089/2089
f 2094/2094/2094 2093/2093/2093 2092/2092/2092
f 2097/2097/2097 2096/2096/2096 2095/2095/2095
f 2100/2100/2100 2099/2099/2099 2098/2098/2098
f 2103/2103/2103 2102/2102/2102 2101/2101/2101
f 2106/2106/2106 2105/2105/2105 2104/2104/2104
f 2109/2109/2109 2108/2108/2108 2107/2107/2107
f 2112/2112/2112 2111/2111/2111 2110/2110/2110
f 2115/2115/2115 2114/2114/2114 2113/2113/2113
f 2118/2118/2118 2117/2117/2117 2116/2116/2116
f 2121/2121/2121 2120/2120/2120 2119/2119/2119
f 2124/2124/2124 2123/2123/2123 2122/2122/2122
f 2127/2127/2127 2126/2126/2126 2125/2125/2125
f 2130/2130/2130 2129/2129/2129 2128/2128/2128
f 2133/2133/2133 2132/2132/2132 2131/2131/2131
f 2136/2136/2136 2135/2135/2135 2134/2134/2134
f 2139/2139/2139 2138/2138/2138 2137/2137/2137
f 2142/2142/2142 2141/2141/2141 2140/2140/2140
f 2145/2145/2145 2144/2144/2144 2143/2143/2143
f 2148/2148/2148 2147/2147/2147 2146/2146/2146
f 2151/2151/2151 2150/2150/2150 2149/2149/2149
f 2154/2154/2154 2153/2153/2153 2152/2152/2152
f 2157/2157/2157 2156/2156/2156 2155/2155/2155
f 2160/2160/2160 2159/2159/2159 2158/2158/2158
f 2163/2163/2163 2162/2162/2162 2161/2161/2161
f 2166/2166/2166 2165/2165/2165 2164/2164/2164
f 2169/2169/2169 2168/2168/2168 2167/2167/2167
f 2172/2172/2172 2171/2171/2171 2170/2170/2170
f 2175/2175/2175 2174/2174/2174 2173/2173/2173
f 2178/2178/2178 2177/2177/2177 2176/2176/2176
f 2181/2181/2181 2180/2180/2180 2179/2179/2179
f 2184/2184/2184 2183/2183/2183 2182/2182/2182
f 2187/2187/2187 2186/2186/2186 2185/2185/2185
f 2190/2190/2190 2189/2189/2189 2188/2188/2188
f 2193/2193/2193 2192/2192/2192 2191/2191/2191
f 2196/2196/2196 2195/2195/2195 2194/2194/2194
f 2199/2199/2199 2198/2198/2198 2197/2197/2197
f 2202/2202/2202 2201/2201/2201 2200/2200/2200
f 2205/2205/2205 2204/2204/2204 2203/2203/2203
f 2208/2208/2208 2207/2207/2207 2206/2206/2206
f 2211/2211/2211 2210/2210/2210 2209/2209/2209
f 2214/2214/2214 2213/2213/2213 2212/2212/2212
f 2217/2217/2217 2216/2216/2216 2215/2215/2215
f 2220/2220/2220 2219/2219/2219 2218/2218/2218
f 2223/2223/2223 2222/2222/2222 2221/2221/2221
f 2226/2226/2226 2225/2225/2225 2224/2224/2224
f 2229/2229/2229 2228/2228/2228 2227/2227/2227
f 2232/2232/2232 2231/2231/2231 2230/2230/2230
f 2235/2235/2235 2234/2234/2234 2233/2233/2233
f 2238/2238/2238 2237/2237/2237 2236/2236/2236
f 2241/2241/2241 2240/2240/2240 2239/2239/2239
f 2244/2244/2244 2243/2243/2243 2242/2242/2242
f 2247/2247/2247 2246/2246/2246 2245/2245/2245
f 2250/2250/2250 2249/2249/2249 2248/2248/2248
f 2253/2253/2253 2252/2252/2252 2251/2251/2251
f 2256/2256/2256 2255/2255/2255 2254/2254/2254
f 2259/2259/2259 2258/2258/2258 2257/2257/2257
f 2262/2262/2262 2261/2261/2261 2260/2260/2260
f 2265/2265/2265 2264/2264/2264 2263/2263/2263
f 2268/2268/2268 2267/2267/2267 2266/2266/2266
f 2271/2271/2271 2270/2270/2270 2269/2269/2269
f 2274/2274/2274 2273/2273/2273 2272/2272/2272
f 2277/2277/2277 2276/2276/2276 2275/2275/2275
f 2280/2280/2280 2279/2279/2279 2278/2278/2278
f 2283/2283/2283 2282/2282/2282 2281/2281/2281
f 2286/2286/2286 2285/2285/2285 2284/2284/2284
f 2289/2289/2289 2288/2288/2288 2287/2287/2287
f 2292/2292/2292 2291/2291/2291 2290/2290/2290
f 2295/2295/2295 2294/2294/2294 2293/2293/2293
f 2298/2298/2298 2297/2297/2297 2296/2296/2296
f 2301/2301/2301 2300/2300/2300 2299/2299/2299
f 2304/2304/2304 2303/2303/2303 2302/2302/2302
f 2307/2307/2307 2306/2306/2306 2305/2305/2305
f 2310/2310/2310 2309/2309/2309 2308/2308/2308
f 2313/2313/2313 2312/2312/2312 2311/2311/2311
f 2316/2316/2316 2315/2315/2315 2314/2314/2314
f 2319/2319/2319 2318/2318/2318 2317/2317/2317
f 2322/2322/2322 2321/2321/2321 2320/2320/2320
f 2325/2325/2325 2324/2324/2324 2323/2323/2323
f 2328/2328/2328 2327/2327/2327 2326/2326/2326
f 2331/2331/2331 2330/2330/2330 2329/2329/2329
f 2334/2334/2334 2333/2333/2333 2332/2332/2332
f 2337/2337/2337 2336/2336/2336 2335/2335/2335
f 2340/2340/2340 2339/2339/2339 2338/2338/2338
f 2343/2343/2343 2342/2342/2342 2341/2341/2341
f 2346/2346/2346 2345/2345/2345 2344/2344/2344
f 2349/2349/2349 2348/2348/2348 2347/2347/2347
f 2352/2352/2352 2351/2351/2351 2350/2350/2350
f 2355/2355/2355 2354/2354/2354 2353/2353/2353
f 2358/2358/2358 2357/2357/2357 2356/2356/2356
f 2361/2361/2361 2360/2360/2360 2359/2359/2359
f 2364/2364/2364 2363/2363/2363 2362/2362/2362
f 2367/2367/2367 2366/2366/2366 2365/2365/2365
f 2370/2370/2370 2369/2369/2369 2368/2368/2368
f 2373/2373/2373 2372/2372/2372 2371/2371/2371
f 2376/2376/2376 2375/2375/2375 2374/2374/2374
f 2379/2379/2379 2378/2378/2378 2377/2377/2377
f 2382/2382/2382 2381/2381/2381 2380/2380/2380
f 2385/2385/2385 2384/2384/2384 2383/2383/2383
f 2388/2388/2388 2387/2387/2387 2386/2386/2386
f 2391/2391/2391 2390/2390/2390 2389/2389/2389
f 2394/2394/2394 2393/2393/2393 2392/2392/2392
f 2397/2397/2397 2396/2396/2396 2395/2395/2395
f 2400/2400/2400 2399/2399/2399 2398/2398/2398
f 2403/2403/2403 2402/2402/2402 2401/2401/2401
f 2406/2406/2406 2405/2405/2405 2404/2404/2404
f 2409/2409/2409 2408/2408/2408 2407/2407/2407
f 2412/2412/2412 2411/2411/2411 2410/2410/2410
f 2415/2415/2415 2414/2414/2414 2413/2413/2413
f 2418/2418/2418 2417/2417/2417 2416/2416/2416
f 2421/2421/2421 2420/2420/2420 2419/2419/2419
f 2424/2424/2424 2423/2423/2423 2422/2422/2422
f 2427/2427/2427 2426/2426/2426 2425/2425/2425
f 2430/2430/2430 2429/2429/2429 2428/2428/2428
f 2433/2433/2433 2432/2432/2432 2431/2431/2431
f 2436/2436/2436 2435/2435/2435 2434/2434/2434
f 2439/2439/2439 2438/2438/2438 2437/2437/2437
f 2442/2442/2442 2441/2441/2441 2440/2440/2440
f 2445/2445/2445 2444/2444/2444 2443/2443/2443
f 2448/2448/2448 2447/2447/2447 2446/2446/2446
f 2451/2451/2451 2450/2450/2450 2449/2449/2449
f 2454/2454/2454 2453/2453/2453 2452/2452/2452
f 2457/2457/2457 2456/2456/2456 2455/2455/2455
f 2460/2460/2460 2459/2459/2459 2458/2458/2458
f 2463/2463/2463 2462/2462/2462 2461/2461/2461
f 2466/2466/2466 2465/2465/2465 2464/2464/2464
f 2469/2469/2469 2468/2468/2468 2467/2467/2467
f 2472/2472/2472 2471/2471/2471 2470/2470/2470
f 2475/2475/2475 2474/2474/2474 2473/2473/2473
f 2478/2478/2478 2477/2477/2477 2476/2476/2476
f 2481/2481/2481 2480/2480/2480 2479/2479/2479
f 2484/2484/2484 2483/2483/2483 2482/2482/2482
f 2487/2487/2487 2486/2486/2486 2485/2485/2485
f 2490/2490/2490 2489/2489/2489 2488/2488/2488
f 2493/2493/2493 2492/2492/2492 2491/2491/2491
f 2496/2496/2496 2495/2495/2495 2494/2494/2494
f 2499/2499/2499 2498/2498/2498 2497/2497/2497
f 2502/2502/2502 2501/2501/2501 2500/2500/2500
f 2505/2505/2505 2504/2504/2504 2503/2503/2503
f 2508/2508/2508 2507/2507/2507 2506/2506/2506
f 2511/2511/2511 2510/2510/2510 2509/2509/2509
f 2514/2514/2514 2513/2513/2513 2512/2512/2512
f 2517/2517/2517 2516/2516/2516 2515/2515/2515
f 2520/2520/2520 2519/2519/2519 2518/2518/2518
f 2523/2523/2523 2522/2522/2522 2521/2521/2521
f 2526/2526/2526 2525/2525/2525 2524/2524/2524
f 2529/2529/2529 2528/2528/2528 2527/2527/2527
f 2532/2532/2532 2531/2531/2531 2530/2530/2530
f 2535/2535/2535 2534/2534/2534 2533/2533/2533
f 2538/2538/2538 2537/2537/2537 2536/2536/2536
f 2541/2541/2541 2540/2540/2540 2539/2539/2539
f 2544/2544/2544 2543/2543/2543 2542/2542/2542
f 2547/2547/2547 2546/2546/2546 2545/2545/2545
f 2550/2550/2550 2549/2549/2549 2548/2548/2548
f 2553/2553/2553 2552/2552/2552 2551/2551/2551
f 2556/2556/2556 2555/2555/2555 2554/2554/2554
f 2559/2559/2559 2558/2558/2558 2557/2557/2557
f 2562/2562/2562 2561/2561/2561 2560/2560/2560
f 2565/2565/2565 2564/2564/2564 2563/2563/2563
f 2568/2568/2568 2567/2567/2567 2566/2566/2566
f 2571/2571/2571 2570/2570/2570 2569/2569/2569
f 2574/2574/2574 2573/2573/2573 2572/2572/2572
f 2577/2577/2577 2576/2576/2576 2575/2575/2575
f 2580/2580/2580 2579/2579/2579 2578/2578/2578
f 2583/2583/2583 2582/2582/2582 2581/2581/2581
f 2586/2586/2586 2585/2585/2585 2584/2584/2584
f 2589/2589/2589 2588/2588/2588 2587/2587/2587
f 2592/2592/2592 2591/2591/2591 2590/2590/2590
f 2595/2595/2595 2594/2594/2594 2593/2593/2593
f 2598/2598/2598 2597/2597/2597 2596/2596/2596
f 2601/2601/2601 2600/2600/2600 2599/2599/2599
f 2604/2604/2604 2603/2603/2603 2602/2602/2602
f 2607/2607/2607 2606/2606/2606 2605/2605/2605
f 2610/2610/2610 2609/2609/2609 2608/2608/2608
f 2613/2613/2613 2612/2612/2612 2611/2611/2611
f 2616/2616/2616 2615/2615/2615 2614/2614/2614
f 2619/2619/2619 2618/2618/2618 2617/2617/2617
f 2622/2622/2622 2621/2621/2621 2620/2620/2620
f 2625/2625/2625 2624/2624/2624 2623/2623/2623
f 2628/2628/2628 2627/2627/2627 2626/2626/2626
f 2631/2631/2631 2630/2630/2630 2629/2629/2629
f 2634/2634/2634 2633/2633/2633 2632/2632/2632
f 2637/2637/2637 2636/2636/2636 2635/2635/2635
f 2640/2640/2640 2639/2639/2639 2638/2638/2638
f 2643/2643/2643 2642/2642/2642 2641/2641/2641
f 2646/2646/2646 2645/2645/2645 2644/2644/2644
f 2649/2649/2649 2648/2648/2648 2647/2647/2647
f 2652/2652/2652 2651/2651/2651 2650/2650/2650
f 2655/2655/2655 2654/2654/2654 2653/2653/2653
f 2658/2658/2658 2657/2657/2657 2656/2656/2656
f 2661/2661/2661 2660/2660/2660 2659/2659/2659
f 2664/2664/2664 2663/2663/2663 2662/2662/2662
f 2667/2667/2667 2666/2666/2666 2665/2665/2665
f 2670/2670/2670 2669/2669/2669 2668/2668/2668
f 2673/2673/2673 2672/2672/2672 2671/2671/2671
f 2676/2676/2676 2675/2675/2675 2674/2674/2674
f 2679/2679/2679 2678/2678/2678 2677/2677/2677
f 2682/2682/2682 2681/2681/2681 2680/2680/2680
f 2685/2685/2685 2684/2684/2684 2683/2683/2683
f 2688/2688/2688 2687/2687/2687 2686/2686/2686
f 2691/2691/2691 2690/2690/2690 2689/2689/2689
f 2694/2694/2694 2693/2693/2693 2692/2692/2692
f 2697/2697/2697 2696/2696/2696 2695/2695/2695
f 2700/2700/2700 2699/2699/2699 2698/2698/2698
f 2703/2703/2703 2702/2702/2702 2701/2701/2701
f 2706/2706/2706 2705/2705/2705 2704/2704/2704
f 2709/2709/2709 2708/2708/2708 2707/2707/2707
f 2712/2712/2712 2711/2711/2711 2710/2710/2710
f 2715/2715/2715 2714/2714/2714 2713/2713/2713
f 2718/2718/2718 2717/2717/2717 2716/2716/2716
f 2721/2721/2721 2720/2720/2720 2719/2719/2719
f 2724/2724/2724 2723/2723/2723 2722/2722/2722
f 2727/2727/2727 2726/2726/2726 2725/2725/2725
f 2730/2730/2730 2729/2729/2729 2728/2728/2728
f 2733/2733/2733 2732/2732/2732 2731/2731/2731
f 2736/2736/2736 2735/2735/2735 2734/2734/2734
f 2739/2739/2739 2738/2738/2738 2737/2737/2737
f 2742/2742/2742 2741/2741/2741 2740/2740/2740
f 2745/2745/2745 2744/2744/2744 2743/2743/2743
f 2748/2748/2748 2747/2747/2747 2746/2746/2746
f 2751/2751/2751 2750/2750/2750 2749/2749/2749
f 2754/2754/2754 2753/2753/2753 2752/2752/2752
f 2757/2757/2757 2756/2756/2756 2755/2755/2755
f 2760/2760/2760 2759/2759/2759 2758/2758/2758
f 2763/2763/2763 2762/2762/2762 2761/2761/2761
f 2766/2766/2766 2765/2765/2765 2764/2764/2764
f 2769/2769/2769 2768/2768/2768 2767/2767/2767
f 2772/2772/2772 2771/2771/2771 2770/2770/2770
f 2775/2775/2775 2774/2774/2774 2773/2773/2773
f 2778/2778/2778 2777/2777/2777 2776/2776/2776
f 2781/2781/2781 2780/2780/2780 2779/2779/2779
f 2784/2784/2784 2783/2783/2783 2782/2782/2782
f 2787/2787/2787 2786/2786/2786 2785/2785/2785
f 2790/2790/2790 2789/2789/2789 2788/2788/2788
f 2793/2793/2793 2792/2792/2792 2791/2791/2791
f 2796/2796/2796 2795/2795/2795 2794/2794/2794
f 2799/2799/2799 2798/2798/2798 2797/2797/2797
f 2802/2802/2802 2801/2801/2801 2800/2800/2800
f 2805/2805/2805 2804/2804/2804 2803/2803/2803
f 2808/2808/2808 2807/2807/2807 2806/2806/2806
f 2811/2811/2811 2810/2810/2810 2809/2809/2809
f 2814/2814/2814 2813/2813/2813 2812/2812/2812
f 2817/2817/2817 2816/2816/2816 2815/2815/2815
f 2820/2820/2820 2819/2819/2819 2818/2818/2818
f 2823/2823/2823 2822/2822/2822 2821/2821/2821
f 2826/2826/2826 2825/2825/2825 2824/2824/2824
f 2829/2829/2829 2828/2828/2828 2827/2827/2827
f 2832/2832/2832 2831/2831/2831 2830/2830/2830
f 2835/2835/2835 2834/2834/2834 2833/2833/2833
f 2838/2838/2838 2837/2837/2837 2836/2836/2836
f 2841/2841/2841 2840/2840/2840 2839/2839/2839
f 2844/2844/2844 2843/2843/2843 2842/2842/2842
f 2847/2847/2847 2846/2846/2846 2845/2845/2845
f 2850/2850/2850 2849/2849/2849 2848/2848/2848
f 2853/2853/2853 2852/2852/2852 2851/2851/2851
f 2856/2856/2856 2855/2855/2855 2854/2854/2854
f 2859/2859/2859 2858/2858/2858 2857/2857/2857
f 2862/2862/2862 2861/2861/2861 2860/2860/2860
f 2865/2865/2865 2864/2864/2864 2863/2863/2863
f 2868/2868/2868 2867/2867/2867 2866/2866/2866
f 2871/2871/2871 2870/2870/2870 2869/2869/2869
f 2874/2874/2874 2873/2873/2873 2872/2872/2872
f 2877/2877/2877 2876/2876/2876 2875/2875/2875
f 2880/2880/2880 2879/2879/2879 2878/2878/2878
f 2883/2883/2883 2882/2882/2882 2881/2881/2881
f 2886/2886/2886 2885/2885/2885 2884/2884/2884
f 2889/2889/2889 2888/2888/2888 2887/2887/2887
f 2892/2892/2892 2891/2891/2891 2890/2890/2890
f 2895/2895/2895 2894/2894/2894 2893/2893/2893
f 2898/2898/2898 2897/2897/2897 2896/2896/2896
f 2901/2901/2901 2900/2900/2900 2899/2899/2899
f 2904/2904/2904 2903/2903/2903 2902/2902/2902
f 2907/2907/2907 2906/2906/2906 2905/2905/2905
f 2910/2910/2910 2909/2909/2909 2908/2908/2908
f 2913/2913/2913 2912/2912/2912 2911/2911/2911
f 2916/2916/2916 2915/2915/2915 2914/2914/2914
f 2919/2919/2919 2918/2918/2918 2917/2917/2917
f 2922/2922/2922 2921/2921/2921 2920/2920/2920
f 2925/2925/2925 2924/2924/2924 2923/2923/2923
f 2928/2928/2928 2927/2927/2927 2926/2926/2926
f 2931/2931/2931 2930/2930/2930 2929/2929/2929
f 2934/2934/2934 2933/2933/2933 2932/2932/2932
f 2937/2937/2937 2936/2936/2936 2935/2935/2935
f 2940/2940/2940 2939/2939/2939 2938/2938/2938
f 2943/2943/2943 2942/2942/2942 2941/2941/2941
f 2946/2946/2946 2945/2945/2945 2944/2944/2944
f 2949/2949/2949 2948/2948/2948 2947/2947/2947
f 2952/2952/2952 2951/2951/2951 2950/2950/2950
f 2955/2955/2955 2954/2954/2954 2953/2953/2953
f 2958/2958/2958 2957/2957/2957 2956/2956/2956
f 2961/2961/2961 2960/2960/2960 2959/2959/2959
f 2964/2964/2964 2963/2963/2963 2962/2962/2962
f 2967/2967/2967 2966/2966/2966 2965/2965/2965
f 2970/2970/2970 2969/2969/2969 2968/2968/2968
f 2973/2973/2973 2972/2972/2972 2971/2971/2971
f 2976/2976/2976 2975/2975/2975 2974/2974/2974
f 2979/2979/2979 2978/2978/2978 2977/2977/2977
f 2982/2982/2982 2981/2981/2981 2980/2980/2980
f 2985/2985/2985 2984/2984/2984 2983/2983/2983
f 2988/2988/2988 2987/2987/2987 2986/2986/2986
f 2991/2991/2991 2990/2990/2990 2989/2989/2989
f 2994/2994/2994 2993/2993/2993 2992/2992/2992
f 2997/2997/2997 2996/2996/2996 2995/2995/2995
f 3000/3000/3000 2999/2999/2999 2998/2998/2998
f 3003/3003/3003 3002/3002/3002 3001/3001/3001
f 3006/3006/3006 3005/3005/3005 3004/3004/3004
f 3009/3009/3009 3008/3008/3008 3007/3007/3007
f 3012/3012/3012 3011/3011/3011 3010/3010/3010
f 3015/3015/3015 3014/3014/3014 3013/3013/3013
f 3018/3018/3018 3017/3017/3017 3016/3016/3016
f 3021/3021/3021 3020/3020/3020 3019/3019/3019
f 3024/3024/3024 3023/3023/3023 3022/3022/3022
f 3027/3027/3027 3026/3026/3026 3025/3025/3025
f 3030/3030/3030 3029/3029/3029 3028/3028/3028
f 3033/3033/3033 3032/3032/3032 3031/3031/3031
f 3036/3036/3036 3035/3035/3035 3034/3034/3034
f 3039/3039/3039 3038/3038/3038 3037/3037/3037
f 3042/3042/3042 3041/3041/3041 3040/3040/3040
f 3045/3045/3045 3044/3044/3044 3043/3043/3043
f 3048/3048/3048 3047/3047/3047 3046/3046/3046
f 3051/3051/3051 3050/3050/3050 3049/3049/3049
f 3054/3054/3054 3053/3053/3053 3052/3052/3052
f 3057/3057/3057 3056/3056/3056 3055/3055/3055
f 3060/3060/3060 3059/3059/3059 3058/3058/3058
f 3063/3063/3063 3062/3062/3062 3061/3061/3061
f 3066/3066/3066 3065/3065/3065 3064/3064/3064
f 3069/3069/3069 3068/3068/3068 3067/3067/3067
f 3072/3072/3072 3071/3071/3071 3070/3070/3070
f 3075/3075/3075 3074/3074/3074 3073/3073/3073
f 3078/3078/3078 3077/3077/3077 3076/3076/3076
f 3081/3081/3081 3080/3080/3080 3079/3079/3079
f 3084/3084/3084 3083/3083/3083 3082/3082/3082
f 3087/3087/3087 3086/3086/3086 3085/3085/3085
f 3090/3090/3090 3089/3089/3089 3088/3088/3088
f 3093/3093/3093 3092/3092/3092 3091/3091/3091
f 3096/3096/3096 3095/3095/3095 3094/3094/3094
f 3099/3099/3099 3098/3098/3098 3097/3097/3097
f 3102/3102/3102 3101/3101/3101 3100/3100/3100
f 3105/3105/3105 3104/3104/3104 3103/3103/3103
f 3108/3108/3108 3107/3107/3107 3106/3106/3106
f 3111/3111/3111 3110/3110/3110 3109/3109/3109
f 3114/3114/3114 3113/3113/3113 3112/3112/3112
f 3117/3117/3117 3116/3116/3116 3115/3115/3115
f 3120/3120/3120 3119/3119/3119 3118/3118/3118
f 3123/3123/3123 3122/3122/3122 3121/3121/3121
f 3126/3126/3126 3125/3125/3125 3124/3124/3124
f 3129/3129/3129 3128/3128/3128 3127/3127/3127
f 3132/3132/3132 3131/3131/3131 3130/3130/3130
f 3135/3135/3135 3134/3134/3134 3133/3133/3133
f 3138/3138/3138 3137/3137/3137 3136/3136/3136
f 3141/3141/3141 3140/3140/3140 3139/3139/3139
f 3144/3144/3144 3143/3143/3143 3142/3142/3142
f 3147/3147/3147 3146/3146/3146 3145/3145/3145
f 3150/3150/3150 3149/3149/3149 3148/3148/3148
f 3153/3153/3153 3152/3152/3152 3151/3151/3151
f 3156/3156/3156 3155/3155/3155 3154/3154/3154
f 3159/3159/3159 3158/3158/3158 3157/3157/3157
f 3162/3162/3162 3161/3161/3161 3160/3160/3160
f 3165/3165/3165 3164/3164/3164 3163/3163/3163
f 3168/3168/3168 3167/3167/3167 3166/3166/3166
f 3171/3171/3171 3170/3170/3170 3169/3169/3169
f 3174/3174/3174 3173/3173/3173 3172/3172/3172
f 3177/3177/3177 3176/3176/3176 3175/3175/3175
f 3180/3180/3180 3179/3179/3179 3178/3178/3178
f 3183/3183/3183 3182/3182/3182 3181/3181/3181
f 3186/3186/3186 3185/3185/3185 3184/3184/3184
f 3189/3189/3189 3188/3188/3188 3187/3187/3187
f 3192/3192/3192 3191/3191/3191 3190/3190/3190
f 3195/3195/3195 3194/3194/3194 3193/3193/3193
f 3198/3198/3198 3197/3197/3197 3196/3196/3196
f 3201/3201/3201 3200/3200/3200 3199/3199/3199
f 3204/3204/3204 3203/3203/3203 3202/3202/3202
f 3207/3207/3207 3206/3206/3206 3205/3205/3205
f 3210/3210/3210 3209/3209/3209 3208/3208/3208
f 3213/3213/3213 3212/3212/3212 3211/3211/3211
f 3216/3216/3216 3215/3215/3215 3214/3214/3214
f 3219/3219/3219 3218/3218/3218 3217/3217/3217
f 3222/3222/3222 3221/3221/3221 3220/3220/3220
f 3225/3225/3225 3224/3224/3224 3223/3223/3223
f 3228/3228/3228 3227/3227/3227 3226/3226/3226
f 3231/3231/3231 3230/3230/3230 3229/3229/3229
f 3234/3234/3234 3233/3233/3233 3232/3232/3232
f 3237/3237/3237 3236/3236/3236 3235/3235/3235
f 3240/3240/3240 3239/3239/3239 3238/3238/3238
f 3243/3243/3243 3242/3242/3242 3241/3241/3241
f 3246/3246/3246 3245/3245/3245 3244/3244/3244
f 3249/3249/3249 3248/3248/3248 3247/3247/3247
f 3252/3252/3252 3251/3251/3251 3250/3250/3250
f 3255/3255/3255 3254/3254/3254 3253/3253/3253
f 3258/3258/3258 3257/3257/3257 3256/3256/3256
f 3261/3261/3261 3260/3260/3260 3259/3259/3259
f 3264/3264/3264 3263/3263/3263 3262/3262/3262
f 3267/3267/3267 3266/3266/3266 3265/3265/3265
f 3270/3270/3270 3269/3269/3269 3268/3268/3268
f 3273/3273/3273 3272/3272/3272 3271/3271/3271
f 3276/3276/3276 3275/3275/3275 3274/3274/3274
f 3279/3279/3279 3278/3278/3278 3277/3277/3277
f 3282/3282/3282 3281/3281/3281 3280/3280/3280
f 3285/3285/3285 3284/3284/3284 3283/3283/3283
f 3288/3288/3288 3287/3287/3287 3286/3286/3286
f 3291/3291/3291 3290/3290/3290 3289/3289/3289
f 3294/3294/3294 3293/3293/3293 3292/3292/3292
f 3297/3297/3297 3296/3296/3296 3295/3295/3295
f 3300/3300/3300 3299/3299/3299 3298/3298/3298
f 3303/3303/3303 3302/3302/3302 3301/3301/3301
f 3306/3306/3306 3305/3305/3305 3304/3304/3304
f 3309/3309/3309 3308/3308/3308 3307/3307/3307
f 3312/3312/3312 3311/3311/3311 3310/3310/3310
f 3315/3315/3315 3314/3314/3314 3313/3313/3313
f 3318/3318/3318 3317/3317/3317 3316/3316/3316
f 3321/3321/3321 3320/3320/3320 3319/3319/3319
f 3324/3324/3324 3323/3323/3323 3322/3322/3322
f 3327/3327/3327 3326/3326/3326 3325/3325/3325
f 3330/3330/3330 3329/3329/3329 3328/3328/3328
f 3333/3333/3333 3332/3332/3332 3331/3331/3331
f 3336/3336/3336 3335/3335/3335 3334/3334/3334
f 3339/3339/3339 3338/3338/3338 3337/3337/3337
f 3342/3342/3342 3341/3341/3341 3340/3340/3340
f 3345/3345/3345 3344/3344/3344 3343/3343/3343
f 3348/3348/3348 3347/3347/3347 3346/3346/3346
f 3351/3351/3351 3350/3350/3350 3349/3349/3349
f 3354/3354/3354 3353/3353/3353 3352/3352/3352
f 3357/3357/3357 3356/3356/3356 3355/3355/3355
f 3360/3360/3360 3359/3359/3359 3358/3358/3358
