# Part game/assets/models/jake_torso.obj
v -0.24019 1.42426 -0.04370
v -0.25205 1.39272 -0.07680
v -0.24699 1.49965 -0.05115
v -0.24019 1.42426 -0.04370
v -0.26957 1.51961 -0.01760
v -0.25205 1.39272 -0.07680
v -0.24699 1.49965 -0.05115
v -0.26957 1.51961 -0.01760
v -0.27412 1.44923 -0.06999
v 0.18491 1.54031 -0.02012
v 0.16403 1.44267 -0.04595
v 0.17766 1.44796 -0.08685
v 0.18491 1.54031 -0.02012
v 0.19414 1.49050 -0.08690
v 0.17363 1.56575 -0.08505
v 0.18491 1.54031 -0.02012
v 0.16387 1.51837 -0.05344
v 0.19414 1.49050 -0.08690
v 0.18491 1.54031 -0.02012
v 0.17766 1.44796 -0.08685
v 0.16387 1.51837 -0.05344
v 0.39796 1.42460 -0.02940
v 0.39874 1.39298 -0.03128
v 0.37490 1.42896 -0.02646
v 0.39176 1.23935 -0.05460
v 0.39764 1.32940 -0.03102
v 0.43651 1.31273 -0.04624
v 0.44915 1.40971 -0.07598
v 0.45531 1.36951 -0.06818
v 0.41376 1.38517 -0.04389
v 0.44915 1.40971 -0.07598
v 0.41376 1.38517 -0.04389
v 0.42612 1.42484 -0.06451
v 0.44915 1.40971 -0.07598
v 0.47501 1.37603 -0.08461
v 0.45531 1.36951 -0.06818
v 0.47501 1.37603 -0.08461
v 0.48121 1.35095 -0.08687
v 0.45531 1.36951 -0.06818
v 0.39176 1.23935 -0.05460
v 0.43651 1.31273 -0.04624
v 0.47353 1.25754 -0.06369
v 0.39176 1.23935 -0.05460
v 0.47353 1.25754 -0.06369
v 0.45920 1.18133 -0.05535
v 0.29740 1.30737 -0.07934
v 0.32720 1.31763 -0.07011
v 0.33541 1.28436 -0.04776
v 0.29740 1.30737 -0.07934
v 0.30105 1.33226 -0.08089
v 0.32720 1.31763 -0.07011
v 0.30105 1.33226 -0.08089
v 0.31370 1.33860 -0.07699
v 0.32720 1.31763 -0.07011
v 0.39939 1.43262 -0.01276
v 0.39796 1.42460 -0.02940
v 0.37490 1.42896 -0.02646
v 0.37626 1.43534 -0.01093
v 0.39939 1.43262 -0.01276
v 0.37490 1.42896 -0.02646
v 0.37626 1.43534 -0.01093
v 0.37132 1.39814 0.00505
v 0.39939 1.43262 -0.01276
v 0.37626 1.43534 -0.01093
v 0.37490 1.42896 -0.02646
v 0.36758 1.39836 -0.02176
v 0.39939 1.43262 -0.01276
v 0.40237 1.39490 0.00270
v 0.39874 1.39298 -0.03128
v 0.39796 1.42460 -0.02940
v 0.39939 1.43262 -0.01276
v 0.39874 1.39298 -0.03128
v 0.43534 1.43687 -0.05478
v 0.42612 1.42484 -0.06451
v 0.42182 1.39511 -0.02047
v 0.43534 1.43687 -0.05478
v 0.46061 1.42216 -0.06591
v 0.44915 1.40971 -0.07598
v 0.42612 1.42484 -0.06451
v 0.43534 1.43687 -0.05478
v 0.44915 1.40971 -0.07598
v 0.44915 1.40971 -0.07598
v 0.46061 1.42216 -0.06591
v 0.47501 1.37603 -0.08461
v 0.46061 1.42216 -0.06591
v 0.48678 1.38751 -0.07477
v 0.47501 1.37603 -0.08461
v 0.46061 1.42216 -0.06591
v 0.46323 1.36109 -0.03953
v 0.48678 1.38751 -0.07477
v 0.47501 1.37603 -0.08461
v 0.48678 1.38751 -0.07477
v 0.48121 1.35095 -0.08687
v 0.48678 1.38751 -0.07477
v 0.49392 1.36304 -0.07726
v 0.48121 1.35095 -0.08687
v 0.48678 1.38751 -0.07477
v 0.46323 1.36109 -0.03953
v 0.49741 1.33367 -0.05515
v 0.38578 1.24460 -0.00138
v 0.40022 1.32548 0.00546
v 0.34781 1.28647 0.00073
v 0.38578 1.24460 -0.00138
v 0.46580 1.18815 -0.02455
v 0.48203 1.25348 -0.02763
v 0.38578 1.24460 -0.00138
v 0.36735 1.17739 -0.02177
v 0.46580 1.18815 -0.02455
v 0.29042 1.31231 -0.05409
v 0.30033 1.28430 -0.03282
v 0.31726 1.29659 -0.02378
v 0.29042 1.31231 -0.05409
v 0.29740 1.30737 -0.07934
v 0.30832 1.27688 -0.05449
v 0.30105 1.33226 -0.08089
v 0.29740 1.30737 -0.07934
v 0.29042 1.31231 -0.05409
v 0.29626 1.33929 -0.07227
v 0.30105 1.33226 -0.08089
v 0.29042 1.31231 -0.05409
v 0.32301 1.32532 -0.04509
v 0.29042 1.31231 -0.05409
v 0.31726 1.29659 -0.02378
v 0.29626 1.33929 -0.07227
v 0.29042 1.31231 -0.05409
v 0.32301 1.32532 -0.04509
v 0.32301 1.32532 -0.04509
v 0.33541 1.28436 -0.04776
v 0.32720 1.31763 -0.07011
v 0.32301 1.32532 -0.04509
v 0.32720 1.31763 -0.07011
v 0.31034 1.34588 -0.06722
v 0.31034 1.34588 -0.06722
v 0.29626 1.33929 -0.07227
v 0.32301 1.32532 -0.04509
v 0.32720 1.31763 -0.07011
v 0.31370 1.33860 -0.07699
v 0.31034 1.34588 -0.06722
v 0.29626 1.33929 -0.07227
v 0.31034 1.34588 -0.06722
v 0.30105 1.33226 -0.08089
v 0.31034 1.34588 -0.06722
v 0.31370 1.33860 -0.07699
v 0.30105 1.33226 -0.08089
v 0.02989 1.35329 0.11695
v -0.00590 1.26926 0.13389
v 0.01798 1.31817 0.03582
v 0.01798 1.31817 0.03582
v 0.00480 1.20994 0.07424
v -0.03162 1.29993 0.02315
v 0.00480 1.20994 0.07424
v -0.03216 1.20208 0.05683
v -0.03162 1.29993 0.02315
v -0.03216 1.20208 0.05683
v -0.06849 1.20857 0.07603
v -0.03162 1.29993 0.02315
v -0.12434 1.59638 -0.14544
v -0.22803 1.54328 -0.05518
v -0.24891 1.52480 -0.11053
v -0.12434 1.59638 -0.14544
v -0.14682 1.54240 -0.34950
v -0.05828 1.57870 -0.37330
v -0.12434 1.59638 -0.14544
v -0.05828 1.57870 -0.37330
v -0.04644 1.60268 -0.16395
v 0.03191 1.60349 -0.14631
v 0.02352 1.56494 -0.37178
v 0.15792 1.56873 -0.13163
v 0.14097 1.56009 -0.05723
v 0.03191 1.60349 -0.14631
v 0.15792 1.56873 -0.13163
v 0.14097 1.56009 -0.05723
v 0.15792 1.56873 -0.13163
v 0.17363 1.56575 -0.08505
v -0.24820 1.71194 0.08064
v -0.20627 1.76672 0.10073
v -0.25207 1.71965 -0.00049
v -0.20627 1.76672 0.10073
v -0.21247 1.77062 0.01059
v -0.25207 1.71965 -0.00049
v 0.02296 1.80083 0.11137
v 0.02640 1.81038 0.00543
v -0.05396 1.80284 0.12401
v 0.10072 1.78070 0.09903
v 0.09099 1.79446 0.00476
v 0.02296 1.80083 0.11137
v 0.10072 1.78070 0.09903
v 0.14724 1.72995 0.07845
v 0.09099 1.79446 0.00476
v 0.14724 1.72995 0.07845
v 0.14175 1.74620 -0.00910
v 0.09099 1.79446 0.00476
v -0.13596 0.91494 0.02474
v -0.14133 0.98768 0.00951
v -0.08727 0.91029 -0.01843
v -0.13596 0.91494 0.02474
v -0.08727 0.91029 -0.01843
v -0.07928 0.84612 0.00742
v -0.02249 0.91397 -0.01314
v -0.01738 0.84487 -0.00399
v -0.07928 0.84612 0.00742
v -0.15633 0.91501 0.01678
v -0.13596 0.91494 0.02474
v -0.13562 0.84588 0.03548
v -0.15633 0.91501 0.01678
v -0.15884 0.98427 0.00692
v -0.13596 0.91494 0.02474
v -0.13065 1.24573 0.24938
v -0.02839 1.25912 0.25523
v -0.02979 1.30431 0.24136
v -0.02839 1.25912 0.25523
v 0.07391 1.24955 0.24439
v -0.02979 1.30431 0.24136
v 0.07391 1.24955 0.24439
v 0.05949 1.30397 0.21343
v -0.02979 1.30431 0.24136
v 0.07391 1.24955 0.24439
v 0.12288 1.29708 0.19363
v 0.05949 1.30397 0.21343
v -0.02249 0.91397 -0.01314
v -0.01098 0.91377 -0.03174
v -0.01738 0.84487 -0.00399
v -0.01098 0.91377 -0.03174
v -0.00794 0.85344 -0.01892
v -0.01738 0.84487 -0.00399
v -0.01098 0.91377 -0.03174
v 0.08394 0.90139 -0.03637
v -0.00794 0.85344 -0.01892
v 0.19237 0.88516 0.11279
v 0.17520 0.83523 0.10605
v 0.15169 0.83776 0.03709
v 0.19237 0.88516 0.11279
v 0.16400 0.99825 0.23343
v 0.16425 0.89701 0.19637
v 0.19237 0.88516 0.11279
v 0.16425 0.89701 0.19637
v 0.15192 0.83613 0.17650
v -0.06484 0.89647 0.30677
v -0.07250 0.83209 0.28385
v 0.01734 0.89159 0.29576
v -0.23253 0.88878 0.25461
v -0.22362 0.83863 0.23917
v -0.16269 0.83881 0.28151
v -0.23253 0.88878 0.25461
v -0.25670 0.89554 0.17053
v -0.24621 0.84115 0.16990
v -0.23253 0.88878 0.25461
v -0.23251 0.95489 0.24291
v -0.25670 0.89554 0.17053
v -0.26731 1.68689 0.16450
v -0.27782 1.72744 0.08359
v -0.30269 1.57441 0.01258
v -0.03021 1.35593 0.28343
v -0.14162 1.35352 0.25305
v -0.03173 1.33593 0.24719
v 0.19664 1.34744 -0.08762
v 0.19816 1.36030 0.02965
v 0.16927 1.24482 -0.09626
v 0.16745 1.55383 0.21938
v 0.19763 1.59521 0.09589
v 0.16947 1.70678 0.16208
v 0.16947 1.70678 0.16208
v 0.19763 1.59521 0.09589
v 0.21126 1.60803 -0.00490
v -0.05416 1.80582 0.21544
v 0.08624 1.78257 0.20312
v 0.11704 1.81507 0.09659
v 0.03708 1.83511 0.10723
v -0.05416 1.80582 0.21544
v 0.11704 1.81507 0.09659
v 0.03708 1.83511 0.10723
v -0.05564 1.83815 0.11018
v -0.05416 1.80582 0.21544
v -0.05416 1.80582 0.21544
v -0.05564 1.83815 0.11018
v -0.14773 1.82672 0.11000
v -0.05416 1.80582 0.21544
v -0.14773 1.82672 0.11000
v -0.22886 1.79635 0.10405
v 0.14811 1.65497 0.25530
v 0.16745 1.55383 0.21938
v 0.16947 1.70678 0.16208
v 0.14811 1.65497 0.25530
v 0.16947 1.70678 0.16208
v 0.08624 1.78257 0.20312
v 0.05356 1.73322 0.29745
v 0.08624 1.78257 0.20312
v -0.05416 1.80582 0.21544
v 0.05356 1.73322 0.29745
v 0.14811 1.65497 0.25530
v 0.08624 1.78257 0.20312
v 0.08257 1.59444 0.34452
v 0.14811 1.65497 0.25530
v 0.05356 1.73322 0.29745
v 0.16745 1.55383 0.21938
v 0.14811 1.65497 0.25530
v 0.08257 1.59444 0.34452
v 0.08449 1.52050 0.34098
v 0.16745 1.55383 0.21938
v 0.08257 1.59444 0.34452
v -0.19085 1.76994 0.20466
v -0.05416 1.80582 0.21544
v -0.22886 1.79635 0.10405
v -0.19085 1.76994 0.20466
v -0.22886 1.79635 0.10405
v -0.26731 1.68689 0.16450
v -0.26731 1.68689 0.16450
v -0.23971 1.63731 0.25627
v -0.19085 1.76994 0.20466
v -0.25075 1.53481 0.22175
v -0.23971 1.63731 0.25627
v -0.26731 1.68689 0.16450
v -0.19085 1.76994 0.20466
v -0.15279 1.72382 0.29859
v -0.05416 1.80582 0.21544
v -0.23971 1.63731 0.25627
v -0.15279 1.72382 0.29859
v -0.19085 1.76994 0.20466
v -0.15279 1.72382 0.29859
v -0.05074 1.75506 0.31246
v -0.05416 1.80582 0.21544
v -0.05074 1.75506 0.31246
v 0.05356 1.73322 0.29745
v -0.05416 1.80582 0.21544
v -0.15279 1.72382 0.29859
v -0.04588 1.65559 0.37284
v -0.05074 1.75506 0.31246
v -0.04588 1.65559 0.37284
v 0.05356 1.73322 0.29745
v -0.05074 1.75506 0.31246
v -0.04588 1.65559 0.37284
v 0.08257 1.59444 0.34452
v 0.05356 1.73322 0.29745
v -0.23971 1.63731 0.25627
v -0.16853 1.58300 0.34592
v -0.15279 1.72382 0.29859
v -0.16853 1.58300 0.34592
v -0.04588 1.65559 0.37284
v -0.15279 1.72382 0.29859
v -0.23971 1.63731 0.25627
v -0.25075 1.53481 0.22175
v -0.16853 1.58300 0.34592
v -0.04304 1.58314 0.38872
v 0.08257 1.59444 0.34452
v -0.04588 1.65559 0.37284
v -0.16853 1.58300 0.34592
v -0.04304 1.58314 0.38872
v -0.04588 1.65559 0.37284
v -0.25075 1.53481 0.22175
v -0.16159 1.50929 0.34235
v -0.16853 1.58300 0.34592
v -0.16853 1.58300 0.34592
v -0.16159 1.50929 0.34235
v -0.04304 1.58314 0.38872
v -0.25075 1.53481 0.22175
v -0.23636 1.42031 0.17375
v -0.16159 1.50929 0.34235
v -0.04304 1.58314 0.38872
v -0.04008 1.51207 0.37905
v 0.08257 1.59444 0.34452
v -0.04008 1.51207 0.37905
v 0.08449 1.52050 0.34098
v 0.08257 1.59444 0.34452
v -0.16159 1.50929 0.34235
v -0.04008 1.51207 0.37905
v -0.04304 1.58314 0.38872
v -0.16159 1.50929 0.34235
v -0.14534 1.43703 0.32002
v -0.04008 1.51207 0.37905
v -0.14534 1.43703 0.32002
v -0.03399 1.43906 0.34158
v -0.04008 1.51207 0.37905
v -0.04008 1.51207 0.37905
v -0.03399 1.43906 0.34158
v 0.08449 1.52050 0.34098
v -0.14534 1.43703 0.32002
v -0.23636 1.42031 0.17375
v -0.13795 1.40564 0.26187
v -0.14534 1.43703 0.32002
v -0.13795 1.40564 0.26187
v -0.03399 1.43906 0.34158
v -0.13795 1.40564 0.26187
v -0.23636 1.42031 0.17375
v -0.14162 1.35352 0.25305
v -0.13795 1.40564 0.26187
v -0.14162 1.35352 0.25305
v -0.03021 1.35593 0.28343
v -0.03399 1.43906 0.34158
v 0.07256 1.44680 0.30939
v 0.08449 1.52050 0.34098
v 0.07256 1.44680 0.30939
v 0.16343 1.43784 0.17105
v 0.08449 1.52050 0.34098
v -0.13795 1.40564 0.26187
v -0.03480 1.39998 0.28739
v -0.03399 1.43906 0.34158
v -0.03480 1.39998 0.28739
v -0.13795 1.40564 0.26187
v -0.03021 1.35593 0.28343
v -0.03399 1.43906 0.34158
v -0.03480 1.39998 0.28739
v 0.07256 1.44680 0.30939
v 0.06746 1.41500 0.26073
v -0.03480 1.39998 0.28739
v -0.03021 1.35593 0.28343
v -0.03480 1.39998 0.28739
v 0.06746 1.41500 0.26073
v 0.07256 1.44680 0.30939
v -0.17732 1.35336 0.01937
v -0.14404 1.22306 0.06802
v -0.19597 1.24163 -0.08889
v -0.24699 1.49965 -0.05115
v -0.26013 1.52297 -0.06564
v -0.22803 1.54328 -0.05518
v -0.24699 1.49965 -0.05115
v -0.27412 1.44923 -0.06999
v -0.26013 1.52297 -0.06564
v -0.33586 0.84628 0.06687
v -0.29868 0.83394 0.12542
v -0.35173 0.83546 0.09244
v -0.29868 0.83394 0.12542
v -0.32934 0.82915 0.12208
v -0.35173 0.83546 0.09244
v -0.33557 0.82705 0.15802
v -0.32934 0.82915 0.12208
v -0.29868 0.83394 0.12542
v -0.29868 0.83394 0.12542
v -0.24336 0.93313 0.14859
v -0.28943 0.94323 0.21040
v -0.31649 0.83374 0.17007
v -0.33557 0.82705 0.15802
v -0.29868 0.83394 0.12542
v -0.31649 0.83374 0.17007
v -0.29868 0.83394 0.12542
v -0.28943 0.94323 0.21040
v -0.37638 0.83203 0.18076
v -0.33557 0.82705 0.15802
v -0.31649 0.83374 0.17007
v -0.36827 0.84136 0.19760
v -0.37638 0.83203 0.18076
v -0.31649 0.83374 0.17007
v -0.36827 0.84136 0.19760
v -0.31649 0.83374 0.17007
v -0.28943 0.94323 0.21040
v -0.42316 0.84190 0.16062
v -0.37638 0.83203 0.18076
v -0.36827 0.84136 0.19760
v -0.42625 0.85351 0.17728
v -0.42316 0.84190 0.16062
v -0.36827 0.84136 0.19760
v -0.42457 0.84571 0.11638
v -0.42316 0.84190 0.16062
v -0.42625 0.85351 0.17728
v -0.42625 0.85351 0.17728
v -0.37718 1.01685 0.15009
v -0.43454 0.86179 0.10532
v -0.38663 0.84178 0.08752
v -0.42457 0.84571 0.11638
v -0.43454 0.86179 0.10532
v -0.35173 0.83546 0.09244
v -0.38663 0.84178 0.08752
v -0.38902 0.85622 0.06096
v -0.33586 0.84628 0.06687
v -0.35173 0.83546 0.09244
v -0.38902 0.85622 0.06096
v -0.33586 0.84628 0.06687
v -0.38902 0.85622 0.06096
v -0.27540 0.98465 0.06660
v -0.06484 0.89647 0.30677
v -0.09052 1.01329 0.31600
v -0.18138 0.99644 0.29474
v -0.06484 0.89647 0.30677
v 0.01734 0.89159 0.29576
v -0.09052 1.01329 0.31600
v -0.12420 1.12768 0.29580
v -0.21153 1.11296 0.26782
v -0.09052 1.01329 0.31600
v -0.12420 1.12768 0.29580
v -0.09052 1.01329 0.31600
v -0.00402 1.01775 0.31856
v 0.01734 0.89159 0.29576
v -0.00402 1.01775 0.31856
v -0.09052 1.01329 0.31600
v -0.02495 1.13822 0.30332
v -0.12420 1.12768 0.29580
v -0.00402 1.01775 0.31856
v -0.13065 1.24573 0.24938
v -0.12420 1.12768 0.29580
v -0.02495 1.13822 0.30332
v -0.02839 1.25912 0.25523
v -0.13065 1.24573 0.24938
v -0.02495 1.13822 0.30332
v 0.07391 1.24955 0.24439
v -0.02839 1.25912 0.25523
v -0.02495 1.13822 0.30332
v 0.07413 1.13139 0.29096
v 0.07391 1.24955 0.24439
v -0.02495 1.13822 0.30332
v 0.07413 1.13139 0.29096
v -0.02495 1.13822 0.30332
v -0.00402 1.01775 0.31856
v 0.07413 1.13139 0.29096
v 0.17990 1.23444 0.23201
v 0.07391 1.24955 0.24439
v 0.01734 0.89159 0.29576
v 0.08975 0.89515 0.25517
v 0.08492 1.01428 0.28573
v 0.08975 0.89515 0.25517
v 0.16425 0.89701 0.19637
v 0.16400 0.99825 0.23343
v 0.18491 1.54031 -0.02012
v 0.17363 1.56575 -0.08505
v 0.14724 1.72995 0.07845
v 0.14724 1.72995 0.07845
v 0.17363 1.56575 -0.08505
v 0.14175 1.74620 -0.00910
v 0.35748 1.10086 -0.03203
v 0.33181 1.12558 -0.03545
v 0.35585 1.15971 -0.06963
v 0.33181 1.12558 -0.03545
v 0.32160 1.16684 -0.01350
v 0.34539 1.19076 -0.04153
v 0.32160 1.16684 -0.01350
v 0.34526 1.18425 0.01982
v 0.37353 1.18590 0.00177
v 0.34526 1.18425 0.01982
v 0.38685 1.15689 0.03443
v 0.41804 1.17871 0.00177
v 0.38685 1.15689 0.03443
v 0.40214 1.11604 0.01702
v 0.43315 1.14709 -0.02326
v 0.40214 1.11604 0.01702
v 0.38763 1.09612 -0.00996
v 0.41962 1.13106 -0.05258
v 0.38763 1.09612 -0.00996
v 0.35748 1.10086 -0.03203
v 0.38443 1.13914 -0.07104
v 0.07926 1.22724 0.06257
v -0.03195 1.33334 0.17725
v 0.10856 1.36638 0.01778
v 0.07926 1.22724 0.06257
v 0.10856 1.36638 0.01778
v 0.12937 1.25250 -0.09406
v 0.10856 1.36638 0.01778
v 0.15673 1.34525 -0.08877
v 0.12937 1.25250 -0.09406
v 0.16403 1.44267 -0.04595
v 0.15673 1.34525 -0.08877
v 0.10856 1.36638 0.01778
v 0.07926 1.22724 0.06257
v 0.12937 1.25250 -0.09406
v 0.06439 1.14599 -0.07760
v 0.40246 1.06995 -0.00163
v 0.26828 0.94679 0.04893
v 0.34680 1.07350 -0.04466
v 0.40246 1.06995 -0.00163
v 0.34680 1.07350 -0.04466
v 0.35748 1.10086 -0.03203
v 0.38763 1.09612 -0.00996
v 0.40246 1.06995 -0.00163
v 0.35748 1.10086 -0.03203
v 0.38763 1.09612 -0.00996
v 0.40214 1.11604 0.01702
v 0.40246 1.06995 -0.00163
v 0.40214 1.11604 0.01702
v 0.41333 1.10213 0.03239
v 0.40246 1.06995 -0.00163
v 0.40246 1.06995 -0.00163
v 0.41333 1.10213 0.03239
v 0.36820 1.02502 0.14073
v 0.40214 1.11604 0.01702
v 0.38685 1.15689 0.03443
v 0.41333 1.10213 0.03239
v 0.38685 1.15689 0.03443
v 0.39238 1.15297 0.05418
v 0.41333 1.10213 0.03239
v 0.41333 1.10213 0.03239
v 0.39238 1.15297 0.05418
v 0.36820 1.02502 0.14073
v 0.38685 1.15689 0.03443
v 0.34526 1.18425 0.01982
v 0.39238 1.15297 0.05418
v 0.39238 1.15297 0.05418
v 0.34596 1.06538 0.15202
v 0.36820 1.02502 0.14073
v 0.34526 1.18425 0.01982
v 0.34304 1.18869 0.03975
v 0.39238 1.15297 0.05418
v 0.34304 1.18869 0.03975
v 0.30040 1.08032 0.10688
v 0.39238 1.15297 0.05418
v 0.34526 1.18425 0.01982
v 0.32160 1.16684 -0.01350
v 0.34304 1.18869 0.03975
v 0.32160 1.16684 -0.01350
v 0.30174 1.15710 -0.01174
v 0.34304 1.18869 0.03975
v 0.32160 1.16684 -0.01350
v 0.33181 1.12558 -0.03545
v 0.30174 1.15710 -0.01174
v 0.33181 1.12558 -0.03545
v 0.30653 1.10488 -0.04597
v 0.30174 1.15710 -0.01174
v 0.33181 1.12558 -0.03545
v 0.35748 1.10086 -0.03203
v 0.30653 1.10488 -0.04597
v 0.35748 1.10086 -0.03203
v 0.34680 1.07350 -0.04466
v 0.30653 1.10488 -0.04597
v 0.34680 1.07350 -0.04466
v 0.26828 0.94679 0.04893
v 0.21079 0.98968 0.04783
v -0.03242 1.19617 0.04199
v -0.14404 1.22306 0.06802
v -0.03195 1.33334 0.17725
v 0.07926 1.22724 0.06257
v -0.03242 1.19617 0.04199
v -0.03195 1.33334 0.17725
v -0.14404 1.22306 0.06802
v -0.03242 1.19617 0.04199
v -0.10003 1.13047 0.02646
v -0.03242 1.19617 0.04199
v 0.07926 1.22724 0.06257
v 0.03679 1.13303 0.02312
v -0.03242 1.19617 0.04199
v 0.03679 1.13303 0.02312
v -0.05604 1.05567 -0.01029
v -0.24019 1.42426 -0.04370
v -0.22604 1.33085 -0.08575
v -0.28596 1.42788 -0.05305
v -0.20289 1.76733 0.08296
v -0.22886 1.79635 0.10405
v -0.14773 1.82672 0.11000
v -0.12828 1.77969 0.08401
v -0.20289 1.76733 0.08296
v -0.14773 1.82672 0.11000
v -0.05369 1.79205 0.08506
v -0.12828 1.77969 0.08401
v -0.14773 1.82672 0.11000
v -0.05369 1.79205 0.08506
v -0.14773 1.82672 0.11000
v -0.05564 1.83815 0.11018
v 0.03708 1.83511 0.10723
v -0.05369 1.79205 0.08506
v -0.05564 1.83815 0.11018
v 0.02170 1.78652 0.08318
v -0.05369 1.79205 0.08506
v 0.03708 1.83511 0.10723
v 0.09710 1.78100 0.08129
v 0.02170 1.78652 0.08318
v 0.03708 1.83511 0.10723
v 0.09710 1.78100 0.08129
v 0.11704 1.81507 0.09659
v 0.17211 1.75297 0.07329
v 0.09710 1.78100 0.08129
v 0.17211 1.75297 0.07329
v 0.14285 1.73309 0.06068
v 0.14285 1.73309 0.06068
v 0.17211 1.75297 0.07329
v 0.17271 1.58729 -0.00564
v 0.17271 1.58729 -0.00564
v 0.21126 1.60803 -0.00490
v 0.16403 1.44267 -0.04595
v 0.19664 1.34744 -0.08762
v 0.15673 1.34525 -0.08877
v 0.21379 1.46699 -0.06032
v 0.37132 1.39814 0.00505
v 0.37626 1.43534 -0.01093
v 0.36758 1.39836 -0.02176
v 0.37132 1.39814 0.00505
v 0.40237 1.39490 0.00270
v 0.39939 1.43262 -0.01276
v 0.42182 1.39511 -0.02047
v 0.46061 1.42216 -0.06591
v 0.43534 1.43687 -0.05478
v 0.42182 1.39511 -0.02047
v 0.46323 1.36109 -0.03953
v 0.46061 1.42216 -0.06591
v 0.49392 1.36304 -0.07726
v 0.48678 1.38751 -0.07477
v 0.49741 1.33367 -0.05515
v 0.40022 1.32548 0.00546
v 0.38578 1.24460 -0.00138
v 0.48203 1.25348 -0.02763
v 0.30033 1.28430 -0.03282
v 0.29042 1.31231 -0.05409
v 0.30832 1.27688 -0.05449
v 0.31726 1.29659 -0.02378
v 0.33541 1.28436 -0.04776
v 0.32301 1.32532 -0.04509
v -0.00590 1.26926 0.13389
v 0.00480 1.20994 0.07424
v 0.01798 1.31817 0.03582
v -0.14682 1.54240 -0.34950
v -0.12434 1.59638 -0.14544
v -0.24891 1.52480 -0.11053
v -0.05828 1.57870 -0.37330
v 0.03191 1.60349 -0.14631
v -0.04644 1.60268 -0.16395
v 0.02352 1.56494 -0.37178
v 0.03191 1.60349 -0.14631
v -0.05828 1.57870 -0.37330
v 0.09099 1.79446 0.00476
v 0.02640 1.81038 0.00543
v 0.02296 1.80083 0.11137
v -0.08727 0.91029 -0.01843
v -0.02249 0.91397 -0.01314
v -0.07928 0.84612 0.00742
v 0.17520 0.83523 0.10605
v 0.19237 0.88516 0.11279
v 0.15192 0.83613 0.17650
v -0.16269 0.83881 0.28151
v -0.07250 0.83209 0.28385
v -0.06484 0.89647 0.30677
v -0.22362 0.83863 0.23917
v -0.23253 0.88878 0.25461
v -0.24621 0.84115 0.16990
v 0.11704 1.81507 0.09659
v 0.08624 1.78257 0.20312
v 0.16947 1.70678 0.16208
v -0.22886 1.79635 0.10405
v -0.27782 1.72744 0.08359
v -0.26731 1.68689 0.16450
v -0.37718 1.01685 0.15009
v -0.42625 0.85351 0.17728
v -0.36827 0.84136 0.19760
v -0.43454 0.86179 0.10532
v -0.42457 0.84571 0.11638
v -0.42625 0.85351 0.17728
v -0.38902 0.85622 0.06096
v -0.38663 0.84178 0.08752
v -0.43454 0.86179 0.10532
v -0.27540 0.98465 0.06660
v -0.38902 0.85622 0.06096
v -0.43454 0.86179 0.10532
v -0.21153 1.11296 0.26782
v -0.18138 0.99644 0.29474
v -0.09052 1.01329 0.31600
v -0.00402 1.01775 0.31856
v 0.01734 0.89159 0.29576
v 0.08492 1.01428 0.28573
v 0.08492 1.01428 0.28573
v 0.07413 1.13139 0.29096
v -0.00402 1.01775 0.31856
v 0.08492 1.01428 0.28573
v 0.08975 0.89515 0.25517
v 0.16400 0.99825 0.23343
v 0.35585 1.15971 -0.06963
v 0.33181 1.12558 -0.03545
v 0.34539 1.19076 -0.04153
v 0.34539 1.19076 -0.04153
v 0.32160 1.16684 -0.01350
v 0.37353 1.18590 0.00177
v 0.37353 1.18590 0.00177
v 0.34526 1.18425 0.01982
v 0.41804 1.17871 0.00177
v 0.41804 1.17871 0.00177
v 0.38685 1.15689 0.03443
v 0.43315 1.14709 -0.02326
v 0.43315 1.14709 -0.02326
v 0.40214 1.11604 0.01702
v 0.41962 1.13106 -0.05258
v 0.41962 1.13106 -0.05258
v 0.38763 1.09612 -0.00996
v 0.38443 1.13914 -0.07104
v 0.30040 1.08032 0.10688
v 0.34596 1.06538 0.15202
v 0.39238 1.15297 0.05418
v 0.30040 1.08032 0.10688
v 0.34304 1.18869 0.03975
v 0.30174 1.15710 -0.01174
v 0.30653 1.10488 -0.04597
v 0.21079 0.98968 0.04783
v 0.30174 1.15710 -0.01174
v 0.30653 1.10488 -0.04597
v 0.34680 1.07350 -0.04466
v 0.21079 0.98968 0.04783
v -0.10003 1.13047 0.02646
v -0.03242 1.19617 0.04199
v -0.05604 1.05567 -0.01029
v 0.11704 1.81507 0.09659
v 0.09710 1.78100 0.08129
v 0.03708 1.83511 0.10723
v 0.17211 1.75297 0.07329
v 0.21126 1.60803 -0.00490
v 0.17271 1.58729 -0.00564
v 0.21126 1.60803 -0.00490
v 0.21379 1.46699 -0.06032
v 0.16403 1.44267 -0.04595
v -0.24867 1.52076 -0.29697
v -0.23067 1.49352 -0.28168
v -0.24891 1.52480 -0.11053
v -0.27412 1.44923 -0.06999
v -0.26957 1.51961 -0.01760
v -0.26013 1.52297 -0.06564
v -0.25205 1.39272 -0.07680
v -0.26957 1.51961 -0.01760
v -0.24699 1.49965 -0.05115
v 0.13088 1.53543 -0.30267
v 0.14314 1.56197 -0.31739
v 0.15792 1.56873 -0.13163
v 0.13088 1.53543 -0.30267
v 0.02352 1.56494 -0.37178
v 0.14314 1.56197 -0.31739
v 0.02352 1.56494 -0.37178
v 0.02454 1.59373 -0.38584
v 0.14314 1.56197 -0.31739
v 0.02454 1.59373 -0.38584
v 0.02352 1.56494 -0.37178
v -0.05828 1.57870 -0.37330
v -0.06191 1.60796 -0.38872
v 0.02454 1.59373 -0.38584
v -0.05828 1.57870 -0.37330
v -0.15487 1.57178 -0.36340
v -0.06191 1.60796 -0.38872
v -0.05828 1.57870 -0.37330
v -0.14682 1.54240 -0.34950
v -0.15487 1.57178 -0.36340
v -0.05828 1.57870 -0.37330
v -0.15487 1.57178 -0.36340
v -0.14682 1.54240 -0.34950
v -0.24867 1.52076 -0.29697
v -0.14682 1.54240 -0.34950
v -0.23067 1.49352 -0.28168
v -0.24867 1.52076 -0.29697
v 0.17766 1.44796 -0.08685
v 0.16403 1.44267 -0.04595
v 0.16387 1.51837 -0.05344
v 0.01478 0.96043 -0.02913
v 0.02593 0.95864 -0.04498
v 0.04243 0.96043 -0.03577
v -0.18708 0.91596 -0.00298
v -0.18666 0.91617 -0.02571
v -0.16136 0.91640 -0.01376
v 0.39874 1.39298 -0.03128
v 0.36758 1.39836 -0.02176
v 0.37490 1.42896 -0.02646
v 0.39874 1.39298 -0.03128
v 0.39919 1.36019 -0.02984
v 0.36758 1.39836 -0.02176
v 0.39919 1.36019 -0.02984
v 0.36753 1.36730 -0.01962
v 0.36758 1.39836 -0.02176
v 0.39764 1.32940 -0.03102
v 0.36422 1.34028 -0.02157
v 0.39919 1.36019 -0.02984
v 0.36422 1.34028 -0.02157
v 0.36753 1.36730 -0.01962
v 0.39919 1.36019 -0.02984
v 0.39764 1.32940 -0.03102
v 0.39176 1.23935 -0.05460
v 0.36268 1.29006 -0.04775
v 0.33541 1.28436 -0.04776
v 0.36268 1.29006 -0.04775
v 0.39176 1.23935 -0.05460
v 0.36268 1.29006 -0.04775
v 0.36422 1.34028 -0.02157
v 0.39764 1.32940 -0.03102
v 0.43651 1.31273 -0.04624
v 0.39764 1.32940 -0.03102
v 0.44597 1.33845 -0.05394
v 0.39764 1.32940 -0.03102
v 0.40590 1.35413 -0.03369
v 0.44597 1.33845 -0.05394
v 0.40590 1.35413 -0.03369
v 0.41376 1.38517 -0.04389
v 0.45531 1.36951 -0.06818
v 0.44597 1.33845 -0.05394
v 0.40590 1.35413 -0.03369
v 0.45531 1.36951 -0.06818
v 0.45531 1.36951 -0.06818
v 0.48121 1.35095 -0.08687
v 0.48553 1.32336 -0.07614
v 0.44597 1.33845 -0.05394
v 0.45531 1.36951 -0.06818
v 0.48553 1.32336 -0.07614
v 0.44597 1.33845 -0.05394
v 0.48553 1.32336 -0.07614
v 0.47912 1.29062 -0.07003
v 0.43651 1.31273 -0.04624
v 0.44597 1.33845 -0.05394
v 0.47912 1.29062 -0.07003
v 0.43651 1.31273 -0.04624
v 0.47912 1.29062 -0.07003
v 0.47353 1.25754 -0.06369
v 0.40367 1.13914 -0.03729
v 0.35683 1.16119 -0.05010
v 0.45920 1.18133 -0.05535
v 0.34123 1.24086 -0.05993
v 0.33541 1.28436 -0.04776
v 0.39176 1.23935 -0.05460
v 0.32498 1.20552 -0.05071
v 0.34123 1.24086 -0.05993
v 0.35683 1.16119 -0.05010
v 0.31220 1.24402 -0.04367
v 0.34123 1.24086 -0.05993
v 0.32498 1.20552 -0.05071
v 0.34123 1.24086 -0.05993
v 0.31220 1.24402 -0.04367
v 0.33541 1.28436 -0.04776
v 0.33541 1.28436 -0.04776
v 0.31220 1.24402 -0.04367
v 0.30832 1.27688 -0.05449
v 0.30832 1.27688 -0.05449
v 0.29740 1.30737 -0.07934
v 0.33541 1.28436 -0.04776
v 0.36825 1.36628 0.00818
v 0.37132 1.39814 0.00505
v 0.36758 1.39836 -0.02176
v 0.36753 1.36730 -0.01962
v 0.36825 1.36628 0.00818
v 0.36758 1.39836 -0.02176
v 0.40022 1.32548 0.00546
v 0.36366 1.33911 0.00575
v 0.34781 1.28647 0.00073
v 0.36366 1.33911 0.00575
v 0.36825 1.36628 0.00818
v 0.36753 1.36730 -0.01962
v 0.34781 1.28647 0.00073
v 0.36366 1.33911 0.00575
v 0.36422 1.34028 -0.02157
v 0.36422 1.34028 -0.02157
v 0.36366 1.33911 0.00575
v 0.36753 1.36730 -0.01962
v 0.37132 1.39814 0.00505
v 0.36825 1.36628 0.00818
v 0.40304 1.36043 0.00858
v 0.40304 1.36043 0.00858
v 0.36825 1.36628 0.00818
v 0.36366 1.33911 0.00575
v 0.40022 1.32548 0.00546
v 0.40304 1.36043 0.00858
v 0.36366 1.33911 0.00575
v 0.40237 1.39490 0.00270
v 0.37132 1.39814 0.00505
v 0.40304 1.36043 0.00858
v 0.40237 1.39490 0.00270
v 0.40304 1.36043 0.00858
v 0.39919 1.36019 -0.02984
v 0.39874 1.39298 -0.03128
v 0.40237 1.39490 0.00270
v 0.39919 1.36019 -0.02984
v 0.40304 1.36043 0.00858
v 0.40022 1.32548 0.00546
v 0.39764 1.32940 -0.03102
v 0.39919 1.36019 -0.02984
v 0.40304 1.36043 0.00858
v 0.39764 1.32940 -0.03102
v 0.34976 1.28710 -0.02665
v 0.34781 1.28647 0.00073
v 0.36422 1.34028 -0.02157
v 0.34976 1.28710 -0.02665
v 0.33541 1.28436 -0.04776
v 0.34781 1.28647 0.00073
v 0.36268 1.29006 -0.04775
v 0.34976 1.28710 -0.02665
v 0.36422 1.34028 -0.02157
v 0.36268 1.29006 -0.04775
v 0.33541 1.28436 -0.04776
v 0.34976 1.28710 -0.02665
v 0.40022 1.32548 0.00546
v 0.41078 1.35440 -0.00004
v 0.39764 1.32940 -0.03102
v 0.41078 1.35440 -0.00004
v 0.40590 1.35413 -0.03369
v 0.39764 1.32940 -0.03102
v 0.41078 1.35440 -0.00004
v 0.42182 1.39511 -0.02047
v 0.40590 1.35413 -0.03369
v 0.42182 1.39511 -0.02047
v 0.41376 1.38517 -0.04389
v 0.40590 1.35413 -0.03369
v 0.42182 1.39511 -0.02047
v 0.42612 1.42484 -0.06451
v 0.41376 1.38517 -0.04389
v 0.45206 1.32335 -0.01625
v 0.40022 1.32548 0.00546
v 0.48203 1.25348 -0.02763
v 0.41078 1.35440 -0.00004
v 0.40022 1.32548 0.00546
v 0.45206 1.32335 -0.01625
v 0.42182 1.39511 -0.02047
v 0.41078 1.35440 -0.00004
v 0.45206 1.32335 -0.01625
v 0.46323 1.36109 -0.03953
v 0.42182 1.39511 -0.02047
v 0.45206 1.32335 -0.01625
v 0.49741 1.33367 -0.05515
v 0.46323 1.36109 -0.03953
v 0.49294 1.29315 -0.03594
v 0.49294 1.29315 -0.03594
v 0.45206 1.32335 -0.01625
v 0.48203 1.25348 -0.02763
v 0.46323 1.36109 -0.03953
v 0.45206 1.32335 -0.01625
v 0.49294 1.29315 -0.03594
v 0.49392 1.36304 -0.07726
v 0.49741 1.33367 -0.05515
v 0.48553 1.32336 -0.07614
v 0.48121 1.35095 -0.08687
v 0.49392 1.36304 -0.07726
v 0.48553 1.32336 -0.07614
v 0.48553 1.32336 -0.07614
v 0.49741 1.33367 -0.05515
v 0.47912 1.29062 -0.07003
v 0.49741 1.33367 -0.05515
v 0.49294 1.29315 -0.03594
v 0.47912 1.29062 -0.07003
v 0.47912 1.29062 -0.07003
v 0.49294 1.29315 -0.03594
v 0.47353 1.25754 -0.06369
v 0.47353 1.25754 -0.06369
v 0.48203 1.25348 -0.02763
v 0.46580 1.18815 -0.02455
v 0.49294 1.29315 -0.03594
v 0.48203 1.25348 -0.02763
v 0.47353 1.25754 -0.06369
v 0.40367 1.13914 -0.03729
v 0.45920 1.18133 -0.05535
v 0.40601 1.15596 -0.01547
v 0.36735 1.17739 -0.02177
v 0.40601 1.15596 -0.01547
v 0.46580 1.18815 -0.02455
v 0.34781 1.28647 0.00073
v 0.32211 1.21871 -0.00886
v 0.38578 1.24460 -0.00138
v 0.32211 1.21871 -0.00886
v 0.36735 1.17739 -0.02177
v 0.38578 1.24460 -0.00138
v 0.36735 1.17739 -0.02177
v 0.32211 1.21871 -0.00886
v 0.32498 1.20552 -0.05071
v 0.30931 1.24760 -0.01626
v 0.32211 1.21871 -0.00886
v 0.34781 1.28647 0.00073
v 0.32211 1.21871 -0.00886
v 0.30931 1.24760 -0.01626
v 0.32498 1.20552 -0.05071
v 0.30931 1.24760 -0.01626
v 0.31726 1.29659 -0.02378
v 0.30033 1.28430 -0.03282
v 0.31220 1.24402 -0.04367
v 0.30033 1.28430 -0.03282
v 0.30832 1.27688 -0.05449
v 0.30931 1.24760 -0.01626
v 0.30033 1.28430 -0.03282
v 0.31220 1.24402 -0.04367
v 0.32498 1.20552 -0.05071
v 0.30931 1.24760 -0.01626
v 0.31220 1.24402 -0.04367
v 0.31726 1.29659 -0.02378
v 0.33212 1.28067 -0.01186
v 0.33541 1.28436 -0.04776
v 0.33541 1.28436 -0.04776
v 0.33212 1.28067 -0.01186
v 0.34781 1.28647 0.00073
v 0.33212 1.28067 -0.01186
v 0.30931 1.24760 -0.01626
v 0.34781 1.28647 0.00073
v 0.33212 1.28067 -0.01186
v 0.31726 1.29659 -0.02378
v 0.30931 1.24760 -0.01626
v -0.06849 1.20857 0.07603
v -0.08253 1.31359 0.03637
v -0.03162 1.29993 0.02315
v -0.06849 1.20857 0.07603
v -0.06390 1.26525 0.13933
v -0.08253 1.31359 0.03637
v -0.06390 1.26525 0.13933
v -0.09667 1.34752 0.11765
v -0.08253 1.31359 0.03637
v -0.24891 1.52480 -0.11053
v -0.25608 1.72804 -0.08302
v -0.21493 1.56829 -0.17139
v -0.25608 1.72804 -0.08302
v -0.22114 1.76766 -0.12086
v -0.21493 1.56829 -0.17139
v -0.21493 1.56829 -0.17139
v -0.22114 1.76766 -0.12086
v -0.14979 1.79293 -0.16351
v -0.14021 1.60708 -0.22412
v -0.21493 1.56829 -0.17139
v -0.14979 1.79293 -0.16351
v -0.14021 1.60708 -0.22412
v -0.14979 1.79293 -0.16351
v -0.05680 1.63270 -0.24826
v -0.14979 1.79293 -0.16351
v -0.06298 1.80114 -0.18610
v -0.05680 1.63270 -0.24826
v -0.06298 1.80114 -0.18610
v 0.02231 1.80510 -0.16770
v -0.05680 1.63270 -0.24826
v 0.02231 1.80510 -0.16770
v 0.02875 1.62332 -0.23143
v -0.05680 1.63270 -0.24826
v 0.11073 1.60164 -0.18784
v 0.02875 1.62332 -0.23143
v 0.02231 1.80510 -0.16770
v 0.09515 1.79165 -0.12976
v 0.11073 1.60164 -0.18784
v 0.02231 1.80510 -0.16770
v 0.09515 1.79165 -0.12976
v 0.13755 1.75791 -0.09411
v 0.11073 1.60164 -0.18784
v 0.13755 1.75791 -0.09411
v 0.15792 1.56873 -0.13163
v 0.11073 1.60164 -0.18784
v -0.24891 1.52480 -0.11053
v -0.22803 1.54328 -0.05518
v -0.26013 1.52297 -0.06564
v -0.14682 1.54240 -0.34950
v -0.24891 1.52480 -0.11053
v -0.23067 1.49352 -0.28168
v 0.15792 1.56873 -0.13163
v 0.02352 1.56494 -0.37178
v 0.13088 1.53543 -0.30267
v -0.24891 1.52480 -0.11053
v -0.21493 1.56829 -0.17139
v -0.24867 1.52076 -0.29697
v -0.15487 1.57178 -0.36340
v -0.24867 1.52076 -0.29697
v -0.21493 1.56829 -0.17139
v -0.14021 1.60708 -0.22412
v -0.15487 1.57178 -0.36340
v -0.21493 1.56829 -0.17139
v -0.06191 1.60796 -0.38872
v -0.15487 1.57178 -0.36340
v -0.14021 1.60708 -0.22412
v -0.05680 1.63270 -0.24826
v -0.06191 1.60796 -0.38872
v -0.14021 1.60708 -0.22412
v 0.02620 1.60523 -0.32662
v -0.06191 1.60796 -0.38872
v -0.05680 1.63270 -0.24826
v -0.05680 1.63270 -0.24826
v 0.02875 1.62332 -0.23143
v 0.02620 1.60523 -0.32662
v 0.02620 1.60523 -0.32662
v 0.02454 1.59373 -0.38584
v -0.06191 1.60796 -0.38872
v 0.02454 1.59373 -0.38584
v 0.02620 1.60523 -0.32662
v 0.11073 1.60164 -0.18784
v 0.02620 1.60523 -0.32662
v 0.02875 1.62332 -0.23143
v 0.11073 1.60164 -0.18784
v 0.14314 1.56197 -0.31739
v 0.02454 1.59373 -0.38584
v 0.11073 1.60164 -0.18784
v 0.11073 1.60164 -0.18784
v 0.15792 1.56873 -0.13163
v 0.14314 1.56197 -0.31739
v -0.26013 1.52297 -0.06564
v -0.26957 1.51961 -0.01760
v -0.24820 1.71194 0.08064
v -0.26013 1.52297 -0.06564
v -0.24820 1.71194 0.08064
v -0.25207 1.71965 -0.00049
v -0.26013 1.52297 -0.06564
v -0.25207 1.71965 -0.00049
v -0.25608 1.72804 -0.08302
v -0.24891 1.52480 -0.11053
v -0.26013 1.52297 -0.06564
v -0.25608 1.72804 -0.08302
v -0.21247 1.77062 0.01059
v -0.20627 1.76672 0.10073
v -0.13052 1.79384 0.11222
v -0.25207 1.71965 -0.00049
v -0.21247 1.77062 0.01059
v -0.22114 1.76766 -0.12086
v -0.25608 1.72804 -0.08302
v -0.25207 1.71965 -0.00049
v -0.22114 1.76766 -0.12086
v -0.14979 1.79293 -0.16351
v -0.22114 1.76766 -0.12086
v -0.21247 1.77062 0.01059
v -0.13699 1.80373 0.00801
v -0.14979 1.79293 -0.16351
v -0.21247 1.77062 0.01059
v -0.13699 1.80373 0.00801
v -0.21247 1.77062 0.01059
v -0.13052 1.79384 0.11222
v -0.13699 1.80373 0.00801
v -0.13052 1.79384 0.11222
v -0.05396 1.80284 0.12401
v -0.14979 1.79293 -0.16351
v -0.13699 1.80373 0.00801
v -0.06224 1.81775 0.00626
v -0.06224 1.81775 0.00626
v -0.13699 1.80373 0.00801
v -0.05396 1.80284 0.12401
v 0.02640 1.81038 0.00543
v -0.06224 1.81775 0.00626
v -0.05396 1.80284 0.12401
v -0.14979 1.79293 -0.16351
v -0.06224 1.81775 0.00626
v -0.06298 1.80114 -0.18610
v -0.06224 1.81775 0.00626
v 0.02231 1.80510 -0.16770
v -0.06298 1.80114 -0.18610
v 0.02231 1.80510 -0.16770
v 0.02640 1.81038 0.00543
v 0.09099 1.79446 0.00476
v 0.02231 1.80510 -0.16770
v -0.06224 1.81775 0.00626
v 0.02640 1.81038 0.00543
v 0.09515 1.79165 -0.12976
v 0.02231 1.80510 -0.16770
v 0.09099 1.79446 0.00476
v 0.13755 1.75791 -0.09411
v 0.09515 1.79165 -0.12976
v 0.09099 1.79446 0.00476
v 0.14175 1.74620 -0.00910
v 0.13755 1.75791 -0.09411
v 0.09099 1.79446 0.00476
v -0.22626 1.11012 0.26263
v -0.23611 1.02306 0.16261
v -0.20681 0.97918 0.21875
v -0.23611 1.02306 0.16261
v -0.21598 0.97262 0.15869
v -0.20681 0.97918 0.21875
v -0.23611 1.02306 0.16261
v -0.24188 1.04887 0.07255
v -0.21598 0.97262 0.15869
v -0.22626 1.11012 0.26263
v -0.20681 0.97918 0.21875
v -0.23251 0.95489 0.24291
v -0.21598 0.97262 0.15869
v -0.24965 0.95564 0.16253
v -0.23251 0.95489 0.24291
v -0.21598 0.97262 0.15869
v -0.24188 1.04887 0.07255
v -0.24965 0.95564 0.16253
v -0.18930 1.19764 0.02528
v -0.11969 1.08791 0.00522
v -0.15510 1.07766 0.02088
v -0.14133 0.98768 0.00951
v -0.15510 1.07766 0.02088
v -0.05604 1.05567 -0.01029
v -0.14133 0.98768 0.00951
v -0.07735 0.99272 -0.02219
v -0.08727 0.91029 -0.01843
v -0.14133 0.98768 0.00951
v -0.05604 1.05567 -0.01029
v -0.07735 0.99272 -0.02219
v -0.00737 0.98719 -0.02779
v -0.02249 0.91397 -0.01314
v -0.08727 0.91029 -0.01843
v -0.07735 0.99272 -0.02219
v -0.00737 0.98719 -0.02779
v -0.08727 0.91029 -0.01843
v -0.05604 1.05567 -0.01029
v -0.00737 0.98719 -0.02779
v -0.07735 0.99272 -0.02219
v -0.05604 1.05567 -0.01029
v 0.03856 1.09004 -0.00811
v 0.06990 1.08028 -0.00268
v -0.13562 0.84588 0.03548
v -0.13596 0.91494 0.02474
v -0.07928 0.84612 0.00742
v -0.26864 1.25617 0.10547
v -0.25946 1.27359 0.09972
v -0.24630 1.19683 0.04235
v -0.25568 1.28008 0.18194
v -0.25946 1.27359 0.09972
v -0.26864 1.25617 0.10547
v -0.26559 1.26477 0.18198
v -0.25568 1.28008 0.18194
v -0.26864 1.25617 0.10547
v -0.26559 1.26477 0.18198
v -0.23649 1.22665 0.24218
v -0.25568 1.28008 0.18194
v -0.15199 0.85467 0.02916
v -0.15633 0.91501 0.01678
v -0.13562 0.84588 0.03548
v -0.15884 0.98427 0.00692
v -0.14133 0.98768 0.00951
v -0.13596 0.91494 0.02474
v -0.14133 0.98768 0.00951
v -0.15884 0.98427 0.00692
v -0.15510 1.07766 0.02088
v -0.15884 0.98427 0.00692
v -0.16730 1.07323 0.01484
v -0.15510 1.07766 0.02088
v -0.18930 1.19764 0.02528
v -0.24630 1.19683 0.04235
v -0.25946 1.27359 0.09972
v -0.25946 1.27359 0.09972
v -0.25568 1.28008 0.18194
v -0.19684 1.27990 0.10134
v -0.23374 0.97116 0.06438
v -0.24188 1.04887 0.07255
v -0.16730 1.07323 0.01484
v -0.15884 0.98427 0.00692
v -0.23374 0.97116 0.06438
v -0.16730 1.07323 0.01484
v -0.25670 0.89554 0.17053
v -0.24965 0.95564 0.16253
v -0.23374 0.97116 0.06438
v -0.23251 0.95489 0.24291
v -0.24965 0.95564 0.16253
v -0.25670 0.89554 0.17053
v -0.24965 0.95564 0.16253
v -0.24188 1.04887 0.07255
v -0.23374 0.97116 0.06438
v -0.25568 1.28008 0.18194
v -0.18377 1.29134 0.20111
v -0.19684 1.27990 0.10134
v -0.11997 1.29940 0.21695
v -0.13065 1.24573 0.24938
v -0.02979 1.30431 0.24136
v 0.17990 1.23444 0.23201
v 0.12288 1.29708 0.19363
v 0.07391 1.24955 0.24439
v 0.19414 1.28850 0.17095
v 0.12288 1.29708 0.19363
v 0.17990 1.23444 0.23201
v 0.19414 1.28850 0.17095
v 0.19412 1.28208 0.08865
v 0.13293 1.28923 0.09288
v 0.12331 1.20349 0.01765
v 0.13293 1.28923 0.09288
v 0.19412 1.28208 0.08865
v 0.12331 1.20349 0.01765
v 0.18106 1.20482 0.03191
v 0.07695 1.07583 -0.01344
v 0.12331 1.20349 0.01765
v 0.07695 1.07583 -0.01344
v 0.06990 1.08028 -0.00268
v 0.00538 0.98364 -0.03919
v -0.01098 0.91377 -0.03174
v -0.02249 0.91397 -0.01314
v -0.00737 0.98719 -0.02779
v 0.00538 0.98364 -0.03919
v -0.02249 0.91397 -0.01314
v 0.00538 0.98364 -0.03919
v -0.00737 0.98719 -0.02779
v 0.06990 1.08028 -0.00268
v 0.09839 0.96983 -0.02943
v 0.00538 0.98364 -0.03919
v 0.07695 1.07583 -0.01344
v 0.09839 0.96983 -0.02943
v 0.08394 0.90139 -0.03637
v 0.00538 0.98364 -0.03919
v 0.00538 0.98364 -0.03919
v 0.08394 0.90139 -0.03637
v -0.01098 0.91377 -0.03174
v 0.08394 0.90139 -0.03637
v 0.07923 0.84439 -0.01796
v -0.00794 0.85344 -0.01892
v 0.09839 0.96983 -0.02943
v 0.16128 0.89198 0.03102
v 0.08394 0.90139 -0.03637
v 0.16128 0.89198 0.03102
v 0.15169 0.83776 0.03709
v 0.07923 0.84439 -0.01796
v 0.16833 0.95494 0.05545
v 0.16128 0.89198 0.03102
v 0.09839 0.96983 -0.02943
v 0.08394 0.90139 -0.03637
v 0.16128 0.89198 0.03102
v 0.07923 0.84439 -0.01796
v 0.16128 0.89198 0.03102
v 0.19237 0.88516 0.11279
v 0.15169 0.83776 0.03709
v 0.19223 0.95446 0.13736
v 0.19237 0.88516 0.11279
v 0.16128 0.89198 0.03102
v 0.16833 0.95494 0.05545
v 0.19223 0.95446 0.13736
v 0.16128 0.89198 0.03102
v 0.19223 0.95446 0.13736
v 0.16400 0.99825 0.23343
v 0.19237 0.88516 0.11279
v 0.19223 0.95446 0.13736
v 0.17504 1.11764 0.25283
v 0.16400 0.99825 0.23343
v 0.17504 1.11764 0.25283
v 0.17990 1.23444 0.23201
v 0.16049 1.11992 0.25874
v 0.15192 0.83613 0.17650
v 0.16425 0.89701 0.19637
v 0.08975 0.89515 0.25517
v 0.08113 0.83078 0.23257
v 0.08975 0.89515 0.25517
v 0.01734 0.89159 0.29576
v 0.08113 0.83078 0.23257
v 0.15192 0.83613 0.17650
v 0.08975 0.89515 0.25517
v -0.07250 0.83209 0.28385
v 0.00972 0.82863 0.27448
v 0.01734 0.89159 0.29576
v -0.16343 0.89941 0.30122
v -0.16269 0.83881 0.28151
v -0.06484 0.89647 0.30677
v -0.16343 0.89941 0.30122
v -0.23253 0.88878 0.25461
v -0.16269 0.83881 0.28151
v -0.24621 0.84115 0.16990
v -0.25670 0.89554 0.17053
v -0.22124 0.84695 0.08233
v -0.22626 1.11012 0.26263
v -0.23251 0.95489 0.24291
v -0.18138 0.99644 0.29474
v -0.22626 1.11012 0.26263
v -0.18138 0.99644 0.29474
v -0.21153 1.11296 0.26782
v -0.23649 1.22665 0.24218
v -0.22626 1.11012 0.26263
v -0.21153 1.11296 0.26782
v -0.25670 0.89554 0.17053
v -0.23519 0.90411 0.07015
v -0.22124 0.84695 0.08233
v -0.25670 0.89554 0.17053
v -0.23374 0.97116 0.06438
v -0.23519 0.90411 0.07015
v -0.23519 0.90411 0.07015
v -0.23374 0.97116 0.06438
v -0.15884 0.98427 0.00692
v -0.22124 0.84695 0.08233
v -0.23519 0.90411 0.07015
v -0.15199 0.85467 0.02916
v -0.23519 0.90411 0.07015
v -0.15633 0.91501 0.01678
v -0.15199 0.85467 0.02916
v -0.23519 0.90411 0.07015
v -0.15884 0.98427 0.00692
v -0.15633 0.91501 0.01678
v -0.15199 0.85467 0.02916
v -0.13562 0.84588 0.03548
v -0.22124 0.84695 0.08233
v -0.13562 0.84588 0.03548
v -0.20166 0.83685 0.09198
v -0.22124 0.84695 0.08233
v -0.22124 0.84695 0.08233
v -0.20166 0.83685 0.09198
v -0.24621 0.84115 0.16990
v -0.20166 0.83685 0.09198
v -0.22924 0.83433 0.17022
v -0.24621 0.84115 0.16990
v -0.24621 0.84115 0.16990
v -0.22924 0.83433 0.17022
v -0.22362 0.83863 0.23917
v -0.22924 0.83433 0.17022
v -0.21241 0.83039 0.22101
v -0.22362 0.83863 0.23917
v -0.22362 0.83863 0.23917
v -0.21241 0.83039 0.22101
v -0.16269 0.83881 0.28151
v -0.21241 0.83039 0.22101
v -0.15132 0.82878 0.25547
v -0.16269 0.83881 0.28151
v -0.16269 0.83881 0.28151
v -0.15132 0.82878 0.25547
v -0.07250 0.83209 0.28385
v 0.12705 0.82641 0.16256
v 0.15192 0.83613 0.17650
v 0.08113 0.83078 0.23257
v 0.15519 0.82725 0.09831
v 0.17520 0.83523 0.10605
v 0.15192 0.83613 0.17650
v 0.15519 0.82725 0.09831
v 0.13822 0.83120 0.04757
v 0.17520 0.83523 0.10605
v 0.13822 0.83120 0.04757
v 0.15169 0.83776 0.03709
v 0.17520 0.83523 0.10605
v 0.13822 0.83120 0.04757
v 0.06921 0.83454 0.00157
v 0.15169 0.83776 0.03709
v 0.06921 0.83454 0.00157
v 0.07923 0.84439 -0.01796
v 0.15169 0.83776 0.03709
v 0.06921 0.83454 0.00157
v -0.01738 0.84487 -0.00399
v 0.07923 0.84439 -0.01796
v -0.01738 0.84487 -0.00399
v -0.00794 0.85344 -0.01892
v 0.07923 0.84439 -0.01796
v -0.17157 1.13349 -0.06832
v -0.12288 1.08094 -0.02523
v -0.11969 1.08791 0.00522
v -0.17157 1.13349 -0.06832
v -0.11969 1.08791 0.00522
v -0.18930 1.19764 0.02528
v -0.14162 1.35352 0.25305
v -0.13694 1.33714 0.21927
v -0.03173 1.33593 0.24719
v -0.13694 1.33714 0.21927
v -0.14162 1.35352 0.25305
v -0.22552 1.33895 0.13343
v -0.13694 1.33714 0.21927
v -0.22552 1.33895 0.13343
v -0.11997 1.29940 0.21695
v -0.13694 1.33714 0.21927
v -0.11997 1.29940 0.21695
v -0.02979 1.30431 0.24136
v -0.03173 1.33593 0.24719
v -0.13694 1.33714 0.21927
v -0.02979 1.30431 0.24136
v -0.30269 1.57441 0.01258
v -0.28596 1.42788 -0.05305
v -0.28395 1.56603 0.10365
v -0.28395 1.56603 0.10365
v -0.25075 1.53481 0.22175
v -0.26731 1.68689 0.16450
v -0.28395 1.56603 0.10365
v -0.26731 1.68689 0.16450
v -0.30269 1.57441 0.01258
v -0.28395 1.56603 0.10365
v -0.28478 1.43005 0.05585
v -0.25075 1.53481 0.22175
v -0.28596 1.42788 -0.05305
v -0.28478 1.43005 0.05585
v -0.28395 1.56603 0.10365
v 0.07297 1.34556 0.21736
v -0.03173 1.33593 0.24719
v -0.02979 1.30431 0.24136
v 0.05949 1.30397 0.21343
v 0.07297 1.34556 0.21736
v -0.02979 1.30431 0.24136
v 0.07657 1.36599 0.25412
v -0.03021 1.35593 0.28343
v -0.03173 1.33593 0.24719
v 0.07297 1.34556 0.21736
v 0.07657 1.36599 0.25412
v -0.03173 1.33593 0.24719
v 0.07657 1.36599 0.25412
v 0.06746 1.41500 0.26073
v -0.03021 1.35593 0.28343
v 0.10345 1.13863 -0.07504
v 0.16927 1.24482 -0.09626
v 0.16916 1.27938 0.01826
v 0.10345 1.13863 -0.07504
v 0.16916 1.27938 0.01826
v 0.12331 1.20349 0.01765
v -0.05604 1.05567 -0.01029
v 0.02857 1.08269 -0.04121
v 0.03856 1.09004 -0.00811
v 0.21379 1.46699 -0.06032
v 0.21126 1.60803 -0.00490
v 0.19763 1.59521 0.09589
v 0.21379 1.46699 -0.06032
v 0.21426 1.46483 0.04908
v 0.19664 1.34744 -0.08762
v 0.17211 1.75297 0.07329
v 0.11704 1.81507 0.09659
v 0.16947 1.70678 0.16208
v 0.17211 1.75297 0.07329
v 0.16947 1.70678 0.16208
v 0.21126 1.60803 -0.00490
v -0.03195 1.33334 0.17725
v -0.14404 1.22306 0.06802
v -0.17732 1.35336 0.01937
v -0.10003 1.13047 0.02646
v -0.13300 1.14230 -0.07278
v -0.14404 1.22306 0.06802
v -0.13300 1.14230 -0.07278
v -0.10003 1.13047 0.02646
v -0.09126 1.09272 -0.03938
v -0.09126 1.09272 -0.03938
v -0.10003 1.13047 0.02646
v -0.05604 1.05567 -0.01029
v -0.16974 0.99134 0.14303
v -0.23611 1.02306 0.16261
v -0.22626 1.11012 0.26263
v -0.20768 1.00694 0.19940
v -0.24336 0.93313 0.14859
v -0.16974 0.99134 0.14303
v -0.16974 0.99134 0.14303
v -0.22626 1.11012 0.26263
v -0.20768 1.00694 0.19940
v -0.28943 0.94323 0.21040
v -0.24336 0.93313 0.14859
v -0.20768 1.00694 0.19940
v -0.27578 1.03228 0.23321
v -0.20768 1.00694 0.19940
v -0.22626 1.11012 0.26263
v -0.27578 1.03228 0.23321
v -0.28943 0.94323 0.21040
v -0.20768 1.00694 0.19940
v -0.23649 1.22665 0.24218
v -0.27578 1.03228 0.23321
v -0.22626 1.11012 0.26263
v -0.23649 1.22665 0.24218
v -0.26559 1.26477 0.18198
v -0.27578 1.03228 0.23321
v -0.24329 0.94830 0.07898
v -0.29868 0.83394 0.12542
v -0.33586 0.84628 0.06687
v -0.24329 0.94830 0.07898
v -0.24336 0.93313 0.14859
v -0.29868 0.83394 0.12542
v -0.24336 0.93313 0.14859
v -0.24329 0.94830 0.07898
v -0.16974 0.99134 0.14303
v -0.28943 0.94323 0.21040
v -0.27578 1.03228 0.23321
v -0.34423 0.97630 0.21483
v -0.34423 0.97630 0.21483
v -0.37718 1.01685 0.15009
v -0.36827 0.84136 0.19760
v -0.34423 0.97630 0.21483
v -0.36827 0.84136 0.19760
v -0.28943 0.94323 0.21040
v -0.34423 0.97630 0.21483
v -0.33541 1.05647 0.21211
v -0.37718 1.01685 0.15009
v -0.27578 1.03228 0.23321
v -0.33541 1.05647 0.21211
v -0.34423 0.97630 0.21483
v -0.26559 1.26477 0.18198
v -0.33541 1.05647 0.21211
v -0.27578 1.03228 0.23321
v -0.33541 1.05647 0.21211
v -0.34938 1.08069 0.13249
v -0.37718 1.01685 0.15009
v -0.37718 1.01685 0.15009
v -0.34938 1.08069 0.13249
v -0.29725 1.09044 0.05654
v -0.26864 1.25617 0.10547
v -0.34938 1.08069 0.13249
v -0.26559 1.26477 0.18198
v -0.26864 1.25617 0.10547
v -0.24630 1.19683 0.04235
v -0.29725 1.09044 0.05654
v -0.32552 1.02824 0.07023
v -0.37718 1.01685 0.15009
v -0.29725 1.09044 0.05654
v -0.37718 1.01685 0.15009
v -0.32552 1.02824 0.07023
v -0.43454 0.86179 0.10532
v -0.32552 1.02824 0.07023
v -0.27540 0.98465 0.06660
v -0.43454 0.86179 0.10532
v -0.32552 1.02824 0.07023
v -0.29725 1.09044 0.05654
v -0.27540 0.98465 0.06660
v -0.24329 0.94830 0.07898
v -0.33586 0.84628 0.06687
v -0.27540 0.98465 0.06660
v -0.24329 0.94830 0.07898
v -0.27540 0.98465 0.06660
v -0.21075 1.02667 0.06714
v -0.16974 0.99134 0.14303
v -0.24329 0.94830 0.07898
v -0.21075 1.02667 0.06714
v -0.16974 0.99134 0.14303
v -0.21075 1.02667 0.06714
v -0.23421 1.06624 0.06842
v -0.16974 0.99134 0.14303
v -0.23421 1.06624 0.06842
v -0.23611 1.02306 0.16261
v -0.16343 0.89941 0.30122
v -0.06484 0.89647 0.30677
v -0.18138 0.99644 0.29474
v -0.23649 1.22665 0.24218
v -0.21153 1.11296 0.26782
v -0.12420 1.12768 0.29580
v -0.23649 1.22665 0.24218
v -0.12420 1.12768 0.29580
v -0.13065 1.24573 0.24938
v 0.16049 1.11992 0.25874
v 0.17990 1.23444 0.23201
v 0.07413 1.13139 0.29096
v 0.16049 1.11992 0.25874
v 0.07413 1.13139 0.29096
v 0.08492 1.01428 0.28573
v 0.14175 1.74620 -0.00910
v 0.17363 1.56575 -0.08505
v 0.13755 1.75791 -0.09411
v 0.17363 1.56575 -0.08505
v 0.15792 1.56873 -0.13163
v 0.13755 1.75791 -0.09411
v 0.18326 1.03091 0.15238
v 0.17504 1.11764 0.25283
v 0.16139 0.98082 0.14915
v 0.14988 0.97459 0.09431
v 0.18326 1.03091 0.15238
v 0.16139 0.98082 0.14915
v 0.38443 1.13914 -0.07104
v 0.35748 1.10086 -0.03203
v 0.35585 1.15971 -0.06963
v 0.14988 0.97459 0.09431
v 0.16139 0.98082 0.14915
v 0.19223 0.95446 0.13736
v 0.16833 0.95494 0.05545
v 0.14988 0.97459 0.09431
v 0.19223 0.95446 0.13736
v 0.19412 1.28208 0.08865
v 0.20423 1.26502 0.09392
v 0.18106 1.20482 0.03191
v 0.19412 1.28208 0.08865
v 0.19414 1.28850 0.17095
v 0.20423 1.26502 0.09392
v 0.19414 1.28850 0.17095
v 0.20459 1.27357 0.17051
v 0.20423 1.26502 0.09392
v 0.17990 1.23444 0.23201
v 0.20459 1.27357 0.17051
v 0.19414 1.28850 0.17095
v 0.06439 1.14599 -0.07760
v 0.03679 1.13303 0.02312
v 0.07926 1.22724 0.06257
v 0.03679 1.13303 0.02312
v 0.06439 1.14599 -0.07760
v 0.00491 1.09406 -0.04704
v 0.03679 1.13303 0.02312
v 0.00491 1.09406 -0.04704
v -0.05604 1.05567 -0.01029
v 0.17363 1.56575 -0.08505
v 0.16387 1.51837 -0.05344
v 0.14097 1.56009 -0.05723
v 0.19414 1.49050 -0.08690
v 0.16387 1.51837 -0.05344
v 0.17363 1.56575 -0.08505
v 0.18326 1.03091 0.15238
v 0.16824 0.96212 0.13405
v 0.17504 1.11764 0.25283
v 0.17504 1.11764 0.25283
v 0.16824 0.96212 0.13405
v 0.24967 0.97288 0.18181
v 0.24967 0.97288 0.18181
v 0.31283 1.02647 0.20227
v 0.17504 1.11764 0.25283
v 0.31283 1.02647 0.20227
v 0.36820 1.02502 0.14073
v 0.34596 1.06538 0.15202
v 0.36820 1.02502 0.14073
v 0.31283 1.02647 0.20227
v 0.24967 0.97288 0.18181
v 0.31283 1.02647 0.20227
v 0.17990 1.23444 0.23201
v 0.17504 1.11764 0.25283
v 0.20459 1.27357 0.17051
v 0.17990 1.23444 0.23201
v 0.31283 1.02647 0.20227
v 0.33863 0.96862 0.09454
v 0.24967 0.97288 0.18181
v 0.16824 0.96212 0.13405
v 0.26828 0.94679 0.04893
v 0.33863 0.96862 0.09454
v 0.16824 0.96212 0.13405
v 0.33863 0.96862 0.09454
v 0.36820 1.02502 0.14073
v 0.24967 0.97288 0.18181
v 0.33863 0.96862 0.09454
v 0.40246 1.06995 -0.00163
v 0.36820 1.02502 0.14073
v 0.33863 0.96862 0.09454
v 0.26828 0.94679 0.04893
v 0.40246 1.06995 -0.00163
v 0.31593 1.07934 0.17704
v 0.31283 1.02647 0.20227
v 0.34596 1.06538 0.15202
v 0.31593 1.07934 0.17704
v 0.20459 1.27357 0.17051
v 0.31283 1.02647 0.20227
v 0.31593 1.07934 0.17704
v 0.34596 1.06538 0.15202
v 0.30040 1.08032 0.10688
v 0.31593 1.07934 0.17704
v 0.28677 1.10874 0.10242
v 0.20459 1.27357 0.17051
v 0.20423 1.26502 0.09392
v 0.28677 1.10874 0.10242
v 0.24551 1.11376 0.03212
v 0.30040 1.08032 0.10688
v 0.24744 1.05732 0.04295
v 0.24551 1.11376 0.03212
v 0.21079 0.98968 0.04783
v 0.24744 1.05732 0.04295
v 0.30174 1.15710 -0.01174
v 0.24744 1.05732 0.04295
v 0.30040 1.08032 0.10688
v 0.30174 1.15710 -0.01174
v 0.21079 0.98968 0.04783
v 0.26828 0.94679 0.04893
v 0.15877 1.01263 0.05919
v 0.26828 0.94679 0.04893
v 0.16824 0.96212 0.13405
v 0.15877 1.01263 0.05919
v 0.02593 0.95864 -0.04498
v 0.05212 1.12669 -0.04354
v 0.04243 0.96043 -0.03577
v 0.01478 0.96043 -0.02913
v 0.04243 0.96043 -0.03577
v 0.07182 1.12800 -0.02886
v 0.01478 0.96043 -0.02913
v 0.04355 1.12759 -0.02633
v 0.02593 0.95864 -0.04498
v -0.15317 1.13739 -0.05688
v -0.12915 1.13890 -0.04055
v -0.16136 0.91640 -0.01376
v -0.18666 0.91617 -0.02571
v -0.15317 1.13739 -0.05688
v -0.16136 0.91640 -0.01376
v -0.18708 0.91596 -0.00298
v -0.16136 0.91640 -0.01376
v -0.12915 1.13890 -0.04055
v -0.18708 0.91596 -0.00298
v -0.15727 1.13871 -0.03445
v -0.18666 0.91617 -0.02571
v -0.13300 1.14230 -0.07278
v -0.09126 1.09272 -0.03938
v -0.17157 1.13349 -0.06832
v -0.09126 1.09272 -0.03938
v -0.12288 1.08094 -0.02523
v -0.17157 1.13349 -0.06832
v -0.09126 1.09272 -0.03938
v -0.05604 1.05567 -0.01029
v -0.12288 1.08094 -0.02523
v -0.28596 1.42788 -0.05305
v -0.30269 1.57441 0.01258
v -0.24019 1.42426 -0.04370
v -0.30269 1.57441 0.01258
v -0.26165 1.56756 -0.00009
v -0.24019 1.42426 -0.04370
v -0.27782 1.72744 0.08359
v -0.22886 1.79635 0.10405
v -0.20289 1.76733 0.08296
v -0.30269 1.57441 0.01258
v -0.27782 1.72744 0.08359
v -0.26165 1.56756 -0.00009
v -0.27782 1.72744 0.08359
v -0.24404 1.71551 0.06442
v -0.26165 1.56756 -0.00009
v -0.27782 1.72744 0.08359
v -0.20289 1.76733 0.08296
v -0.24404 1.71551 0.06442
v 0.06439 1.14599 -0.07760
v 0.12937 1.25250 -0.09406
v 0.10345 1.13863 -0.07504
v 0.00491 1.09406 -0.04704
v 0.06439 1.14599 -0.07760
v 0.10345 1.13863 -0.07504
v -0.05604 1.05567 -0.01029
v 0.00491 1.09406 -0.04704
v 0.02857 1.08269 -0.04121
v 0.34539 1.19076 -0.04153
v 0.37353 1.18590 0.00177
v 0.38267 1.15485 -0.02929
v 0.38267 1.15485 -0.02929
v 0.37353 1.18590 0.00177
v 0.41804 1.17871 0.00177
v 0.34539 1.19076 -0.04153
v 0.38267 1.15485 -0.02929
v 0.35585 1.15971 -0.06963
v 0.43315 1.14709 -0.02326
v 0.38267 1.15485 -0.02929
v 0.41804 1.17871 0.00177
v 0.35585 1.15971 -0.06963
v 0.38267 1.15485 -0.02929
v 0.38443 1.13914 -0.07104
v 0.38267 1.15485 -0.02929
v 0.43315 1.14709 -0.02326
v 0.41962 1.13106 -0.05258
v 0.38267 1.15485 -0.02929
v 0.41962 1.13106 -0.05258
v 0.38443 1.13914 -0.07104
v -0.23636 1.42031 0.17375
v -0.14534 1.43703 0.32002
v -0.16159 1.50929 0.34235
v 0.16343 1.43784 0.17105
v 0.16745 1.55383 0.21938
v 0.08449 1.52050 0.34098
v 0.16343 1.43784 0.17105
v 0.07256 1.44680 0.30939
v 0.06746 1.41500 0.26073
v 0.15673 1.34525 -0.08877
v 0.16403 1.44267 -0.04595
v 0.21379 1.46699 -0.06032
v 0.35683 1.16119 -0.05010
v 0.39176 1.23935 -0.05460
v 0.45920 1.18133 -0.05535
v 0.35683 1.16119 -0.05010
v 0.34123 1.24086 -0.05993
v 0.39176 1.23935 -0.05460
v 0.45920 1.18133 -0.05535
v 0.47353 1.25754 -0.06369
v 0.46580 1.18815 -0.02455
v 0.45920 1.18133 -0.05535
v 0.46580 1.18815 -0.02455
v 0.40601 1.15596 -0.01547
v -0.20681 0.97918 0.21875
v -0.21598 0.97262 0.15869
v -0.23251 0.95489 0.24291
v -0.11969 1.08791 0.00522
v -0.05604 1.05567 -0.01029
v -0.15510 1.07766 0.02088
v 0.06990 1.08028 -0.00268
v -0.00737 0.98719 -0.02779
v -0.05604 1.05567 -0.01029
v -0.16730 1.07323 0.01484
v -0.18930 1.19764 0.02528
v -0.15510 1.07766 0.02088
v -0.24630 1.19683 0.04235
v -0.18930 1.19764 0.02528
v -0.16730 1.07323 0.01484
v -0.19684 1.27990 0.10134
v -0.18930 1.19764 0.02528
v -0.25946 1.27359 0.09972
v -0.18377 1.29134 0.20111
v -0.13065 1.24573 0.24938
v -0.11997 1.29940 0.21695
v -0.19684 1.27990 0.10134
v -0.18377 1.29134 0.20111
v -0.11997 1.29940 0.21695
v 0.12288 1.29708 0.19363
v 0.13293 1.28923 0.09288
v 0.05949 1.30397 0.21343
v 0.12288 1.29708 0.19363
v 0.19414 1.28850 0.17095
v 0.13293 1.28923 0.09288
v 0.18106 1.20482 0.03191
v 0.12331 1.20349 0.01765
v 0.19412 1.28208 0.08865
v 0.07695 1.07583 -0.01344
v 0.00538 0.98364 -0.03919
v 0.06990 1.08028 -0.00268
v 0.16400 0.99825 0.23343
v 0.17504 1.11764 0.25283
v 0.16049 1.11992 0.25874
v 0.00972 0.82863 0.27448
v 0.08113 0.83078 0.23257
v 0.01734 0.89159 0.29576
v -0.18138 0.99644 0.29474
v -0.23251 0.95489 0.24291
v -0.23253 0.88878 0.25461
v -0.18138 0.99644 0.29474
v -0.23253 0.88878 0.25461
v -0.16343 0.89941 0.30122
v -0.22552 1.33895 0.13343
v -0.14162 1.35352 0.25305
v -0.23636 1.42031 0.17375
v -0.28478 1.43005 0.05585
v -0.23636 1.42031 0.17375
v -0.25075 1.53481 0.22175
v 0.16343 1.43784 0.17105
v 0.06746 1.41500 0.26073
v 0.07657 1.36599 0.25412
v 0.19816 1.36030 0.02965
v 0.16916 1.27938 0.01826
v 0.16927 1.24482 -0.09626
v 0.02857 1.08269 -0.04121
v 0.10345 1.13863 -0.07504
v 0.03856 1.09004 -0.00811
v 0.03856 1.09004 -0.00811
v 0.10345 1.13863 -0.07504
v 0.12331 1.20349 0.01765
v 0.16343 1.43784 0.17105
v 0.21426 1.46483 0.04908
v 0.16745 1.55383 0.21938
v 0.21426 1.46483 0.04908
v 0.19763 1.59521 0.09589
v 0.16745 1.55383 0.21938
v 0.21426 1.46483 0.04908
v 0.21379 1.46699 -0.06032
v 0.19763 1.59521 0.09589
v 0.21426 1.46483 0.04908
v 0.16343 1.43784 0.17105
v 0.19816 1.36030 0.02965
v 0.21426 1.46483 0.04908
v 0.19816 1.36030 0.02965
v 0.19664 1.34744 -0.08762
v -0.19597 1.24163 -0.08889
v -0.14404 1.22306 0.06802
v -0.13300 1.14230 -0.07278
v -0.34938 1.08069 0.13249
v -0.33541 1.05647 0.21211
v -0.26559 1.26477 0.18198
v -0.34938 1.08069 0.13249
v -0.26864 1.25617 0.10547
v -0.29725 1.09044 0.05654
v -0.24630 1.19683 0.04235
v -0.23421 1.06624 0.06842
v -0.29725 1.09044 0.05654
v 0.16400 0.99825 0.23343
v 0.16049 1.11992 0.25874
v 0.08492 1.01428 0.28573
v 0.28677 1.10874 0.10242
v 0.31593 1.07934 0.17704
v 0.30040 1.08032 0.10688
v 0.28677 1.10874 0.10242
v 0.20423 1.26502 0.09392
v 0.20459 1.27357 0.17051
v 0.28677 1.10874 0.10242
v 0.30040 1.08032 0.10688
v 0.24551 1.11376 0.03212
v 0.15877 1.01263 0.05919
v 0.24551 1.11376 0.03212
v 0.21079 0.98968 0.04783
v 0.12937 1.25250 -0.09406
v 0.15673 1.34525 -0.08877
v 0.19664 1.34744 -0.08762
v 0.02857 1.08269 -0.04121
v 0.00491 1.09406 -0.04704
v 0.10345 1.13863 -0.07504
v 0.16197 1.07262 0.02539
v 0.16179 1.05648 0.02114
v 0.16383 1.08218 0.02511
v 0.35683 1.16119 -0.05010
v 0.36735 1.17739 -0.02177
v 0.32498 1.20552 -0.05071
v -0.23421 1.06624 0.06842
v -0.24188 1.04887 0.07255
v -0.23611 1.02306 0.16261
v -0.23584 1.07558 0.05627
v -0.24188 1.04887 0.07255
v -0.23421 1.06624 0.06842
v -0.24630 1.19683 0.04235
v -0.23584 1.07558 0.05627
v -0.23421 1.06624 0.06842
v 0.03856 1.09004 -0.00811
v 0.12331 1.20349 0.01765
v 0.06990 1.08028 -0.00268
v -0.23584 1.07558 0.05627
v -0.16730 1.07323 0.01484
v -0.24188 1.04887 0.07255
v -0.24630 1.19683 0.04235
v -0.16730 1.07323 0.01484
v -0.23584 1.07558 0.05627
v -0.18377 1.29134 0.20111
v -0.23649 1.22665 0.24218
v -0.13065 1.24573 0.24938
v -0.18377 1.29134 0.20111
v -0.25568 1.28008 0.18194
v -0.23649 1.22665 0.24218
v 0.07695 1.07583 -0.01344
v 0.18106 1.20482 0.03191
v 0.16383 1.08218 0.02511
v 0.16197 1.07262 0.02539
v 0.16383 1.08218 0.02511
v 0.18106 1.20482 0.03191
v 0.16179 1.05648 0.02114
v 0.16833 0.95494 0.05545
v 0.09839 0.96983 -0.02943
v 0.16179 1.05648 0.02114
v 0.09839 0.96983 -0.02943
v 0.07695 1.07583 -0.01344
v 0.07695 1.07583 -0.01344
v 0.16383 1.08218 0.02511
v 0.16179 1.05648 0.02114
v -0.12288 1.08094 -0.02523
v -0.05604 1.05567 -0.01029
v -0.11969 1.08791 0.00522
v -0.23300 1.26380 0.02548
v -0.17157 1.13349 -0.06832
v -0.18930 1.19764 0.02528
v -0.19684 1.27990 0.10134
v -0.22552 1.33895 0.13343
v -0.23300 1.26380 0.02548
v -0.19684 1.27990 0.10134
v -0.23300 1.26380 0.02548
v -0.18930 1.19764 0.02528
v -0.22552 1.33895 0.13343
v -0.19684 1.27990 0.10134
v -0.11997 1.29940 0.21695
v -0.23524 1.23062 -0.08937
v -0.17157 1.13349 -0.06832
v -0.23300 1.26380 0.02548
v -0.22552 1.33895 0.13343
v -0.26635 1.34062 0.03339
v -0.23300 1.26380 0.02548
v -0.23636 1.42031 0.17375
v -0.28478 1.43005 0.05585
v -0.26635 1.34062 0.03339
v -0.22552 1.33895 0.13343
v -0.23636 1.42031 0.17375
v -0.26635 1.34062 0.03339
v -0.23300 1.26380 0.02548
v -0.26635 1.34062 0.03339
v -0.23524 1.23062 -0.08937
v -0.26635 1.34062 0.03339
v -0.28478 1.43005 0.05585
v -0.26468 1.32633 -0.08477
v -0.28478 1.43005 0.05585
v -0.28596 1.42788 -0.05305
v -0.26468 1.32633 -0.08477
v -0.26635 1.34062 0.03339
v -0.26468 1.32633 -0.08477
v -0.23524 1.23062 -0.08937
v 0.16343 1.43784 0.17105
v 0.15928 1.35471 0.13005
v 0.19816 1.36030 0.02965
v 0.15928 1.35471 0.13005
v 0.16343 1.43784 0.17105
v 0.07657 1.36599 0.25412
v 0.15928 1.35471 0.13005
v 0.07297 1.34556 0.21736
v 0.05949 1.30397 0.21343
v 0.15928 1.35471 0.13005
v 0.07657 1.36599 0.25412
v 0.07297 1.34556 0.21736
v 0.19816 1.36030 0.02965
v 0.15928 1.35471 0.13005
v 0.16916 1.27938 0.01826
v 0.15928 1.35471 0.13005
v 0.13293 1.28923 0.09288
v 0.16916 1.27938 0.01826
v 0.16916 1.27938 0.01826
v 0.13293 1.28923 0.09288
v 0.12331 1.20349 0.01765
v 0.13293 1.28923 0.09288
v 0.15928 1.35471 0.13005
v 0.05949 1.30397 0.21343
v -0.22604 1.33085 -0.08575
v -0.17732 1.35336 0.01937
v -0.19597 1.24163 -0.08889
v -0.22604 1.33085 -0.08575
v -0.24019 1.42426 -0.04370
v -0.17732 1.35336 0.01937
v 0.16179 1.05648 0.02114
v 0.18326 1.03091 0.15238
v 0.14988 0.97459 0.09431
v 0.16179 1.05648 0.02114
v 0.16197 1.07262 0.02539
v 0.18326 1.03091 0.15238
v 0.16139 0.98082 0.14915
v 0.17504 1.11764 0.25283
v 0.19223 0.95446 0.13736
v 0.16179 1.05648 0.02114
v 0.14988 0.97459 0.09431
v 0.16833 0.95494 0.05545
v 0.18106 1.20482 0.03191
v 0.20423 1.26502 0.09392
v 0.24551 1.11376 0.03212
v 0.16197 1.07262 0.02539
v 0.15877 1.01263 0.05919
v 0.16824 0.96212 0.13405
v 0.16197 1.07262 0.02539
v 0.18106 1.20482 0.03191
v 0.24551 1.11376 0.03212
v 0.16197 1.07262 0.02539
v 0.24551 1.11376 0.03212
v 0.15877 1.01263 0.05919
v 0.16197 1.07262 0.02539
v 0.16824 0.96212 0.13405
v 0.18326 1.03091 0.15238
v 0.05212 1.12669 -0.04354
v 0.07182 1.12800 -0.02886
v 0.04243 0.96043 -0.03577
v 0.04355 1.12759 -0.02633
v 0.01478 0.96043 -0.02913
v 0.07182 1.12800 -0.02886
v 0.04355 1.12759 -0.02633
v 0.05212 1.12669 -0.04354
v 0.02593 0.95864 -0.04498
v -0.15727 1.13871 -0.03445
v -0.18708 0.91596 -0.00298
v -0.12915 1.13890 -0.04055
v -0.15727 1.13871 -0.03445
v -0.15317 1.13739 -0.05688
v -0.18666 0.91617 -0.02571
v -0.23524 1.23062 -0.08937
v -0.19597 1.24163 -0.08889
v -0.17157 1.13349 -0.06832
v -0.19597 1.24163 -0.08889
v -0.13300 1.14230 -0.07278
v -0.17157 1.13349 -0.06832
v -0.19597 1.24163 -0.08889
v -0.23524 1.23062 -0.08937
v -0.26468 1.32633 -0.08477
v -0.22604 1.33085 -0.08575
v -0.19597 1.24163 -0.08889
v -0.26468 1.32633 -0.08477
v -0.22604 1.33085 -0.08575
v -0.26468 1.32633 -0.08477
v -0.28596 1.42788 -0.05305
v 0.12937 1.25250 -0.09406
v 0.16927 1.24482 -0.09626
v 0.10345 1.13863 -0.07504
v 0.16927 1.24482 -0.09626
v 0.12937 1.25250 -0.09406
v 0.19664 1.34744 -0.08762
v -0.29725 1.09044 0.05654
v -0.21075 1.02667 0.06714
v -0.27540 0.98465 0.06660
v -0.29725 1.09044 0.05654
v -0.23421 1.06624 0.06842
v -0.21075 1.02667 0.06714
v 0.24551 1.11376 0.03212
v 0.24744 1.05732 0.04295
v 0.21079 0.98968 0.04783
v 0.00061 1.57830 -0.21568
v -0.00888 1.54310 -0.20772
v -0.01447 1.59553 -0.21573
v 0.00863 1.59782 -0.21132
v 0.06630 1.55859 -0.19775
v 0.00061 1.57830 -0.21568
v 0.05649 1.60255 -0.19372
v 0.06630 1.55859 -0.19775
v 0.00863 1.59782 -0.21132
v 0.06630 1.55859 -0.19775
v 0.05649 1.60255 -0.19372
v 0.10428 1.59777 -0.16847
v 0.10531 1.55785 -0.17240
v 0.06630 1.55859 -0.19775
v 0.10428 1.59777 -0.16847
v 0.10531 1.55785 -0.17240
v 0.10428 1.59777 -0.16847
v 0.13450 1.57738 -0.13914
v 0.14196 1.54723 -0.12317
v 0.10531 1.55785 -0.17240
v 0.13450 1.57738 -0.13914
v 0.06630 1.55859 -0.19775
v 0.01304 1.55416 -0.20877
v 0.00061 1.57830 -0.21568
v 0.01304 1.55416 -0.20877
v -0.00888 1.54310 -0.20772
v 0.00061 1.57830 -0.21568
v 0.01304 1.55416 -0.20877
v 0.01749 1.54233 -0.19495
v -0.00888 1.54310 -0.20772
v 0.01304 1.55416 -0.20877
v 0.06630 1.55859 -0.19775
v 0.01749 1.54233 -0.19495
v 0.06630 1.55859 -0.19775
v 0.06430 1.55610 -0.18448
v 0.01749 1.54233 -0.19495
v -0.03753 1.39810 -0.23585
v -0.01449 1.39763 -0.22647
v -0.03618 1.37338 -0.19665
v -0.06032 1.39555 -0.22621
v -0.03753 1.39810 -0.23585
v -0.03618 1.37338 -0.19665
v -0.01666 1.38123 -0.19154
v -0.01449 1.39763 -0.22647
v 0.00521 1.39003 -0.18581
v -0.01666 1.38123 -0.19154
v -0.03618 1.37338 -0.19665
v -0.01449 1.39763 -0.22647
v 0.00731 1.46373 -0.15661
v 0.03205 1.44608 -0.17035
v 0.02595 1.43317 -0.15915
v 0.02018 1.50208 -0.17511
v 0.00731 1.46373 -0.15661
v 0.01239 1.51438 -0.17130
v 0.03878 1.51212 -0.18124
v 0.02018 1.50208 -0.17511
v 0.01239 1.51438 -0.17130
v 0.03612 1.53451 -0.17506
v 0.03878 1.51212 -0.18124
v 0.01239 1.51438 -0.17130
v 0.03878 1.51212 -0.18124
v 0.03612 1.53451 -0.17506
v 0.06844 1.54202 -0.17461
v 0.07346 1.51616 -0.18010
v 0.03878 1.51212 -0.18124
v 0.06844 1.54202 -0.17461
v 0.06844 1.54202 -0.17461
v 0.10045 1.54007 -0.15958
v 0.09960 1.51257 -0.16603
v 0.07346 1.51616 -0.18010
v 0.06844 1.54202 -0.17461
v 0.09960 1.51257 -0.16603
v -0.11044 1.43944 -0.16969
v -0.08731 1.45900 -0.15638
v -0.10312 1.42729 -0.15844
v -0.11044 1.43944 -0.16969
v -0.10312 1.42729 -0.15844
v -0.12824 1.41763 -0.15543
v -0.12674 1.43547 -0.17188
v -0.11044 1.43944 -0.16969
v -0.12824 1.41763 -0.15543
v -0.12674 1.43547 -0.17188
v -0.12824 1.41763 -0.15543
v -0.16155 1.41195 -0.15246
v -0.15814 1.43259 -0.17271
v -0.12674 1.43547 -0.17188
v -0.16155 1.41195 -0.15246
v -0.15814 1.43259 -0.17271
v -0.16155 1.41195 -0.15246
v -0.18082 1.43586 -0.15967
v -0.16155 1.41195 -0.15246
v -0.20618 1.42479 -0.12993
v -0.18082 1.43586 -0.15967
v -0.20618 1.42479 -0.12993
v -0.20312 1.44671 -0.13370
v -0.18082 1.43586 -0.15967
v -0.21861 1.39578 -0.12294
v -0.20618 1.42479 -0.12993
v -0.16155 1.41195 -0.15246
v -0.15145 1.38192 -0.15998
v -0.21861 1.39578 -0.12294
v -0.16155 1.41195 -0.15246
v -0.20618 1.42479 -0.12993
v -0.21861 1.39578 -0.12294
v -0.22812 1.44976 -0.09914
v -0.20618 1.42479 -0.12993
v -0.22812 1.44976 -0.09914
v -0.20312 1.44671 -0.13370
v -0.20312 1.44671 -0.13370
v -0.22812 1.44976 -0.09914
v -0.21388 1.47161 -0.11225
v -0.22812 1.44976 -0.09914
v -0.24699 1.49965 -0.05115
v -0.21388 1.47161 -0.11225
v -0.21861 1.39578 -0.12294
v -0.24019 1.42426 -0.04370
v -0.22812 1.44976 -0.09914
v -0.24019 1.42426 -0.04370
v -0.24699 1.49965 -0.05115
v -0.22812 1.44976 -0.09914
v -0.21861 1.39578 -0.12294
v -0.21167 1.35287 -0.11555
v -0.24019 1.42426 -0.04370
v -0.24019 1.42426 -0.04370
v -0.21167 1.35287 -0.11555
v -0.23291 1.35626 0.00878
v -0.21167 1.35287 -0.11555
v -0.21861 1.39578 -0.12294
v -0.15968 1.33976 -0.15160
v -0.21861 1.39578 -0.12294
v -0.15145 1.38192 -0.15998
v -0.15968 1.33976 -0.15160
v -0.21167 1.35287 -0.11555
v -0.19186 1.30520 -0.08776
v -0.23291 1.35626 0.00878
v -0.15196 1.29196 -0.13343
v -0.21167 1.35287 -0.11555
v -0.15968 1.33976 -0.15160
v -0.15196 1.29196 -0.13343
v -0.19186 1.30520 -0.08776
v -0.21167 1.35287 -0.11555
v -0.15196 1.29196 -0.13343
v -0.15968 1.33976 -0.15160
v -0.11147 1.28512 -0.15802
v -0.19186 1.30520 -0.08776
v -0.15196 1.29196 -0.13343
v -0.15288 1.27754 -0.10239
v -0.15196 1.29196 -0.13343
v -0.11147 1.28512 -0.15802
v -0.15288 1.27754 -0.10239
v -0.19186 1.30520 -0.08776
v -0.15288 1.27754 -0.10239
v -0.17126 1.28857 -0.07287
v -0.11147 1.28512 -0.15802
v -0.11527 1.26397 -0.12538
v -0.15288 1.27754 -0.10239
v -0.15968 1.33976 -0.15160
v -0.15145 1.38192 -0.15998
v -0.10956 1.35532 -0.17436
v -0.15968 1.33976 -0.15160
v -0.10956 1.35532 -0.17436
v -0.11147 1.28512 -0.15802
v -0.11147 1.28512 -0.15802
v -0.06719 1.27950 -0.16106
v -0.11527 1.26397 -0.12538
v -0.06719 1.27950 -0.16106
v -0.06674 1.25738 -0.12795
v -0.11527 1.26397 -0.12538
v -0.11147 1.28512 -0.15802
v -0.10956 1.35532 -0.17436
v -0.08772 1.32995 -0.17779
v -0.08772 1.32995 -0.17779
v -0.06090 1.32151 -0.18028
v -0.11147 1.28512 -0.15802
v -0.06090 1.32151 -0.18028
v -0.06719 1.27950 -0.16106
v -0.11147 1.28512 -0.15802
v -0.08702 1.33830 -0.18115
v -0.08772 1.32995 -0.17779
v -0.10956 1.35532 -0.17436
v -0.08588 1.34853 -0.18025
v -0.08702 1.33830 -0.18115
v -0.10956 1.35532 -0.17436
v -0.08588 1.34853 -0.18025
v -0.06076 1.34348 -0.18445
v -0.08702 1.33830 -0.18115
v -0.08772 1.32995 -0.17779
v -0.08702 1.33830 -0.18115
v -0.06249 1.33045 -0.18703
v -0.06076 1.34348 -0.18445
v -0.06249 1.33045 -0.18703
v -0.08702 1.33830 -0.18115
v -0.06090 1.32151 -0.18028
v -0.08772 1.32995 -0.17779
v -0.06249 1.33045 -0.18703
v -0.06090 1.32151 -0.18028
v -0.06249 1.33045 -0.18703
v -0.03406 1.32720 -0.19154
v -0.03361 1.31866 -0.18243
v -0.06090 1.32151 -0.18028
v -0.03406 1.32720 -0.19154
v -0.06090 1.32151 -0.18028
v -0.03361 1.31866 -0.18243
v -0.06719 1.27950 -0.16106
v -0.03361 1.31866 -0.18243
v -0.03167 1.27839 -0.16459
v -0.06719 1.27950 -0.16106
v -0.03167 1.27839 -0.16459
v -0.03361 1.31866 -0.18243
v -0.00498 1.32333 -0.18073
v -0.06719 1.27950 -0.16106
v -0.03167 1.27839 -0.16459
v -0.06674 1.25738 -0.12795
v -0.00498 1.32333 -0.18073
v -0.03361 1.31866 -0.18243
v -0.03406 1.32720 -0.19154
v -0.00527 1.33109 -0.18888
v -0.00498 1.32333 -0.18073
v -0.03406 1.32720 -0.19154
v -0.03167 1.27839 -0.16459
v -0.03046 1.25595 -0.13107
v -0.06674 1.25738 -0.12795
v -0.03046 1.25595 -0.13107
v -0.03167 1.27839 -0.16459
v 0.00174 1.28216 -0.16215
v 0.00174 1.28216 -0.16215
v -0.03167 1.27839 -0.16459
v -0.00498 1.32333 -0.18073
v 0.00174 1.28216 -0.16215
v -0.00498 1.32333 -0.18073
v 0.04019 1.29108 -0.15885
v 0.00549 1.26044 -0.12863
v -0.03046 1.25595 -0.13107
v 0.00174 1.28216 -0.16215
v 0.00174 1.28216 -0.16215
v 0.04019 1.29108 -0.15885
v 0.04556 1.26892 -0.12628
v 0.00549 1.26044 -0.12863
v 0.00174 1.28216 -0.16215
v 0.04556 1.26892 -0.12628
v 0.04556 1.26892 -0.12628
v 0.04019 1.29108 -0.15885
v 0.08993 1.28941 -0.10526
v 0.04019 1.29108 -0.15885
v 0.08814 1.30337 -0.13477
v 0.08993 1.28941 -0.10526
v -0.00498 1.32333 -0.18073
v 0.01928 1.33482 -0.17839
v 0.04019 1.29108 -0.15885
v 0.01765 1.34116 -0.18130
v 0.01928 1.33482 -0.17839
v -0.00498 1.32333 -0.18073
v -0.00527 1.33109 -0.18888
v 0.01765 1.34116 -0.18130
v -0.00498 1.32333 -0.18073
v 0.05226 1.36740 -0.16927
v 0.04019 1.29108 -0.15885
v 0.01928 1.33482 -0.17839
v 0.03249 1.35418 -0.17533
v 0.05226 1.36740 -0.16927
v 0.01928 1.33482 -0.17839
v 0.03249 1.35418 -0.17533
v 0.01928 1.33482 -0.17839
v 0.01765 1.34116 -0.18130
v 0.03249 1.35418 -0.17533
v 0.01765 1.34116 -0.18130
v 0.01553 1.34867 -0.18027
v -0.00888 1.34311 -0.18536
v 0.01553 1.34867 -0.18027
v 0.01765 1.34116 -0.18130
v -0.00527 1.33109 -0.18888
v -0.00888 1.34311 -0.18536
v 0.01765 1.34116 -0.18130
v -0.00527 1.33109 -0.18888
v -0.03406 1.32720 -0.19154
v -0.00888 1.34311 -0.18536
v 0.05226 1.36740 -0.16927
v 0.09036 1.35115 -0.15299
v 0.04019 1.29108 -0.15885
v 0.09036 1.35115 -0.15299
v 0.08814 1.30337 -0.13477
v 0.04019 1.29108 -0.15885
v 0.14133 1.36895 -0.11751
v 0.08814 1.30337 -0.13477
v 0.09036 1.35115 -0.15299
v 0.09036 1.35115 -0.15299
v 0.05226 1.36740 -0.16927
v 0.09011 1.39419 -0.16005
v 0.09011 1.39419 -0.16005
v 0.14426 1.41231 -0.12496
v 0.09036 1.35115 -0.15299
v 0.14426 1.41231 -0.12496
v 0.14133 1.36895 -0.11751
v 0.09036 1.35115 -0.15299
v 0.14426 1.41231 -0.12496
v 0.09011 1.39419 -0.16005
v 0.08564 1.42322 -0.15383
v 0.09011 1.39419 -0.16005
v 0.05226 1.36740 -0.16927
v 0.05286 1.40289 -0.16627
v 0.05226 1.36740 -0.16927
v 0.03249 1.35418 -0.17533
v 0.05286 1.40289 -0.16627
v 0.09011 1.39419 -0.16005
v 0.05286 1.40289 -0.16627
v 0.05580 1.42819 -0.15649
v 0.08564 1.42322 -0.15383
v 0.09011 1.39419 -0.16005
v 0.05580 1.42819 -0.15649
v 0.05286 1.40289 -0.16627
v 0.03249 1.35418 -0.17533
v 0.00521 1.39003 -0.18581
v 0.03249 1.35418 -0.17533
v 0.01553 1.34867 -0.18027
v 0.00521 1.39003 -0.18581
v 0.00521 1.39003 -0.18581
v 0.00641 1.41080 -0.17887
v 0.05286 1.40289 -0.16627
v 0.00641 1.41080 -0.17887
v 0.02595 1.43317 -0.15915
v 0.05286 1.40289 -0.16627
v 0.05580 1.42819 -0.15649
v 0.05286 1.40289 -0.16627
v 0.02595 1.43317 -0.15915
v 0.14133 1.36895 -0.11751
v 0.14426 1.41231 -0.12496
v 0.16551 1.44291 -0.03590
v 0.14133 1.36895 -0.11751
v 0.16551 1.44291 -0.03590
v 0.16324 1.37408 0.00587
v 0.12624 1.31969 -0.08953
v 0.14133 1.36895 -0.11751
v 0.16324 1.37408 0.00587
v 0.12624 1.31969 -0.08953
v 0.08814 1.30337 -0.13477
v 0.14133 1.36895 -0.11751
v 0.08993 1.28941 -0.10526
v 0.08814 1.30337 -0.13477
v 0.12624 1.31969 -0.08953
v 0.16324 1.37408 0.00587
v 0.14270 1.36541 0.06482
v 0.12624 1.31969 -0.08953
v 0.08993 1.28941 -0.10526
v 0.12624 1.31969 -0.08953
v 0.10740 1.30126 -0.07441
v 0.12624 1.31969 -0.08953
v 0.14270 1.36541 0.06482
v 0.10740 1.30126 -0.07441
v 0.14270 1.36541 0.06482
v -0.03236 1.28848 0.11193
v 0.10740 1.30126 -0.07441
v 0.14426 1.41231 -0.12496
v 0.15024 1.46410 -0.10055
v 0.16551 1.44291 -0.03590
v 0.15024 1.46410 -0.10055
v 0.16392 1.51854 -0.04338
v 0.16551 1.44291 -0.03590
v 0.14426 1.41231 -0.12496
v 0.12942 1.44056 -0.13180
v 0.15024 1.46410 -0.10055
v 0.12942 1.44056 -0.13180
v 0.14426 1.41231 -0.12496
v 0.08564 1.42322 -0.15383
v 0.16392 1.51854 -0.04338
v 0.15024 1.46410 -0.10055
v 0.13097 1.48780 -0.11414
v 0.15024 1.46410 -0.10055
v 0.12335 1.46878 -0.13555
v 0.13097 1.48780 -0.11414
v 0.15024 1.46410 -0.10055
v 0.12942 1.44056 -0.13180
v 0.12335 1.46878 -0.13555
v 0.12335 1.46878 -0.13555
v 0.12942 1.44056 -0.13180
v 0.10327 1.45419 -0.15908
v 0.12942 1.44056 -0.13180
v 0.08564 1.42322 -0.15383
v 0.10327 1.45419 -0.15908
v 0.08564 1.42322 -0.15383
v 0.08000 1.44575 -0.17170
v 0.10327 1.45419 -0.15908
v 0.08993 1.28941 -0.10526
v 0.10740 1.30126 -0.07441
v -0.03236 1.28848 0.11193
v 0.04556 1.26892 -0.12628
v 0.08993 1.28941 -0.10526
v -0.03236 1.28848 0.11193
v 0.00549 1.26044 -0.12863
v 0.04556 1.26892 -0.12628
v -0.03236 1.28848 0.11193
v -0.03046 1.25595 -0.13107
v 0.00549 1.26044 -0.12863
v -0.03236 1.28848 0.11193
v -0.06674 1.25738 -0.12795
v -0.03046 1.25595 -0.13107
v -0.03236 1.28848 0.11193
v -0.11527 1.26397 -0.12538
v -0.06674 1.25738 -0.12795
v -0.03236 1.28848 0.11193
v -0.15288 1.27754 -0.10239
v -0.11527 1.26397 -0.12538
v -0.03236 1.28848 0.11193
v -0.17126 1.28857 -0.07287
v -0.15288 1.27754 -0.10239
v -0.03236 1.28848 0.11193
v 0.04946 1.44343 -0.17346
v 0.08000 1.44575 -0.17170
v 0.08564 1.42322 -0.15383
v 0.05580 1.42819 -0.15649
v 0.04946 1.44343 -0.17346
v 0.08564 1.42322 -0.15383
v 0.02595 1.43317 -0.15915
v 0.03205 1.44608 -0.17035
v 0.04946 1.44343 -0.17346
v 0.05580 1.42819 -0.15649
v 0.02595 1.43317 -0.15915
v 0.04946 1.44343 -0.17346
v -0.10778 1.49399 -0.17797
v -0.09699 1.50555 -0.18173
v -0.08731 1.45900 -0.15638
v -0.10778 1.49399 -0.17797
v -0.12600 1.50108 -0.18002
v -0.09699 1.50555 -0.18173
v -0.12600 1.50108 -0.18002
v -0.11998 1.51362 -0.18204
v -0.09699 1.50555 -0.18173
v -0.12600 1.50108 -0.18002
v -0.15384 1.51695 -0.17922
v -0.11998 1.51362 -0.18204
v -0.12600 1.50108 -0.18002
v -0.15812 1.50017 -0.17995
v -0.15384 1.51695 -0.17922
v -0.05324 1.45230 -0.19383
v -0.10312 1.42729 -0.15844
v -0.08731 1.45900 -0.15638
v -0.08731 1.45900 -0.15638
v -0.05472 1.47197 -0.19228
v -0.05324 1.45230 -0.19383
v -0.03984 1.45367 -0.19783
v -0.05324 1.45230 -0.19383
v -0.05472 1.47197 -0.19228
v -0.04071 1.47306 -0.19571
v -0.03984 1.45367 -0.19783
v -0.05472 1.47197 -0.19228
v -0.04071 1.47306 -0.19571
v -0.05472 1.47197 -0.19228
v -0.04557 1.57654 -0.21955
v -0.04071 1.47306 -0.19571
v -0.02672 1.47306 -0.19241
v -0.03984 1.45367 -0.19783
v -0.02672 1.47306 -0.19241
v -0.04071 1.47306 -0.19571
v -0.04557 1.57654 -0.21955
v -0.00888 1.54310 -0.20772
v -0.02672 1.47306 -0.19241
v -0.04557 1.57654 -0.21955
v -0.05324 1.45230 -0.19383
v -0.03984 1.45367 -0.19783
v -0.03827 1.41436 -0.23494
v -0.02672 1.47306 -0.19241
v -0.02634 1.45353 -0.19398
v -0.03984 1.45367 -0.19783
v -0.03984 1.45367 -0.19783
v -0.02634 1.45353 -0.19398
v -0.03827 1.41436 -0.23494
v -0.02672 1.47306 -0.19241
v 0.00731 1.46373 -0.15661
v -0.02634 1.45353 -0.19398
v 0.02595 1.43317 -0.15915
v -0.02634 1.45353 -0.19398
v 0.00731 1.46373 -0.15661
v -0.02672 1.47306 -0.19241
v 0.01239 1.51438 -0.17130
v 0.00731 1.46373 -0.15661
v -0.00888 1.54310 -0.20772
v 0.01239 1.51438 -0.17130
v -0.02672 1.47306 -0.19241
v -0.05472 1.47197 -0.19228
v -0.07946 1.52480 -0.20793
v -0.04557 1.57654 -0.21955
v -0.07946 1.52480 -0.20793
v -0.05472 1.47197 -0.19228
v -0.09699 1.50555 -0.18173
v -0.08731 1.45900 -0.15638
v -0.09699 1.50555 -0.18173
v -0.05472 1.47197 -0.19228
v -0.10193 1.51940 -0.20127
v -0.07946 1.52480 -0.20793
v -0.09699 1.50555 -0.18173
v -0.04557 1.57654 -0.21955
v -0.07946 1.52480 -0.20793
v -0.08488 1.57744 -0.21669
v -0.06117 1.41385 -0.22571
v -0.05324 1.45230 -0.19383
v -0.03827 1.41436 -0.23494
v -0.06117 1.41385 -0.22571
v -0.03827 1.41436 -0.23494
v -0.03753 1.39810 -0.23585
v -0.06032 1.39555 -0.22621
v -0.06117 1.41385 -0.22571
v -0.03753 1.39810 -0.23585
v -0.08179 1.40678 -0.17838
v -0.05324 1.45230 -0.19383
v -0.06117 1.41385 -0.22571
v -0.08179 1.40678 -0.17838
v -0.06117 1.41385 -0.22571
v -0.06032 1.39555 -0.22621
v -0.05324 1.45230 -0.19383
v -0.08179 1.40678 -0.17838
v -0.10312 1.42729 -0.15844
v -0.08179 1.40678 -0.17838
v -0.06032 1.39555 -0.22621
v -0.07881 1.38620 -0.18535
v -0.12186 1.38957 -0.17025
v -0.08179 1.40678 -0.17838
v -0.07881 1.38620 -0.18535
v -0.10312 1.42729 -0.15844
v -0.08179 1.40678 -0.17838
v -0.12186 1.38957 -0.17025
v -0.12824 1.41763 -0.15543
v -0.12186 1.38957 -0.17025
v -0.15145 1.38192 -0.15998
v -0.12824 1.41763 -0.15543
v -0.10312 1.42729 -0.15844
v -0.12186 1.38957 -0.17025
v -0.10956 1.35532 -0.17436
v -0.12186 1.38957 -0.17025
v -0.07881 1.38620 -0.18535
v -0.10956 1.35532 -0.17436
v -0.15145 1.38192 -0.15998
v -0.12186 1.38957 -0.17025
v -0.08588 1.34853 -0.18025
v -0.10956 1.35532 -0.17436
v -0.07881 1.38620 -0.18535
v -0.16155 1.41195 -0.15246
v -0.12824 1.41763 -0.15543
v -0.15145 1.38192 -0.15998
v -0.08588 1.34853 -0.18025
v -0.07881 1.38620 -0.18535
v -0.06076 1.34348 -0.18445
v -0.07881 1.38620 -0.18535
v -0.05983 1.38049 -0.19038
v -0.06076 1.34348 -0.18445
v -0.06076 1.34348 -0.18445
v -0.05983 1.38049 -0.19038
v -0.03462 1.34007 -0.18913
v -0.05983 1.38049 -0.19038
v -0.03618 1.37338 -0.19665
v -0.03462 1.34007 -0.18913
v -0.03462 1.34007 -0.18913
v -0.03618 1.37338 -0.19665
v -0.01666 1.38123 -0.19154
v -0.00888 1.34311 -0.18536
v -0.03462 1.34007 -0.18913
v -0.01666 1.38123 -0.19154
v -0.06032 1.39555 -0.22621
v -0.05983 1.38049 -0.19038
v -0.07881 1.38620 -0.18535
v -0.06032 1.39555 -0.22621
v -0.03618 1.37338 -0.19665
v -0.05983 1.38049 -0.19038
v -0.00888 1.34311 -0.18536
v -0.01666 1.38123 -0.19154
v 0.01553 1.34867 -0.18027
v -0.01666 1.38123 -0.19154
v 0.00521 1.39003 -0.18581
v 0.01553 1.34867 -0.18027
v -0.02634 1.45353 -0.19398
v -0.01530 1.41594 -0.22596
v -0.03827 1.41436 -0.23494
v -0.01530 1.41594 -0.22596
v 0.00641 1.41080 -0.17887
v -0.01449 1.39763 -0.22647
v -0.03753 1.39810 -0.23585
v -0.03827 1.41436 -0.23494
v -0.01530 1.41594 -0.22596
v -0.03753 1.39810 -0.23585
v -0.01530 1.41594 -0.22596
v -0.01449 1.39763 -0.22647
v 0.00641 1.41080 -0.17887
v -0.02634 1.45353 -0.19398
v 0.02595 1.43317 -0.15915
v -0.02634 1.45353 -0.19398
v 0.00641 1.41080 -0.17887
v -0.01530 1.41594 -0.22596
v -0.01449 1.39763 -0.22647
v 0.00641 1.41080 -0.17887
v 0.00521 1.39003 -0.18581
v 0.02018 1.50208 -0.17511
v 0.07075 1.45954 -0.11814
v 0.00731 1.46373 -0.15661
v 0.03878 1.51212 -0.18124
v 0.07346 1.51616 -0.18010
v 0.07075 1.45954 -0.11814
v 0.02018 1.50208 -0.17511
v 0.03878 1.51212 -0.18124
v 0.07075 1.45954 -0.11814
v 0.07346 1.51616 -0.18010
v 0.09960 1.51257 -0.16603
v 0.07075 1.45954 -0.11814
v 0.09960 1.51257 -0.16603
v 0.11975 1.50366 -0.14126
v 0.07075 1.45954 -0.11814
v 0.07075 1.45954 -0.11814
v 0.11975 1.50366 -0.14126
v 0.13097 1.48780 -0.11414
v 0.10209 1.55530 -0.16152
v 0.10531 1.55785 -0.17240
v 0.14196 1.54723 -0.12317
v 0.03249 1.35418 -0.17533
v -0.04753 1.35332 0.06113
v 0.05226 1.36740 -0.16927
v 0.01553 1.34867 -0.18027
v -0.04753 1.35332 0.06113
v 0.03249 1.35418 -0.17533
v -0.00888 1.34311 -0.18536
v -0.04753 1.35332 0.06113
v 0.01553 1.34867 -0.18027
v -0.03462 1.34007 -0.18913
v -0.04753 1.35332 0.06113
v -0.00888 1.34311 -0.18536
v -0.06076 1.34348 -0.18445
v -0.04753 1.35332 0.06113
v -0.03462 1.34007 -0.18913
v -0.08588 1.34853 -0.18025
v -0.04753 1.35332 0.06113
v -0.06076 1.34348 -0.18445
v -0.10956 1.35532 -0.17436
v -0.04753 1.35332 0.06113
v -0.08588 1.34853 -0.18025
v -0.15145 1.38192 -0.15998
v -0.04753 1.35332 0.06113
v -0.10956 1.35532 -0.17436
v 0.05226 1.36740 -0.16927
v -0.04753 1.35332 0.06113
v 0.03249 1.35418 -0.17533
v 0.03249 1.35418 -0.17533
v -0.04753 1.35332 0.06113
v 0.01553 1.34867 -0.18027
v 0.01553 1.34867 -0.18027
v -0.04753 1.35332 0.06113
v -0.00888 1.34311 -0.18536
v -0.00888 1.34311 -0.18536
v -0.04753 1.35332 0.06113
v -0.03462 1.34007 -0.18913
v -0.03462 1.34007 -0.18913
v -0.04753 1.35332 0.06113
v -0.06076 1.34348 -0.18445
v -0.06076 1.34348 -0.18445
v -0.04753 1.35332 0.06113
v -0.08588 1.34853 -0.18025
v -0.08588 1.34853 -0.18025
v -0.04753 1.35332 0.06113
v -0.10956 1.35532 -0.17436
v -0.10956 1.35532 -0.17436
v -0.04753 1.35332 0.06113
v -0.15145 1.38192 -0.15998
v 0.06630 1.55859 -0.19775
v 0.10531 1.55785 -0.17240
v 0.10209 1.55530 -0.16152
v 0.06430 1.55610 -0.18448
v 0.06630 1.55859 -0.19775
v 0.10209 1.55530 -0.16152
v 0.00061 1.57830 -0.21568
v -0.01447 1.59553 -0.21573
v 0.00863 1.59782 -0.21132
v 0.00863 1.59782 -0.21132
v -0.01447 1.59553 -0.21573
v 0.00245 1.62200 -0.20969
v 0.00863 1.59782 -0.21132
v 0.00245 1.62200 -0.20969
v 0.05656 1.62207 -0.18574
v 0.05649 1.60255 -0.19372
v 0.00863 1.59782 -0.21132
v 0.05656 1.62207 -0.18574
v 0.10428 1.59777 -0.16847
v 0.05649 1.60255 -0.19372
v 0.05656 1.62207 -0.18574
v 0.11212 1.61723 -0.14678
v 0.10428 1.59777 -0.16847
v 0.05656 1.62207 -0.18574
v 0.13450 1.57738 -0.13914
v 0.10428 1.59777 -0.16847
v 0.11212 1.61723 -0.14678
v 0.15971 1.56512 -0.04878
v 0.13450 1.57738 -0.13914
v 0.11212 1.61723 -0.14678
v 0.13450 1.57738 -0.13914
v 0.15971 1.56512 -0.04878
v 0.14196 1.54723 -0.12317
v 0.16392 1.51854 -0.04338
v 0.14196 1.54723 -0.12317
v 0.15971 1.56512 -0.04878
v -0.04557 1.57654 -0.21955
v -0.08488 1.57744 -0.21669
v -0.04749 1.61967 -0.21205
v -0.01447 1.59553 -0.21573
v -0.04557 1.57654 -0.21955
v -0.04749 1.61967 -0.21205
v 0.00245 1.62200 -0.20969
v -0.01447 1.59553 -0.21573
v -0.04749 1.61967 -0.21205
v -0.01447 1.59553 -0.21573
v -0.00888 1.54310 -0.20772
v -0.04557 1.57654 -0.21955
v -0.08488 1.57744 -0.21669
v -0.09314 1.61770 -0.20594
v -0.04749 1.61967 -0.21205
v -0.10357 1.57898 -0.21138
v -0.09314 1.61770 -0.20594
v -0.08488 1.57744 -0.21669
v -0.08488 1.57744 -0.21669
v -0.09681 1.55931 -0.21439
v -0.10357 1.57898 -0.21138
v -0.10357 1.57898 -0.21138
v -0.15114 1.57607 -0.19610
v -0.09314 1.61770 -0.20594
v -0.15114 1.57607 -0.19610
v -0.15257 1.61469 -0.18379
v -0.09314 1.61770 -0.20594
v -0.15114 1.57607 -0.19610
v -0.18829 1.56814 -0.17433
v -0.15257 1.61469 -0.18379
v -0.18829 1.56814 -0.17433
v -0.20811 1.60285 -0.14336
v -0.15257 1.61469 -0.18379
v -0.18829 1.56814 -0.17433
v -0.21147 1.55865 -0.14934
v -0.20811 1.60285 -0.14336
v -0.21147 1.55865 -0.14934
v -0.23759 1.54685 -0.05663
v -0.20811 1.60285 -0.14336
v -0.23759 1.54685 -0.05663
v -0.21147 1.55865 -0.14934
v -0.22420 1.51705 -0.12860
v -0.22420 1.51705 -0.12860
v -0.24699 1.49965 -0.05115
v -0.23759 1.54685 -0.05663
v -0.22420 1.51705 -0.12860
v -0.21636 1.50279 -0.11439
v -0.24699 1.49965 -0.05115
v -0.21636 1.50279 -0.11439
v -0.21388 1.47161 -0.11225
v -0.24699 1.49965 -0.05115
v -0.20184 1.48515 -0.13941
v -0.21388 1.47161 -0.11225
v -0.21636 1.50279 -0.11439
v -0.22420 1.51705 -0.12860
v -0.20441 1.50443 -0.13767
v -0.21636 1.50279 -0.11439
v -0.20441 1.50443 -0.13767
v -0.20184 1.48515 -0.13941
v -0.21636 1.50279 -0.11439
v -0.20441 1.50443 -0.13767
v -0.18342 1.49500 -0.16552
v -0.20184 1.48515 -0.13941
v -0.20441 1.50443 -0.13767
v -0.22420 1.51705 -0.12860
v -0.19235 1.52167 -0.16510
v -0.18512 1.51133 -0.15880
v -0.20441 1.50443 -0.13767
v -0.19235 1.52167 -0.16510
v -0.19235 1.52167 -0.16510
v -0.15393 1.52554 -0.18826
v -0.18512 1.51133 -0.15880
v -0.15393 1.52554 -0.18826
v -0.15384 1.51695 -0.17922
v -0.18512 1.51133 -0.15880
v -0.20441 1.50443 -0.13767
v -0.18512 1.51133 -0.15880
v -0.18342 1.49500 -0.16552
v -0.18512 1.51133 -0.15880
v -0.15384 1.51695 -0.17922
v -0.18342 1.49500 -0.16552
v -0.15384 1.51695 -0.17922
v -0.15812 1.50017 -0.17995
v -0.18342 1.49500 -0.16552
v -0.15393 1.52554 -0.18826
v -0.10193 1.51940 -0.20127
v -0.15384 1.51695 -0.17922
v -0.10193 1.51940 -0.20127
v -0.11998 1.51362 -0.18204
v -0.15384 1.51695 -0.17922
v -0.10193 1.51940 -0.20127
v -0.09699 1.50555 -0.18173
v -0.11998 1.51362 -0.18204
v 0.02837 1.47891 -0.16949
v 0.01337 1.47929 -0.15962
v 0.02529 1.50755 -0.17216
v 0.02837 1.47891 -0.16949
v 0.02529 1.50755 -0.17216
v 0.04328 1.48001 -0.17510
v 0.02529 1.50755 -0.17216
v 0.02732 1.50933 -0.17259
v 0.04328 1.48001 -0.17510
v -0.10193 1.51940 -0.20127
v -0.10254 1.52914 -0.21276
v -0.07946 1.52480 -0.20793
v -0.07946 1.52480 -0.20793
v -0.09681 1.55931 -0.21439
v -0.08488 1.57744 -0.21669
v -0.09681 1.55931 -0.21439
v -0.07946 1.52480 -0.20793
v -0.10254 1.52914 -0.21276
v -0.10193 1.51940 -0.20127
v -0.15393 1.52554 -0.18826
v -0.10254 1.52914 -0.21276
v -0.15393 1.52554 -0.18826
v -0.15113 1.53565 -0.20451
v -0.10254 1.52914 -0.21276
v -0.09681 1.55931 -0.21439
v -0.10254 1.52914 -0.21276
v -0.15113 1.53565 -0.20451
v -0.09681 1.55931 -0.21439
v -0.15113 1.53565 -0.20451
v -0.10357 1.57898 -0.21138
v -0.15113 1.53565 -0.20451
v -0.15393 1.52554 -0.18826
v -0.19696 1.53161 -0.17204
v -0.15393 1.52554 -0.18826
v -0.19235 1.52167 -0.16510
v -0.19696 1.53161 -0.17204
v -0.19235 1.52167 -0.16510
v -0.22420 1.51705 -0.12860
v -0.19696 1.53161 -0.17204
v -0.10357 1.57898 -0.21138
v -0.15113 1.53565 -0.20451
v -0.15114 1.57607 -0.19610
v -0.15114 1.57607 -0.19610
v -0.15113 1.53565 -0.20451
v -0.18829 1.56814 -0.17433
v -0.15113 1.53565 -0.20451
v -0.19696 1.53161 -0.17204
v -0.18829 1.56814 -0.17433
v -0.18829 1.56814 -0.17433
v -0.19696 1.53161 -0.17204
v -0.21147 1.55865 -0.14934
v -0.19696 1.53161 -0.17204
v -0.22420 1.51705 -0.12860
v -0.21147 1.55865 -0.14934
v -0.20204 1.48280 -0.13321
v -0.20361 1.46883 -0.13315
v -0.21388 1.47161 -0.11225
v -0.20204 1.48280 -0.13321
v -0.18355 1.49117 -0.15927
v -0.20361 1.46883 -0.13315
v -0.18355 1.49117 -0.15927
v -0.18606 1.46761 -0.15880
v -0.20361 1.46883 -0.13315
v -0.18355 1.49117 -0.15927
v -0.18194 1.49462 -0.16006
v -0.18606 1.46761 -0.15880
v -0.18194 1.49462 -0.16006
v -0.16542 1.46682 -0.17596
v -0.18606 1.46761 -0.15880
v -0.14952 1.45132 -0.11945
v -0.11044 1.43944 -0.16969
v -0.12674 1.43547 -0.17188
v -0.14952 1.45132 -0.11945
v -0.12674 1.43547 -0.17188
v -0.15814 1.43259 -0.17271
v -0.18082 1.43586 -0.15967
v -0.14952 1.45132 -0.11945
v -0.15814 1.43259 -0.17271
v -0.14952 1.45132 -0.11945
v -0.18082 1.43586 -0.15967
v -0.20312 1.44671 -0.13370
v -0.14952 1.45132 -0.11945
v -0.20312 1.44671 -0.13370
v -0.21388 1.47161 -0.11225
v -0.20184 1.48515 -0.13941
v -0.14952 1.45132 -0.11945
v -0.21388 1.47161 -0.11225
v -0.20184 1.48515 -0.13941
v -0.18342 1.49500 -0.16552
v -0.14952 1.45132 -0.11945
v -0.18342 1.49500 -0.16552
v -0.15812 1.50017 -0.17995
v -0.14952 1.45132 -0.11945
v -0.15812 1.50017 -0.17995
v -0.12600 1.50108 -0.18002
v -0.14952 1.45132 -0.11945
v -0.12600 1.50108 -0.18002
v -0.10778 1.49399 -0.17797
v -0.14952 1.45132 -0.11945
v -0.08731 1.45900 -0.15638
v -0.14952 1.45132 -0.11945
v -0.10778 1.49399 -0.17797
v 0.12335 1.46878 -0.13555
v 0.07075 1.45954 -0.11814
v 0.13097 1.48780 -0.11414
v 0.10327 1.45419 -0.15908
v 0.07075 1.45954 -0.11814
v 0.12335 1.46878 -0.13555
v 0.08000 1.44575 -0.17170
v 0.07075 1.45954 -0.11814
v 0.10327 1.45419 -0.15908
v 0.04946 1.44343 -0.17346
v 0.07075 1.45954 -0.11814
v 0.08000 1.44575 -0.17170
v 0.04946 1.44343 -0.17346
v 0.03205 1.44608 -0.17035
v 0.07075 1.45954 -0.11814
v 0.12141 1.53271 -0.13956
v 0.14196 1.54723 -0.12317
v 0.13341 1.52339 -0.11737
v 0.11975 1.50366 -0.14126
v 0.12141 1.53271 -0.13956
v 0.13341 1.52339 -0.11737
v 0.16392 1.51854 -0.04338
v 0.13097 1.48780 -0.11414
v 0.13341 1.52339 -0.11737
v 0.13097 1.48780 -0.11414
v 0.11975 1.50366 -0.14126
v 0.13341 1.52339 -0.11737
v 0.16392 1.51854 -0.04338
v 0.13341 1.52339 -0.11737
v 0.14196 1.54723 -0.12317
v 0.09960 1.51257 -0.16603
v 0.12141 1.53271 -0.13956
v 0.11975 1.50366 -0.14126
v 0.10045 1.54007 -0.15958
v 0.12141 1.53271 -0.13956
v 0.09960 1.51257 -0.16603
v 0.10045 1.54007 -0.15958
v 0.10209 1.55530 -0.16152
v 0.12141 1.53271 -0.13956
v 0.10209 1.55530 -0.16152
v 0.14196 1.54723 -0.12317
v 0.12141 1.53271 -0.13956
v 0.10209 1.55530 -0.16152
v 0.10045 1.54007 -0.15958
v 0.06430 1.55610 -0.18448
v 0.10045 1.54007 -0.15958
v 0.06844 1.54202 -0.17461
v 0.06430 1.55610 -0.18448
v 0.01749 1.54233 -0.19495
v 0.06430 1.55610 -0.18448
v 0.06844 1.54202 -0.17461
v 0.03612 1.53451 -0.17506
v 0.01749 1.54233 -0.19495
v 0.06844 1.54202 -0.17461
v -0.00888 1.54310 -0.20772
v 0.01749 1.54233 -0.19495
v 0.01239 1.51438 -0.17130
v 0.01749 1.54233 -0.19495
v 0.03612 1.53451 -0.17506
v 0.01239 1.51438 -0.17130
v 0.03119 1.34109 -0.16786
v 0.02694 1.35743 -0.17336
v 0.05222 1.37082 -0.14743
v -0.00393 1.35072 -0.18238
v 0.02694 1.35743 -0.17336
v 0.03119 1.34109 -0.16786
v -0.00055 1.32986 -0.17655
v -0.00393 1.35072 -0.18238
v 0.03119 1.34109 -0.16786
v -0.03489 1.34652 -0.18404
v -0.00393 1.35072 -0.18238
v -0.00055 1.32986 -0.17655
v -0.03397 1.32693 -0.17902
v -0.03489 1.34652 -0.18404
v -0.00055 1.32986 -0.17655
v -0.06820 1.34807 -0.18025
v -0.03489 1.34652 -0.18404
v -0.03397 1.32693 -0.17902
v -0.07048 1.32804 -0.17512
v -0.06820 1.34807 -0.18025
v -0.03397 1.32693 -0.17902
v -0.10713 1.35817 -0.17247
v -0.06820 1.34807 -0.18025
v -0.07048 1.32804 -0.17512
v -0.10910 1.33867 -0.16714
v -0.10713 1.35817 -0.17247
v -0.07048 1.32804 -0.17512
v -0.15149 1.38534 -0.13813
v -0.10713 1.35817 -0.17247
v -0.10910 1.33867 -0.16714
v 0.02732 1.50933 -0.17259
v 0.04104 1.51483 -0.17414
v 0.04328 1.48001 -0.17510
v 0.04328 1.48001 -0.17510
v 0.04104 1.51483 -0.17414
v 0.07541 1.48248 -0.17542
v 0.04104 1.51483 -0.17414
v 0.07236 1.51965 -0.17334
v 0.07541 1.48248 -0.17542
v 0.07541 1.48248 -0.17542
v 0.07236 1.51965 -0.17334
v 0.10019 1.48393 -0.16276
v 0.07236 1.51965 -0.17334
v 0.09615 1.51839 -0.16273
v 0.10019 1.48393 -0.16276
v 0.07541 1.48248 -0.17542
v 0.10019 1.48393 -0.16276
v 0.07845 1.44619 -0.16753
v 0.04328 1.48001 -0.17510
v 0.07541 1.48248 -0.17542
v 0.07845 1.44619 -0.16753
v 0.05062 1.44380 -0.16950
v 0.04328 1.48001 -0.17510
v 0.07845 1.44619 -0.16753
v 0.07845 1.44619 -0.16753
v 0.10019 1.48393 -0.16276
v 0.10236 1.45694 -0.15391
v 0.02837 1.47891 -0.16949
v 0.04328 1.48001 -0.17510
v 0.05062 1.44380 -0.16950
v 0.03205 1.44608 -0.17035
v 0.02837 1.47891 -0.16949
v 0.05062 1.44380 -0.16950
v 0.10236 1.45694 -0.15391
v 0.10019 1.48393 -0.16276
v 0.12326 1.47046 -0.12998
v 0.10019 1.48393 -0.16276
v 0.12205 1.48756 -0.13510
v 0.12326 1.47046 -0.12998
v 0.10019 1.48393 -0.16276
v 0.09615 1.51839 -0.16273
v 0.12205 1.48756 -0.13510
v 0.09615 1.51839 -0.16273
v 0.11892 1.50978 -0.13830
v 0.12205 1.48756 -0.13510
v 0.12326 1.47046 -0.12998
v 0.12205 1.48756 -0.13510
v 0.13097 1.48780 -0.11414
v 0.12205 1.48756 -0.13510
v 0.11892 1.50978 -0.13830
v 0.13097 1.48780 -0.11414
v 0.03205 1.44608 -0.17035
v 0.00731 1.46373 -0.15661
v 0.02837 1.47891 -0.16949
v 0.02837 1.47891 -0.16949
v 0.00731 1.46373 -0.15661
v 0.01337 1.47929 -0.15962
v -0.18194 1.49462 -0.16006
v -0.15666 1.49921 -0.17337
v -0.16542 1.46682 -0.17596
v -0.15666 1.49921 -0.17337
v -0.12945 1.49941 -0.17321
v -0.16542 1.46682 -0.17596
v -0.12945 1.49941 -0.17321
v -0.12808 1.46381 -0.17586
v -0.16542 1.46682 -0.17596
v -0.12945 1.49941 -0.17321
v -0.11057 1.49105 -0.17169
v -0.12808 1.46381 -0.17586
v -0.16542 1.46682 -0.17596
v -0.12808 1.46381 -0.17586
v -0.15756 1.43328 -0.16696
v -0.18606 1.46761 -0.15880
v -0.16542 1.46682 -0.17596
v -0.15756 1.43328 -0.16696
v -0.18109 1.43670 -0.15381
v -0.18606 1.46761 -0.15880
v -0.15756 1.43328 -0.16696
v -0.18606 1.46761 -0.15880
v -0.18109 1.43670 -0.15381
v -0.20312 1.44824 -0.12813
v -0.20361 1.46883 -0.13315
v -0.18606 1.46761 -0.15880
v -0.20312 1.44824 -0.12813
v -0.20361 1.46883 -0.13315
v -0.20312 1.44824 -0.12813
v -0.21388 1.47161 -0.11225
v -0.12808 1.46381 -0.17586
v -0.12958 1.43501 -0.16891
v -0.15756 1.43328 -0.16696
v -0.11057 1.49105 -0.17169
v -0.10818 1.46389 -0.17280
v -0.12808 1.46381 -0.17586
v -0.12808 1.46381 -0.17586
v -0.10818 1.46389 -0.17280
v -0.12958 1.43501 -0.16891
v -0.08731 1.45900 -0.15638
v -0.10818 1.46389 -0.17280
v -0.11057 1.49105 -0.17169
v -0.10818 1.46389 -0.17280
v -0.11044 1.43944 -0.16969
v -0.12958 1.43501 -0.16891
v -0.08731 1.45900 -0.15638
v -0.11044 1.43944 -0.16969
v -0.10818 1.46389 -0.17280
v -0.21102 1.35046 0.06810
v -0.23291 1.35626 0.00878
v -0.19186 1.30520 -0.08776
v -0.21102 1.35046 0.06810
v -0.19186 1.30520 -0.08776
v -0.17126 1.28857 -0.07287
v -0.03236 1.28848 0.11193
v -0.21102 1.35046 0.06810
v -0.17126 1.28857 -0.07287
v -0.03406 1.32720 -0.19154
v -0.03462 1.34007 -0.18913
v -0.00888 1.34311 -0.18536
v -0.03462 1.34007 -0.18913
v -0.03406 1.32720 -0.19154
v -0.06249 1.33045 -0.18703
v -0.06076 1.34348 -0.18445
v -0.03462 1.34007 -0.18913
v -0.06249 1.33045 -0.18703
vt 0.09979 0.61475
vt 0.11664 0.61768
vt 0.10376 0.60938
vt 0.09979 0.61475
vt 0.09711 0.60889
vt 0.11664 0.61768
vt 0.10376 0.60938
vt 0.09711 0.60889
vt 0.11664 0.61768
vt 0.09711 0.60889
vt 0.09979 0.61475
vt 0.11664 0.61768
vt 0.09711 0.60889
vt 0.11664 0.61768
vt 0.09979 0.61475
vt 0.09711 0.60889
vt 0.10376 0.60938
vt 0.11664 0.61768
vt 0.09711 0.60889
vt 0.11664 0.61768
vt 0.10376 0.60938
vt 0.93506 0.82520
vt 0.93945 0.85352
vt 0.91943 0.82471
vt 0.95215 0.95264
vt 0.94434 0.89697
vt 0.96729 0.89697
vt 0.95947 0.84131
vt 0.96924 0.85596
vt 0.94434 0.85449
vt 0.95947 0.84131
vt 0.94434 0.85449
vt 0.94434 0.84033
vt 0.95947 0.84131
vt 0.97900 0.85205
vt 0.96924 0.85596
vt 0.97900 0.85205
vt 0.98828 0.85693
vt 0.96924 0.85596
vt 0.95215 0.95264
vt 0.96729 0.89697
vt 0.99707 0.92334
vt 0.95215 0.95264
vt 0.99707 0.92334
vt 0.99365 0.95752
vt 0.88672 0.93359
vt 0.90674 0.91602
vt 0.91602 0.92188
vt 0.88672 0.93359
vt 0.87354 0.91553
vt 0.90674 0.91602
vt 0.87354 0.91553
vt 0.88232 0.90527
vt 0.90674 0.91602
vt 0.82031 0.84668
vt 0.83154 0.84277
vt 0.82715 0.82861
vt 0.81445 0.83643
vt 0.82031 0.84668
vt 0.82715 0.82861
vt 0.81445 0.83643
vt 0.78613 0.85059
vt 0.82031 0.84668
vt 0.81445 0.83643
vt 0.81689 0.82568
vt 0.78320 0.83545
vt 0.82031 0.84668
vt 0.79395 0.86426
vt 0.79639 0.87939
vt 0.82861 0.85254
vt 0.82031 0.84668
vt 0.79639 0.87939
vt 0.83252 0.89648
vt 0.82568 0.89014
vt 0.79590 0.89746
vt 0.83252 0.89648
vt 0.83154 0.92285
vt 0.84717 0.92188
vt 0.84619 0.89697
vt 0.83252 0.89648
vt 0.84717 0.92188
vt 0.84717 0.92188
vt 0.83154 0.92285
vt 0.84668 0.95361
vt 0.83154 0.92285
vt 0.82910 0.95508
vt 0.84668 0.95361
vt 0.83154 0.92285
vt 0.79541 0.93994
vt 0.82910 0.95508
vt 0.84668 0.95361
vt 0.82910 0.95508
vt 0.84668 0.96680
vt 0.82910 0.95508
vt 0.82812 0.96875
vt 0.84668 0.96680
vt 0.82910 0.95508
vt 0.79541 0.93994
vt 0.79492 0.97412
vt 0.70557 0.91309
vt 0.74951 0.88721
vt 0.72021 0.87842
vt 0.70557 0.91309
vt 0.70654 0.97168
vt 0.73975 0.97461
vt 0.70557 0.91309
vt 0.65771 0.93750
vt 0.70654 0.97168
vt 0.67578 0.83301
vt 0.68652 0.85010
vt 0.70752 0.84570
vt 0.67578 0.83301
vt 0.66943 0.83545
vt 0.67041 0.84766
vt 0.67578 0.81348
vt 0.66943 0.83545
vt 0.67578 0.83301
vt 0.68652 0.81396
vt 0.67578 0.81348
vt 0.67578 0.83301
vt 0.71045 0.83301
vt 0.67578 0.83301
vt 0.70752 0.84570
vt 0.68652 0.81396
vt 0.67578 0.83301
vt 0.71045 0.83301
vt 0.71045 0.83301
vt 0.71875 0.84131
vt 0.72168 0.82910
vt 0.71045 0.83301
vt 0.72168 0.82910
vt 0.70264 0.81445
vt 0.70264 0.81445
vt 0.68652 0.81396
vt 0.71045 0.83301
vt 0.72168 0.82910
vt 0.71191 0.81006
vt 0.70264 0.81445
vt 0.68652 0.81396
vt 0.70264 0.81445
vt 0.68555 0.80371
vt 0.70264 0.81445
vt 0.70312 0.80225
vt 0.68555 0.80371
vt 0.09357 0.65869
vt 0.09357 0.60742
vt 0.13770 0.65869
vt 0.13770 0.65869
vt 0.13770 0.60742
vt 0.19592 0.65869
vt 0.13770 0.60742
vt 0.19592 0.60742
vt 0.19592 0.65869
vt 0.19592 0.60742
vt 0.13770 0.60742
vt 0.19592 0.65869
vt 0.06848 0.16968
vt 0.09253 0.14795
vt 0.06848 0.19519
vt 0.06848 0.16968
vt 0.01237 0.16968
vt 0.01237 0.14795
vt 0.06848 0.16968
vt 0.01237 0.14795
vt 0.06848 0.14795
vt 0.06848 0.16968
vt 0.01237 0.16968
vt 0.06848 0.19519
vt 0.09253 0.14795
vt 0.06848 0.16968
vt 0.06848 0.19519
vt 0.09253 0.14795
vt 0.06848 0.19519
vt 0.08411 0.19519
vt 0.00422 0.39575
vt 0.00249 0.36206
vt 0.01796 0.37988
vt 0.00249 0.36206
vt 0.01770 0.36206
vt 0.01796 0.37988
vt 0.00113 0.33960
vt 0.01775 0.33960
vt 0.00059 0.31934
vt 0.00249 0.36206
vt 0.01770 0.36206
vt 0.00113 0.33960
vt 0.00249 0.36206
vt 0.00422 0.39575
vt 0.01770 0.36206
vt 0.00422 0.39575
vt 0.01796 0.37988
vt 0.01770 0.36206
vt 0.30200 0.40259
vt 0.30127 0.45825
vt 0.26416 0.40723
vt 0.30200 0.40259
vt 0.26416 0.40723
vt 0.26416 0.35938
vt 0.30200 0.40259
vt 0.30615 0.35522
vt 0.26416 0.35938
vt 0.31445 0.40723
vt 0.30200 0.40259
vt 0.30615 0.35522
vt 0.31445 0.40723
vt 0.31226 0.45703
vt 0.30200 0.40259
vt 0.55713 0.60693
vt 0.62402 0.60938
vt 0.62402 0.63574
vt 0.62402 0.60938
vt 0.55713 0.60693
vt 0.62402 0.63574
vt 0.55713 0.60693
vt 0.54834 0.64111
vt 0.62402 0.63574
vt 0.55713 0.60693
vt 0.49805 0.62598
vt 0.54834 0.64111
vt 0.30200 0.40259
vt 0.31445 0.40723
vt 0.30615 0.35522
vt 0.31445 0.40723
vt 0.31494 0.36450
vt 0.30615 0.35522
vt 0.31445 0.40723
vt 0.36426 0.40356
vt 0.31494 0.36450
vt 0.46948 0.39185
vt 0.46362 0.35718
vt 0.41968 0.35742
vt 0.46948 0.39185
vt 0.51758 0.45825
vt 0.51807 0.39404
vt 0.46948 0.39185
vt 0.51807 0.39404
vt 0.51465 0.35181
vt 0.57178 0.39478
vt 0.56738 0.35278
vt 0.62256 0.39600
vt 0.46948 0.39185
vt 0.46362 0.35718
vt 0.51465 0.35181
vt 0.46948 0.39185
vt 0.41943 0.39355
vt 0.41968 0.35742
vt 0.46948 0.39185
vt 0.46973 0.43579
vt 0.41943 0.39355
vt 0.43604 0.89502
vt 0.36401 0.88281
vt 0.36401 0.82764
vt 0.60156 0.72266
vt 0.55420 0.73730
vt 0.59473 0.70801
vt 0.36401 0.73535
vt 0.42480 0.73486
vt 0.36401 0.70020
vt 0.51172 0.82422
vt 0.43066 0.84521
vt 0.43604 0.89502
vt 0.43604 0.89502
vt 0.43066 0.84521
vt 0.36401 0.82764
vt 0.44629 0.99805
vt 0.44482 0.95361
vt 0.36401 0.93945
vt 0.36401 0.96826
vt 0.44629 0.99805
vt 0.36401 0.93945
vt 0.36401 0.96826
vt 0.36401 0.99854
vt 0.44629 0.99805
vt 0.44629 0.99805
vt 0.36401 0.99854
vt 0.36401 0.96826
vt 0.44629 0.99805
vt 0.36401 0.96826
vt 0.36401 0.93945
vt 0.51855 0.87695
vt 0.51172 0.82422
vt 0.43604 0.89502
vt 0.51855 0.87695
vt 0.43604 0.89502
vt 0.44482 0.95361
vt 0.53564 0.92578
vt 0.44482 0.95361
vt 0.44629 0.99805
vt 0.53564 0.92578
vt 0.51855 0.87695
vt 0.44482 0.95361
vt 0.57764 0.85742
vt 0.51855 0.87695
vt 0.53564 0.92578
vt 0.51172 0.82422
vt 0.51855 0.87695
vt 0.57764 0.85742
vt 0.58252 0.82471
vt 0.51172 0.82422
vt 0.57764 0.85742
vt 0.44482 0.95361
vt 0.44629 0.99805
vt 0.36401 0.93945
vt 0.44482 0.95361
vt 0.36401 0.93945
vt 0.43604 0.89502
vt 0.43604 0.89502
vt 0.51855 0.87695
vt 0.44482 0.95361
vt 0.51172 0.82422
vt 0.51855 0.87695
vt 0.43604 0.89502
vt 0.44482 0.95361
vt 0.53564 0.92578
vt 0.44629 0.99805
vt 0.51855 0.87695
vt 0.53564 0.92578
vt 0.44482 0.95361
vt 0.53564 0.92578
vt 0.55566 0.96533
vt 0.44629 0.99805
vt 0.55566 0.96533
vt 0.53564 0.92578
vt 0.44629 0.99805
vt 0.53564 0.92578
vt 0.62012 0.91504
vt 0.55566 0.96533
vt 0.62012 0.91504
vt 0.53564 0.92578
vt 0.55566 0.96533
vt 0.62012 0.91504
vt 0.57764 0.85742
vt 0.53564 0.92578
vt 0.51855 0.87695
vt 0.57764 0.85742
vt 0.53564 0.92578
vt 0.57764 0.85742
vt 0.62012 0.91504
vt 0.53564 0.92578
vt 0.51855 0.87695
vt 0.51172 0.82422
vt 0.57764 0.85742
vt 0.65625 0.83447
vt 0.57764 0.85742
vt 0.62012 0.91504
vt 0.57764 0.85742
vt 0.65625 0.83447
vt 0.62012 0.91504
vt 0.51172 0.82422
vt 0.58252 0.82471
vt 0.57764 0.85742
vt 0.57764 0.85742
vt 0.58252 0.82471
vt 0.65625 0.83447
vt 0.51172 0.82422
vt 0.50586 0.77148
vt 0.58252 0.82471
vt 0.65625 0.83447
vt 0.65186 0.77539
vt 0.57764 0.85742
vt 0.65186 0.77539
vt 0.58252 0.82471
vt 0.57764 0.85742
vt 0.58252 0.82471
vt 0.65186 0.77539
vt 0.65625 0.83447
vt 0.58252 0.82471
vt 0.57910 0.78369
vt 0.65186 0.77539
vt 0.57910 0.78369
vt 0.63086 0.75684
vt 0.65186 0.77539
vt 0.65186 0.77539
vt 0.63086 0.75684
vt 0.58252 0.82471
vt 0.57910 0.78369
vt 0.50586 0.77148
vt 0.55908 0.75146
vt 0.57910 0.78369
vt 0.55908 0.75146
vt 0.63086 0.75684
vt 0.55908 0.75146
vt 0.50586 0.77148
vt 0.55420 0.73730
vt 0.55908 0.75146
vt 0.55420 0.73730
vt 0.60156 0.72266
vt 0.63086 0.75684
vt 0.57910 0.78369
vt 0.58252 0.82471
vt 0.57910 0.78369
vt 0.50586 0.77148
vt 0.58252 0.82471
vt 0.55908 0.75146
vt 0.60986 0.73340
vt 0.63086 0.75684
vt 0.60986 0.73340
vt 0.55908 0.75146
vt 0.60156 0.72266
vt 0.63086 0.75684
vt 0.60986 0.73340
vt 0.57910 0.78369
vt 0.55908 0.75146
vt 0.60986 0.73340
vt 0.60156 0.72266
vt 0.60986 0.73340
vt 0.55908 0.75146
vt 0.57910 0.78369
vt 0.95801 0.35010
vt 0.92480 0.39111
vt 0.99316 0.37036
vt 0.10376 0.60938
vt 0.09979 0.61475
vt 0.09729 0.60889
vt 0.10376 0.60938
vt 0.11664 0.61768
vt 0.09979 0.61475
vt 0.33887 0.77002
vt 0.28833 0.77002
vt 0.33887 0.71338
vt 0.28833 0.77002
vt 0.29150 0.71387
vt 0.33887 0.71338
vt 0.24060 0.71338
vt 0.29150 0.71387
vt 0.28833 0.77002
vt 0.28833 0.77002
vt 0.28833 0.85498
vt 0.24060 0.85498
vt 0.24060 0.77002
vt 0.24060 0.71338
vt 0.28833 0.77002
vt 0.24060 0.77002
vt 0.28833 0.77002
vt 0.24060 0.85498
vt 0.19531 0.71338
vt 0.24060 0.71338
vt 0.24060 0.77002
vt 0.19531 0.77002
vt 0.19531 0.71338
vt 0.24060 0.77002
vt 0.19531 0.77002
vt 0.24060 0.77002
vt 0.24060 0.85498
vt 0.14807 0.71338
vt 0.19531 0.71338
vt 0.19531 0.77002
vt 0.14807 0.77002
vt 0.14807 0.71338
vt 0.19531 0.77002
vt 0.10260 0.71338
vt 0.14807 0.71338
vt 0.14807 0.77002
vt 0.14807 0.77002
vt 0.14807 0.85498
vt 0.10260 0.77002
vt 0.05539 0.71338
vt 0.10260 0.71338
vt 0.10260 0.77002
vt 0.00570 0.71338
vt 0.05539 0.71338
vt 0.05539 0.77002
vt 0.00570 0.77002
vt 0.00570 0.71338
vt 0.05539 0.77002
vt 0.00570 0.77002
vt 0.05539 0.77002
vt 0.05539 0.85498
vt 0.39404 0.00816
vt 0.39111 0.10138
vt 0.31201 0.08948
vt 0.39404 0.00816
vt 0.46631 0.00995
vt 0.39111 0.10138
vt 0.38477 0.19238
vt 0.31226 0.18408
vt 0.39111 0.10138
vt 0.38477 0.19238
vt 0.39111 0.10138
vt 0.46631 0.10638
vt 0.46631 0.00995
vt 0.46631 0.10638
vt 0.39111 0.10138
vt 0.46631 0.20093
vt 0.38477 0.19238
vt 0.46631 0.10638
vt 0.37769 0.30054
vt 0.38477 0.19238
vt 0.46631 0.20093
vt 0.46631 0.30298
vt 0.37769 0.30054
vt 0.46631 0.20093
vt 0.55518 0.30054
vt 0.46631 0.30298
vt 0.46631 0.20093
vt 0.54785 0.19238
vt 0.55518 0.30054
vt 0.46631 0.20093
vt 0.54785 0.19238
vt 0.46631 0.20093
vt 0.46631 0.10638
vt 0.54785 0.19238
vt 0.64502 0.28076
vt 0.55518 0.30054
vt 0.46631 0.00995
vt 0.53857 0.00816
vt 0.54150 0.10138
vt 0.53857 0.00816
vt 0.62061 0.01106
vt 0.62061 0.08948
vt 0.04123 0.20898
vt 0.02145 0.20898
vt 0.03360 0.30786
vt 0.03360 0.30786
vt 0.02145 0.20898
vt 0.02101 0.30786
vt 0.00570 0.71338
vt 0.05539 0.71338
vt 0.05539 0.66455
vt 0.05539 0.71338
vt 0.10260 0.71338
vt 0.10260 0.66455
vt 0.10260 0.71338
vt 0.14807 0.71338
vt 0.14807 0.66455
vt 0.14807 0.71338
vt 0.19531 0.71338
vt 0.19531 0.66455
vt 0.19531 0.71338
vt 0.24060 0.71338
vt 0.24060 0.66455
vt 0.24060 0.71338
vt 0.29150 0.71387
vt 0.29395 0.66406
vt 0.29150 0.71387
vt 0.33887 0.71338
vt 0.33643 0.66406
vt 0.92480 0.39111
vt 0.87842 0.35034
vt 0.95801 0.35010
vt 0.92480 0.39111
vt 0.95801 0.35010
vt 0.99316 0.37036
vt 0.95801 0.35010
vt 0.99316 0.33521
vt 0.99316 0.37036
vt 0.99316 0.29785
vt 0.99316 0.33521
vt 0.95801 0.35010
vt 0.92480 0.39111
vt 0.99316 0.37036
vt 0.99316 0.40991
vt 0.28833 0.77002
vt 0.33887 0.85498
vt 0.33887 0.77002
vt 0.28833 0.77002
vt 0.33887 0.77002
vt 0.33887 0.71338
vt 0.29150 0.71387
vt 0.28833 0.77002
vt 0.33887 0.71338
vt 0.29150 0.71387
vt 0.24060 0.71338
vt 0.28833 0.77002
vt 0.24060 0.71338
vt 0.24060 0.77002
vt 0.28833 0.77002
vt 0.28833 0.77002
vt 0.24060 0.77002
vt 0.24060 0.85498
vt 0.24060 0.71338
vt 0.19531 0.71338
vt 0.24060 0.77002
vt 0.19531 0.71338
vt 0.19531 0.77002
vt 0.24060 0.77002
vt 0.24060 0.77002
vt 0.19531 0.77002
vt 0.24060 0.85498
vt 0.19531 0.71338
vt 0.14807 0.71338
vt 0.19531 0.77002
vt 0.19531 0.77002
vt 0.19531 0.85498
vt 0.24060 0.85498
vt 0.14807 0.71338
vt 0.14807 0.77002
vt 0.19531 0.77002
vt 0.14807 0.77002
vt 0.14807 0.85498
vt 0.19531 0.77002
vt 0.14807 0.71338
vt 0.10260 0.71338
vt 0.14807 0.77002
vt 0.10260 0.71338
vt 0.10260 0.77002
vt 0.14807 0.77002
vt 0.10260 0.71338
vt 0.05539 0.71338
vt 0.10260 0.77002
vt 0.05539 0.71338
vt 0.05539 0.77002
vt 0.10260 0.77002
vt 0.05539 0.71338
vt 0.00570 0.71338
vt 0.05539 0.77002
vt 0.00570 0.71338
vt 0.00570 0.77002
vt 0.05539 0.77002
vt 0.00570 0.77002
vt 0.00570 0.85498
vt 0.05539 0.85498
vt 0.55811 0.64600
vt 0.54443 0.69141
vt 0.46606 0.64746
vt 0.54443 0.69141
vt 0.55811 0.64600
vt 0.46606 0.64746
vt 0.54443 0.69141
vt 0.55811 0.64600
vt 0.58838 0.67871
vt 0.55811 0.64600
vt 0.54443 0.69141
vt 0.58838 0.67871
vt 0.55811 0.64600
vt 0.58838 0.67871
vt 0.62891 0.64453
vt 0.34546 0.77148
vt 0.34546 0.73877
vt 0.36401 0.77441
vt 0.34106 0.93555
vt 0.36401 0.93945
vt 0.36401 0.96826
vt 0.33374 0.96582
vt 0.34106 0.93555
vt 0.36401 0.96826
vt 0.33374 0.99854
vt 0.33374 0.96582
vt 0.36401 0.96826
vt 0.33374 0.99854
vt 0.36401 0.96826
vt 0.36401 0.99854
vt 0.36401 0.96826
vt 0.33374 0.99854
vt 0.36401 0.99854
vt 0.33374 0.96582
vt 0.33374 0.99854
vt 0.36401 0.96826
vt 0.34106 0.93555
vt 0.33374 0.96582
vt 0.36401 0.96826
vt 0.34106 0.93555
vt 0.36401 0.93945
vt 0.36401 0.88281
vt 0.34106 0.93555
vt 0.36401 0.88281
vt 0.34546 0.87988
vt 0.34546 0.87988
vt 0.36401 0.88281
vt 0.34546 0.82129
vt 0.34546 0.82129
vt 0.36401 0.82764
vt 0.34546 0.77148
vt 0.36401 0.73535
vt 0.34546 0.73877
vt 0.36401 0.77441
vt 0.78613 0.85059
vt 0.81445 0.83643
vt 0.78320 0.83545
vt 0.78613 0.85059
vt 0.79395 0.86426
vt 0.82031 0.84668
vt 0.79590 0.89746
vt 0.83154 0.92285
vt 0.83252 0.89648
vt 0.79590 0.89746
vt 0.79541 0.93994
vt 0.83154 0.92285
vt 0.82812 0.96875
vt 0.82910 0.95508
vt 0.79492 0.97412
vt 0.74951 0.88721
vt 0.70557 0.91309
vt 0.73975 0.97461
vt 0.68652 0.85010
vt 0.67578 0.83301
vt 0.67041 0.84766
vt 0.70752 0.84570
vt 0.71875 0.84131
vt 0.71045 0.83301
vt 0.09357 0.60742
vt 0.13770 0.60742
vt 0.13770 0.65869
vt 0.01237 0.16968
vt 0.06848 0.16968
vt 0.06848 0.19519
vt 0.01237 0.14795
vt 0.06848 0.16968
vt 0.06848 0.14795
vt 0.01237 0.16968
vt 0.06848 0.16968
vt 0.01237 0.14795
vt 0.01770 0.36206
vt 0.01775 0.33960
vt 0.00113 0.33960
vt 0.26416 0.40723
vt 0.30200 0.40259
vt 0.26416 0.35938
vt 0.46362 0.35718
vt 0.46948 0.39185
vt 0.51465 0.35181
vt 0.51465 0.35181
vt 0.56738 0.35278
vt 0.57178 0.39478
vt 0.46362 0.35718
vt 0.46948 0.39185
vt 0.41968 0.35742
vt 0.36401 0.93945
vt 0.44482 0.95361
vt 0.43604 0.89502
vt 0.36401 0.93945
vt 0.36401 0.88281
vt 0.43604 0.89502
vt 0.14807 0.85498
vt 0.14807 0.77002
vt 0.19531 0.77002
vt 0.10260 0.77002
vt 0.10260 0.71338
vt 0.14807 0.77002
vt 0.05539 0.77002
vt 0.05539 0.71338
vt 0.10260 0.77002
vt 0.05539 0.85498
vt 0.05539 0.77002
vt 0.10260 0.77002
vt 0.31226 0.18408
vt 0.31201 0.08948
vt 0.39111 0.10138
vt 0.46631 0.10638
vt 0.46631 0.00995
vt 0.54150 0.10138
vt 0.54150 0.10138
vt 0.54785 0.19238
vt 0.46631 0.10638
vt 0.54150 0.10138
vt 0.53857 0.00816
vt 0.62061 0.08948
vt 0.05539 0.66455
vt 0.05539 0.71338
vt 0.10260 0.66455
vt 0.10260 0.66455
vt 0.10260 0.71338
vt 0.14807 0.66455
vt 0.14807 0.66455
vt 0.14807 0.71338
vt 0.19531 0.66455
vt 0.19531 0.66455
vt 0.19531 0.71338
vt 0.24060 0.66455
vt 0.24060 0.66455
vt 0.24060 0.71338
vt 0.29395 0.66406
vt 0.29395 0.66406
vt 0.29150 0.71387
vt 0.33643 0.66406
vt 0.14807 0.85498
vt 0.19531 0.85498
vt 0.19531 0.77002
vt 0.14807 0.85498
vt 0.14807 0.77002
vt 0.10260 0.77002
vt 0.05539 0.77002
vt 0.05539 0.85498
vt 0.10260 0.77002
vt 0.05539 0.77002
vt 0.00570 0.77002
vt 0.05539 0.85498
vt 0.58838 0.67871
vt 0.55811 0.64600
vt 0.62891 0.64453
vt 0.36401 0.93945
vt 0.34106 0.93555
vt 0.36401 0.96826
vt 0.36401 0.88281
vt 0.36401 0.82764
vt 0.34546 0.82129
vt 0.36401 0.82764
vt 0.36401 0.77441
vt 0.34546 0.77148
vt 0.02435 0.02245
vt 0.02435 0.00761
vt 0.13025 0.00761
vt 0.11664 0.61768
vt 0.09711 0.60889
vt 0.09979 0.61475
vt 0.11664 0.61768
vt 0.09711 0.60889
vt 0.10376 0.60938
vt 0.02435 0.00761
vt 0.02435 0.02245
vt 0.13025 0.00761
vt 0.00926 0.02245
vt 0.00926 0.07861
vt 0.02435 0.02245
vt 0.00926 0.07861
vt 0.02435 0.07861
vt 0.02435 0.02245
vt 0.02435 0.07861
vt 0.00926 0.07861
vt 0.00926 0.13684
vt 0.02435 0.13684
vt 0.02435 0.07861
vt 0.00926 0.13684
vt 0.02435 0.07861
vt 0.02435 0.13684
vt 0.00926 0.13684
vt 0.00926 0.07861
vt 0.02435 0.07861
vt 0.00926 0.13684
vt 0.02435 0.07861
vt 0.00926 0.07861
vt 0.02435 0.02245
vt 0.00926 0.07861
vt 0.00926 0.02245
vt 0.02435 0.02245
vt 0.11664 0.61768
vt 0.09979 0.61475
vt 0.10376 0.60938
vt 0.96777 0.47607
vt 0.97607 0.46802
vt 0.98438 0.47607
vt 0.96777 0.47607
vt 0.97607 0.46802
vt 0.98438 0.47607
vt 0.93945 0.85352
vt 0.91748 0.85547
vt 0.91943 0.82471
vt 0.93945 0.85352
vt 0.93945 0.87939
vt 0.91748 0.85547
vt 0.93945 0.87939
vt 0.91797 0.87695
vt 0.91748 0.85547
vt 0.94434 0.89697
vt 0.91748 0.89404
vt 0.93945 0.87939
vt 0.91748 0.89404
vt 0.91797 0.87695
vt 0.93945 0.87939
vt 0.94434 0.89697
vt 0.95215 0.95264
vt 0.91895 0.92188
vt 0.91602 0.92188
vt 0.91895 0.92188
vt 0.95215 0.95264
vt 0.91895 0.92188
vt 0.91748 0.89404
vt 0.94434 0.89697
vt 0.96729 0.89697
vt 0.94434 0.89697
vt 0.96924 0.87793
vt 0.94434 0.89697
vt 0.94434 0.87891
vt 0.96924 0.87793
vt 0.94434 0.87891
vt 0.94434 0.85449
vt 0.96924 0.85596
vt 0.96924 0.87793
vt 0.94434 0.87891
vt 0.96924 0.85596
vt 0.96924 0.85596
vt 0.98828 0.85693
vt 0.99414 0.87646
vt 0.96924 0.87793
vt 0.96924 0.85596
vt 0.99414 0.87646
vt 0.96924 0.87793
vt 0.99414 0.87646
vt 0.99463 0.89697
vt 0.96729 0.89697
vt 0.96924 0.87793
vt 0.99463 0.89697
vt 0.96729 0.89697
vt 0.99463 0.89697
vt 0.99707 0.92334
vt 0.97705 0.99023
vt 0.94727 0.99463
vt 0.99365 0.95752
vt 0.92432 0.96045
vt 0.91602 0.92188
vt 0.95215 0.95264
vt 0.91846 0.97852
vt 0.92432 0.96045
vt 0.94727 0.99463
vt 0.90820 0.96484
vt 0.92432 0.96045
vt 0.91846 0.97852
vt 0.92432 0.96045
vt 0.90820 0.96484
vt 0.91602 0.92188
vt 0.91602 0.92188
vt 0.90820 0.96484
vt 0.89355 0.94238
vt 0.89355 0.94238
vt 0.88672 0.93359
vt 0.91602 0.92188
vt 0.76807 0.85889
vt 0.78613 0.85059
vt 0.78320 0.83545
vt 0.76953 0.83789
vt 0.76807 0.85889
vt 0.78320 0.83545
vt 0.74951 0.88721
vt 0.74951 0.86523
vt 0.72021 0.87842
vt 0.74951 0.86523
vt 0.76807 0.85889
vt 0.76953 0.83789
vt 0.72021 0.87842
vt 0.74951 0.86523
vt 0.75195 0.84229
vt 0.75195 0.84229
vt 0.74951 0.86523
vt 0.76953 0.83789
vt 0.78613 0.85059
vt 0.76807 0.85889
vt 0.77588 0.87402
vt 0.77588 0.87402
vt 0.76807 0.85889
vt 0.74951 0.86523
vt 0.74951 0.88721
vt 0.77588 0.87402
vt 0.74951 0.86523
vt 0.79395 0.86426
vt 0.78613 0.85059
vt 0.77588 0.87402
vt 0.79395 0.86426
vt 0.77588 0.87402
vt 0.78564 0.88232
vt 0.79639 0.87939
vt 0.79395 0.86426
vt 0.78564 0.88232
vt 0.77588 0.87402
vt 0.74951 0.88721
vt 0.77588 0.88477
vt 0.78564 0.88232
vt 0.77588 0.87402
vt 0.77588 0.88477
vt 0.72559 0.85645
vt 0.72021 0.87842
vt 0.75195 0.84229
vt 0.72559 0.85645
vt 0.71875 0.84131
vt 0.72021 0.87842
vt 0.73193 0.84326
vt 0.72559 0.85645
vt 0.75195 0.84229
vt 0.73193 0.84326
vt 0.71875 0.84131
vt 0.72559 0.85645
vt 0.74951 0.88721
vt 0.76758 0.89648
vt 0.77588 0.88477
vt 0.76758 0.89648
vt 0.78369 0.88672
vt 0.77588 0.88477
vt 0.76758 0.89648
vt 0.79590 0.89746
vt 0.78369 0.88672
vt 0.79590 0.89746
vt 0.79834 0.88721
vt 0.78369 0.88672
vt 0.79590 0.89746
vt 0.82568 0.89014
vt 0.79834 0.88721
vt 0.76562 0.93604
vt 0.74951 0.88721
vt 0.73975 0.97461
vt 0.76758 0.89648
vt 0.74951 0.88721
vt 0.76562 0.93604
vt 0.79590 0.89746
vt 0.76758 0.89648
vt 0.76562 0.93604
vt 0.79541 0.93994
vt 0.79590 0.89746
vt 0.76562 0.93604
vt 0.79492 0.97412
vt 0.79541 0.93994
vt 0.76367 0.97559
vt 0.76367 0.97559
vt 0.76562 0.93604
vt 0.73975 0.97461
vt 0.79541 0.93994
vt 0.76562 0.93604
vt 0.76367 0.97559
vt 0.82812 0.96875
vt 0.79492 0.97412
vt 0.79150 0.98926
vt 0.82764 0.98877
vt 0.82812 0.96875
vt 0.79150 0.98926
vt 0.79150 0.98926
vt 0.79492 0.97412
vt 0.76855 0.99121
vt 0.79492 0.97412
vt 0.76367 0.97559
vt 0.76855 0.99121
vt 0.76855 0.99121
vt 0.76367 0.97559
vt 0.74658 0.99219
vt 0.74658 0.99219
vt 0.73975 0.97461
vt 0.70654 0.97168
vt 0.76367 0.97559
vt 0.73975 0.97461
vt 0.74658 0.99219
vt 0.66504 0.98926
vt 0.70508 0.99121
vt 0.66650 0.96875
vt 0.65771 0.93750
vt 0.66650 0.96875
vt 0.70654 0.97168
vt 0.72021 0.87842
vt 0.67529 0.89551
vt 0.70557 0.91309
vt 0.67529 0.89551
vt 0.65771 0.93750
vt 0.70557 0.91309
vt 0.65771 0.93750
vt 0.67529 0.89551
vt 0.64990 0.88916
vt 0.68018 0.87500
vt 0.67529 0.89551
vt 0.72021 0.87842
vt 0.67529 0.89551
vt 0.68018 0.87500
vt 0.64990 0.88916
vt 0.68018 0.87500
vt 0.70752 0.84570
vt 0.68652 0.85010
vt 0.66260 0.86621
vt 0.68652 0.85010
vt 0.67041 0.84766
vt 0.68018 0.87500
vt 0.68652 0.85010
vt 0.66260 0.86621
vt 0.64990 0.88916
vt 0.68018 0.87500
vt 0.66260 0.86621
vt 0.70752 0.84570
vt 0.71338 0.86523
vt 0.71875 0.84131
vt 0.71875 0.84131
vt 0.71338 0.86523
vt 0.72021 0.87842
vt 0.71338 0.86523
vt 0.68018 0.87500
vt 0.72021 0.87842
vt 0.71338 0.86523
vt 0.70752 0.84570
vt 0.68018 0.87500
vt 0.13770 0.60742
vt 0.13770 0.65869
vt 0.19592 0.65869
vt 0.13770 0.60742
vt 0.09357 0.60742
vt 0.13770 0.65869
vt 0.09357 0.60742
vt 0.09357 0.65869
vt 0.13770 0.65869
vt 0.65918 0.03662
vt 0.66016 0.24866
vt 0.62402 0.04181
vt 0.66016 0.24866
vt 0.64062 0.27783
vt 0.62402 0.04181
vt 0.62402 0.04181
vt 0.64062 0.27783
vt 0.55518 0.28467
vt 0.55225 0.05591
vt 0.62402 0.04181
vt 0.55518 0.28467
vt 0.55225 0.05591
vt 0.55518 0.28467
vt 0.46582 0.06433
vt 0.55518 0.28467
vt 0.46582 0.27930
vt 0.46582 0.06433
vt 0.46582 0.27930
vt 0.37646 0.28467
vt 0.46582 0.06433
vt 0.37646 0.28467
vt 0.37964 0.05591
vt 0.46582 0.06433
vt 0.30762 0.04181
vt 0.37964 0.05591
vt 0.37646 0.28467
vt 0.29126 0.27783
vt 0.30762 0.04181
vt 0.37646 0.28467
vt 0.29126 0.27783
vt 0.27173 0.24866
vt 0.30762 0.04181
vt 0.27173 0.24866
vt 0.27271 0.03662
vt 0.30762 0.04181
vt 0.06848 0.19519
vt 0.09253 0.14795
vt 0.08411 0.19519
vt 0.01237 0.16968
vt 0.06848 0.19519
vt 0.01237 0.19519
vt 0.06848 0.19519
vt 0.01237 0.16968
vt 0.01237 0.19519
vt 0.13025 0.00761
vt 0.13025 0.02245
vt 0.02435 0.02245
vt 0.02435 0.07861
vt 0.02435 0.02245
vt 0.13025 0.02245
vt 0.13025 0.07861
vt 0.02435 0.07861
vt 0.13025 0.02245
vt 0.02435 0.13684
vt 0.02435 0.07861
vt 0.13025 0.07861
vt 0.13025 0.13684
vt 0.02435 0.13684
vt 0.13025 0.07861
vt 0.06500 0.07861
vt 0.02435 0.13684
vt 0.13025 0.13684
vt 0.13025 0.13684
vt 0.13025 0.07861
vt 0.06500 0.07861
vt 0.06500 0.07861
vt 0.02435 0.07861
vt 0.02435 0.13684
vt 0.02435 0.07861
vt 0.06500 0.07861
vt 0.13025 0.02245
vt 0.06500 0.07861
vt 0.13025 0.07861
vt 0.13025 0.02245
vt 0.02435 0.02245
vt 0.02435 0.07861
vt 0.13025 0.02245
vt 0.13025 0.02245
vt 0.13025 0.00761
vt 0.02435 0.02245
vt 0.02145 0.20898
vt 0.04123 0.20898
vt 0.03360 0.30786
vt 0.02145 0.20898
vt 0.03360 0.30786
vt 0.02101 0.30786
vt 0.02145 0.20898
vt 0.02101 0.30786
vt 0.00842 0.30786
vt 0.01933 0.20898
vt 0.02145 0.20898
vt 0.00842 0.30786
vt 0.01770 0.36206
vt 0.00249 0.36206
vt 0.00113 0.33960
vt 0.01796 0.37988
vt 0.01770 0.36206
vt 0.04053 0.36206
vt 0.04053 0.38110
vt 0.01796 0.37988
vt 0.04053 0.36206
vt 0.04181 0.33960
vt 0.04053 0.36206
vt 0.01770 0.36206
vt 0.01776 0.33960
vt 0.04181 0.33960
vt 0.01770 0.36206
vt 0.01776 0.33960
vt 0.01770 0.36206
vt 0.00113 0.33960
vt 0.01776 0.33960
vt 0.00113 0.33960
vt 0.00059 0.31934
vt 0.04181 0.33960
vt 0.01776 0.33960
vt 0.01781 0.31934
vt 0.01781 0.31934
vt 0.01776 0.33960
vt 0.00059 0.31934
vt 0.01775 0.33960
vt 0.01781 0.31934
vt 0.00059 0.31934
vt 0.04181 0.33960
vt 0.01781 0.31934
vt 0.04330 0.31934
vt 0.01781 0.31934
vt 0.04181 0.33960
vt 0.04330 0.31934
vt 0.04181 0.33960
vt 0.01775 0.33960
vt 0.01770 0.36206
vt 0.04181 0.33960
vt 0.01781 0.31934
vt 0.01775 0.33960
vt 0.04053 0.36206
vt 0.04181 0.33960
vt 0.01770 0.36206
vt 0.04053 0.38110
vt 0.04053 0.36206
vt 0.01770 0.36206
vt 0.01796 0.37988
vt 0.04053 0.38110
vt 0.01770 0.36206
vt 0.49243 0.51318
vt 0.44019 0.49780
vt 0.45972 0.46191
vt 0.44019 0.49780
vt 0.42480 0.45996
vt 0.45972 0.46191
vt 0.44019 0.49780
vt 0.36987 0.52051
vt 0.42480 0.45996
vt 0.49243 0.51318
vt 0.45972 0.46191
vt 0.46973 0.43579
vt 0.42480 0.45996
vt 0.42261 0.43579
vt 0.46973 0.43579
vt 0.42480 0.45996
vt 0.36987 0.52051
vt 0.42261 0.43579
vt 0.36157 0.61084
vt 0.30176 0.56006
vt 0.31030 0.53760
vt 0.30127 0.45825
vt 0.31030 0.53760
vt 0.26416 0.51709
vt 0.30127 0.45825
vt 0.26416 0.45825
vt 0.26416 0.40723
vt 0.30127 0.45825
vt 0.26416 0.51709
vt 0.26416 0.45825
vt 0.30127 0.45825
vt 0.30200 0.40259
vt 0.26416 0.40723
vt 0.26416 0.45825
vt 0.30127 0.45825
vt 0.26416 0.40723
vt 0.26416 0.51709
vt 0.30127 0.45825
vt 0.26416 0.45825
vt 0.26416 0.51709
vt 0.30176 0.56006
vt 0.31030 0.53760
vt 0.30615 0.35522
vt 0.30200 0.40259
vt 0.26416 0.35938
vt 0.14807 0.97949
vt 0.14807 0.99756
vt 0.10260 0.99756
vt 0.19531 0.99756
vt 0.14807 0.99756
vt 0.14807 0.97949
vt 0.19531 0.97949
vt 0.19531 0.99756
vt 0.14807 0.97949
vt 0.19531 0.97949
vt 0.24060 0.99756
vt 0.19531 0.99756
vt 0.31494 0.36450
vt 0.31445 0.40723
vt 0.30615 0.35522
vt 0.31226 0.45703
vt 0.30127 0.45825
vt 0.30200 0.40259
vt 0.30127 0.45825
vt 0.31226 0.45703
vt 0.31030 0.53760
vt 0.31226 0.45703
vt 0.31738 0.53125
vt 0.31030 0.53760
vt 0.36157 0.61084
vt 0.37988 0.57080
vt 0.42505 0.60156
vt 0.42505 0.60156
vt 0.46484 0.59668
vt 0.43359 0.64111
vt 0.36377 0.45337
vt 0.36987 0.52051
vt 0.31738 0.53125
vt 0.31226 0.45703
vt 0.36377 0.45337
vt 0.31738 0.53125
vt 0.41943 0.39355
vt 0.42261 0.43579
vt 0.36377 0.45337
vt 0.46973 0.43579
vt 0.42261 0.43579
vt 0.41943 0.39355
vt 0.42261 0.43579
vt 0.36987 0.52051
vt 0.36377 0.45337
vt 0.46484 0.59668
vt 0.49805 0.62598
vt 0.43359 0.64111
vt 0.54834 0.64111
vt 0.55713 0.60693
vt 0.62402 0.63574
vt 0.50146 0.56689
vt 0.49805 0.62598
vt 0.55713 0.60693
vt 0.46484 0.59668
vt 0.49805 0.62598
vt 0.50146 0.56689
vt 0.46484 0.59668
vt 0.42505 0.60156
vt 0.43359 0.64111
vt 0.36157 0.61084
vt 0.43359 0.64111
vt 0.42505 0.60156
vt 0.36157 0.61084
vt 0.37988 0.57080
vt 0.31738 0.53125
vt 0.36157 0.61084
vt 0.31738 0.53125
vt 0.31030 0.53760
vt 0.31226 0.45703
vt 0.31445 0.40723
vt 0.30200 0.40259
vt 0.30127 0.45825
vt 0.31226 0.45703
vt 0.30200 0.40259
vt 0.31226 0.45703
vt 0.30127 0.45825
vt 0.31030 0.53760
vt 0.36377 0.45337
vt 0.31226 0.45703
vt 0.31738 0.53125
vt 0.36377 0.45337
vt 0.36426 0.40356
vt 0.31226 0.45703
vt 0.31226 0.45703
vt 0.36426 0.40356
vt 0.31445 0.40723
vt 0.36426 0.40356
vt 0.36572 0.36230
vt 0.31494 0.36450
vt 0.36377 0.45337
vt 0.41943 0.39355
vt 0.36426 0.40356
vt 0.41943 0.39355
vt 0.41968 0.35742
vt 0.36572 0.36230
vt 0.42261 0.43579
vt 0.41943 0.39355
vt 0.36377 0.45337
vt 0.36426 0.40356
vt 0.41943 0.39355
vt 0.36572 0.36230
vt 0.41943 0.39355
vt 0.46948 0.39185
vt 0.41968 0.35742
vt 0.46973 0.43579
vt 0.46948 0.39185
vt 0.41943 0.39355
vt 0.42261 0.43579
vt 0.46973 0.43579
vt 0.41943 0.39355
vt 0.46973 0.43579
vt 0.51758 0.45825
vt 0.46948 0.39185
vt 0.46973 0.43579
vt 0.49243 0.51318
vt 0.51758 0.45825
vt 0.49243 0.51318
vt 0.49243 0.51318
vt 0.49731 0.51367
vt 0.51465 0.35181
vt 0.51807 0.39404
vt 0.57178 0.39478
vt 0.56738 0.35278
vt 0.57178 0.39478
vt 0.62256 0.39600
vt 0.56738 0.35278
vt 0.51465 0.35181
vt 0.57178 0.39478
vt 0.56738 0.35278
vt 0.62256 0.35693
vt 0.62256 0.39600
vt 0.51807 0.39404
vt 0.51465 0.35181
vt 0.57178 0.39478
vt 0.51807 0.39404
vt 0.46948 0.39185
vt 0.51465 0.35181
vt 0.41968 0.35742
vt 0.41943 0.39355
vt 0.36572 0.36230
vt 0.49243 0.51318
vt 0.46973 0.43579
vt 0.51758 0.45825
vt 0.49243 0.51318
vt 0.51758 0.45825
vt 0.49731 0.51367
vt 0.49243 0.51318
vt 0.49243 0.51318
vt 0.49731 0.51367
vt 0.41943 0.39355
vt 0.36426 0.40356
vt 0.36572 0.36230
vt 0.41943 0.39355
vt 0.36377 0.45337
vt 0.36426 0.40356
vt 0.36426 0.40356
vt 0.36377 0.45337
vt 0.31226 0.45703
vt 0.36572 0.36230
vt 0.36426 0.40356
vt 0.31494 0.36450
vt 0.36426 0.40356
vt 0.31445 0.40723
vt 0.31494 0.36450
vt 0.36426 0.40356
vt 0.31226 0.45703
vt 0.31445 0.40723
vt 0.31494 0.36450
vt 0.30615 0.35522
vt 0.36572 0.36230
vt 0.30615 0.35522
vt 0.36621 0.34668
vt 0.36572 0.36230
vt 0.36572 0.36230
vt 0.36621 0.34668
vt 0.41968 0.35742
vt 0.36621 0.34668
vt 0.42041 0.34570
vt 0.41968 0.35742
vt 0.41968 0.35742
vt 0.42041 0.34570
vt 0.46362 0.35718
vt 0.42041 0.34570
vt 0.46094 0.34204
vt 0.46362 0.35718
vt 0.46362 0.35718
vt 0.46094 0.34204
vt 0.51465 0.35181
vt 0.46094 0.34204
vt 0.51221 0.33960
vt 0.51465 0.35181
vt 0.51465 0.35181
vt 0.51221 0.33960
vt 0.56738 0.35278
vt 0.51221 0.33960
vt 0.51465 0.35181
vt 0.56738 0.35278
vt 0.46094 0.34204
vt 0.46362 0.35718
vt 0.51465 0.35181
vt 0.46094 0.34204
vt 0.42041 0.34570
vt 0.46362 0.35718
vt 0.42041 0.34570
vt 0.41968 0.35742
vt 0.46362 0.35718
vt 0.42041 0.34570
vt 0.36621 0.34668
vt 0.41968 0.35742
vt 0.36621 0.34668
vt 0.36572 0.36230
vt 0.41968 0.35742
vt 0.36621 0.34668
vt 0.30615 0.35522
vt 0.36572 0.36230
vt 0.30615 0.35522
vt 0.31494 0.36450
vt 0.36572 0.36230
vt 0.36475 0.66602
vt 0.36450 0.64551
vt 0.38525 0.63672
vt 0.36475 0.66602
vt 0.38525 0.63672
vt 0.42505 0.66846
vt 0.55420 0.73730
vt 0.54834 0.71729
vt 0.59473 0.70801
vt 0.54834 0.71729
vt 0.55420 0.73730
vt 0.48560 0.73340
vt 0.54834 0.71729
vt 0.48560 0.73340
vt 0.54688 0.69629
vt 0.54834 0.71729
vt 0.54688 0.69629
vt 0.58887 0.68652
vt 0.59473 0.70801
vt 0.54834 0.71729
vt 0.58887 0.68652
vt 0.36401 0.82764
vt 0.36401 0.77441
vt 0.43066 0.84521
vt 0.43066 0.84521
vt 0.51172 0.82422
vt 0.43604 0.89502
vt 0.43066 0.84521
vt 0.43604 0.89502
vt 0.36401 0.82764
vt 0.43066 0.84521
vt 0.42969 0.79395
vt 0.51172 0.82422
vt 0.36401 0.77441
vt 0.42969 0.79395
vt 0.43066 0.84521
vt 0.54834 0.71729
vt 0.59473 0.70801
vt 0.58887 0.68652
vt 0.54688 0.69629
vt 0.54834 0.71729
vt 0.58887 0.68652
vt 0.55469 0.73730
vt 0.60156 0.72266
vt 0.59473 0.70801
vt 0.54834 0.71729
vt 0.55469 0.73730
vt 0.59473 0.70801
vt 0.55469 0.73730
vt 0.55908 0.75146
vt 0.60156 0.72266
vt 0.36475 0.66602
vt 0.36401 0.70020
vt 0.43140 0.69922
vt 0.36475 0.66602
vt 0.43140 0.69922
vt 0.42505 0.66846
vt 0.36743 0.62744
vt 0.36450 0.64551
vt 0.38525 0.63672
vt 0.36401 0.77441
vt 0.36401 0.82764
vt 0.43066 0.84521
vt 0.36401 0.77441
vt 0.42969 0.79395
vt 0.36401 0.73535
vt 0.36401 0.88281
vt 0.36401 0.93945
vt 0.43604 0.89502
vt 0.36401 0.88281
vt 0.43604 0.89502
vt 0.36401 0.82764
vt 0.87842 0.35034
vt 0.92480 0.39111
vt 0.95801 0.35010
vt 0.95557 0.42041
vt 0.99316 0.40991
vt 0.92480 0.39111
vt 0.99316 0.40991
vt 0.95557 0.42041
vt 0.99316 0.43286
vt 0.99316 0.43286
vt 0.95557 0.42041
vt 0.99316 0.45142
vt 0.33887 0.88721
vt 0.33887 0.99756
vt 0.28833 0.99756
vt 0.28833 0.88721
vt 0.28833 0.85498
vt 0.33887 0.88721
vt 0.33887 0.88721
vt 0.28833 0.99756
vt 0.28833 0.88721
vt 0.24060 0.85498
vt 0.28833 0.85498
vt 0.28833 0.88721
vt 0.24060 0.88721
vt 0.28833 0.88721
vt 0.28833 0.99756
vt 0.24060 0.88721
vt 0.24060 0.85498
vt 0.28833 0.88721
vt 0.24060 0.99756
vt 0.24060 0.88721
vt 0.28833 0.99756
vt 0.24060 0.99756
vt 0.19531 0.97949
vt 0.24060 0.88721
vt 0.33887 0.85498
vt 0.28833 0.77002
vt 0.33887 0.77002
vt 0.33887 0.85498
vt 0.28833 0.85498
vt 0.28833 0.77002
vt 0.28833 0.85498
vt 0.33887 0.85498
vt 0.33887 0.88721
vt 0.24060 0.85498
vt 0.24060 0.88721
vt 0.19531 0.85498
vt 0.19531 0.85498
vt 0.14807 0.85498
vt 0.19531 0.77002
vt 0.19531 0.85498
vt 0.19531 0.77002
vt 0.24060 0.85498
vt 0.19531 0.85498
vt 0.19531 0.88721
vt 0.14807 0.85498
vt 0.24060 0.88721
vt 0.19531 0.88721
vt 0.19531 0.85498
vt 0.19531 0.97949
vt 0.19531 0.88721
vt 0.24060 0.88721
vt 0.19531 0.88721
vt 0.14807 0.88721
vt 0.14807 0.85498
vt 0.14807 0.85498
vt 0.14807 0.88721
vt 0.10260 0.88721
vt 0.14807 0.97949
vt 0.14807 0.88721
vt 0.19531 0.97949
vt 0.14807 0.97949
vt 0.10260 0.99756
vt 0.10260 0.88721
vt 0.10260 0.85498
vt 0.14807 0.85498
vt 0.10260 0.88721
vt 0.14807 0.85498
vt 0.10260 0.85498
vt 0.10260 0.77002
vt 0.10260 0.85498
vt 0.05539 0.85498
vt 0.10260 0.77002
vt 0.10260 0.85498
vt 0.10260 0.88721
vt 0.05539 0.85498
vt 0.00570 0.85498
vt 0.00570 0.77002
vt 0.05539 0.85498
vt 0.00570 0.85498
vt 0.05539 0.85498
vt 0.05539 0.88721
vt 0.00570 0.88721
vt 0.00570 0.85498
vt 0.05539 0.88721
vt 0.00570 0.88721
vt 0.05539 0.88721
vt 0.05487 0.98975
vt 0.00570 0.88721
vt 0.05487 0.98975
vt 0.00570 0.99756
vt 0.31201 0.01106
vt 0.39404 0.00816
vt 0.31201 0.08948
vt 0.28735 0.28076
vt 0.31226 0.18408
vt 0.38477 0.19238
vt 0.28735 0.28076
vt 0.38477 0.19238
vt 0.37769 0.30054
vt 0.62012 0.18408
vt 0.64502 0.28076
vt 0.54785 0.19238
vt 0.62012 0.18408
vt 0.54785 0.19238
vt 0.54150 0.10138
vt 0.02101 0.30786
vt 0.02145 0.20898
vt 0.00842 0.30786
vt 0.02145 0.20898
vt 0.01933 0.20898
vt 0.00842 0.30786
vt 0.44019 0.49780
vt 0.49243 0.51318
vt 0.45972 0.46191
vt 0.42480 0.45996
vt 0.44019 0.49780
vt 0.45972 0.46191
vt 0.00570 0.66455
vt 0.00570 0.71338
vt 0.05539 0.66455
vt 0.42480 0.45996
vt 0.45972 0.46191
vt 0.46973 0.43579
vt 0.42261 0.43579
vt 0.42480 0.45996
vt 0.46973 0.43579
vt 0.14807 0.99756
vt 0.14807 0.97949
vt 0.10260 0.99756
vt 0.14807 0.99756
vt 0.19531 0.99756
vt 0.14807 0.97949
vt 0.19531 0.99756
vt 0.19531 0.97949
vt 0.14807 0.97949
vt 0.24060 0.99756
vt 0.19531 0.97949
vt 0.19531 0.99756
vt 0.99316 0.40991
vt 0.95557 0.42041
vt 0.92480 0.39111
vt 0.95557 0.42041
vt 0.99316 0.40991
vt 0.99316 0.43286
vt 0.95557 0.42041
vt 0.99316 0.43286
vt 0.99316 0.45142
vt 0.09979 0.61475
vt 0.10376 0.60938
vt 0.09729 0.60889
vt 0.11664 0.61768
vt 0.10376 0.60938
vt 0.09979 0.61475
vt 0.33887 0.99756
vt 0.33887 0.88721
vt 0.28833 0.99756
vt 0.28833 0.99756
vt 0.33887 0.88721
vt 0.28833 0.88721
vt 0.28833 0.88721
vt 0.24060 0.88721
vt 0.28833 0.99756
vt 0.24060 0.88721
vt 0.24060 0.85498
vt 0.19531 0.85498
vt 0.24060 0.85498
vt 0.24060 0.88721
vt 0.28833 0.88721
vt 0.24060 0.88721
vt 0.24060 0.99756
vt 0.28833 0.99756
vt 0.19531 0.97949
vt 0.24060 0.99756
vt 0.24060 0.88721
vt 0.28833 0.85498
vt 0.28833 0.88721
vt 0.33887 0.88721
vt 0.33887 0.85498
vt 0.28833 0.85498
vt 0.33887 0.88721
vt 0.28833 0.85498
vt 0.24060 0.85498
vt 0.28833 0.88721
vt 0.28833 0.85498
vt 0.28833 0.77002
vt 0.24060 0.85498
vt 0.28833 0.85498
vt 0.33887 0.85498
vt 0.28833 0.77002
vt 0.19531 0.88721
vt 0.24060 0.88721
vt 0.19531 0.85498
vt 0.19531 0.88721
vt 0.19531 0.97949
vt 0.24060 0.88721
vt 0.19531 0.88721
vt 0.19531 0.85498
vt 0.14807 0.85498
vt 0.19531 0.88721
vt 0.14807 0.88721
vt 0.19531 0.97949
vt 0.14807 0.97949
vt 0.14807 0.88721
vt 0.10260 0.88721
vt 0.14807 0.85498
vt 0.10260 0.85498
vt 0.10260 0.88721
vt 0.05539 0.85498
vt 0.10260 0.85498
vt 0.10260 0.77002
vt 0.10260 0.85498
vt 0.14807 0.85498
vt 0.10260 0.77002
vt 0.05539 0.85498
vt 0.00570 0.85498
vt 0.05539 0.88721
vt 0.00570 0.85498
vt 0.00570 0.88721
vt 0.05539 0.88721
vt 0.96777 0.56250
vt 0.96777 0.47583
vt 0.98438 0.56250
vt 0.96777 0.56250
vt 0.98438 0.56250
vt 0.98438 0.47583
vt 0.96777 0.56250
vt 0.96777 0.47583
vt 0.98438 0.56250
vt 0.96777 0.47583
vt 0.98438 0.47583
vt 0.98438 0.56250
vt 0.96777 0.56250
vt 0.96777 0.47583
vt 0.98438 0.56250
vt 0.96777 0.56250
vt 0.98438 0.56250
vt 0.98438 0.47583
vt 0.96777 0.56250
vt 0.96777 0.47583
vt 0.98438 0.56250
vt 0.34546 0.67236
vt 0.34766 0.65381
vt 0.36475 0.66602
vt 0.34766 0.65381
vt 0.36450 0.64551
vt 0.36475 0.66602
vt 0.34766 0.65381
vt 0.36743 0.62744
vt 0.36450 0.64551
vt 0.36401 0.77441
vt 0.36401 0.82764
vt 0.34546 0.77148
vt 0.36401 0.82764
vt 0.34546 0.82129
vt 0.34546 0.77148
vt 0.36401 0.88281
vt 0.36401 0.93945
vt 0.34106 0.93555
vt 0.36401 0.82764
vt 0.36401 0.88281
vt 0.34546 0.82129
vt 0.36401 0.88281
vt 0.34546 0.87988
vt 0.34546 0.82129
vt 0.36401 0.88281
vt 0.34106 0.93555
vt 0.34546 0.87988
vt 0.34546 0.67236
vt 0.34546 0.70703
vt 0.36475 0.66602
vt 0.34766 0.65381
vt 0.34546 0.67236
vt 0.36475 0.66602
vt 0.36743 0.62744
vt 0.34766 0.65381
vt 0.36450 0.64551
vt 0.33643 0.66406
vt 0.29395 0.66406
vt 0.31079 0.60205
vt 0.31079 0.60205
vt 0.29395 0.66406
vt 0.33643 0.66406
vt 0.33643 0.66406
vt 0.31079 0.60205
vt 0.29395 0.66406
vt 0.29395 0.66406
vt 0.31079 0.60205
vt 0.33643 0.66406
vt 0.29395 0.66406
vt 0.31079 0.60205
vt 0.33643 0.66406
vt 0.31079 0.60205
vt 0.29395 0.66406
vt 0.29395 0.66406
vt 0.31079 0.60205
vt 0.29395 0.66406
vt 0.33643 0.66406
vt 0.50586 0.77148
vt 0.57910 0.78369
vt 0.58252 0.82471
vt 0.50586 0.77148
vt 0.51172 0.82422
vt 0.58252 0.82471
vt 0.50586 0.77148
vt 0.57910 0.78369
vt 0.55908 0.75146
vt 0.34546 0.73877
vt 0.34546 0.77148
vt 0.36401 0.77441
vt 0.94727 0.99463
vt 0.95215 0.95264
vt 0.99365 0.95752
vt 0.94727 0.99463
vt 0.92432 0.96045
vt 0.95215 0.95264
vt 0.70508 0.99121
vt 0.74658 0.99219
vt 0.70654 0.97168
vt 0.70508 0.99121
vt 0.70654 0.97168
vt 0.66650 0.96875
vt 0.45972 0.46191
vt 0.42480 0.45996
vt 0.46973 0.43579
vt 0.30176 0.56006
vt 0.26416 0.51709
vt 0.31030 0.53760
vt 0.31030 0.53760
vt 0.30127 0.45825
vt 0.26416 0.51709
vt 0.31738 0.53125
vt 0.36157 0.61084
vt 0.31030 0.53760
vt 0.37988 0.57080
vt 0.36157 0.61084
vt 0.31738 0.53125
vt 0.43359 0.64111
vt 0.36157 0.61084
vt 0.42505 0.60156
vt 0.49805 0.62598
vt 0.55713 0.60693
vt 0.54834 0.64111
vt 0.43359 0.64111
vt 0.49805 0.62598
vt 0.54834 0.64111
vt 0.49805 0.62598
vt 0.43359 0.64111
vt 0.54834 0.64111
vt 0.49805 0.62598
vt 0.46484 0.59668
vt 0.43359 0.64111
vt 0.37988 0.57080
vt 0.36157 0.61084
vt 0.42505 0.60156
vt 0.31738 0.53125
vt 0.31226 0.45703
vt 0.31030 0.53760
vt 0.51758 0.45825
vt 0.49243 0.51318
vt 0.49731 0.51367
vt 0.62256 0.35693
vt 0.56738 0.35278
vt 0.62256 0.39600
vt 0.51758 0.45825
vt 0.46973 0.43579
vt 0.46948 0.39185
vt 0.51758 0.45825
vt 0.46948 0.39185
vt 0.51807 0.39404
vt 0.48560 0.73340
vt 0.55420 0.73730
vt 0.50586 0.77148
vt 0.42969 0.79395
vt 0.50586 0.77148
vt 0.51172 0.82422
vt 0.50586 0.77148
vt 0.55908 0.75146
vt 0.55469 0.73730
vt 0.42480 0.73486
vt 0.43140 0.69922
vt 0.36401 0.70020
vt 0.36450 0.64551
vt 0.36475 0.66602
vt 0.38525 0.63672
vt 0.38525 0.63672
vt 0.36475 0.66602
vt 0.42505 0.66846
vt 0.50586 0.77148
vt 0.42969 0.79395
vt 0.51172 0.82422
vt 0.42969 0.79395
vt 0.43066 0.84521
vt 0.51172 0.82422
vt 0.42969 0.79395
vt 0.36401 0.77441
vt 0.43066 0.84521
vt 0.42969 0.79395
vt 0.50586 0.77148
vt 0.42480 0.73486
vt 0.42969 0.79395
vt 0.42480 0.73486
vt 0.36401 0.73535
vt 0.99316 0.37036
vt 0.92480 0.39111
vt 0.99316 0.40991
vt 0.14807 0.88721
vt 0.19531 0.88721
vt 0.19531 0.97949
vt 0.14807 0.88721
vt 0.14807 0.97949
vt 0.10260 0.88721
vt 0.10260 0.99756
vt 0.05487 0.98975
vt 0.10260 0.88721
vt 0.62061 0.08948
vt 0.62012 0.18408
vt 0.54150 0.10138
vt 0.14807 0.88721
vt 0.19531 0.88721
vt 0.14807 0.85498
vt 0.14807 0.88721
vt 0.14807 0.97949
vt 0.19531 0.97949
vt 0.14807 0.88721
vt 0.14807 0.85498
vt 0.10260 0.88721
vt 0.05539 0.88721
vt 0.10260 0.88721
vt 0.05539 0.85498
vt 0.34546 0.70703
vt 0.34546 0.73877
vt 0.36401 0.73535
vt 0.36450 0.64551
vt 0.34766 0.65381
vt 0.36475 0.66602
vt 0.37476 0.52197
vt 0.36987 0.52051
vt 0.36987 0.52051
vt 0.63916 0.92627
vt 0.65771 0.93750
vt 0.64990 0.88916
vt 0.37451 0.52148
vt 0.36987 0.52051
vt 0.44019 0.49780
vt 0.36987 0.52051
vt 0.36987 0.52051
vt 0.37451 0.52148
vt 0.37988 0.57080
vt 0.36987 0.52051
vt 0.37451 0.52148
vt 0.30176 0.56006
vt 0.36157 0.61084
vt 0.31030 0.53760
vt 0.36987 0.52051
vt 0.31738 0.53125
vt 0.36987 0.52051
vt 0.37988 0.57080
vt 0.31738 0.53125
vt 0.36987 0.52051
vt 0.49805 0.62598
vt 0.50146 0.56689
vt 0.55713 0.60693
vt 0.49805 0.62598
vt 0.46484 0.59668
vt 0.50146 0.56689
vt 0.31738 0.53125
vt 0.37988 0.57080
vt 0.36987 0.52051
vt 0.37476 0.52197
vt 0.36987 0.52051
vt 0.37988 0.57080
vt 0.36987 0.52051
vt 0.42261 0.43579
vt 0.36377 0.45337
vt 0.36987 0.52051
vt 0.36377 0.45337
vt 0.31738 0.53125
vt 0.31738 0.53125
vt 0.36987 0.52051
vt 0.36987 0.52051
vt 0.36450 0.64551
vt 0.36743 0.62744
vt 0.38525 0.63672
vt 0.43140 0.69922
vt 0.36475 0.66602
vt 0.42505 0.66846
vt 0.47876 0.69238
vt 0.48560 0.73340
vt 0.43140 0.69922
vt 0.47876 0.69238
vt 0.43140 0.69922
vt 0.42505 0.66846
vt 0.48560 0.73340
vt 0.47876 0.69238
vt 0.54688 0.69629
vt 0.36401 0.70020
vt 0.36475 0.66602
vt 0.43140 0.69922
vt 0.48560 0.73340
vt 0.42480 0.73486
vt 0.43140 0.69922
vt 0.50586 0.77148
vt 0.42969 0.79395
vt 0.42480 0.73486
vt 0.48560 0.73340
vt 0.50586 0.77148
vt 0.42480 0.73486
vt 0.43140 0.69922
vt 0.42480 0.73486
vt 0.36401 0.70020
vt 0.42480 0.73486
vt 0.42969 0.79395
vt 0.36401 0.73535
vt 0.42969 0.79395
vt 0.36401 0.77441
vt 0.36401 0.73535
vt 0.42480 0.73486
vt 0.36401 0.73535
vt 0.36401 0.70020
vt 0.50586 0.77148
vt 0.48560 0.73340
vt 0.42480 0.73486
vt 0.48560 0.73340
vt 0.50586 0.77148
vt 0.55469 0.73730
vt 0.48560 0.73340
vt 0.54834 0.71729
vt 0.54688 0.69629
vt 0.48560 0.73340
vt 0.55469 0.73730
vt 0.54834 0.71729
vt 0.42480 0.73486
vt 0.48560 0.73340
vt 0.43140 0.69922
vt 0.48560 0.73340
vt 0.47876 0.69238
vt 0.43140 0.69922
vt 0.43140 0.69922
vt 0.47876 0.69238
vt 0.42505 0.66846
vt 0.47876 0.69238
vt 0.48560 0.73340
vt 0.54688 0.69629
vt 0.99316 0.33521
vt 0.95801 0.35010
vt 0.99316 0.37036
vt 0.99316 0.33521
vt 0.99316 0.29785
vt 0.95801 0.35010
vt 0.36987 0.52051
vt 0.44019 0.49780
vt 0.42480 0.45996
vt 0.36987 0.52051
vt 0.37476 0.52197
vt 0.44019 0.49780
vt 0.45972 0.46191
vt 0.49243 0.51318
vt 0.46973 0.43579
vt 0.36987 0.52051
vt 0.42480 0.45996
vt 0.42261 0.43579
vt 0.10260 0.99756
vt 0.14807 0.97949
vt 0.10260 0.88721
vt 0.05487 0.99023
vt 0.05539 0.88721
vt 0.00570 0.88721
vt 0.05487 0.99023
vt 0.10260 0.99756
vt 0.10260 0.88721
vt 0.05487 0.99023
vt 0.10260 0.88721
vt 0.05539 0.88721
vt 0.05487 0.99023
vt 0.00570 0.88721
vt 0.00570 0.99756
vt 0.96777 0.47583
vt 0.98438 0.47583
vt 0.98438 0.56250
vt 0.96777 0.47583
vt 0.96777 0.56250
vt 0.98438 0.47583
vt 0.96777 0.47583
vt 0.98438 0.47583
vt 0.98438 0.56250
vt 0.96777 0.47583
vt 0.96777 0.56250
vt 0.98438 0.47583
vt 0.96777 0.47583
vt 0.98438 0.47583
vt 0.98438 0.56250
vt 0.36401 0.70020
vt 0.34546 0.70703
vt 0.36475 0.66602
vt 0.34546 0.70703
vt 0.34546 0.67236
vt 0.36475 0.66602
vt 0.34546 0.70703
vt 0.36401 0.70020
vt 0.36401 0.73535
vt 0.34546 0.73877
vt 0.34546 0.70703
vt 0.36401 0.73535
vt 0.34546 0.73877
vt 0.36401 0.73535
vt 0.36401 0.77441
vt 0.34546 0.70703
vt 0.36401 0.70020
vt 0.36475 0.66602
vt 0.36401 0.70020
vt 0.34546 0.70703
vt 0.36401 0.73535
vt 0.10260 0.88721
vt 0.05539 0.88721
vt 0.05539 0.85498
vt 0.10260 0.88721
vt 0.05487 0.98975
vt 0.05539 0.88721
vt 0.10260 0.88721
vt 0.10260 0.85498
vt 0.05539 0.85498
vt 0.82822 0.76532
vt 0.82913 0.75420
vt 0.83542 0.76747
vt 0.82691 0.77231
vt 0.80868 0.76607
vt 0.82822 0.76532
vt 0.81271 0.77615
vt 0.80868 0.76607
vt 0.82691 0.77231
vt 0.80868 0.76607
vt 0.81271 0.77615
vt 0.79916 0.77582
vt 0.79972 0.76602
vt 0.80868 0.76607
vt 0.79916 0.77582
vt 0.79972 0.76602
vt 0.79916 0.77582
vt 0.78735 0.76928
vt 0.78749 0.76033
vt 0.79972 0.76602
vt 0.78735 0.76928
vt 0.80868 0.76607
vt 0.82340 0.75904
vt 0.82822 0.76532
vt 0.82340 0.75904
vt 0.82913 0.75420
vt 0.82822 0.76532
vt 0.82340 0.75904
vt 0.82034 0.75558
vt 0.82913 0.75420
vt 0.82340 0.75904
vt 0.80868 0.76607
vt 0.82034 0.75558
vt 0.80868 0.76607
vt 0.80745 0.76312
vt 0.82034 0.75558
vt 0.94798 0.54756
vt 0.92195 0.54268
vt 0.92951 0.50374
vt 0.92223 0.54314
vt 0.94798 0.54756
vt 0.92951 0.50374
vt 0.90530 0.51540
vt 0.92195 0.54268
vt 0.87820 0.52846
vt 0.90530 0.51540
vt 0.92951 0.50374
vt 0.92195 0.54268
vt 0.85038 0.60624
vt 0.82486 0.59451
vt 0.84624 0.57887
vt 0.82815 0.60295
vt 0.85038 0.60624
vt 0.84978 0.66167
vt 0.80614 0.59528
vt 0.82815 0.60295
vt 0.84978 0.66167
vt 0.81484 0.67880
vt 0.80614 0.59528
vt 0.84978 0.66167
vt 0.80614 0.59528
vt 0.81484 0.67880
vt 0.77574 0.68239
vt 0.77729 0.59350
vt 0.80614 0.59528
vt 0.77574 0.68239
vt 0.77574 0.68239
vt 0.74599 0.67448
vt 0.75612 0.59468
vt 0.77729 0.59350
vt 0.77574 0.68239
vt 0.75612 0.59468
vt 0.82486 0.59451
vt 0.85038 0.60624
vt 0.84567 0.57882
vt 0.82486 0.59451
vt 0.84567 0.57882
vt 0.81904 0.56316
vt 0.80718 0.58686
vt 0.82486 0.59451
vt 0.81904 0.56316
vt 0.80718 0.58686
vt 0.81904 0.56316
vt 0.78015 0.55603
vt 0.78157 0.58300
vt 0.80718 0.58686
vt 0.78015 0.55603
vt 0.78157 0.58300
vt 0.78015 0.55603
vt 0.75409 0.58563
vt 0.78015 0.55603
vt 0.72843 0.55974
vt 0.75409 0.58563
vt 0.72843 0.55974
vt 0.73098 0.59060
vt 0.75409 0.58563
vt 0.72569 0.53238
vt 0.72843 0.55974
vt 0.78015 0.55603
vt 0.82431 0.50835
vt 0.72569 0.53238
vt 0.78015 0.55603
vt 0.72843 0.55974
vt 0.72569 0.53238
vt 0.69585 0.57197
vt 0.72843 0.55974
vt 0.69585 0.57197
vt 0.73098 0.59060
vt 0.73098 0.59060
vt 0.69585 0.57197
vt 0.70854 0.60124
vt 0.69585 0.57197
vt 0.64541 0.61904
vt 0.70854 0.60124
vt 0.72569 0.53238
vt 0.65228 0.53701
vt 0.69585 0.57197
vt 0.65228 0.53701
vt 0.64541 0.61904
vt 0.69585 0.57197
vt 0.72569 0.53238
vt 0.73002 0.49418
vt 0.65228 0.53701
vt 0.65228 0.53701
vt 0.73002 0.49418
vt 0.66199 0.45074
vt 0.73002 0.49418
vt 0.72569 0.53238
vt 0.82616 0.47460
vt 0.72569 0.53238
vt 0.82431 0.50835
vt 0.82616 0.47460
vt 0.73002 0.49418
vt 0.74261 0.44409
vt 0.66199 0.45074
vt 0.80655 0.43652
vt 0.73002 0.49418
vt 0.82616 0.47460
vt 0.80655 0.43652
vt 0.74261 0.44409
vt 0.73002 0.49418
vt 0.80655 0.43652
vt 0.82616 0.47460
vt 0.84023 0.43201
vt 0.74261 0.44409
vt 0.80655 0.43652
vt 0.78147 0.41512
vt 0.80655 0.43652
vt 0.84023 0.43201
vt 0.78147 0.41512
vt 0.74261 0.44409
vt 0.78147 0.41512
vt 0.75451 0.41972
vt 0.84023 0.43201
vt 0.81776 0.40469
vt 0.78147 0.41512
vt 0.82616 0.47460
vt 0.82431 0.50835
vt 0.85067 0.49703
vt 0.82616 0.47460
vt 0.85067 0.49703
vt 0.84023 0.43201
vt 0.84023 0.43201
vt 0.87212 0.41611
vt 0.81776 0.40469
vt 0.87212 0.41611
vt 0.85120 0.38685
vt 0.81776 0.40469
vt 0.84023 0.43201
vt 0.85067 0.49703
vt 0.86261 0.47254
vt 0.86261 0.47254
vt 0.89136 0.45911
vt 0.84023 0.43201
vt 0.89136 0.45911
vt 0.87212 0.41611
vt 0.84023 0.43201
vt 0.86544 0.48189
vt 0.86261 0.47254
vt 0.85067 0.49703
vt 0.86785 0.48985
vt 0.86544 0.48189
vt 0.85067 0.49703
vt 0.86785 0.48985
vt 0.89305 0.48063
vt 0.86544 0.48189
vt 0.86261 0.47254
vt 0.86544 0.48189
vt 0.88777 0.47151
vt 0.89305 0.48063
vt 0.88777 0.47151
vt 0.86544 0.48189
vt 0.89136 0.45911
vt 0.86261 0.47254
vt 0.88777 0.47151
vt 0.89136 0.45911
vt 0.88777 0.47151
vt 0.91764 0.45763
vt 0.91517 0.44801
vt 0.89136 0.45911
vt 0.91764 0.45763
vt 0.89136 0.45911
vt 0.91517 0.44801
vt 0.87212 0.41611
vt 0.91517 0.44801
vt 0.90361 0.40306
vt 0.87212 0.41611
vt 0.90361 0.40306
vt 0.91517 0.44801
vt 0.89286 0.46107
vt 0.87212 0.41611
vt 0.90361 0.40306
vt 0.85120 0.38685
vt 0.89286 0.46107
vt 0.91517 0.44801
vt 0.91764 0.45763
vt 0.89435 0.46940
vt 0.89286 0.46107
vt 0.91764 0.45763
vt 0.90361 0.40306
vt 0.88038 0.37525
vt 0.85120 0.38685
vt 0.88038 0.37525
vt 0.90361 0.40306
vt 0.87356 0.41670
vt 0.87356 0.41670
vt 0.90361 0.40306
vt 0.89286 0.46107
vt 0.87356 0.41670
vt 0.89286 0.46107
vt 0.83851 0.43363
vt 0.84924 0.38725
vt 0.88038 0.37525
vt 0.87356 0.41670
vt 0.87356 0.41670
vt 0.83851 0.43363
vt 0.81849 0.40297
vt 0.84924 0.38725
vt 0.87356 0.41670
vt 0.81849 0.40297
vt 0.81849 0.40297
vt 0.83851 0.43363
vt 0.77552 0.41847
vt 0.83851 0.43363
vt 0.78333 0.44130
vt 0.77552 0.41847
vt 0.89286 0.46107
vt 0.86261 0.47254
vt 0.83851 0.43363
vt 0.86544 0.48189
vt 0.86261 0.47254
vt 0.89286 0.46107
vt 0.89435 0.46940
vt 0.86544 0.48189
vt 0.89286 0.46107
vt 0.82431 0.50835
vt 0.83851 0.43363
vt 0.86261 0.47254
vt 0.85067 0.49703
vt 0.82431 0.50835
vt 0.86261 0.47254
vt 0.85067 0.49703
vt 0.86261 0.47254
vt 0.86544 0.48189
vt 0.85067 0.49703
vt 0.86544 0.48189
vt 0.86785 0.48985
vt 0.89749 0.47952
vt 0.86785 0.48985
vt 0.86544 0.48189
vt 0.89435 0.46940
vt 0.89749 0.47952
vt 0.86544 0.48189
vt 0.89435 0.46940
vt 0.91764 0.45763
vt 0.89749 0.47952
vt 0.82431 0.50835
vt 0.77101 0.49768
vt 0.83851 0.43363
vt 0.77101 0.49768
vt 0.78333 0.44130
vt 0.83851 0.43363
vt 0.73002 0.49418
vt 0.78333 0.44130
vt 0.77101 0.49768
vt 0.77101 0.49768
vt 0.82431 0.50835
vt 0.77860 0.53429
vt 0.77860 0.53429
vt 0.72510 0.53266
vt 0.77101 0.49768
vt 0.72510 0.53266
vt 0.73002 0.49418
vt 0.77101 0.49768
vt 0.72510 0.53266
vt 0.77860 0.53429
vt 0.78016 0.55619
vt 0.77860 0.53429
vt 0.82431 0.50835
vt 0.82135 0.54398
vt 0.82431 0.50835
vt 0.85067 0.49703
vt 0.82135 0.54398
vt 0.77860 0.53429
vt 0.82135 0.54398
vt 0.81934 0.56327
vt 0.78016 0.55619
vt 0.77860 0.53429
vt 0.81934 0.56327
vt 0.82135 0.54398
vt 0.85067 0.49703
vt 0.87820 0.52846
vt 0.85067 0.49703
vt 0.86785 0.48985
vt 0.87820 0.52846
vt 0.87820 0.52846
vt 0.87236 0.55076
vt 0.82135 0.54398
vt 0.87236 0.55076
vt 0.84624 0.57887
vt 0.82135 0.54398
vt 0.81934 0.56327
vt 0.82135 0.54398
vt 0.84624 0.57887
vt 0.73002 0.49418
vt 0.72510 0.53266
vt 0.65301 0.53640
vt 0.73002 0.49418
vt 0.65301 0.53640
vt 0.66213 0.44985
vt 0.74054 0.44437
vt 0.73002 0.49418
vt 0.66213 0.44985
vt 0.74054 0.44437
vt 0.78333 0.44130
vt 0.73002 0.49418
vt 0.77552 0.41847
vt 0.78333 0.44130
vt 0.74054 0.44437
vt 0.66213 0.44985
vt 0.67023 0.40877
vt 0.74054 0.44437
vt 0.77552 0.41847
vt 0.74054 0.44437
vt 0.75166 0.42132
vt 0.74054 0.44437
vt 0.67023 0.40877
vt 0.75166 0.42132
vt 0.67023 0.40877
vt 0.75891 0.34762
vt 0.75166 0.42132
vt 0.72510 0.53266
vt 0.69650 0.57220
vt 0.65301 0.53640
vt 0.69650 0.57220
vt 0.64620 0.61953
vt 0.65301 0.53640
vt 0.72510 0.53266
vt 0.72840 0.55865
vt 0.69650 0.57220
vt 0.72840 0.55865
vt 0.72510 0.53266
vt 0.78016 0.55619
vt 0.64620 0.61953
vt 0.69650 0.57220
vt 0.70854 0.60124
vt 0.69650 0.57220
vt 0.73098 0.59060
vt 0.70854 0.60124
vt 0.69650 0.57220
vt 0.72840 0.55865
vt 0.73098 0.59060
vt 0.73098 0.59060
vt 0.72840 0.55865
vt 0.75409 0.58563
vt 0.72840 0.55865
vt 0.78016 0.55619
vt 0.75409 0.58563
vt 0.78016 0.55619
vt 0.78157 0.58300
vt 0.75409 0.58563
vt 0.77552 0.41847
vt 0.75166 0.42132
vt 0.75891 0.34762
vt 0.81849 0.40297
vt 0.77552 0.41847
vt 0.75891 0.34762
vt 0.84924 0.38725
vt 0.81849 0.40297
vt 0.75891 0.34762
vt 0.88038 0.37525
vt 0.84924 0.38725
vt 0.75891 0.34762
vt 0.85120 0.38685
vt 0.88038 0.37525
vt 0.75891 0.34762
vt 0.81776 0.40469
vt 0.85120 0.38685
vt 0.75891 0.34762
vt 0.78147 0.41512
vt 0.81776 0.40469
vt 0.75891 0.34762
vt 0.75451 0.41972
vt 0.78147 0.41512
vt 0.75891 0.34762
vt 0.80718 0.58686
vt 0.78157 0.58300
vt 0.78016 0.55619
vt 0.81934 0.56327
vt 0.80718 0.58686
vt 0.78016 0.55619
vt 0.84624 0.57887
vt 0.82486 0.59451
vt 0.80718 0.58686
vt 0.81934 0.56327
vt 0.84624 0.57887
vt 0.80718 0.58686
vt 0.82815 0.60295
vt 0.84978 0.66167
vt 0.85038 0.60624
vt 0.82815 0.60295
vt 0.80614 0.59528
vt 0.84978 0.66167
vt 0.80614 0.59528
vt 0.81484 0.67880
vt 0.84978 0.66167
vt 0.80614 0.59528
vt 0.77562 0.68227
vt 0.81484 0.67880
vt 0.80614 0.59528
vt 0.77729 0.59350
vt 0.77562 0.68227
vt 0.91082 0.61321
vt 0.84567 0.57882
vt 0.85038 0.60624
vt 0.85038 0.60624
vt 0.90564 0.63357
vt 0.91082 0.61321
vt 0.92426 0.61725
vt 0.91082 0.61321
vt 0.90564 0.63357
vt 0.92010 0.63662
vt 0.92426 0.61725
vt 0.90564 0.63357
vt 0.92010 0.63662
vt 0.90564 0.63357
vt 0.90109 0.74263
vt 0.92010 0.63662
vt 0.90643 0.63368
vt 0.92426 0.61725
vt 0.90643 0.63368
vt 0.92010 0.63662
vt 0.90109 0.74263
vt 0.87350 0.70358
vt 0.90643 0.63368
vt 0.90109 0.74263
vt 0.91082 0.61321
vt 0.92426 0.61725
vt 0.94667 0.56244
vt 0.90643 0.63368
vt 0.91096 0.61354
vt 0.92426 0.61725
vt 0.92426 0.61725
vt 0.91096 0.61354
vt 0.94667 0.56244
vt 0.90643 0.63368
vt 0.85038 0.60624
vt 0.91096 0.61354
vt 0.84624 0.57887
vt 0.91096 0.61354
vt 0.85038 0.60624
vt 0.90643 0.63368
vt 0.84978 0.66167
vt 0.85038 0.60624
vt 0.87350 0.70358
vt 0.84978 0.66167
vt 0.90643 0.63368
vt 0.90564 0.63357
vt 0.89036 0.68622
vt 0.90109 0.74263
vt 0.89036 0.68622
vt 0.90564 0.63357
vt 0.84978 0.66167
vt 0.85038 0.60624
vt 0.84978 0.66167
vt 0.90564 0.63357
vt 0.84514 0.69826
vt 0.89036 0.68622
vt 0.84978 0.66167
vt 0.90109 0.74263
vt 0.89036 0.68622
vt 0.87368 0.74967
vt 0.92087 0.55919
vt 0.91082 0.61321
vt 0.94667 0.56244
vt 0.92087 0.55919
vt 0.94667 0.56244
vt 0.94798 0.54756
vt 0.92223 0.54314
vt 0.92087 0.55919
vt 0.94798 0.54756
vt 0.87246 0.55070
vt 0.91082 0.61321
vt 0.92087 0.55919
vt 0.87246 0.55070
vt 0.92087 0.55919
vt 0.92223 0.54314
vt 0.91082 0.61321
vt 0.87246 0.55070
vt 0.84567 0.57882
vt 0.87246 0.55070
vt 0.92223 0.54314
vt 0.87866 0.52558
vt 0.84380 0.52504
vt 0.87246 0.55070
vt 0.87866 0.52558
vt 0.84567 0.57882
vt 0.87246 0.55070
vt 0.84380 0.52504
vt 0.81904 0.56316
vt 0.84380 0.52504
vt 0.82431 0.50835
vt 0.81904 0.56316
vt 0.84567 0.57882
vt 0.84380 0.52504
vt 0.85067 0.49703
vt 0.84380 0.52504
vt 0.87866 0.52558
vt 0.85067 0.49703
vt 0.82431 0.50835
vt 0.84380 0.52504
vt 0.86785 0.48985
vt 0.85067 0.49703
vt 0.87866 0.52558
vt 0.78015 0.55603
vt 0.81904 0.56316
vt 0.82431 0.50835
vt 0.86785 0.48985
vt 0.87866 0.52558
vt 0.89305 0.48063
vt 0.87866 0.52558
vt 0.90129 0.51586
vt 0.89305 0.48063
vt 0.89305 0.48063
vt 0.90129 0.51586
vt 0.92093 0.47042
vt 0.90129 0.51586
vt 0.92951 0.50374
vt 0.92093 0.47042
vt 0.92093 0.47042
vt 0.92951 0.50374
vt 0.90530 0.51540
vt 0.89749 0.47952
vt 0.92093 0.47042
vt 0.90530 0.51540
vt 0.92223 0.54314
vt 0.90129 0.51586
vt 0.87866 0.52558
vt 0.92223 0.54314
vt 0.92951 0.50374
vt 0.90129 0.51586
vt 0.89749 0.47952
vt 0.90530 0.51540
vt 0.86785 0.48985
vt 0.90530 0.51540
vt 0.87820 0.52846
vt 0.86785 0.48985
vt 0.91096 0.61354
vt 0.92091 0.55895
vt 0.94667 0.56244
vt 0.92091 0.55895
vt 0.87236 0.55076
vt 0.92195 0.54268
vt 0.94798 0.54756
vt 0.94667 0.56244
vt 0.92091 0.55895
vt 0.94798 0.54756
vt 0.92091 0.55895
vt 0.92195 0.54268
vt 0.87236 0.55076
vt 0.91096 0.61354
vt 0.84624 0.57887
vt 0.91096 0.61354
vt 0.87236 0.55076
vt 0.92091 0.55895
vt 0.92195 0.54268
vt 0.87236 0.55076
vt 0.87820 0.52846
vt 0.82815 0.60295
vt 0.73120 0.59207
vt 0.85038 0.60624
vt 0.80614 0.59528
vt 0.77729 0.59350
vt 0.73120 0.59207
vt 0.82815 0.60295
vt 0.80614 0.59528
vt 0.73120 0.59207
vt 0.77729 0.59350
vt 0.75612 0.59468
vt 0.73120 0.59207
vt 0.75612 0.59468
vt 0.73250 0.59804
vt 0.73120 0.59207
vt 0.73120 0.59207
vt 0.73250 0.59804
vt 0.70854 0.60124
vt 0.79927 0.76323
vt 0.79972 0.76602
vt 0.78749 0.76033
vt 0.94766 0.36129
vt 0.92576 0.33939
vt 0.94766 0.36129
vt 0.94766 0.36129
vt 0.92576 0.33939
vt 0.94766 0.36129
vt 0.94766 0.36129
vt 0.92576 0.33939
vt 0.94766 0.36129
vt 0.94766 0.36129
vt 0.92576 0.33939
vt 0.94766 0.36129
vt 0.94766 0.36129
vt 0.92576 0.33939
vt 0.94766 0.36129
vt 0.94766 0.36129
vt 0.92576 0.33939
vt 0.94766 0.36129
vt 0.94766 0.36129
vt 0.92576 0.33939
vt 0.94766 0.36129
vt 0.94766 0.36129
vt 0.92576 0.33939
vt 0.94766 0.36129
vt 0.94766 0.36129
vt 0.92576 0.33939
vt 0.94766 0.36129
vt 0.94766 0.36129
vt 0.92576 0.33939
vt 0.94766 0.36129
vt 0.94766 0.36129
vt 0.92576 0.33939
vt 0.94766 0.36129
vt 0.94766 0.36129
vt 0.92576 0.33939
vt 0.94766 0.36129
vt 0.94766 0.36129
vt 0.92576 0.33939
vt 0.94766 0.36129
vt 0.94766 0.36129
vt 0.92576 0.33939
vt 0.94766 0.36129
vt 0.94766 0.36129
vt 0.92576 0.33939
vt 0.94766 0.36129
vt 0.94766 0.36129
vt 0.92576 0.33939
vt 0.94766 0.36129
vt 0.80868 0.76607
vt 0.79972 0.76602
vt 0.79927 0.76323
vt 0.80745 0.76312
vt 0.80868 0.76607
vt 0.79927 0.76323
vt 0.85374 0.74100
vt 0.86602 0.75450
vt 0.84117 0.75519
vt 0.84117 0.75519
vt 0.86602 0.75450
vt 0.84658 0.78307
vt 0.84117 0.75519
vt 0.84658 0.78307
vt 0.77157 0.77480
vt 0.76827 0.74957
vt 0.84117 0.75519
vt 0.77157 0.77480
vt 0.73799 0.73855
vt 0.76827 0.74957
vt 0.77157 0.77480
vt 0.70810 0.75790
vt 0.73799 0.73855
vt 0.77157 0.77480
vt 0.69976 0.71259
vt 0.73799 0.73855
vt 0.70810 0.75790
vt 0.64631 0.67488
vt 0.69976 0.71259
vt 0.70810 0.75790
vt 0.69976 0.71259
vt 0.64631 0.67488
vt 0.70014 0.67578
vt 0.64620 0.61953
vt 0.70014 0.67578
vt 0.64631 0.67488
vt 0.90109 0.74263
vt 0.87368 0.74967
vt 0.89437 0.78885
vt 0.86602 0.75450
vt 0.90109 0.74263
vt 0.89437 0.78885
vt 0.84658 0.78307
vt 0.86602 0.75450
vt 0.89437 0.78885
vt 0.86602 0.75450
vt 0.87350 0.70358
vt 0.90109 0.74263
vt 0.87368 0.74967
vt 0.84606 0.78244
vt 0.89437 0.78885
vt 0.84131 0.74218
vt 0.84606 0.78244
vt 0.87368 0.74967
vt 0.87368 0.74967
vt 0.85400 0.73514
vt 0.84131 0.74218
vt 0.84131 0.74218
vt 0.78131 0.72783
vt 0.84606 0.78244
vt 0.78131 0.72783
vt 0.77103 0.77480
vt 0.84606 0.78244
vt 0.78131 0.72783
vt 0.73075 0.72691
vt 0.77103 0.77480
vt 0.73075 0.72691
vt 0.70019 0.75578
vt 0.77103 0.77480
vt 0.73075 0.72691
vt 0.69934 0.71495
vt 0.70019 0.75578
vt 0.69934 0.71495
vt 0.64578 0.67488
vt 0.70019 0.75578
vt 0.64578 0.67488
vt 0.69934 0.71495
vt 0.69877 0.66217
vt 0.69877 0.66217
vt 0.64541 0.61904
vt 0.64578 0.67488
vt 0.69877 0.66217
vt 0.70575 0.64484
vt 0.64541 0.61904
vt 0.70575 0.64484
vt 0.70854 0.60124
vt 0.64541 0.61904
vt 0.73250 0.59804
vt 0.70854 0.60124
vt 0.70575 0.64484
vt 0.69877 0.66217
vt 0.72510 0.66393
vt 0.70575 0.64484
vt 0.72510 0.66393
vt 0.73250 0.59804
vt 0.70575 0.64484
vt 0.72510 0.66393
vt 0.75612 0.59468
vt 0.73250 0.59804
vt 0.72510 0.66393
vt 0.69877 0.66217
vt 0.74088 0.69103
vt 0.74599 0.67448
vt 0.72510 0.66393
vt 0.74088 0.69103
vt 0.74088 0.69103
vt 0.78169 0.70236
vt 0.74599 0.67448
vt 0.78169 0.70236
vt 0.77562 0.68227
vt 0.74599 0.67448
vt 0.72510 0.66393
vt 0.74599 0.67448
vt 0.75612 0.59468
vt 0.74599 0.67448
vt 0.77562 0.68227
vt 0.75612 0.59468
vt 0.77562 0.68227
vt 0.77729 0.59350
vt 0.75612 0.59468
vt 0.78169 0.70236
vt 0.84514 0.69826
vt 0.77562 0.68227
vt 0.84514 0.69826
vt 0.81484 0.67880
vt 0.77562 0.68227
vt 0.84514 0.69826
vt 0.84978 0.66167
vt 0.81484 0.67880
vt 0.27349 0.56300
vt 0.27371 0.56165
vt 0.27596 0.56321
vt 0.27349 0.56300
vt 0.27596 0.56321
vt 0.27425 0.56478
vt 0.27596 0.56321
vt 0.27604 0.56339
vt 0.27425 0.56478
vt 0.82283 0.75497
vt 0.82459 0.75911
vt 0.83052 0.75638
vt 0.83052 0.75638
vt 0.82824 0.76653
vt 0.83288 0.77078
vt 0.82824 0.76653
vt 0.83052 0.75638
vt 0.82459 0.75911
vt 0.82283 0.75497
vt 0.80819 0.75948
vt 0.82459 0.75911
vt 0.80819 0.75948
vt 0.81240 0.76422
vt 0.82459 0.75911
vt 0.82824 0.76653
vt 0.82459 0.75911
vt 0.81240 0.76422
vt 0.82824 0.76653
vt 0.81240 0.76422
vt 0.82759 0.77194
vt 0.81240 0.76422
vt 0.80819 0.75948
vt 0.79802 0.76462
vt 0.80819 0.75948
vt 0.79652 0.76166
vt 0.79802 0.76462
vt 0.79652 0.76166
vt 0.78657 0.76077
vt 0.79802 0.76462
vt 0.82759 0.77194
vt 0.81240 0.76422
vt 0.81442 0.77526
vt 0.81442 0.77526
vt 0.81240 0.76422
vt 0.80172 0.77671
vt 0.81240 0.76422
vt 0.79802 0.76462
vt 0.80172 0.77671
vt 0.80172 0.77671
vt 0.79802 0.76462
vt 0.78921 0.77530
vt 0.79802 0.76462
vt 0.78657 0.76077
vt 0.78921 0.77530
vt 0.27507 0.56079
vt 0.27359 0.56077
vt 0.27355 0.56058
vt 0.27507 0.56079
vt 0.27580 0.56337
vt 0.27359 0.56077
vt 0.27580 0.56337
vt 0.27356 0.56318
vt 0.27359 0.56077
vt 0.27580 0.56337
vt 0.27588 0.56351
vt 0.27356 0.56318
vt 0.27588 0.56351
vt 0.27370 0.56637
vt 0.27356 0.56318
vt 0.73124 0.59214
vt 0.82486 0.59451
vt 0.80718 0.58686
vt 0.73124 0.59214
vt 0.80718 0.58686
vt 0.78157 0.58300
vt 0.75409 0.58563
vt 0.73124 0.59214
vt 0.78157 0.58300
vt 0.73124 0.59214
vt 0.75409 0.58563
vt 0.73098 0.59060
vt 0.73124 0.59214
vt 0.73098 0.59060
vt 0.70854 0.60124
vt 0.73250 0.59804
vt 0.73124 0.59214
vt 0.70854 0.60124
vt 0.73250 0.59804
vt 0.75612 0.59468
vt 0.73124 0.59214
vt 0.75612 0.59468
vt 0.77729 0.59350
vt 0.73124 0.59214
vt 0.77729 0.59350
vt 0.80614 0.59528
vt 0.73124 0.59214
vt 0.80614 0.59528
vt 0.82815 0.60295
vt 0.73124 0.59214
vt 0.85038 0.60624
vt 0.73124 0.59214
vt 0.82815 0.60295
vt 0.73098 0.59060
vt 0.73120 0.59207
vt 0.70854 0.60124
vt 0.75409 0.58563
vt 0.73120 0.59207
vt 0.73098 0.59060
vt 0.78157 0.58300
vt 0.73120 0.59207
vt 0.75409 0.58563
vt 0.80718 0.58686
vt 0.73120 0.59207
vt 0.78157 0.58300
vt 0.80718 0.58686
vt 0.82486 0.59451
vt 0.73120 0.59207
vt 0.72515 0.66423
vt 0.70014 0.67578
vt 0.70519 0.63733
vt 0.73250 0.59804
vt 0.72515 0.66423
vt 0.70519 0.63733
vt 0.64620 0.61953
vt 0.70854 0.60124
vt 0.70519 0.63733
vt 0.70854 0.60124
vt 0.73250 0.59804
vt 0.70519 0.63733
vt 0.64620 0.61953
vt 0.70519 0.63733
vt 0.70014 0.67578
vt 0.75612 0.59468
vt 0.72515 0.66423
vt 0.73250 0.59804
vt 0.74599 0.67448
vt 0.72515 0.66423
vt 0.75612 0.59468
vt 0.74599 0.67448
vt 0.74088 0.69103
vt 0.72515 0.66423
vt 0.74088 0.69103
vt 0.70014 0.67578
vt 0.72515 0.66423
vt 0.74088 0.69103
vt 0.74599 0.67448
vt 0.78169 0.70236
vt 0.74599 0.67448
vt 0.77574 0.68239
vt 0.78169 0.70236
vt 0.84514 0.69826
vt 0.78169 0.70236
vt 0.77574 0.68239
vt 0.81484 0.67880
vt 0.84514 0.69826
vt 0.77574 0.68239
vt 0.87350 0.70358
vt 0.84514 0.69826
vt 0.84978 0.66167
vt 0.84514 0.69826
vt 0.81484 0.67880
vt 0.84978 0.66167
vt 0.54621 0.43807
vt 0.53531 0.43807
vt 0.53520 0.45667
vt 0.53531 0.42495
vt 0.53531 0.43807
vt 0.54621 0.43807
vt 0.55551 0.42936
vt 0.53531 0.42495
vt 0.54621 0.43807
vt 0.53531 0.40605
vt 0.53531 0.42495
vt 0.55551 0.42936
vt 0.55571 0.40676
vt 0.53531 0.40605
vt 0.55551 0.42936
vt 0.53531 0.42445
vt 0.53531 0.40605
vt 0.55571 0.40676
vt 0.55443 0.42878
vt 0.53531 0.42445
vt 0.55571 0.40676
vt 0.53531 0.43807
vt 0.53531 0.42445
vt 0.55443 0.42878
vt 0.54621 0.43807
vt 0.53531 0.43807
vt 0.55443 0.42878
vt 0.53520 0.45667
vt 0.53531 0.43807
vt 0.54621 0.43807
vt 0.87491 0.16421
vt 0.85262 0.16791
vt 0.86038 0.11522
vt 0.86038 0.11522
vt 0.85262 0.16791
vt 0.81163 0.10862
vt 0.85262 0.16791
vt 0.80441 0.16515
vt 0.81163 0.10862
vt 0.81163 0.10862
vt 0.80441 0.16515
vt 0.76985 0.10400
vt 0.80441 0.16515
vt 0.76447 0.15626
vt 0.76985 0.10400
vt 0.81163 0.10862
vt 0.76985 0.10400
vt 0.81072 0.05148
vt 0.86057 0.10841
vt 0.81163 0.10862
vt 0.81072 0.05148
vt 0.85384 0.05168
vt 0.86057 0.10841
vt 0.81072 0.05148
vt 0.81072 0.05148
vt 0.76985 0.10400
vt 0.76578 0.06067
vt 0.88472 0.10812
vt 0.86057 0.10841
vt 0.85384 0.05168
vt 0.88195 0.05766
vt 0.88472 0.10812
vt 0.85384 0.05168
vt 0.76578 0.06067
vt 0.76985 0.10400
vt 0.71314 0.07382
vt 0.76985 0.10400
vt 0.71629 0.10086
vt 0.71314 0.07382
vt 0.76985 0.10400
vt 0.76447 0.15626
vt 0.71629 0.10086
vt 0.76447 0.15626
vt 0.71364 0.13488
vt 0.71629 0.10086
vt 0.71314 0.07382
vt 0.71629 0.10086
vt 0.70706 0.09955
vt 0.71629 0.10086
vt 0.71364 0.13488
vt 0.70706 0.09955
vt 0.88195 0.05766
vt 0.92366 0.08712
vt 0.88472 0.10812
vt 0.88472 0.10812
vt 0.92366 0.08712
vt 0.91204 0.11031
vt 0.88453 0.15860
vt 0.83976 0.16095
vt 0.85739 0.11028
vt 0.83976 0.16095
vt 0.79768 0.15836
vt 0.85739 0.11028
vt 0.79768 0.15836
vt 0.79963 0.10313
vt 0.85739 0.11028
vt 0.79768 0.15836
vt 0.76925 0.14337
vt 0.79963 0.10313
vt 0.85739 0.11028
vt 0.79963 0.10313
vt 0.84796 0.05582
vt 0.89817 0.10200
vt 0.85739 0.11028
vt 0.84796 0.05582
vt 0.89175 0.05739
vt 0.89817 0.10200
vt 0.84796 0.05582
vt 0.89817 0.10200
vt 0.89175 0.05739
vt 0.95025 0.06709
vt 0.94781 0.09747
vt 0.89817 0.10200
vt 0.95025 0.06709
vt 0.94781 0.09747
vt 0.95025 0.06709
vt 0.96152 0.09566
vt 0.79963 0.10313
vt 0.80347 0.05744
vt 0.84796 0.05582
vt 0.76925 0.14337
vt 0.76932 0.10168
vt 0.79963 0.10313
vt 0.79963 0.10313
vt 0.76932 0.10168
vt 0.80347 0.05744
vt 0.72947 0.09154
vt 0.76932 0.10168
vt 0.76925 0.14337
vt 0.76932 0.10168
vt 0.77309 0.06397
vt 0.80347 0.05744
vt 0.72947 0.09154
vt 0.77309 0.06397
vt 0.76932 0.10168
vt 0.66987 0.40791
vt 0.66199 0.45074
vt 0.74261 0.44409
vt 0.66987 0.40791
vt 0.74261 0.44409
vt 0.75451 0.41972
vt 0.75891 0.34762
vt 0.66987 0.40791
vt 0.75451 0.41972
vt 0.91764 0.45763
vt 0.92093 0.47042
vt 0.89749 0.47952
vt 0.92093 0.47042
vt 0.91764 0.45763
vt 0.88777 0.47151
vt 0.89305 0.48063
vt 0.92093 0.47042
vt 0.88777 0.47151
vn 1.17012 0.05496 -0.51126
vn 1.16033 0.06790 -0.52505
vn 1.17012 0.05496 -0.51126
vn -0.93055 -0.48614 0.72893
vn -0.93055 -0.48614 0.72893
vn -0.91151 -0.49038 0.74372
vn 0.39810 -0.90721 0.80751
vn 0.39810 -0.90721 0.80751
vn 0.44897 -0.86014 0.81341
vn 1.19227 -0.33762 0.31318
vn 1.19227 -0.33762 0.31318
vn 1.21330 -0.22325 0.26098
vn 1.24376 0.27606 -0.10220
vn 1.21003 0.32359 -0.17124
vn 1.22304 0.28535 -0.15678
vn -0.40053 -0.88187 0.83395
vn -0.40053 -0.88187 0.83395
vn -0.30843 -0.85387 0.87757
vn 0.89434 0.39342 -0.82400
vn 0.81499 0.40545 -0.88238
vn 0.89434 0.39342 -0.82400
vn -0.14824 0.07030 -1.26754
vn -0.30828 -0.02602 -1.24009
vn -0.14824 0.07030 -1.26754
vn -0.04534 0.17135 -1.26577
vn -0.28628 0.19771 -1.22983
vn -0.48047 0.05404 -1.18312
vn -0.72420 -0.31241 -1.00574
vn -0.74731 -0.26852 -1.00146
vn -0.70505 -0.27588 -1.02955
vn -0.72420 -0.31241 -1.00574
vn -0.70505 -0.27588 -1.02955
vn -0.71461 -0.32273 -1.00934
vn -0.72420 -0.31241 -1.00574
vn -0.76753 -0.20853 -1.00050
vn -0.74731 -0.26852 -1.00146
vn -0.76753 -0.20853 -1.00050
vn -0.85057 -0.27191 -0.91428
vn -0.74731 -0.26852 -1.00146
vn -0.04534 0.17135 -1.26577
vn -0.48047 0.05404 -1.18312
vn -0.33684 0.04815 -1.23199
vn -0.04534 0.17135 -1.26577
vn -0.33684 0.04815 -1.23199
vn -0.12179 -0.28822 -1.11034
vn 0.47218 -0.35092 -1.13467
vn 0.45910 -0.27359 -1.16102
vn 0.32515 -0.42706 -1.14202
vn 0.47218 -0.35092 -1.13467
vn 0.42305 -0.12702 -1.19937
vn 0.45910 -0.27359 -1.16102
vn 0.42305 -0.12702 -1.19937
vn 0.42773 -0.11810 -1.19862
vn 0.45910 -0.27359 -1.16102
vn 0.12151 1.15828 -0.52651
vn 0.14379 1.13924 -0.56129
vn 0.12151 1.15828 -0.52651
vn 0.09907 1.17585 -0.49107
vn 0.12151 1.15828 -0.52651
vn 0.12151 1.15828 -0.52651
vn 0.15018 0.48423 1.17327
vn 0.13707 0.40434 1.20449
vn 0.15018 0.48423 1.17327
vn -1.23967 0.31050 -0.01975
vn -1.23967 0.31050 -0.01975
vn -1.26035 0.19443 0.07446
vn 1.27286 0.01339 -0.11507
vn 1.27083 -0.00887 -0.11725
vn 1.27172 -0.00129 -0.11613
vn 1.27286 0.01337 -0.11504
vn 1.27286 0.01339 -0.11507
vn 1.27172 -0.00129 -0.11613
vn -1.09510 0.56783 0.33453
vn -1.13269 0.51289 0.29589
vn -1.17197 0.43370 0.26365
vn 0.02105 0.79295 -1.00218
vn 0.25179 0.64275 -1.07567
vn 0.02105 0.79295 -1.00218
vn 0.02238 0.79336 -1.00183
vn 0.02105 0.79295 -1.00218
vn 0.02105 0.79295 -1.00218
vn 0.35820 0.55511 -1.09414
vn 0.25179 0.64275 -1.07567
vn 0.36312 0.55583 -1.09214
vn 0.25179 0.64275 -1.07567
vn 0.53282 0.37001 -1.10126
vn 0.36312 0.55583 -1.09214
vn 0.82142 0.42207 0.88358
vn 0.77288 0.41327 0.92987
vn 0.82727 0.43633 0.87111
vn 0.64291 0.26054 -1.07349
vn 0.53282 0.37001 -1.10126
vn 0.60589 0.27855 -1.09015
vn 0.53282 0.37001 -1.10126
vn 0.75131 0.04413 -1.03293
vn 0.60589 0.27855 -1.09015
vn 0.82727 0.43633 0.87111
vn 0.77288 0.41327 0.92987
vn 0.94744 0.42494 0.74441
vn 0.12120 -0.17778 1.25988
vn 0.15474 -0.08989 1.26553
vn -0.18708 -0.06877 1.26029
vn 0.12120 -0.17778 1.25988
vn 0.21986 0.08229 1.13569
vn 0.44600 -0.03880 1.19714
vn 0.12120 -0.17778 1.25988
vn 0.02187 0.43174 1.07310
vn 0.21986 0.08229 1.13569
vn -0.64979 0.62817 0.90375
vn -0.75611 0.30076 0.97772
vn -0.66392 0.45704 0.97919
vn -1.20693 -0.16426 -0.38721
vn -1.22741 -0.18748 -0.30315
vn -1.15998 -0.41594 -0.26198
vn -1.19271 0.01883 -0.45900
vn -1.22741 -0.18748 -0.30315
vn -1.20693 -0.16426 -0.38721
vn -1.15074 -0.11726 -0.54372
vn -1.19271 0.01883 -0.45900
vn -1.20693 -0.16426 -0.38721
vn -0.56959 0.70268 0.90299
vn -0.64979 0.62817 0.90375
vn -0.66392 0.45704 0.97919
vn -0.58160 0.67241 0.91826
vn -0.64979 0.62817 0.90375
vn -0.56959 0.70268 0.90299
vn 1.18665 0.37650 0.28930
vn 1.18542 -0.02429 0.35873
vn 1.16053 0.53549 -0.00343
vn 1.18665 0.37650 0.28930
vn 1.16053 0.53549 -0.00343
vn 1.09277 0.65934 -0.06866
vn -0.62237 0.61736 0.93011
vn -0.58160 0.67241 0.91826
vn -0.56959 0.70268 0.90299
vn 1.16053 0.53549 -0.00343
vn 1.08727 0.66123 -0.11916
vn 1.09277 0.65934 -0.06866
vn -0.13842 0.94602 -0.84822
vn -0.18794 0.95729 -0.82574
vn -0.13842 0.94602 -0.84822
vn -0.18794 0.95729 -0.82574
vn -0.23711 0.96676 -0.80171
vn -0.23711 0.96676 -0.80171
vn 1.26608 -0.03175 -0.17209
vn 1.12857 0.05514 -0.26432
vn 1.24845 -0.11510 -0.24840
vn 0.43152 -0.38075 -1.14123
vn 0.49404 -0.39160 -1.11183
vn 0.52283 -0.32702 -1.11950
vn 0.49404 -0.39160 -1.11183
vn 0.58354 -0.33656 -1.08618
vn 0.52283 -0.32702 -1.11950
vn -0.62283 -0.35914 -1.05673
vn -0.53269 -0.41082 -1.08676
vn -0.50331 -0.37377 -1.11381
vn 0.40201 -1.21165 0.06237
vn 0.41226 -1.20650 -0.08930
vn 0.58434 -1.12140 0.06767
vn 0.40201 -1.21165 0.06237
vn 0.56172 -1.12050 0.17424
vn 0.15035 -1.24700 0.14583
vn 0.40201 -1.21165 0.06237
vn 0.15035 -1.24700 0.14583
vn 0.05841 -1.27562 0.05439
vn -0.27802 -1.24607 0.06004
vn -0.34315 -1.19231 0.23072
vn -0.31028 -1.21707 0.11398
vn -0.30185 -1.23903 -0.08532
vn -0.27802 -1.24607 0.06004
vn -0.31028 -1.21707 0.11398
vn -0.30185 -1.23903 -0.08532
vn -0.31028 -1.21707 0.11398
vn -0.13511 -1.25724 -0.00794
vn -1.22992 0.34670 0.02611
vn -0.85597 0.94242 0.11286
vn -1.13389 0.57364 0.09442
vn -0.85597 0.94242 0.11286
vn -0.67297 1.08050 0.06698
vn -1.13389 0.57364 0.09442
vn 0.23985 1.24927 0.12402
vn 0.17004 1.26099 0.05904
vn -0.05282 1.26849 0.14739
vn 0.67277 1.08229 0.09805
vn 0.60580 1.11733 0.05745
vn 0.23985 1.24927 0.12402
vn 0.67277 1.08229 0.09805
vn 1.13707 0.58308 0.02579
vn 0.60580 1.11733 0.05745
vn 1.13707 0.58308 0.02579
vn 1.12183 0.59554 0.04946
vn 0.60580 1.11733 0.05745
vn -0.74971 -0.31344 -0.98655
vn -0.49543 0.11368 -1.16215
vn -0.77129 -0.27139 -0.98237
vn -0.74971 -0.31344 -0.98655
vn -0.77129 -0.27139 -0.98237
vn -0.40127 -0.19419 -1.19786
vn 0.00287 -0.32021 -1.23735
vn -0.23247 -0.04967 -1.25582
vn -0.40127 -0.19419 -1.19786
vn 0.42561 -0.14429 -1.19651
vn 0.46364 -0.10433 -1.18648
vn 0.40424 -0.20231 -1.19551
vn 0.42561 -0.14429 -1.19651
vn 0.32470 0.18191 -1.21428
vn 0.46364 -0.10433 -1.18648
vn -0.20866 0.55254 1.13347
vn 0.02187 0.41017 1.21032
vn 0.02140 0.14292 1.26962
vn 0.02187 0.41017 1.21032
vn 0.24291 0.56093 1.12247
vn 0.02140 0.14292 1.26962
vn 0.24291 0.56093 1.12247
vn 0.36187 0.65695 1.03456
vn 0.02140 0.14292 1.26962
vn 0.24291 0.56093 1.12247
vn 0.33745 0.78363 0.95165
vn 0.36187 0.65695 1.03456
vn -1.02850 -0.11295 -0.75035
vn -1.06107 -0.13162 -0.70028
vn -1.04428 -0.18998 -0.71202
vn -1.06107 -0.13162 -0.70028
vn -1.00751 -0.21168 -0.75744
vn -1.04428 -0.18998 -0.71202
vn -0.09144 -0.23274 -1.25342
vn 0.26024 -0.24123 -1.22787
vn -0.06158 -0.33064 -1.23307
vn 1.25749 -0.22717 0.02645
vn 1.20909 -0.41411 -0.01427
vn 1.06064 -0.29265 -0.65037
vn 1.25749 -0.22717 0.02645
vn 0.91207 -0.06590 0.86866
vn 1.00567 -0.27985 0.73268
vn 1.25749 -0.22717 0.02645
vn 1.00567 -0.27985 0.73268
vn 0.98559 -0.42917 0.69138
vn 0.00101 -0.30216 1.24189
vn 0.06353 -0.42853 1.20246
vn 0.39001 -0.31176 1.17656
vn -0.99284 -0.20799 0.77756
vn -0.98147 -0.39545 0.71689
vn -0.37922 -0.41754 1.14692
vn -0.99284 -0.20799 0.77756
vn -1.27462 -0.09449 0.00004
vn -1.24298 -0.27302 0.11852
vn -0.99284 -0.20799 0.77756
vn -1.23859 0.06219 0.25720
vn -1.27462 -0.09449 0.00004
vn -1.17352 0.29942 0.40840
vn -1.17580 0.36358 0.33894
vn -1.25428 -0.02818 0.23532
vn 0.06285 -1.10862 0.63292
vn -0.26946 -1.11234 0.56866
vn 0.05883 -1.11834 0.61565
vn 1.25957 -0.21686 0.00658
vn 1.21172 -0.32621 0.24260
vn 1.18010 -0.47680 0.11591
vn 1.16980 -0.05246 0.51224
vn 1.25497 0.08723 0.19691
vn 1.14877 0.40902 0.38291
vn 1.14877 0.40902 0.38291
vn 1.25497 0.08723 0.19691
vn 1.24957 0.14615 0.16882
vn -0.04841 1.15775 0.53932
vn 0.66363 0.91827 0.59158
vn 0.51273 1.04803 0.51582
vn 0.20407 1.16391 0.48709
vn -0.04841 1.15775 0.53932
vn 0.51273 1.04803 0.51582
vn 0.20407 1.16391 0.48709
vn -0.04982 1.22067 0.37559
vn -0.04841 1.15775 0.53932
vn -0.04841 1.15775 0.53932
vn -0.04982 1.22067 0.37559
vn -0.29487 1.14375 0.48834
vn -0.04841 1.15775 0.53932
vn -0.29487 1.14375 0.48834
vn -0.73512 0.90413 0.52366
vn 1.01212 0.39545 0.67292
vn 1.16980 -0.05246 0.51224
vn 1.14877 0.40902 0.38291
vn 1.01212 0.39545 0.67292
vn 1.14877 0.40902 0.38291
vn 0.66363 0.91827 0.59158
vn 0.51866 0.78487 0.86520
vn 0.66363 0.91827 0.59158
vn -0.04841 1.15775 0.53932
vn 0.51866 0.78487 0.86520
vn 1.01212 0.39545 0.67292
vn 0.66363 0.91827 0.59158
vn 0.69018 0.14420 1.06604
vn 1.01212 0.39545 0.67292
vn 0.51866 0.78487 0.86520
vn 1.16980 -0.05246 0.51224
vn 1.01212 0.39545 0.67292
vn 0.69018 0.14420 1.06604
vn 0.75494 -0.33497 0.97542
vn 1.16980 -0.05246 0.51224
vn 0.69018 0.14420 1.06604
vn -0.73902 0.84807 0.60681
vn -0.04841 1.15775 0.53932
vn -0.73512 0.90413 0.52366
vn -0.73902 0.84807 0.60681
vn -0.73512 0.90413 0.52366
vn -1.17352 0.29942 0.40840
vn -1.17352 0.29942 0.40840
vn -1.03634 0.30239 0.68421
vn -0.73902 0.84807 0.60681
vn -1.15218 -0.16016 0.52954
vn -1.03634 0.30239 0.68421
vn -1.17352 0.29942 0.40840
vn -0.73902 0.84807 0.60681
vn -0.58195 0.73300 0.87042
vn -0.04841 1.15775 0.53932
vn -1.03634 0.30239 0.68421
vn -0.58195 0.73300 0.87042
vn -0.73902 0.84807 0.60681
vn -0.58195 0.73300 0.87042
vn -0.03748 0.92945 0.87653
vn -0.04841 1.15775 0.53932
vn -0.03748 0.92945 0.87653
vn 0.51866 0.78487 0.86520
vn -0.04841 1.15775 0.53932
vn -0.58195 0.73300 0.87042
vn -0.01564 0.47806 1.18524
vn -0.03748 0.92945 0.87653
vn -0.01564 0.47806 1.18524
vn 0.51866 0.78487 0.86520
vn -0.03748 0.92945 0.87653
vn -0.01564 0.47806 1.18524
vn 0.69018 0.14420 1.06604
vn 0.51866 0.78487 0.86520
vn -1.03634 0.30239 0.68421
vn -0.74154 0.12239 1.03379
vn -0.58195 0.73300 0.87042
vn -0.74154 0.12239 1.03379
vn -0.01564 0.47806 1.18524
vn -0.58195 0.73300 0.87042
vn -1.03634 0.30239 0.68421
vn -1.15218 -0.16016 0.52954
vn -0.74154 0.12239 1.03379
vn -0.07533 0.02081 1.27573
vn 0.69018 0.14420 1.06604
vn -0.01564 0.47806 1.18524
vn -0.74154 0.12239 1.03379
vn -0.07533 0.02081 1.27573
vn -0.01564 0.47806 1.18524
vn -1.15218 -0.16016 0.52954
vn -0.73715 -0.29743 1.00086
vn -0.74154 0.12239 1.03379
vn -0.74154 0.12239 1.03379
vn -0.73715 -0.29743 1.00086
vn -0.07533 0.02081 1.27573
vn -1.15218 -0.16016 0.52954
vn -1.01598 -0.45345 0.62888
vn -0.73715 -0.29743 1.00086
vn -0.07533 0.02081 1.27573
vn 0.04849 -0.33946 1.23126
vn 0.69018 0.14420 1.06604
vn 0.04849 -0.33946 1.23126
vn 0.75494 -0.33497 0.97542
vn 0.69018 0.14420 1.06604
vn -0.73715 -0.29743 1.00086
vn 0.04849 -0.33946 1.23126
vn -0.07533 0.02081 1.27573
vn -0.73715 -0.29743 1.00086
vn -0.48480 -0.79028 0.87978
vn 0.04849 -0.33946 1.23126
vn -0.48480 -0.79028 0.87978
vn 0.08800 -0.85030 0.95017
vn 0.04849 -0.33946 1.23126
vn 0.04849 -0.33946 1.23126
vn 0.08800 -0.85030 0.95017
vn 0.75494 -0.33497 0.97542
vn -0.48480 -0.79028 0.87978
vn -1.01598 -0.45345 0.62888
vn -0.30947 -1.07642 0.61573
vn -0.48480 -0.79028 0.87978
vn -0.30947 -1.07642 0.61573
vn 0.08800 -0.85030 0.95017
vn -0.61045 -0.14503 1.11351
vn -1.01598 -0.45345 0.62888
vn -0.60930 -0.14037 1.11459
vn -0.61045 -0.14503 1.11351
vn -0.60930 -0.14037 1.11459
vn 0.00924 -0.13000 1.27146
vn 0.08800 -0.85030 0.95017
vn 0.56837 -0.83874 0.77914
vn 0.75494 -0.33497 0.97542
vn 0.56837 -0.83874 0.77914
vn 1.06905 -0.41411 0.56501
vn 0.75494 -0.33497 0.97542
vn -0.30947 -1.07642 0.61573
vn 0.12894 -1.04821 0.71987
vn 0.08800 -0.85030 0.95017
vn 0.01030 -0.11341 1.27304
vn -0.31244 -0.14323 1.23104
vn 0.00924 -0.13000 1.27146
vn 0.08800 -0.85030 0.95017
vn 0.12894 -1.04821 0.71987
vn 0.56837 -0.83874 0.77914
vn 0.33868 -0.08757 1.22931
vn 0.01030 -0.11341 1.27304
vn 0.00924 -0.13000 1.27146
vn 0.12894 -1.04821 0.71987
vn 0.52566 -0.99972 0.59818
vn 0.56837 -0.83874 0.77914
vn 1.08506 0.28235 -0.61361
vn 1.11402 0.27719 -0.56188
vn 1.11671 0.44522 -0.43280
vn 0.85634 -0.29204 -0.90277
vn 0.84025 -0.28086 -0.91963
vn 0.72522 -0.40492 -0.97143
vn 0.85634 -0.29204 -0.90277
vn 0.95304 -0.15882 -0.83363
vn 0.84025 -0.28086 -0.91963
vn 0.02441 -1.18224 -0.48507
vn 0.24993 -1.24013 -0.18220
vn 0.09426 -1.18609 -0.46679
vn 0.24993 -1.24013 -0.18220
vn 0.23123 -1.18253 -0.42630
vn 0.09426 -1.18609 -0.46679
vn 0.27445 -1.24742 0.04690
vn 0.20134 -1.26156 -0.03883
vn 0.24993 -1.24013 -0.18220
vn 1.04593 -0.58411 0.44546
vn 0.79092 -0.49181 0.66827
vn 0.69850 -0.48039 0.77110
vn 0.20179 -1.19858 0.39531
vn 0.27445 -1.24742 0.04690
vn 0.24993 -1.24013 -0.18220
vn 1.06326 -0.57059 0.42130
vn 1.04593 -0.58411 0.44546
vn 0.69850 -0.48039 0.77110
vn 0.12575 -1.16131 0.51877
vn 0.11770 -1.18263 0.47024
vn 0.20179 -1.19858 0.39531
vn -0.08964 -0.97815 0.81778
vn 0.12575 -1.16131 0.51877
vn 0.20179 -1.19858 0.39531
vn -0.08964 -0.97815 0.81778
vn 0.48463 -0.52818 1.05818
vn 0.69850 -0.48039 0.77110
vn -0.47488 -0.96494 0.69063
vn -0.51181 -0.90255 0.74635
vn -0.08964 -0.97815 0.81778
vn -0.43552 -1.02239 0.63138
vn -0.47488 -0.96494 0.69063
vn -0.08964 -0.97815 0.81778
vn -1.27473 0.05467 0.07518
vn -1.27603 -0.06389 0.03553
vn -1.15580 -0.54430 0.03806
vn -1.23033 0.27053 0.21607
vn -0.98539 0.29709 -0.39647
vn -1.21031 0.24336 0.22437
vn -0.62573 -0.86271 -0.70553
vn -0.62573 -0.86271 -0.70553
vn -0.60198 -0.95360 -0.59556
vn -0.11557 -1.11538 -0.61333
vn -0.36616 -1.09111 -0.55588
vn -0.28933 -1.11226 -0.55586
vn 0.02441 -1.18224 -0.48507
vn 0.09426 -1.18609 -0.46679
vn -0.28933 -1.11226 -0.55586
vn 0.11605 -0.16214 -1.26247
vn 0.14438 -0.17786 -1.23762
vn 0.49171 -0.47118 -0.89840
vn 0.00101 -0.30216 1.24189
vn -0.14469 -0.03888 1.25289
vn -0.55986 -0.07361 1.12993
vn 0.00101 -0.30216 1.24189
vn 0.39001 -0.31176 1.17656
vn -0.14469 -0.03888 1.25289
vn -0.24421 0.26638 1.22597
vn -0.43515 0.10674 1.19701
vn -0.14469 -0.03888 1.25289
vn -0.24421 0.26638 1.22597
vn -0.14469 -0.03888 1.25289
vn 0.18006 0.05896 1.24735
vn 0.39001 -0.31176 1.17656
vn 0.18006 0.05896 1.24735
vn -0.14469 -0.03888 1.25289
vn 0.02233 0.39277 1.21607
vn -0.24421 0.26638 1.22597
vn 0.18006 0.05896 1.24735
vn -0.20866 0.55254 1.13347
vn -0.24421 0.26638 1.22597
vn 0.02233 0.39277 1.21607
vn 0.02187 0.41017 1.21032
vn -0.20866 0.55254 1.13347
vn 0.02233 0.39277 1.21607
vn 0.24291 0.56093 1.12247
vn 0.02187 0.41017 1.21032
vn 0.02233 0.39277 1.21607
vn 0.29357 0.27644 1.21284
vn 0.24291 0.56093 1.12247
vn 0.02233 0.39277 1.21607
vn 0.29357 0.27644 1.21284
vn 0.02233 0.39277 1.21607
vn 0.18006 0.05896 1.24735
vn 0.29357 0.27644 1.21284
vn 0.35256 0.59346 1.07568
vn 0.24291 0.56093 1.12247
vn 0.39001 -0.31176 1.17656
vn 0.74040 -0.30846 0.99511
vn 0.55371 -0.03491 1.13237
vn 0.74040 -0.30846 0.99511
vn 1.00567 -0.27985 0.73268
vn 0.91207 -0.06590 0.86866
vn 1.24376 0.27606 -0.10220
vn 1.22304 0.28535 -0.15678
vn 1.13707 0.58308 0.02579
vn 1.13707 0.58308 0.02579
vn 1.22304 0.28535 -0.15678
vn 1.12183 0.59554 0.04946
vn -0.53366 -0.68393 -0.93864
vn -0.53366 -0.68393 -0.93864
vn -0.54305 -0.47687 -0.98361
vn -1.06369 0.10920 -0.70016
vn -1.06369 0.10920 -0.70016
vn -1.10478 0.12920 -0.59737
vn -0.44214 1.17198 -0.25408
vn -0.63258 1.10334 -0.12679
vn -0.87013 0.42282 0.62637
vn 0.22091 0.83764 0.93976
vn 0.22091 0.83764 0.93976
vn 0.24063 0.61694 0.98901
vn 0.95053 -0.00836 0.85441
vn 0.95053 -0.00836 0.85441
vn 1.00060 -0.09675 0.75317
vn 0.88722 -0.90070 0.18754
vn 0.88722 -0.90070 0.18754
vn 0.97132 -0.70308 -0.00065
vn 0.28789 -1.07734 -0.62453
vn 0.28789 -1.07734 -0.62453
vn 0.22800 -0.81983 -0.78578
vn -1.14969 0.23482 -0.50661
vn -0.95402 -0.08930 -0.84571
vn -1.11296 0.18223 -0.60141
vn -1.14969 0.23482 -0.50661
vn -1.11296 0.18223 -0.60141
vn -1.15586 0.37337 -0.39766
vn -1.11296 0.18223 -0.60141
vn -1.09559 0.34006 -0.56358
vn -1.15586 0.37337 -0.39766
vn -1.09902 0.32785 -0.56415
vn -1.09559 0.34006 -0.56358
vn -1.11296 0.18223 -0.60141
vn -1.14969 0.23482 -0.50661
vn -1.15586 0.37337 -0.39766
vn -1.06894 0.66547 -0.21935
vn 0.69314 -0.75199 -0.76658
vn 0.35561 -0.84615 -0.27628
vn 0.62543 -0.70093 -0.86667
vn 0.92554 0.20915 -0.85628
vn 0.62373 0.25749 -1.08547
vn 0.61707 0.23160 -1.09507
vn 0.88218 0.21322 -0.89993
vn 0.92554 0.20915 -0.85628
vn 0.61707 0.23160 -1.09507
vn 0.88218 0.21322 -0.89993
vn 1.08513 0.37526 -0.56148
vn 0.92554 0.20915 -0.85628
vn 1.08513 0.37526 -0.56148
vn 1.13407 0.45606 -0.37348
vn 0.92554 0.20915 -0.85628
vn 1.18345 -0.47056 0.10777
vn 1.21681 -0.15258 0.36010
vn 0.94974 -0.45839 0.37769
vn 1.08513 0.37526 -0.56148
vn 1.01831 0.75267 -0.17359
vn 1.13407 0.45606 -0.37348
vn 1.01831 0.75267 -0.17359
vn 0.89452 0.90591 -0.11296
vn 1.13407 0.45606 -0.37348
vn 1.21681 -0.15258 0.36010
vn 1.04796 0.27967 0.67613
vn 0.99424 0.26576 0.75467
vn 1.01831 0.75267 -0.17359
vn 0.73668 1.04268 -0.06103
vn 0.89452 0.90591 -0.11296
vn 1.04796 0.27967 0.67613
vn 0.94035 0.31323 0.80696
vn 0.99424 0.26576 0.75467
vn 0.73668 1.04268 -0.06103
vn 0.77143 1.00955 -0.13885
vn 0.89452 0.90591 -0.11296
vn 0.32638 0.82314 0.92169
vn 0.68080 0.79770 0.35379
vn 0.32638 0.82314 0.92169
vn -0.63258 1.10334 -0.12679
vn -0.44214 1.17198 -0.25408
vn -0.22787 1.19307 -0.39779
vn -0.44214 1.17198 -0.25408
vn 0.05057 0.81299 -0.92604
vn -0.22787 1.19307 -0.39779
vn -0.05543 0.58894 -1.13299
vn 0.19160 0.54871 -1.13833
vn 0.05057 0.81299 -0.92604
vn 0.19160 0.54871 -1.13833
vn 0.35920 0.41135 -1.11073
vn 0.05057 0.81299 -0.92604
vn 0.19160 0.54871 -1.13833
vn 0.61707 0.23160 -1.09507
vn 0.35920 0.41135 -1.11073
vn 0.61707 0.23160 -1.09507
vn 0.62373 0.25749 -1.08547
vn 0.35920 0.41135 -1.11073
vn -0.51940 -0.32505 -1.12167
vn -0.58775 -0.48702 -0.95937
vn -0.67209 -0.63018 -0.78900
vn -0.03882 0.61008 -1.12244
vn -0.08431 0.68883 -1.07331
vn -0.04307 0.91308 -0.89284
vn 0.00603 0.69052 -1.07551
vn -0.03882 0.61008 -1.12244
vn -0.04307 0.91308 -0.89284
vn -0.08431 0.68883 -1.07331
vn -0.03882 0.61008 -1.12244
vn -0.16049 0.44584 -1.18704
vn -0.03882 0.61008 -1.12244
vn 0.00603 0.69052 -1.07551
vn 0.08560 0.45045 -1.19304
vn -0.03882 0.61008 -1.12244
vn 0.08560 0.45045 -1.19304
vn -0.19280 0.52058 -1.13602
vn 0.13411 0.48542 -1.17472
vn 0.12460 0.45249 -1.18872
vn 0.31394 0.53995 -1.11361
vn -0.20409 0.60400 -1.10776
vn -0.15827 0.62685 -1.09948
vn -0.09618 0.60682 -1.12076
vn -0.08191 0.59067 -1.13048
vn -0.20409 0.60400 -1.10776
vn -0.09618 0.60682 -1.12076
vn -0.03956 0.59367 -1.13118
vn -0.08191 0.59067 -1.13048
vn -0.09618 0.60682 -1.12076
vn -0.03956 0.59367 -1.13118
vn -0.09618 0.60682 -1.12076
vn -0.04445 0.60956 -1.12252
vn 0.01140 0.58082 -1.13846
vn -0.03956 0.59367 -1.13118
vn -0.04445 0.60956 -1.12252
vn 0.01265 0.56376 -1.14700
vn -0.03956 0.59367 -1.13118
vn 0.01140 0.58082 -1.13846
vn 0.09033 0.58120 -1.13474
vn 0.01265 0.56376 -1.14700
vn 0.01140 0.58082 -1.13846
vn 0.09033 0.58120 -1.13474
vn 0.07269 0.54917 -1.14930
vn 0.11754 0.56803 -1.13562
vn 0.09033 0.58120 -1.13474
vn 0.11754 0.56803 -1.13562
vn 0.21089 0.60166 -1.10775
vn 0.21089 0.60166 -1.10775
vn 0.11754 0.56803 -1.13562
vn 0.08984 0.49481 -1.17502
vn 0.08984 0.49481 -1.17502
vn -0.15091 0.42516 -1.18797
vn -0.23856 0.44318 -1.17485
vn 0.00517 0.19300 -1.26345
vn -0.18180 0.43058 -1.18937
vn -0.30448 0.37496 -1.16919
vn -1.24713 0.22448 0.15688
vn -1.24170 0.26001 0.15543
vn -1.26035 0.19443 0.07446
vn 0.13707 0.40434 1.20449
vn 0.12970 0.36373 1.21812
vn 0.12829 0.50039 1.16908
vn 0.74450 0.46024 0.93096
vn 0.71727 0.54666 0.90569
vn 0.71727 0.54666 0.90569
vn 0.74450 0.46024 0.93096
vn 0.77288 0.41327 0.92987
vn 0.82142 0.42207 0.88358
vn 1.20476 0.33071 0.26916
vn 1.20595 0.32730 0.26859
vn 0.94744 0.42494 0.74441
vn 0.15474 -0.08989 1.26553
vn 0.12120 -0.17778 1.25988
vn 0.44600 -0.03880 1.19714
vn -1.15776 -0.39586 -0.29021
vn -1.13405 -0.50528 -0.30367
vn -1.15998 -0.41594 -0.26198
vn 1.05046 0.03471 0.67973
vn 1.18542 -0.02429 0.35873
vn 1.18665 0.37650 0.28930
vn 1.12857 0.05514 -0.26432
vn 1.20935 -0.24437 -0.33369
vn 1.24845 -0.11510 -0.24840
vn 0.56172 -1.12050 0.17424
vn 0.40201 -1.21165 0.06237
vn 0.58434 -1.12140 0.06767
vn 0.15035 -1.24700 0.14583
vn -0.27802 -1.24607 0.06004
vn 0.05841 -1.27562 0.05439
vn -0.34315 -1.19231 0.23072
vn -0.27802 -1.24607 0.06004
vn 0.15035 -1.24700 0.14583
vn 0.60580 1.11733 0.05745
vn 0.17004 1.26099 0.05904
vn 0.23985 1.24927 0.12402
vn 0.02338 -0.27844 -1.24720
vn 0.00287 -0.32021 -1.23735
vn -0.40127 -0.19419 -1.19786
vn 1.20909 -0.41411 -0.01427
vn 1.25749 -0.22717 0.02645
vn 0.98559 -0.42917 0.69138
vn -0.37922 -0.41754 1.14692
vn 0.06353 -0.42853 1.20246
vn 0.00101 -0.30216 1.24189
vn -0.98147 -0.39545 0.71689
vn -0.99284 -0.20799 0.77756
vn -1.24298 -0.27302 0.11852
vn 0.51273 1.04803 0.51582
vn 0.66363 0.91827 0.59158
vn 1.14877 0.40902 0.38291
vn -0.73512 0.90413 0.52366
vn -1.17580 0.36358 0.33894
vn -1.17352 0.29942 0.40840
vn -0.91392 0.24633 0.56217
vn -0.42436 -0.00865 1.20558
vn -0.54005 -0.02428 1.15816
vn -1.03993 -0.72684 0.03676
vn -1.04679 -0.73048 0.06488
vn -1.15580 -0.54430 0.03806
vn -0.28933 -1.11226 -0.55586
vn -0.36616 -1.09111 -0.55588
vn -0.60198 -0.95360 -0.59556
vn -0.21332 -0.01302 -1.09420
vn -0.85597 0.18574 -0.90307
vn -0.85050 0.18325 -0.90558
vn -0.43515 0.10674 1.19701
vn -0.55986 -0.07361 1.12993
vn -0.14469 -0.03888 1.25289
vn 0.18006 0.05896 1.24735
vn 0.39001 -0.31176 1.17656
vn 0.55371 -0.03491 1.13237
vn 0.55371 -0.03491 1.13237
vn 0.29357 0.27644 1.21284
vn 0.18006 0.05896 1.24735
vn 0.55371 -0.03491 1.13237
vn 0.74040 -0.30846 0.99511
vn 0.91207 -0.06590 0.86866
vn -1.10376 0.12913 -0.59915
vn -1.06136 0.10800 -0.70388
vn -1.10478 0.12920 -0.59737
vn -0.82300 0.75395 0.36191
vn -0.80402 0.97804 0.17485
vn -0.87013 0.42282 0.62637
vn 0.26580 0.24132 1.11340
vn 0.20691 0.90583 0.87763
vn 0.24063 0.61694 0.98901
vn 0.99877 -0.11321 0.75177
vn 0.94481 -0.04396 0.85964
vn 1.00060 -0.09675 0.75317
vn 1.00995 -0.65751 0.02223
vn 0.97113 -0.80223 0.21660
vn 0.97132 -0.70308 -0.00065
vn 0.17048 -0.83319 -0.78955
vn 0.17063 -1.09847 -0.63075
vn 0.22800 -0.81983 -0.78578
vn 0.68080 0.79770 0.35379
vn 0.48142 0.87285 0.48293
vn 0.17678 0.98300 0.79753
vn -0.01346 0.76831 -0.44225
vn -0.76062 1.00336 0.21982
vn -0.66699 1.01463 0.19753
vn -1.01297 0.30798 -0.69688
vn -0.68071 0.03904 -0.98020
vn -1.00996 0.30522 -0.70034
vn -0.41611 -0.53051 -1.07360
vn -0.39981 -0.52070 -1.09664
vn -0.67209 -0.63018 -0.78900
vn -0.16049 0.44584 -1.18704
vn -0.03882 0.61008 -1.12244
vn -0.19280 0.52058 -1.13602
vn 0.07269 0.54917 -1.14930
vn 0.09033 0.58120 -1.13474
vn 0.01140 0.58082 -1.13846
vn 0.11754 0.56803 -1.13562
vn -0.15091 0.42516 -1.18797
vn 0.08984 0.49481 -1.17502
vn -0.15091 0.42516 -1.18797
vn -0.30448 0.37496 -1.16919
vn -0.23856 0.44318 -1.17485
vn -1.01576 -0.74679 0.01775
vn -1.00852 -0.75392 0.02655
vn -1.01692 -0.74566 0.01635
vn -1.25018 0.21891 -0.03065
vn -1.25588 0.22659 -0.07080
vn -1.26395 0.08602 0.02290
vn -0.93765 0.29616 -0.80732
vn -0.92783 0.32418 -0.81709
vn -0.92783 0.32418 -0.81709
vn 1.15062 -0.52395 -0.09361
vn 1.14762 -0.53292 -0.09039
vn 1.14814 -0.53137 -0.09095
vn 0.42894 -0.71846 -0.96511
vn 0.28672 -0.61711 -1.08035
vn 0.45115 -0.62906 -1.01649
vn 0.28672 -0.61711 -1.08035
vn 0.12562 -0.57686 -1.13054
vn 0.45115 -0.62906 -1.01649
vn 0.12562 -0.57686 -1.13054
vn 0.28672 -0.61711 -1.08035
vn -0.05574 -0.58106 -1.13186
vn -0.05176 -0.60144 -1.12145
vn 0.12562 -0.57686 -1.13054
vn -0.05574 -0.58106 -1.13186
vn -0.17170 -0.59651 -1.11031
vn -0.05176 -0.60144 -1.12145
vn -0.05574 -0.58106 -1.13186
vn -0.25983 -0.65330 -1.05857
vn -0.17170 -0.59651 -1.11031
vn -0.05574 -0.58106 -1.13186
vn -0.17170 -0.59651 -1.11031
vn -0.25983 -0.65330 -1.05857
vn -0.35446 -0.69429 -1.00130
vn -0.25983 -0.65330 -1.05857
vn -0.31423 -0.77697 -0.95234
vn -0.35446 -0.69429 -1.00130
vn -1.24352 -0.13311 -0.15563
vn -1.25758 -0.02524 -0.22683
vn -1.25758 -0.02524 -0.22683
vn -0.00831 -1.27510 -0.00662
vn -0.00303 -1.27514 0.00671
vn -0.00788 -1.27510 -0.00554
vn -0.01324 -1.27506 -0.01889
vn -0.01282 -1.27506 -0.01781
vn -0.01385 -1.27506 -0.02044
vn -0.30828 -0.02602 -1.24009
vn -0.39144 -0.07608 -1.21429
vn -0.38570 -0.09140 -1.21510
vn -0.30828 -0.02602 -1.24009
vn -0.36959 0.01351 -1.22340
vn -0.39144 -0.07608 -1.21429
vn -0.36959 0.01351 -1.22340
vn -0.38624 0.02862 -1.21797
vn -0.39144 -0.07608 -1.21429
vn -0.28628 0.19771 -1.22983
vn -0.27990 0.26315 -1.21897
vn -0.36959 0.01351 -1.22340
vn -0.27990 0.26315 -1.21897
vn -0.38624 0.02862 -1.21797
vn -0.36959 0.01351 -1.22340
vn -0.28628 0.19771 -1.22983
vn -0.04534 0.17135 -1.26577
vn 0.00531 0.27262 -1.24174
vn -0.10782 0.12146 -1.25308
vn 0.00531 0.27262 -1.24174
vn -0.04534 0.17135 -1.26577
vn 0.00531 0.27262 -1.24174
vn -0.27990 0.26315 -1.21897
vn -0.28628 0.19771 -1.22983
vn -0.48047 0.05404 -1.18312
vn -0.28628 0.19771 -1.22983
vn -0.62566 -0.13513 -1.10618
vn -0.28628 0.19771 -1.22983
vn -0.63800 -0.13925 -1.09859
vn -0.62566 -0.13513 -1.10618
vn -0.63800 -0.13925 -1.09859
vn -0.70505 -0.27588 -1.02955
vn -0.74731 -0.26852 -1.00146
vn -0.62566 -0.13513 -1.10618
vn -0.63800 -0.13925 -1.09859
vn -0.74731 -0.26852 -1.00146
vn -0.74731 -0.26852 -1.00146
vn -0.85057 -0.27191 -0.91428
vn -0.74694 -0.26721 -1.00186
vn -0.62566 -0.13513 -1.10618
vn -0.74731 -0.26852 -1.00146
vn -0.74694 -0.26721 -1.00186
vn -0.62566 -0.13513 -1.10618
vn -0.74694 -0.26721 -1.00186
vn -0.65040 -0.08266 -1.09705
vn -0.48047 0.05404 -1.18312
vn -0.62566 -0.13513 -1.10618
vn -0.65040 -0.08266 -1.09705
vn -0.48047 0.05404 -1.18312
vn -0.65040 -0.08266 -1.09705
vn -0.33684 0.04815 -1.23199
vn -0.07631 -0.59228 -1.02705
vn -0.08355 -0.78259 -0.87451
vn -0.12179 -0.28822 -1.11034
vn -0.19352 0.02069 -1.24955
vn -0.10782 0.12146 -1.25308
vn -0.04534 0.17135 -1.26577
vn -0.45017 -0.15882 -1.17757
vn -0.19352 0.02069 -1.24955
vn -0.08355 -0.78259 -0.87451
vn -0.31211 -0.02264 -1.21897
vn -0.19352 0.02069 -1.24955
vn -0.45017 -0.15882 -1.17757
vn -0.19352 0.02069 -1.24955
vn -0.31211 -0.02264 -1.21897
vn -0.10782 0.12146 -1.25308
vn 0.32515 -0.42706 -1.14202
vn -0.31211 -0.02264 -1.21897
vn 0.38884 -0.43594 -1.12795
vn 0.38884 -0.43594 -1.12795
vn 0.46910 -0.60532 -1.02329
vn 0.32515 -0.42706 -1.14202
vn -1.26278 0.16479 0.05921
vn -1.24713 0.22448 0.15688
vn -1.26035 0.19443 0.07446
vn -1.26940 0.13130 -0.00229
vn -1.26278 0.16479 0.05921
vn -1.26035 0.19443 0.07446
vn 0.15474 -0.08989 1.26553
vn -0.02802 -0.10620 1.27331
vn -0.18708 -0.06877 1.26029
vn -1.23776 0.30925 -0.00347
vn -1.26278 0.16479 0.05921
vn -1.26940 0.13130 -0.00229
vn -1.23677 0.25334 -0.11149
vn -1.23776 0.30925 -0.00347
vn -1.22947 0.27624 -0.20214
vn -1.22947 0.27624 -0.20214
vn -1.23776 0.30925 -0.00347
vn -1.26940 0.13130 -0.00229
vn 0.00140 0.12839 1.27158
vn -0.01135 0.01422 1.27787
vn 0.01968 0.03400 1.27741
vn 0.01968 0.03400 1.27741
vn -0.01135 0.01422 1.27787
vn -0.02755 -0.09076 1.27452
vn 0.15474 -0.08989 1.26553
vn 0.01968 0.03400 1.27741
vn -0.02755 -0.09076 1.27452
vn 0.12970 0.36373 1.21812
vn 0.13707 0.40434 1.20449
vn 0.01968 0.03400 1.27741
vn 1.27178 -0.01616 -0.10559
vn 1.26910 -0.05395 -0.10753
vn 1.27156 -0.00761 -0.11133
vn 1.27165 0.00656 -0.11666
vn 1.27083 -0.00887 -0.11725
vn 1.27156 -0.00761 -0.11133
vn 1.26885 -0.06929 -0.10167
vn 1.25650 -0.19652 -0.11043
vn 1.25802 -0.18006 -0.11244
vn 1.27180 -0.02848 -0.10500
vn 1.26910 -0.05395 -0.10753
vn 1.25802 -0.18006 -0.11244
vn -1.16660 0.11317 -0.42496
vn -1.23677 0.25334 -0.11149
vn -1.22947 0.27624 -0.20214
vn -0.20156 1.23022 -0.05141
vn -0.60657 1.06767 -0.15215
vn -0.43067 1.19024 0.02611
vn -1.08327 0.13559 -0.60904
vn -1.16660 0.11317 -0.42496
vn -1.22947 0.27624 -0.20214
vn -0.27361 1.22015 0.02345
vn -0.60657 1.06767 -0.15215
vn -0.20156 1.23022 -0.05141
vn -1.20526 0.40093 0.12731
vn -1.19356 0.42391 0.16368
vn -1.20854 0.38862 0.12680
vn -1.19356 0.42391 0.16368
vn -1.19342 0.41713 0.18170
vn -1.22015 0.32616 0.18028
vn -1.19356 0.42391 0.16368
vn -1.17197 0.43370 0.26365
vn -1.19342 0.41713 0.18170
vn -1.17197 0.43370 0.26365
vn -1.18522 0.38676 0.27771
vn -1.18718 0.38043 0.27771
vn -1.17197 0.43370 0.26365
vn -1.13269 0.51289 0.29589
vn -1.17590 0.42775 0.25644
vn 0.63157 0.20812 1.09137
vn 0.15474 -0.08989 1.26553
vn 0.44600 -0.03880 1.19714
vn 0.49802 0.04761 1.17610
vn 0.48990 0.05972 1.17887
vn 0.63157 0.20812 1.09137
vn 0.67000 0.34151 1.03322
vn 0.66662 0.34472 1.03434
vn 0.63157 0.20812 1.09137
vn 0.77288 0.41327 0.92987
vn 0.74450 0.46024 0.93096
vn 0.63157 0.20812 1.09137
vn 0.94744 0.42494 0.74441
vn 0.77288 0.41327 0.92987
vn 0.69722 0.27467 1.03520
vn 0.69722 0.27467 1.03520
vn 0.63157 0.20812 1.09137
vn 0.44600 -0.03880 1.19714
vn 0.77288 0.41327 0.92987
vn 0.63157 0.20812 1.09137
vn 0.69722 0.27467 1.03520
vn 1.12624 -0.23913 -0.55463
vn 1.14174 -0.28346 -0.49717
vn 1.02820 -0.18358 -0.73516
vn 0.88858 -0.19322 -0.89775
vn 0.75131 0.04413 -1.03293
vn 1.02820 -0.18358 -0.73516
vn 1.13250 -0.32459 -0.49314
vn 1.14174 -0.28346 -0.49717
vn 1.14617 -0.31444 -0.46778
vn 1.14174 -0.28346 -0.49717
vn 1.16105 -0.34791 -0.40298
vn 1.14617 -0.31444 -0.46778
vn 1.15620 -0.31125 -0.44465
vn 1.16105 -0.34791 -0.40298
vn 1.17191 -0.35762 -0.36221
vn 1.17191 -0.35762 -0.36221
vn 1.17561 -0.38477 -0.31999
vn 0.98960 -0.65250 0.02971
vn 1.16105 -0.34791 -0.40298
vn 1.17289 -0.39276 -0.32025
vn 1.17191 -0.35762 -0.36221
vn 0.50974 -0.85169 0.65101
vn 0.67138 -0.91821 0.15816
vn 0.49374 -0.87677 0.62522
vn 0.02187 0.43174 1.07310
vn 0.08163 0.34547 1.13266
vn 0.21986 0.08229 1.13569
vn -0.18708 -0.06877 1.26029
vn -0.24388 -0.11490 1.24780
vn 0.12120 -0.17778 1.25988
vn -0.24388 -0.11490 1.24780
vn 0.02187 0.43174 1.07310
vn 0.12120 -0.17778 1.25988
vn -1.10871 -0.30053 0.40153
vn -1.04554 -0.70566 0.16091
vn -1.06372 -0.68164 0.14500
vn -0.59436 0.03877 1.12658
vn -0.24388 -0.11490 1.24780
vn -0.18708 -0.06877 1.26029
vn -1.04554 -0.70566 0.16091
vn -1.16400 -0.45579 -0.00872
vn -1.06372 -0.68164 0.14500
vn -0.58475 0.22421 1.10515
vn -0.66392 0.45704 0.97919
vn -0.75611 0.30076 0.97772
vn -1.21996 -0.24041 -0.11798
vn -1.15776 -0.39586 -0.29021
vn -1.15998 -0.41594 -0.26198
vn -1.16400 -0.45579 -0.00872
vn -1.17717 -0.41476 -0.16637
vn -1.21996 -0.24041 -0.11798
vn -1.06372 -0.68164 0.14500
vn -1.16400 -0.45579 -0.00872
vn -1.21996 -0.24041 -0.11798
vn 0.91541 0.84408 0.16667
vn 1.03914 0.65861 0.17754
vn 0.98213 0.74407 0.17253
vn -0.60657 1.06767 -0.15215
vn -0.98496 0.74143 0.12647
vn -0.43067 1.19024 0.02611
vn -0.98496 0.74143 0.12647
vn -1.00306 0.67601 0.30010
vn -0.91929 0.78466 0.38414
vn -0.59559 0.22130 1.09922
vn -0.69142 0.22448 1.04481
vn -0.58475 0.22421 1.10515
vn -0.53269 -0.41082 -1.08676
vn -0.40773 -0.41898 -1.13657
vn -0.50331 -0.37377 -1.11381
vn -1.21420 -0.28973 -0.27452
vn -1.17488 -0.00739 -0.18512
vn -1.23549 -0.22825 -0.23461
vn -1.17488 -0.00739 -0.18512
vn -1.25978 -0.14681 -0.15807
vn -1.23549 -0.22825 -0.23461
vn -1.18233 -0.00088 -0.43954
vn -1.19565 0.08107 -0.41694
vn -0.92904 0.15549 -0.83843
vn -1.19565 0.08107 -0.41694
vn -0.87113 0.22511 -0.89409
vn -0.92904 0.15549 -0.83843
vn -0.92904 0.15549 -0.83843
vn -0.87113 0.22511 -0.89409
vn -0.55899 0.34148 -1.08875
vn -0.60927 0.29686 -1.06742
vn -0.92904 0.15549 -0.83843
vn -0.55899 0.34148 -1.08875
vn -0.60927 0.29686 -1.06742
vn -0.55899 0.34148 -1.08875
vn -0.07523 0.40940 -1.19844
vn -0.55899 0.34148 -1.08875
vn -0.05194 0.44848 -1.19022
vn -0.07523 0.40940 -1.19844
vn -0.05194 0.44848 -1.19022
vn 0.46112 0.41294 -1.11330
vn -0.07523 0.40940 -1.19844
vn 0.46112 0.41294 -1.11330
vn 0.46433 0.39977 -1.11296
vn -0.07523 0.40940 -1.19844
vn 0.80084 0.33791 -0.92642
vn 0.46433 0.39977 -1.11296
vn 0.46112 0.41294 -1.11330
vn 0.78367 0.34878 -0.94151
vn 0.80084 0.33791 -0.92642
vn 0.46112 0.41294 -1.11330
vn 0.78367 0.34878 -0.94151
vn 1.07671 0.25904 -0.62791
vn 0.80084 0.33791 -0.92642
vn 1.07671 0.25904 -0.62791
vn 1.01876 0.25642 -0.71302
vn 0.80084 0.33791 -0.92642
vn 0.58434 -1.12140 0.06767
vn 0.41226 -1.20650 -0.08930
vn 0.39090 -1.20574 -0.03381
vn 0.72929 -1.00903 0.22633
vn 0.58434 -1.12140 0.06767
vn 0.74286 -0.99649 0.22791
vn -0.31028 -1.21707 0.11398
vn -0.34315 -1.19231 0.23072
vn -0.46580 -1.13104 0.29834
vn -1.00795 0.76945 0.00067
vn -0.80132 0.97286 -0.12367
vn -1.00882 0.76808 0.00090
vn -0.67576 1.05489 -0.18221
vn -0.69593 1.03967 -0.18766
vn -0.80132 0.97286 -0.12367
vn -0.52228 1.13883 -0.18544
vn -0.67576 1.05489 -0.18221
vn -0.80132 0.97286 -0.12367
vn -0.25403 1.22277 -0.19841
vn -0.50566 1.13994 -0.21284
vn -0.52228 1.13883 -0.18544
vn -0.01238 1.25107 -0.19407
vn -0.25403 1.22277 -0.19841
vn -0.52228 1.13883 -0.18544
vn 0.27702 1.21199 -0.22111
vn -0.25403 1.22277 -0.19841
vn -0.01238 1.25107 -0.19407
vn -0.01238 1.25107 -0.19407
vn 0.29293 1.20845 -0.22423
vn 0.27702 1.21199 -0.22111
vn 0.27702 1.21199 -0.22111
vn 0.31092 1.20161 -0.22931
vn 0.20262 1.22504 -0.22927
vn 0.31092 1.20161 -0.22931
vn 0.27702 1.21199 -0.22111
vn 0.52064 1.13047 -0.20248
vn 0.27702 1.21199 -0.22111
vn 0.29293 1.20845 -0.22423
vn 0.52064 1.13047 -0.20248
vn 0.43313 1.15854 -0.24357
vn 0.44233 1.15780 -0.23718
vn 0.52064 1.13047 -0.20248
vn 0.52064 1.13047 -0.20248
vn 0.79405 0.97344 -0.10054
vn 0.79565 0.97262 -0.09903
vn -1.26395 0.08602 0.02290
vn -1.25588 0.22659 -0.07080
vn -1.22992 0.34670 0.02611
vn -1.26395 0.08602 0.02290
vn -1.22992 0.34670 0.02611
vn -1.13389 0.57364 0.09442
vn -1.26395 0.08602 0.02290
vn -1.13389 0.57364 0.09442
vn -1.19565 0.08107 -0.41694
vn -1.18233 -0.00088 -0.43954
vn -1.23277 -0.01453 -0.27983
vn -1.19565 0.08107 -0.41694
vn -0.67297 1.08050 0.06698
vn -0.85597 0.94242 0.11286
vn -0.36919 1.21652 0.13175
vn -1.13389 0.57364 0.09442
vn -0.67297 1.08050 0.06698
vn -0.95131 0.83989 0.10421
vn -0.87812 0.90982 0.15249
vn -1.13389 0.57364 0.09442
vn -0.95131 0.83989 0.10421
vn -0.39506 1.20931 -0.01784
vn -0.41089 1.20321 0.02047
vn -0.67297 1.08050 0.06698
vn -0.33781 1.22696 0.07442
vn -0.39506 1.20931 -0.01784
vn -0.67297 1.08050 0.06698
vn -0.33781 1.22696 0.07442
vn -0.67297 1.08050 0.06698
vn -0.36919 1.21652 0.13175
vn -0.33781 1.22696 0.07442
vn -0.36919 1.21652 0.13175
vn -0.05282 1.26849 0.14739
vn -0.39506 1.20931 -0.01784
vn -0.33781 1.22696 0.07442
vn -0.06923 1.27269 0.00788
vn -0.06923 1.27269 0.00788
vn -0.33781 1.22696 0.07442
vn -0.05282 1.26849 0.14739
vn 0.17004 1.26099 0.05904
vn -0.06923 1.27269 0.00788
vn -0.05282 1.26849 0.14739
vn -0.14398 1.25861 -0.10626
vn -0.06923 1.27269 0.00788
vn -0.13852 1.26039 -0.10374
vn -0.06923 1.27269 0.00788
vn 0.11128 1.26437 -0.06288
vn -0.04100 1.26709 -0.10401
vn 0.11128 1.26437 -0.06288
vn 0.17004 1.26099 0.05904
vn 0.60580 1.11733 0.05745
vn 0.11128 1.26437 -0.06288
vn -0.06923 1.27269 0.00788
vn 0.17004 1.26099 0.05904
vn 0.23026 1.24803 -0.02398
vn 0.23762 1.24809 -0.01924
vn 0.60580 1.11733 0.05745
vn 1.01963 0.75387 0.03038
vn 0.78368 0.99718 0.01107
vn 0.60580 1.11733 0.05745
vn 1.12183 0.59554 0.04946
vn 1.01963 0.75387 0.03038
vn 0.60580 1.11733 0.05745
vn -1.18004 -0.30685 0.38332
vn -1.24611 -0.26761 0.09582
vn -1.13326 -0.40925 0.39875
vn -1.24611 -0.26761 0.09582
vn -1.17681 -0.45501 0.13915
vn -1.13326 -0.40925 0.39875
vn -1.24611 -0.26761 0.09582
vn -1.24689 -0.01404 0.21277
vn -1.17681 -0.45501 0.13915
vn -0.73723 0.42838 -0.95214
vn -0.85784 0.51000 -0.77227
vn -0.89401 0.53448 -0.71832
vn -0.68130 1.06521 0.06335
vn -0.66279 1.07189 0.15117
vn -0.73087 1.02948 0.11822
vn -0.65829 0.62018 0.87914
vn -0.69892 0.63122 0.84087
vn -0.58252 0.59960 0.95051
vn -0.40349 0.01475 -1.21267
vn -0.42824 -0.08632 -1.18945
vn 0.03752 0.21117 -1.24762
vn -0.49543 0.11368 -1.16215
vn 0.03752 0.21117 -1.24762
vn -0.21284 0.07137 -1.24114
vn -0.49543 0.11368 -1.16215
vn -0.33453 0.09392 -1.21959
vn -0.77129 -0.27139 -0.98237
vn -0.49543 0.11368 -1.16215
vn -0.21284 0.07137 -1.24114
vn -0.33453 0.09392 -1.21959
vn 0.00025 -0.04898 -1.26759
vn 0.00287 -0.32021 -1.23735
vn 0.02338 -0.27844 -1.24720
vn -0.33453 0.09392 -1.21959
vn 0.00025 -0.04898 -1.26759
vn 0.02338 -0.27844 -1.24720
vn -0.21284 0.07137 -1.24114
vn 0.00025 -0.04898 -1.26759
vn -0.33453 0.09392 -1.21959
vn -0.21284 0.07137 -1.24114
vn 0.22643 -0.07751 -1.24459
vn -0.29432 0.20730 -1.21288
vn -0.56917 -0.04680 -1.14344
vn -0.74971 -0.31344 -0.98655
vn -0.40127 -0.19419 -1.19786
vn -1.12273 0.56008 -0.24366
vn -1.13144 0.48149 -0.34870
vn -0.45111 0.42542 -1.11763
vn -1.07144 0.64735 0.25796
vn -1.13144 0.48149 -0.34870
vn -1.12273 0.56008 -0.24366
vn -1.02189 0.66262 0.38763
vn -1.07144 0.64735 0.25796
vn -1.12273 0.56008 -0.24366
vn -1.02189 0.66262 0.38763
vn -0.62882 0.72549 0.84371
vn -1.07144 0.64735 0.25796
vn 0.34723 -0.22322 -1.20963
vn 0.42561 -0.14429 -1.19651
vn 0.40424 -0.20231 -1.19551
vn 0.32470 0.18191 -1.21428
vn 0.23864 -0.18661 -1.23178
vn 0.17553 -0.16351 -1.25541
vn -0.49543 0.11368 -1.16215
vn 0.32470 0.18191 -1.21428
vn 0.03752 0.21117 -1.24762
vn 0.32470 0.18191 -1.21428
vn 0.56264 0.40841 -1.06112
vn 0.03752 0.21117 -1.24762
vn -0.25839 0.59183 -1.10298
vn -0.45111 0.42542 -1.11763
vn -0.19007 0.79077 -0.98597
vn -0.12537 1.26845 -0.09432
vn -0.14507 1.26520 -0.10870
vn -0.15148 1.26402 -0.11351
vn -1.09705 0.00550 -0.63897
vn -0.94606 -0.08609 -0.83267
vn -0.70349 -0.01065 -1.04972
vn -0.73109 -0.06232 -1.03529
vn -1.09705 0.00550 -0.63897
vn -0.70349 -0.01065 -1.04972
vn -1.27462 -0.09449 0.00004
vn -1.26553 -0.01447 -0.06879
vn -1.09705 0.00550 -0.63897
vn -1.23859 0.06219 0.25720
vn -1.26553 -0.01447 -0.06879
vn -1.27462 -0.09449 0.00004
vn -1.26553 -0.01447 -0.06879
vn -0.94606 -0.08609 -0.83267
vn -1.09705 0.00550 -0.63897
vn -0.14507 1.26520 -0.10870
vn -0.16450 1.26150 -0.12307
vn -0.15148 1.26402 -0.11351
vn -0.35345 0.63897 1.04853
vn -0.20866 0.55254 1.13347
vn 0.02140 0.14292 1.26962
vn 0.35256 0.59346 1.07568
vn 0.33745 0.78363 0.95165
vn 0.24291 0.56093 1.12247
vn 0.37752 0.86937 0.85747
vn 0.33745 0.78363 0.95165
vn 0.35256 0.59346 1.07568
vn 0.07308 1.27217 -0.09916
vn 0.07308 1.27217 -0.09916
vn 0.07656 1.27303 -0.07824
vn 0.18197 0.60006 -1.11373
vn -0.02055 0.89334 -0.91344
vn 0.11205 0.79642 -0.99335
vn 0.18197 0.60006 -1.11373
vn 0.39084 0.27787 -1.18474
vn 0.33485 0.08523 -1.21683
vn -0.72341 0.33845 -0.99786
vn -0.78998 0.39398 -0.90448
vn -0.29432 0.20730 -1.21288
vn -0.89115 0.08171 -0.89952
vn -1.06107 -0.13162 -0.70028
vn -1.02850 -0.11295 -0.75035
vn -0.58889 0.17452 -1.10984
vn -0.89115 0.08171 -0.89952
vn -1.02850 -0.11295 -0.75035
vn -0.89115 0.08171 -0.89952
vn -0.58889 0.17452 -1.10984
vn -0.29432 0.20730 -1.21288
vn 0.59851 -0.00497 -1.11998
vn 0.08491 -0.06546 -1.26436
vn 0.44489 0.00980 -1.18385
vn 0.59851 -0.00497 -1.11998
vn 0.26024 -0.24123 -1.22787
vn 0.08491 -0.06546 -1.26436
vn 0.08491 -0.06546 -1.26436
vn 0.26024 -0.24123 -1.22787
vn -0.09144 -0.23274 -1.25342
vn 0.26024 -0.24123 -1.22787
vn 0.52405 -0.35217 -1.11128
vn -0.06158 -0.33064 -1.23307
vn 0.59851 -0.00497 -1.11998
vn 1.01751 -0.11402 -0.76502
vn 0.26024 -0.24123 -1.22787
vn 1.01751 -0.11402 -0.76502
vn 1.06064 -0.29265 -0.65037
vn 0.52405 -0.35217 -1.11128
vn 1.07619 -0.02363 -0.66919
vn 1.01751 -0.11402 -0.76502
vn 0.59851 -0.00497 -1.11998
vn 0.26024 -0.24123 -1.22787
vn 1.01751 -0.11402 -0.76502
vn 0.52405 -0.35217 -1.11128
vn 1.01751 -0.11402 -0.76502
vn 1.25749 -0.22717 0.02645
vn 1.06064 -0.29265 -0.65037
vn 1.26650 -0.00931 0.01877
vn 1.25749 -0.22717 0.02645
vn 1.01751 -0.11402 -0.76502
vn 1.07619 -0.02363 -0.66919
vn 1.26650 -0.00931 0.01877
vn 1.01751 -0.11402 -0.76502
vn 1.26650 -0.00931 0.01877
vn 0.91207 -0.06590 0.86866
vn 1.25749 -0.22717 0.02645
vn 1.26650 -0.00931 0.01877
vn 0.45883 0.09362 1.18924
vn 0.91207 -0.06590 0.86866
vn 0.45883 0.09362 1.18924
vn 0.35256 0.59346 1.07568
vn 0.48872 0.12404 1.17446
vn 0.98559 -0.42917 0.69138
vn 1.00567 -0.27985 0.73268
vn 0.74040 -0.30846 0.99511
vn 0.68698 -0.43782 0.98486
vn 0.74040 -0.30846 0.99511
vn 0.39001 -0.31176 1.17656
vn 0.68698 -0.43782 0.98486
vn 0.98559 -0.42917 0.69138
vn 0.74040 -0.30846 0.99511
vn 0.06353 -0.42853 1.20246
vn 0.37756 -0.43181 1.14218
vn 0.39001 -0.31176 1.17656
vn -0.39813 -0.26959 1.18185
vn -0.37922 -0.41754 1.14692
vn 0.00101 -0.30216 1.24189
vn -0.39813 -0.26959 1.18185
vn -0.99284 -0.20799 0.77756
vn -0.37922 -0.41754 1.14692
vn -1.24298 -0.27302 0.11852
vn -1.27462 -0.09449 0.00004
vn -1.09176 -0.33841 -0.57196
vn -0.66023 0.01902 1.09422
vn -0.88051 -0.07578 0.90822
vn -0.55986 -0.07361 1.12993
vn -0.66023 0.01902 1.09422
vn -0.55986 -0.07361 1.12993
vn -0.43515 0.10674 1.19701
vn -0.24513 0.37580 1.19678
vn -0.66023 0.01902 1.09422
vn -0.43515 0.10674 1.19701
vn -1.27462 -0.09449 0.00004
vn -0.94920 -0.23092 -0.82419
vn -1.09176 -0.33841 -0.57196
vn -1.27462 -0.09449 0.00004
vn -1.09705 0.00550 -0.63897
vn -0.94920 -0.23092 -0.82419
vn -0.94920 -0.23092 -0.82419
vn -1.09705 0.00550 -0.63897
vn -0.73109 -0.06232 -1.03529
vn -1.09176 -0.33841 -0.57196
vn -0.94920 -0.23092 -0.82419
vn -0.69642 -0.32523 -1.02118
vn -0.94920 -0.23092 -0.82419
vn -0.67566 -0.26460 -1.05217
vn -0.69642 -0.32523 -1.02118
vn -0.94920 -0.23092 -0.82419
vn -0.73109 -0.06232 -1.03529
vn -0.69028 -0.19059 -1.05866
vn -0.34344 -1.07330 -0.60305
vn -0.32667 -1.09535 -0.57190
vn -0.32667 -1.09535 -0.57190
vn -0.32667 -1.09535 -0.57190
vn -0.42670 -1.16070 -0.32294
vn -0.32667 -1.09535 -0.57190
vn -0.49130 -1.15979 -0.21699
vn -0.42670 -1.16070 -0.32294
vn -0.47913 -1.16621 -0.20968
vn -0.42670 -1.16070 -0.32294
vn -0.52627 -1.16470 0.01013
vn -0.47913 -1.16621 -0.20968
vn -0.47617 -1.18076 0.11248
vn -0.52627 -1.16470 0.01013
vn -0.55013 -1.14777 0.11646
vn -0.52627 -1.16470 0.01013
vn -0.37814 -1.18565 0.29128
vn -0.55013 -1.14777 0.11646
vn -0.26076 -1.19205 0.38027
vn -0.37814 -1.18565 0.29128
vn -0.24809 -1.19777 0.37066
vn -0.37814 -1.18565 0.29128
vn -0.14325 -1.20735 0.39416
vn -0.24809 -1.19777 0.37066
vn -0.10058 -1.20303 0.41976
vn -0.14325 -1.20735 0.39416
vn -0.09687 -1.20673 0.40989
vn 0.33274 -1.21141 0.23530
vn 0.35086 -1.20958 0.21775
vn 0.27617 -1.21452 0.28683
vn 0.45905 -1.19278 0.01185
vn 0.49317 -1.17761 -0.06014
vn 0.41858 -1.19783 0.15353
vn 0.45905 -1.19278 0.01185
vn 0.40892 -1.17267 -0.30201
vn 0.49317 -1.17761 -0.06014
vn 0.40892 -1.17267 -0.30201
vn 0.33445 -1.19256 -0.31549
vn 0.43008 -1.18849 -0.19001
vn 0.40892 -1.17267 -0.30201
vn 0.12935 -1.16545 -0.50852
vn 0.33445 -1.19256 -0.31549
vn 0.12935 -1.16545 -0.50852
vn 0.07610 -1.15446 -0.54316
vn 0.24463 -1.16607 -0.46262
vn 0.12935 -1.16545 -0.50852
vn -0.09913 -1.09730 -0.64784
vn 0.07610 -1.15446 -0.54316
vn -0.09913 -1.09730 -0.64784
vn -0.10410 -1.07533 -0.68294
vn -0.10410 -1.07533 -0.68294
vn -0.99880 -0.75282 0.26312
vn -0.71967 -1.02014 0.27088
vn -0.94482 -0.80632 0.29188
vn -0.99880 -0.75282 0.26312
vn -0.94482 -0.80632 0.29188
vn -0.98223 -0.70634 0.41218
vn -0.26946 -1.11234 0.56866
vn -0.33370 -1.11015 0.53759
vn 0.05883 -1.11834 0.61565
vn -0.33370 -1.11015 0.53759
vn -0.26946 -1.11234 0.56866
vn -0.90975 -0.65561 0.61273
vn -0.60149 -0.36438 1.06686
vn -0.90975 -0.65561 0.61273
vn -0.59631 -0.32946 1.08098
vn -0.60149 -0.36438 1.06686
vn -0.59631 -0.32946 1.08098
vn 0.02140 0.14292 1.26962
vn 0.02065 -0.26496 1.25002
vn -0.32267 -0.26429 1.20783
vn 0.02140 0.14292 1.26962
vn -1.25428 -0.02818 0.23532
vn -1.26124 -0.17707 0.08666
vn -1.24939 -0.06964 0.24559
vn -1.24939 -0.06964 0.24559
vn -1.15218 -0.16016 0.52954
vn -1.17352 0.29942 0.40840
vn -1.24939 -0.06964 0.24559
vn -1.17352 0.29942 0.40840
vn -1.25428 -0.02818 0.23532
vn -1.24939 -0.06964 0.24559
vn -1.23510 -0.23581 0.21933
vn -1.15218 -0.16016 0.52954
vn -1.26124 -0.17707 0.08666
vn -1.23510 -0.23581 0.21933
vn -1.24939 -0.06964 0.24559
vn 0.55676 -0.29283 1.11248
vn 0.02065 -0.26496 1.25002
vn 0.02140 0.14292 1.26962
vn 0.74880 -0.44936 0.93319
vn 0.55676 -0.29283 1.11248
vn 0.02140 0.14292 1.26962
vn 0.26892 -1.09293 0.60549
vn 0.06285 -1.10862 0.63292
vn 0.05883 -1.11834 0.61565
vn 0.44829 -1.05663 0.56195
vn 0.26892 -1.09293 0.60549
vn 0.05883 -1.11834 0.61565
vn 0.77440 -0.15971 1.00416
vn 0.33868 -0.08757 1.22931
vn 0.00924 -0.13000 1.27146
vn 1.03791 -0.71470 0.21340
vn 1.18010 -0.47680 0.11591
vn 1.07871 -0.59005 0.34895
vn 1.03791 -0.71470 0.21340
vn 1.07871 -0.59005 0.34895
vn 1.04507 -0.68903 0.25818
vn 0.54903 -1.13695 0.12110
vn 0.76720 -1.00293 0.11389
vn 0.86431 -0.91517 0.15999
vn 1.25624 -0.02156 0.14217
vn 1.24957 0.14615 0.16882
vn 1.25497 0.08723 0.19691
vn 1.26367 0.05039 -0.05459
vn 1.25594 -0.06991 0.17184
vn 1.25957 -0.21686 0.00658
vn 0.97248 0.72192 0.39565
vn 0.97461 0.71890 0.39877
vn 1.14877 0.40902 0.38291
vn 1.23869 0.24487 0.17278
vn 1.14877 0.40902 0.38291
vn 1.24957 0.14615 0.16882
vn 0.93105 -0.02947 -0.87448
vn 1.11402 0.27719 -0.56188
vn 1.08506 0.28235 -0.61361
vn 0.98720 0.76834 -0.26207
vn 1.03133 0.70478 -0.27062
vn 1.07276 0.63570 -0.28047
vn 1.03133 0.70478 -0.27062
vn 0.98720 0.76834 -0.26207
vn 0.92766 0.82981 -0.28235
vn 0.92766 0.82981 -0.28235
vn 0.98720 0.76834 -0.26207
vn 0.87583 0.85808 -0.35128
vn 0.90532 -0.52679 0.52395
vn -0.04089 -0.96153 0.84106
vn -0.07632 -0.90950 0.89475
vn 0.92987 -0.50795 0.35331
vn 1.00920 -0.52609 -0.15622
vn 0.90532 -0.52679 0.52395
vn 0.90532 -0.52679 0.52395
vn -0.07632 -0.90950 0.89475
vn 0.92987 -0.50795 0.35331
vn 0.69850 -0.48039 0.77110
vn 0.79092 -0.49181 0.66827
vn 0.39375 -0.33247 0.99012
vn 0.50494 -0.20240 0.96127
vn 0.44153 -0.17262 1.01481
vn 0.00277 0.15474 1.26871
vn 0.50494 -0.20240 0.96127
vn 0.69850 -0.48039 0.77110
vn 0.39375 -0.33247 0.99012
vn -0.24513 0.37580 1.19678
vn 0.50494 -0.20240 0.96127
vn 0.00277 0.15474 1.26871
vn 0.02140 1.08429 0.67635
vn 0.06460 1.03801 0.74293
vn -0.39473 0.15292 1.02207
vn 0.91844 -0.65003 -0.18487
vn 0.84499 -0.67689 -0.67927
vn 0.84499 -0.67689 -0.67927
vn 0.91844 -0.65003 -0.18487
vn 0.93862 -0.64680 -0.18429
vn 1.01241 -0.60685 -0.49024
vn 1.00920 -0.52609 -0.15622
vn 0.91844 -0.65003 -0.18487
vn 0.90532 -0.52679 0.52395
vn 0.04918 -0.17290 1.13217
vn -0.28736 0.05679 1.06474
vn -0.06705 -0.16672 1.10596
vn -0.82265 0.14093 0.74721
vn -0.91392 0.24633 0.56217
vn -0.54005 -0.02428 1.15816
vn -0.06705 -0.16672 1.10596
vn 0.30826 -0.36247 1.18624
vn 0.01050 -0.23985 1.12030
vn -0.82265 0.14093 0.74721
vn -1.00713 0.34355 0.37451
vn -0.91392 0.24633 0.56217
vn -0.28736 0.05679 1.06474
vn -0.44747 0.16956 1.02614
vn -0.06267 -0.10279 1.11498
vn 0.06460 1.03801 0.74293
vn -0.44747 0.16956 1.02614
vn -0.28736 0.05679 1.06474
vn -1.00713 0.34355 0.37451
vn -1.07538 0.41477 0.23934
vn -0.91392 0.24633 0.56217
vn -1.00695 0.29111 -0.34337
vn -0.90863 0.31995 -0.67844
vn -0.74636 0.39620 -0.88945
vn 0.03154 1.26960 -0.14395
vn -1.07538 0.41477 0.23934
vn 0.03154 1.26960 -0.14395
vn -0.16758 0.89302 -0.89890
vn -0.45111 0.42542 -1.11763
vn -0.74636 0.39620 -0.88945
vn -0.91825 0.30904 -0.63706
vn -1.00695 0.29111 -0.34337
vn -0.74636 0.39620 -0.88945
vn -0.98539 0.29709 -0.39647
vn -0.91825 0.30904 -0.63706
vn -1.21031 0.24336 0.22437
vn 0.01485 -0.08462 -1.16186
vn -0.21332 -0.01302 -1.09420
vn -0.85050 0.18325 -0.90558
vn 0.01485 -0.08462 -1.16186
vn 0.07440 -0.28841 -1.23514
vn -0.21332 -0.01302 -1.09420
vn 0.14939 -0.34843 -1.08873
vn -0.11452 -0.16976 -1.26161
vn 0.49171 -0.47118 -0.89840
vn 0.14939 -0.34843 -1.08873
vn 0.49171 -0.47118 -0.89840
vn 0.74277 -0.58918 -0.72760
vn 0.76819 -0.55143 -0.70806
vn 0.31866 -0.27485 -1.06203
vn 0.74277 -0.58918 -0.72760
vn 0.76819 -0.55143 -0.70806
vn 0.74277 -0.58918 -0.72760
vn -0.33371 -1.15510 -0.42524
vn 0.71775 -0.59398 -0.73201
vn -0.33371 -1.15510 -0.42524
vn -0.30458 -1.16299 -0.43391
vn -0.39813 -0.26959 1.18185
vn 0.00101 -0.30216 1.24189
vn -0.55986 -0.07361 1.12993
vn -0.24513 0.37580 1.19678
vn -0.43515 0.10674 1.19701
vn -0.24421 0.26638 1.22597
vn -0.24513 0.37580 1.19678
vn -0.24421 0.26638 1.22597
vn -0.20866 0.55254 1.13347
vn 0.48872 0.12404 1.17446
vn 0.35256 0.59346 1.07568
vn 0.29357 0.27644 1.21284
vn 0.48872 0.12404 1.17446
vn 0.29357 0.27644 1.21284
vn 0.55371 -0.03491 1.13237
vn 1.12183 0.59554 0.04946
vn 1.22304 0.28535 -0.15678
vn 1.01963 0.75387 0.03038
vn 1.22304 0.28535 -0.15678
vn 1.18017 0.23203 -0.39793
vn 1.07671 0.25904 -0.62791
vn 1.26037 -0.20602 0.05112
vn 1.20798 -0.26215 0.32503
vn 1.19571 -0.39881 -0.04200
vn 1.14975 -0.44505 -0.26505
vn 1.26037 -0.20602 0.05112
vn 1.19571 -0.39881 -0.04200
vn -0.51996 -0.47829 -0.99226
vn -0.48607 -0.69607 -0.95541
vn -0.54305 -0.47687 -0.98361
vn 0.72239 1.02974 -0.22249
vn 0.76870 0.98259 -0.27243
vn 0.71886 1.02800 -0.24205
vn 0.67250 1.06963 -0.19090
vn 0.72239 1.02974 -0.22249
vn 0.71886 1.02800 -0.24205
vn 1.09429 0.52314 -0.40304
vn 1.08778 0.60145 -0.29763
vn 0.99025 0.36284 -0.72204
vn 1.09429 0.52314 -0.40304
vn 1.05779 0.68720 0.20598
vn 1.08778 0.60145 -0.29763
vn 1.05779 0.68720 0.20598
vn 1.01409 0.70073 0.33792
vn 1.08778 0.60145 -0.29763
vn 0.35256 0.59346 1.07568
vn 1.01409 0.70073 0.33792
vn 1.05779 0.68720 0.20598
vn -1.06894 0.66547 -0.21935
vn -1.06161 0.68210 -0.20325
vn -1.10818 0.59489 -0.22723
vn -1.06161 0.68210 -0.20325
vn -1.06894 0.66547 -0.21935
vn -0.97298 0.80346 -0.13109
vn -0.95068 0.82252 -0.23074
vn -0.97298 0.80346 -0.13109
vn -0.93504 0.84783 -0.03848
vn -0.87701 -0.40963 -0.81205
vn -0.88379 -0.32973 -0.86243
vn -0.69613 -0.46966 -0.96354
vn -1.03285 -0.27289 -0.66941
vn -0.88379 -0.32973 -0.86243
vn -0.87701 -0.40963 -0.81205
vn 0.11780 -0.95856 0.83718
vn -0.35168 -0.80137 0.58251
vn 0.15383 -0.90519 0.88913
vn 0.15383 -0.90519 0.88913
vn -0.35168 -0.80137 0.58251
vn -0.11953 -0.82953 0.38598
vn 0.52759 -0.35659 0.89541
vn 0.60289 -0.33106 0.85461
vn 0.45883 0.09362 1.18924
vn 0.92511 0.32087 0.82100
vn 0.99424 0.26576 0.75467
vn 0.94035 0.31323 0.80696
vn 0.91720 -0.46084 0.47484
vn 0.60289 -0.33106 0.85461
vn 0.52759 -0.35659 0.89541
vn 0.60289 -0.33106 0.85461
vn 0.35256 0.59346 1.07568
vn 0.45883 0.09362 1.18924
vn -0.06706 1.03554 0.74615
vn 0.35256 0.59346 1.07568
vn 0.83102 0.40926 0.86525
vn 0.41285 -0.87879 -0.21129
vn -0.11953 -0.82953 0.38598
vn -0.35168 -0.80137 0.58251
vn 0.35561 -0.84615 -0.27628
vn 0.41285 -0.87879 -0.21129
vn -0.35168 -0.80137 0.58251
vn 0.94428 -0.45194 0.41828
vn 0.91720 -0.46084 0.47484
vn 0.52759 -0.35659 0.89541
vn 0.94428 -0.45194 0.41828
vn 1.18345 -0.47056 0.10777
vn 0.94974 -0.45839 0.37769
vn 0.45940 -0.82890 -0.29930
vn 0.35561 -0.84615 -0.27628
vn 0.69314 -0.75199 -0.76658
vn 0.86355 0.38144 0.85538
vn 0.92511 0.32087 0.82100
vn 0.94035 0.31323 0.80696
vn 0.86355 0.38144 0.85538
vn -0.06706 1.03554 0.74615
vn 0.83102 0.40926 0.86525
vn 0.78146 0.78077 0.18613
vn 0.45889 0.86125 0.53353
vn 0.68080 0.79770 0.35379
vn 0.77641 0.78548 0.19965
vn 0.88524 0.76571 0.07776
vn -0.08282 1.26815 -0.13615
vn -0.04625 0.76265 -1.02460
vn 0.37502 0.64116 -0.76183
vn 0.53552 0.57596 -0.97124
vn -0.01346 0.76831 -0.44225
vn 0.31090 0.65670 -0.71752
vn 0.53552 0.57596 -0.97124
vn -0.68071 0.03904 -0.98020
vn -0.56786 -0.05669 -1.07807
vn -1.00996 0.30522 -0.70034
vn 0.31090 0.65670 -0.71752
vn -0.01346 0.76831 -0.44225
vn -0.66699 1.01463 0.19753
vn -0.67209 -0.63018 -0.78900
vn -0.58775 -0.48702 -0.95937
vn -0.76346 -0.75057 -0.62703
vn -0.58775 -0.48702 -0.95937
vn -0.77276 -0.74839 -0.60289
vn -0.76346 -0.75057 -0.62703
vn 0.61519 0.00341 -1.10293
vn 0.76503 -0.04748 -1.02277
vn 0.58998 0.01196 -1.11642
vn 0.30768 -0.01047 1.22294
vn 0.30523 -0.00932 1.22354
vn 0.11233 0.08122 1.27058
vn -1.20575 -0.00060 -0.37540
vn -1.14416 -0.05904 -0.56656
vn -1.19619 -0.00963 -0.40504
vn 0.71980 -0.05160 -1.05490
vn 0.72044 -0.05146 -1.05447
vn 0.50939 0.02171 -1.15600
vn 0.51420 0.01971 -1.15367
vn 0.71980 -0.05160 -1.05490
vn 0.50939 0.02171 -1.15600
vn 0.48558 -0.02305 1.16436
vn 0.48894 -0.02470 1.16307
vn 0.27032 0.08272 1.24646
vn -1.26417 0.00280 0.00278
vn -1.25709 -0.03848 -0.22764
vn -1.26409 0.00234 0.00026
vn 0.00036 -0.57866 -1.13962
vn -0.08456 -0.63227 -1.09701
vn -0.05021 -0.49349 -1.17794
vn -0.08456 -0.63227 -1.09701
vn -0.12323 -0.65947 -1.07421
vn -0.05021 -0.49349 -1.17794
vn -0.08456 -0.63227 -1.09701
vn -0.17183 -0.66577 -1.06031
vn -0.12323 -0.65947 -1.07421
vn 0.31394 0.53995 -1.11361
vn -0.04697 0.47853 -1.18215
vn 0.13411 0.48542 -1.17472
vn -0.04697 0.47853 -1.18215
vn -0.27153 0.47467 -1.15522
vn 0.13411 0.48542 -1.17472
vn -0.28420 0.53629 -1.12096
vn -0.28137 0.53950 -1.12097
vn -0.20409 0.60400 -1.10776
vn -0.04697 0.47853 -1.18215
vn -0.30445 0.55897 -1.10436
vn -0.27153 0.47467 -1.15522
vn -0.30445 0.55897 -1.10436
vn -0.34478 0.57856 -1.08627
vn -0.27153 0.47467 -1.15522
vn -0.30445 0.55897 -1.10436
vn -0.20409 0.60400 -1.10776
vn -0.34478 0.57856 -1.08627
vn 0.04167 -0.21801 -1.25870
vn -0.03039 -0.07914 -1.27492
vn 0.01111 -0.49234 -1.17943
vn -0.10268 -0.54999 -1.13858
vn -0.03431 -0.57931 -1.13877
vn 0.01111 -0.49234 -1.17943
vn -0.19775 -0.66592 -1.05583
vn -0.06616 -0.67200 -1.07465
vn -0.12061 -0.69804 -1.05024
vn 0.80227 0.53463 -0.68821
vn 0.48558 0.90198 -0.51716
vn 0.63363 0.77088 -0.66368
vn 0.63363 0.77088 -0.66368
vn 0.48558 0.90198 -0.51716
vn 0.38808 0.67367 -0.85817
vn 0.90481 0.69581 -0.39994
vn 0.63363 0.77088 -0.66368
vn 0.90481 0.69581 -0.39994
vn 0.27328 0.86584 -0.71766
vn 0.63363 0.77088 -0.66368
vn 0.38808 0.67367 -0.85817
vn 0.74425 0.90222 -0.27484
vn 0.63363 0.77088 -0.66368
vn 0.74425 0.90222 -0.27483
vn 0.63363 0.77088 -0.66368
vn 0.27328 0.86584 -0.71766
vn 0.40297 0.98649 -0.47783
vn 0.63363 0.77088 -0.66368
vn 0.40297 0.98649 -0.47783
vn 0.51691 1.00530 -0.33751
vn -1.01598 -0.45345 0.62888
vn -0.48480 -0.79028 0.87978
vn -0.73715 -0.29743 1.00086
vn 1.06905 -0.41411 0.56501
vn 1.16980 -0.05246 0.51224
vn 0.75494 -0.33497 0.97542
vn 1.06905 -0.41411 0.56501
vn 0.56837 -0.83874 0.77914
vn 0.52566 -0.99972 0.59818
vn -0.18180 0.43058 -1.18937
vn -0.23856 0.44318 -1.17485
vn -0.30448 0.37496 -1.16919
vn -0.08355 -0.78259 -0.87451
vn -0.04534 0.17135 -1.26577
vn -0.12179 -0.28822 -1.11034
vn -0.08355 -0.78259 -0.87451
vn -0.19352 0.02069 -1.24955
vn -0.04534 0.17135 -1.26577
vn 1.11295 -0.46940 -0.01343
vn 1.18648 -0.37150 -0.29449
vn 0.98960 -0.65250 0.02971
vn 0.67138 -0.91821 0.15816
vn 0.98960 -0.65250 0.02971
vn 0.49374 -0.87677 0.62522
vn -0.80276 0.97670 0.03069
vn -0.80596 0.97421 0.00752
vn -0.73087 1.02948 0.11822
vn -0.42824 -0.08632 -1.18945
vn -0.21284 0.07137 -1.24114
vn 0.03752 0.21117 -1.24762
vn -0.29432 0.20730 -1.21288
vn -0.58889 0.17452 -1.10984
vn -0.21284 0.07137 -1.24114
vn 0.56264 0.40841 -1.06112
vn 0.66072 0.36435 -1.03164
vn 0.03752 0.21117 -1.24762
vn -0.45111 0.42542 -1.11763
vn -0.25839 0.59183 -1.10298
vn -0.59876 0.07813 -1.10994
vn -0.06264 0.86357 -0.94016
vn -0.25839 0.59183 -1.10298
vn -0.19007 0.79077 -0.98597
vn -0.31962 0.77139 0.96767
vn -0.20866 0.55254 1.13347
vn -0.35345 0.63897 1.04853
vn -0.15148 1.26402 -0.11351
vn -0.16450 1.26150 -0.12307
vn -0.17210 1.26145 -0.10939
vn 0.11107 1.26665 -0.12979
vn 0.07656 1.27303 -0.07824
vn 0.10306 1.26843 -0.11479
vn 0.11107 1.26665 -0.12979
vn 0.11123 1.26664 -0.12977
vn 0.07656 1.27303 -0.07824
vn 0.39084 0.27787 -1.18474
vn 0.18197 0.60006 -1.11373
vn 0.11205 0.79642 -0.99335
vn -0.78998 0.39398 -0.90448
vn -0.90816 0.48291 -0.74318
vn -0.29432 0.20730 -1.21288
vn 0.91207 -0.06590 0.86866
vn 0.45883 0.09362 1.18924
vn 0.48872 0.12404 1.17446
vn 0.37756 -0.43181 1.14218
vn 0.61964 -0.42458 1.03410
vn 0.39001 -0.31176 1.17656
vn -0.55986 -0.07361 1.12993
vn -0.88051 -0.07578 0.90822
vn -0.99284 -0.20799 0.77756
vn -0.55986 -0.07361 1.12993
vn -0.99284 -0.20799 0.77756
vn -0.39813 -0.26959 1.18185
vn -0.90975 -0.65561 0.61273
vn -0.94094 -0.48113 0.71863
vn -1.01598 -0.45345 0.62888
vn -1.23510 -0.23581 0.21933
vn -1.01598 -0.45345 0.62888
vn -1.15218 -0.16016 0.52954
vn 0.86776 0.03522 0.93770
vn 0.86666 0.03396 0.93879
vn 0.77440 -0.15971 1.00416
vn 1.21172 -0.32621 0.24260
vn 1.07871 -0.59005 0.34895
vn 1.18010 -0.47680 0.11591
vn 0.76720 -1.00293 0.11389
vn 1.03791 -0.71470 0.21340
vn 0.86431 -0.91517 0.15999
vn 0.86431 -0.91517 0.15999
vn 1.03791 -0.71470 0.21340
vn 1.04507 -0.68903 0.25818
vn 1.06905 -0.41411 0.56501
vn 1.25594 -0.06991 0.17184
vn 1.16980 -0.05246 0.51224
vn 1.25594 -0.06991 0.17184
vn 1.25497 0.08723 0.19691
vn 1.16980 -0.05246 0.51224
vn 1.25594 -0.06991 0.17184
vn 1.26367 0.05039 -0.05459
vn 1.25497 0.08723 0.19691
vn 1.25594 -0.06991 0.17184
vn 1.06905 -0.41411 0.56501
vn 1.21172 -0.32621 0.24260
vn 1.25594 -0.06991 0.17184
vn 1.21172 -0.32621 0.24260
vn 1.25957 -0.21686 0.00658
vn 1.11671 0.44522 -0.43280
vn 1.11402 0.27719 -0.56188
vn 1.03133 0.70478 -0.27062
vn -1.07538 0.41477 0.23934
vn -1.00713 0.34355 0.37451
vn 0.02860 1.27023 -0.13886
vn -0.90863 0.31995 -0.67844
vn -0.03234 0.76291 -1.02494
vn -0.74636 0.39620 -0.88945
vn -0.45111 0.42542 -1.11763
vn -0.33393 -0.20055 -1.20511
vn -0.11861 -0.11150 -1.26755
vn 0.91207 -0.06590 0.86866
vn 0.48872 0.12404 1.17446
vn 0.55371 -0.03491 1.13237
vn 0.88524 0.76571 0.07776
vn 0.77641 0.78548 0.19965
vn 0.68080 0.79770 0.35379
vn 0.88524 0.76571 0.07776
vn -0.08597 1.26740 -0.14108
vn -0.08597 1.26740 -0.14108
vn 0.37502 0.64116 -0.76183
vn 0.02180 0.78669 -0.40341
vn 0.53552 0.57596 -0.97124
vn -0.29098 -0.15090 -1.15326
vn -0.14143 -0.21026 -1.24441
vn -0.53078 0.08075 -1.01485
vn 0.01276 0.06416 -1.27606
vn 0.01760 0.07806 -1.27533
vn 0.00517 0.19300 -1.26345
vn -0.07330 -0.61916 -1.10188
vn -0.06616 -0.67200 -1.07465
vn 0.01111 -0.49234 -1.17943
vn 0.73016 0.28990 0.99414
vn 0.76144 0.27276 0.97167
vn 0.71602 0.29764 1.00429
vn -1.12479 -0.23120 0.42205
vn -1.10871 -0.30053 0.40153
vn -1.06372 -0.68164 0.14500
vn -1.24705 0.07692 0.21526
vn -1.24689 -0.01404 0.21277
vn -1.24611 -0.26761 0.09582
vn -1.24102 -0.00216 0.26618
vn -1.24689 -0.01404 0.21277
vn -1.24705 0.07692 0.21526
vn -1.26737 -0.15121 0.06705
vn -1.24102 -0.00216 0.26618
vn -1.24705 0.07692 0.21526
vn 0.22643 -0.07751 -1.24459
vn 0.34302 0.02872 -1.23089
vn -0.29432 0.20730 -1.21288
vn -0.68679 -0.09623 -1.06117
vn -0.70349 -0.01065 -1.04972
vn -0.94606 -0.08609 -0.83267
vn -0.62784 -0.08233 -1.11023
vn -0.59876 0.07813 -1.10994
vn -0.68679 -0.09623 -1.06117
vn -0.31962 0.77139 0.96767
vn -0.24513 0.37580 1.19678
vn -0.20866 0.55254 1.13347
vn -0.31962 0.77139 0.96767
vn -0.36750 0.85542 0.87566
vn -0.62882 0.72549 0.84371
vn 0.33485 0.08523 -1.21683
vn 0.39084 0.27787 -1.18474
vn 0.51769 -0.06851 -1.15596
vn 1.17002 -0.09298 -0.47815
vn 1.17849 -0.09381 -0.46138
vn 1.21106 -0.09703 -0.39686
vn 0.70193 -0.07062 -1.04886
vn 1.07619 -0.02363 -0.66919
vn 0.59851 -0.00497 -1.11998
vn 0.70193 -0.07062 -1.04886
vn 0.59851 -0.00497 -1.11998
vn 0.44489 0.00980 -1.18385
vn 0.44489 0.00980 -1.18385
vn 0.51769 -0.06851 -1.15596
vn 0.70193 -0.07062 -1.04886
vn -0.71967 -1.02014 0.27088
vn -0.48703 -1.14281 0.30008
vn -0.49664 -1.13865 0.30033
vn -1.02514 -0.65581 0.38932
vn -0.99880 -0.75282 0.26312
vn -0.98223 -0.70634 0.41218
vn -0.86591 -0.70008 0.62743
vn -0.90975 -0.65561 0.61273
vn -1.02514 -0.65581 0.38932
vn -0.86591 -0.70008 0.62743
vn -1.02514 -0.65581 0.38932
vn -0.98223 -0.70634 0.41218
vn -0.90975 -0.65561 0.61273
vn -0.86591 -0.70008 0.62743
vn -0.80773 -0.74221 0.65524
vn -1.14278 -0.55049 0.15406
vn -0.99880 -0.75282 0.26312
vn -1.02514 -0.65581 0.38932
vn -0.90975 -0.65561 0.61273
vn -1.17587 -0.42612 0.26247
vn -1.02514 -0.65581 0.38932
vn -1.01598 -0.45345 0.62888
vn -1.23510 -0.23581 0.21933
vn -1.17587 -0.42612 0.26247
vn -0.90975 -0.65561 0.61273
vn -1.01598 -0.45345 0.62888
vn -1.17587 -0.42612 0.26247
vn -1.02514 -0.65581 0.38932
vn -1.17587 -0.42612 0.26247
vn -1.14278 -0.55049 0.15406
vn -1.17587 -0.42612 0.26247
vn -1.23510 -0.23581 0.21933
vn -1.23486 -0.32877 0.02220
vn -1.23510 -0.23581 0.21933
vn -1.26124 -0.17707 0.08666
vn -1.23486 -0.32877 0.02220
vn -1.17587 -0.42612 0.26247
vn -1.23486 -0.32877 0.02220
vn -1.14278 -0.55049 0.15406
vn 1.06905 -0.41411 0.56501
vn 0.97349 -0.57356 0.59743
vn 1.21172 -0.32621 0.24260
vn 0.97349 -0.57356 0.59743
vn 1.06905 -0.41411 0.56501
vn 0.77440 -0.15971 1.00416
vn 0.97349 -0.57356 0.59743
vn 0.55676 -0.29283 1.11248
vn 0.74880 -0.44936 0.93319
vn 0.97349 -0.57356 0.59743
vn 0.62144 -0.99732 0.50267
vn 0.44829 -1.05663 0.56195
vn 1.21172 -0.32621 0.24260
vn 0.97349 -0.57356 0.59743
vn 1.07871 -0.59005 0.34895
vn 0.97349 -0.57356 0.59743
vn 0.95140 -0.65049 0.55248
vn 1.07871 -0.59005 0.34895
vn 1.07871 -0.59005 0.34895
vn 0.95140 -0.65049 0.55248
vn 0.96835 -0.61366 0.56506
vn 0.87341 -0.70204 0.61466
vn 0.97349 -0.57356 0.59743
vn 0.74880 -0.44936 0.93319
vn 1.05369 0.43342 -0.57895
vn 1.08506 0.28235 -0.61361
vn 1.11671 0.44522 -0.43280
vn 1.05369 0.43342 -0.57895
vn 1.05834 0.42613 -0.57612
vn 1.08506 0.28235 -0.61361
vn 1.24709 -0.04069 -0.20780
vn 1.26037 -0.20602 0.05112
vn 1.14975 -0.44505 -0.26505
vn 1.24709 -0.04069 -0.20780
vn 1.22522 0.32644 -0.08063
vn 1.26037 -0.20602 0.05112
vn 0.52169 0.51144 -1.03660
vn 0.67337 0.45478 -0.98657
vn 0.46371 0.53310 -1.05572
vn 0.88662 0.61628 0.66642
vn 0.92283 0.59528 0.63349
vn 0.97916 0.56263 0.58227
vn 0.09001 0.89783 -0.90520
vn 0.09001 0.89783 -0.90520
vn 0.53552 0.57596 -0.97124
vn 0.26922 -1.15088 -0.46893
vn -0.76346 -0.75057 -0.62703
vn -0.77276 -0.74839 -0.60289
vn 0.14020 -0.15423 -1.24870
vn 0.10411 -0.05866 -1.27252
vn -0.14143 -0.21026 -1.24441
vn 0.14020 -0.15423 -1.24870
vn -0.14143 -0.21026 -1.24441
vn -0.29098 -0.15090 -1.15326
vn 0.27502 -1.14575 -0.47774
vn -0.77276 -0.74839 -0.60289
vn 0.32559 -1.15924 -0.42864
vn 0.76503 -0.04748 -1.02277
vn 0.76497 -0.04749 -1.02281
vn 0.58986 0.01194 -1.11648
vn 0.11257 0.08119 1.27056
vn 0.30813 -0.01054 1.22283
vn 0.11233 0.08122 1.27058
vn -1.14416 -0.05904 -0.56656
vn -1.14442 -0.05907 -0.56604
vn -1.19655 -0.00976 -0.40397
vn 0.26997 0.08276 1.24654
vn 0.48492 -0.02296 1.16463
vn 0.27032 0.08272 1.24646
vn -1.25709 -0.03848 -0.22764
vn -1.25703 -0.03847 -0.22802
vn -1.26409 0.00243 -0.00051
vn 0.03494 -0.02659 -1.27697
vn -0.00359 -0.08122 -1.27514
vn 0.05958 -0.18189 -1.26371
vn -0.00359 -0.08122 -1.27514
vn -0.09483 -0.22056 -1.25537
vn -0.05021 -0.49349 -1.17794
vn -0.00359 -0.08122 -1.27514
vn 0.03494 -0.02659 -1.27697
vn -0.03758 0.18826 -1.26355
vn -0.04646 0.08524 -1.27433
vn -0.05590 0.05902 -1.27517
vn -0.03758 0.18826 -1.26355
vn 0.12460 0.45249 -1.18872
vn -0.03758 0.18826 -1.26355
vn -0.08007 0.33844 -1.22849
vn -0.03039 -0.07914 -1.27492
vn -0.09945 -0.15357 -1.26458
vn -0.11431 -0.18515 -1.25946
vn -0.04465 0.10999 -1.27224
vn -0.03039 -0.07914 -1.27492
vn 0.00517 0.19300 -1.26345
vn 0.07440 -0.28841 -1.23514
vn -0.08348 -0.20859 -1.17464
vn -0.36027 -0.13287 -1.06061
vn 0.07440 -0.28841 -1.23514
vn -0.33393 -0.20055 -1.20511
vn -0.14241 -0.32097 -1.15081
vn -0.14143 -0.21026 -1.24441
vn -0.55657 -0.06224 -1.08197
vn -0.68071 0.03904 -0.98020
vn 0.14652 -0.08691 -1.26671
vn 0.29144 -0.47013 -1.15223
vn 0.08877 0.07263 -1.27296
vn 0.35456 0.22216 -1.20769
vn 0.47977 0.09542 -1.18081
vn 0.14652 -0.08691 -1.26671
vn 0.50156 0.33432 -1.12706
vn 0.47977 0.09542 -1.18081
vn 0.35456 0.22216 -1.20769
vn 0.47977 0.09542 -1.18081
vn 0.50156 0.33432 -1.12706
vn 0.76158 0.34028 -0.96839
vn 0.88608 0.02260 -0.92084
vn 0.47977 0.09542 -1.18081
vn 0.76158 0.34028 -0.96839
vn 0.88608 0.02260 -0.92084
vn 0.76158 0.34028 -0.96839
vn 1.09830 0.22342 -0.61434
vn 1.13916 -0.20126 -0.54350
vn 0.88608 0.02260 -0.92084
vn 1.09830 0.22342 -0.61434
vn 0.47977 0.09542 -1.18081
vn 0.26531 -0.59884 -1.09754
vn 0.14652 -0.08691 -1.26671
vn 0.26531 -0.59884 -1.09754
vn 0.29144 -0.47013 -1.15223
vn 0.14652 -0.08691 -1.26671
vn 0.26531 -0.59884 -1.09754
vn 0.39376 -0.92827 -0.78540
vn 0.29144 -0.47013 -1.15223
vn 0.26531 -0.59884 -1.09754
vn 0.26203 -1.17314 -0.43436
vn 0.39376 -0.92827 -0.78540
vn 0.26203 -1.17314 -0.43436
vn 0.25110 -1.23801 -0.19461
vn 0.39376 -0.92827 -0.78540
vn 0.04540 -1.07976 -0.68239
vn 0.45311 -1.06702 -0.53827
vn 0.04814 -1.12941 -0.59641
vn -0.16391 -1.07474 -0.67205
vn 0.04540 -1.07976 -0.68239
vn 0.04814 -1.12941 -0.59641
vn 0.54686 -1.05837 -0.46301
vn 0.45311 -1.06702 -0.53827
vn 0.54686 -1.05838 -0.46301
vn 0.54686 -1.05837 -0.46301
vn 0.04814 -1.12941 -0.59641
vn 0.45311 -1.06702 -0.53827
vn -0.72609 -0.13182 -1.04355
vn -0.44965 -0.30904 -1.15581
vn -0.41098 -0.73684 -0.96008
vn -0.63394 -0.05732 -1.10834
vn -0.79937 -0.20306 -0.97640
vn -0.56783 0.05544 -1.14371
vn -0.23175 0.24528 -1.23277
vn -0.63394 -0.05732 -1.10834
vn -0.56783 0.05544 -1.14371
vn -0.24239 0.30704 -1.21678
vn -0.23175 0.24528 -1.23277
vn -0.56783 0.05544 -1.14371
vn -0.23175 0.24528 -1.23277
vn -0.24239 0.30704 -1.21678
vn 0.28785 0.30818 -1.20655
vn 0.32535 0.31662 -1.19477
vn -0.23175 0.24528 -1.23277
vn 0.28785 0.30818 -1.20655
vn 0.28785 0.30818 -1.20655
vn 0.70571 -0.12221 -1.05860
vn 0.58336 0.29725 -1.09769
vn 0.32535 0.31662 -1.19477
vn 0.28785 0.30818 -1.20655
vn 0.58336 0.29725 -1.09769
vn 0.44453 -0.50494 -1.08675
vn 0.80199 -0.14791 -0.98414
vn 0.53032 -0.60166 -0.99516
vn 0.44453 -0.50494 -1.08675
vn 0.53032 -0.60166 -0.99516
vn 0.19425 -0.84224 -0.94153
vn 0.16684 -0.87757 -0.91412
vn 0.44453 -0.50494 -1.08675
vn 0.19425 -0.84224 -0.94153
vn 0.16684 -0.87757 -0.91412
vn 0.19425 -0.84224 -0.94153
vn -0.27537 -0.84997 -0.91396
vn -0.25622 -0.85526 -0.91459
vn 0.16684 -0.87757 -0.91412
vn -0.27537 -0.84997 -0.91396
vn -0.25622 -0.85526 -0.91459
vn -0.27537 -0.84997 -0.91396
vn -0.76917 -0.52468 -0.87560
vn -0.27537 -0.84997 -0.91396
vn -0.92521 -0.26136 -0.84218
vn -0.76917 -0.52468 -0.87560
vn -0.92521 -0.26136 -0.84218
vn -1.00972 0.07316 -0.78019
vn -0.76917 -0.52468 -0.87560
vn -0.72221 0.08684 -1.05093
vn -0.77948 0.09084 -1.00884
vn -0.45503 0.10595 -1.18967
vn -0.47596 0.09495 -1.18238
vn -0.72221 0.08684 -1.05093
vn -0.45503 0.10595 -1.18967
vn -0.77948 0.09084 -1.00884
vn -0.72221 0.08684 -1.05093
vn -1.11094 0.08027 -0.62687
vn -0.92521 -0.26136 -0.84218
vn -1.11094 0.08027 -0.62687
vn -1.00972 0.07316 -0.78019
vn -1.00972 0.07316 -0.78019
vn -1.11094 0.08027 -0.62687
vn -1.09866 0.05513 -0.65076
vn -1.11094 0.08027 -0.62687
vn -1.15966 -0.00191 -0.53738
vn -1.09866 0.05513 -0.65076
vn -1.04137 -0.19273 -0.71553
vn -1.23410 -0.18973 -0.27310
vn -1.11094 0.08027 -0.62687
vn -1.23410 -0.18973 -0.27310
vn -1.15966 -0.00191 -0.53738
vn -1.11094 0.08027 -0.62687
vn -1.04137 -0.19273 -0.71553
vn -1.06045 -0.45529 -0.54932
vn -1.23410 -0.18973 -0.27310
vn -1.23410 -0.18973 -0.27310
vn -1.06045 -0.45529 -0.54932
vn -1.10479 -0.63958 -0.05873
vn -1.06045 -0.45529 -0.54932
vn -1.04137 -0.19273 -0.71553
vn -0.63507 -0.29355 -1.06963
vn -1.04137 -0.19273 -0.71553
vn -0.47596 0.09495 -1.18238
vn -0.63507 -0.29355 -1.06963
vn -1.06045 -0.45529 -0.54932
vn -0.90798 -0.88468 -0.16276
vn -1.10479 -0.63958 -0.05873
vn -0.75078 -0.75195 -0.71027
vn -1.06045 -0.45529 -0.54932
vn -0.63507 -0.29355 -1.06963
vn -0.75078 -0.75195 -0.71027
vn -0.90798 -0.88468 -0.16276
vn -1.06045 -0.45529 -0.54932
vn -0.75078 -0.75195 -0.71027
vn -0.63507 -0.29355 -1.06963
vn -0.46545 -0.35308 -1.13678
vn -0.90798 -0.88468 -0.16276
vn -0.75078 -0.75195 -0.71027
vn -0.64601 -1.06126 -0.29996
vn -0.75078 -0.75195 -0.71027
vn -0.39935 -0.91864 -0.79385
vn -0.64601 -1.06126 -0.29996
vn -0.90798 -0.88468 -0.16276
vn -0.64601 -1.06126 -0.29996
vn -0.62162 -1.10312 0.17407
vn -0.39935 -0.91864 -0.79385
vn -0.36165 -1.00955 -0.69542
vn -0.64601 -1.06126 -0.29996
vn -0.63507 -0.29355 -1.06963
vn -0.47596 0.09495 -1.18238
vn -0.43860 -0.12729 -1.19374
vn -0.63507 -0.29355 -1.06963
vn -0.43860 -0.12729 -1.19374
vn -0.46545 -0.35308 -1.13678
vn -0.39935 -0.91864 -0.79385
vn -0.15377 -0.81656 -0.97117
vn -0.36165 -1.00955 -0.69542
vn -0.15377 -0.81656 -0.97117
vn -0.12869 -1.05831 -0.70498
vn -0.36165 -1.00955 -0.69542
vn -0.46545 -0.35308 -1.13678
vn -0.43860 -0.12729 -1.19374
vn -0.41921 -0.45484 -1.11847
vn -0.41921 -0.45484 -1.11847
vn -0.21530 -0.66402 -1.07066
vn -0.46545 -0.35308 -1.13678
vn -0.21530 -0.66402 -1.07066
vn -0.15377 -0.81656 -0.97117
vn -0.39935 -0.91864 -0.79385
vn -0.34693 -0.05369 -1.22896
vn -0.41921 -0.45484 -1.11847
vn -0.43860 -0.12729 -1.19374
vn -0.25728 0.01033 -1.25191
vn -0.34693 -0.05369 -1.22896
vn -0.43860 -0.12729 -1.19374
vn -0.25728 0.01033 -1.25191
vn -0.24254 0.02861 -1.25457
vn -0.34693 -0.05369 -1.22896
vn -0.41921 -0.45484 -1.11847
vn -0.34693 -0.05369 -1.22896
vn -0.28094 -0.22113 -1.22709
vn -0.24254 0.02861 -1.25457
vn -0.28094 -0.22113 -1.22709
vn -0.34693 -0.05369 -1.22896
vn -0.21530 -0.66402 -1.07066
vn -0.41921 -0.45484 -1.11847
vn -0.28094 -0.22113 -1.22709
vn -0.21530 -0.66402 -1.07066
vn -0.28094 -0.22113 -1.22709
vn -0.00120 -0.89843 -0.90907
vn -0.01819 -0.69560 -1.07210
vn -0.21530 -0.66402 -1.07066
vn -0.00120 -0.89843 -0.90907
vn -0.21530 -0.66402 -1.07066
vn -0.01819 -0.69560 -1.07210
vn -0.15377 -0.81656 -0.97117
vn -0.01819 -0.69560 -1.07210
vn 0.02203 -0.82065 -0.97961
vn -0.15377 -0.81656 -0.97117
vn 0.02203 -0.82065 -0.97961
vn -0.01819 -0.69560 -1.07210
vn 0.27536 -0.63757 -1.07298
vn -0.15377 -0.81656 -0.97117
vn 0.02203 -0.82065 -0.97961
vn -0.12869 -1.05831 -0.70498
vn 0.27536 -0.63757 -1.07298
vn -0.01819 -0.69560 -1.07210
vn -0.00120 -0.89843 -0.90907
vn 0.41377 -0.86876 -0.84121
vn 0.27536 -0.63757 -1.07298
vn -0.00120 -0.89843 -0.90907
vn 0.02203 -0.82065 -0.97961
vn 0.08268 -1.05995 -0.70941
vn -0.12869 -1.05831 -0.70498
vn 0.08268 -1.05995 -0.70941
vn 0.02203 -0.82065 -0.97961
vn 0.21790 -0.88745 -0.89361
vn 0.21790 -0.88745 -0.89361
vn 0.02203 -0.82065 -0.97961
vn 0.27536 -0.63757 -1.07298
vn 0.21790 -0.88745 -0.89361
vn 0.27536 -0.63757 -1.07298
vn 0.48108 -0.61509 -1.01183
vn 0.21995 -1.04537 -0.70172
vn 0.08268 -1.05995 -0.70941
vn 0.21790 -0.88745 -0.89361
vn 0.21790 -0.88745 -0.89361
vn 0.48108 -0.61509 -1.01183
vn 0.42614 -0.97040 -0.71436
vn 0.21995 -1.04537 -0.70172
vn 0.21790 -0.88745 -0.89361
vn 0.42614 -0.97040 -0.71436
vn 0.42614 -0.97040 -0.71436
vn 0.48108 -0.61509 -1.01183
vn 0.67146 -1.06317 -0.22892
vn 0.48108 -0.61509 -1.01183
vn 0.78824 -0.68895 -0.73322
vn 0.67146 -1.06317 -0.22892
vn 0.27536 -0.63757 -1.07298
vn 0.46398 -0.30102 -1.15226
vn 0.48108 -0.61509 -1.01183
vn 0.41921 -0.12027 -1.20141
vn 0.46398 -0.30102 -1.15226
vn 0.27536 -0.63757 -1.07298
vn 0.41377 -0.86876 -0.84121
vn 0.41921 -0.12027 -1.20141
vn 0.27536 -0.63757 -1.07298
vn 0.39948 -0.09624 -1.21026
vn 0.48108 -0.61509 -1.01183
vn 0.46398 -0.30102 -1.15226
vn 0.43535 -0.01990 -1.20152
vn 0.39948 -0.09624 -1.21026
vn 0.46398 -0.30102 -1.15226
vn 0.43535 -0.01990 -1.20152
vn 0.46398 -0.30102 -1.15226
vn 0.41921 -0.12027 -1.20141
vn 0.43535 -0.01990 -1.20152
vn 0.41921 -0.12027 -1.20141
vn 0.30349 0.03794 -1.24098
vn 0.19132 0.16200 -1.25329
vn 0.30349 0.03794 -1.24098
vn 0.41921 -0.12027 -1.20141
vn 0.13747 0.39505 -1.20773
vn 0.19132 0.16200 -1.25329
vn 0.41921 -0.12027 -1.20141
vn 0.13747 0.39505 -1.20773
vn 0.01472 0.28262 -1.24639
vn 0.19132 0.16200 -1.25329
vn 0.39948 -0.09624 -1.21026
vn 0.63266 -0.27408 -1.07620
vn 0.48108 -0.61509 -1.01183
vn 0.63266 -0.27408 -1.07620
vn 0.78824 -0.68895 -0.73322
vn 0.48108 -0.61509 -1.01183
vn 0.85406 -0.42061 -0.85279
vn 0.78824 -0.68895 -0.73322
vn 0.63266 -0.27408 -1.07620
vn 0.63266 -0.27408 -1.07620
vn 0.39948 -0.09624 -1.21026
vn 0.41891 0.13335 -1.20013
vn 0.41891 0.13335 -1.20013
vn 0.71239 -0.02224 -1.06094
vn 0.63266 -0.27408 -1.07620
vn 0.71239 -0.02224 -1.06094
vn 0.85406 -0.42061 -0.85279
vn 0.63266 -0.27408 -1.07620
vn 0.71239 -0.02224 -1.06094
vn 0.41891 0.13335 -1.20013
vn 0.51255 -0.22510 -1.14900
vn 0.41891 0.13335 -1.20013
vn 0.39948 -0.09624 -1.21026
vn 0.32895 0.29631 -1.19899
vn 0.39948 -0.09624 -1.21026
vn 0.43535 -0.01990 -1.20152
vn 0.32895 0.29631 -1.19899
vn 0.41891 0.13335 -1.20013
vn 0.32895 0.29631 -1.19899
vn 0.21068 0.38289 -1.20108
vn 0.51255 -0.22510 -1.14900
vn 0.41891 0.13335 -1.20013
vn 0.21068 0.38289 -1.20108
vn 0.32895 0.29631 -1.19899
vn 0.43535 -0.01990 -1.20152
vn 0.40165 0.06100 -1.21183
vn 0.43535 -0.01990 -1.20152
vn 0.30349 0.03794 -1.24098
vn 0.40165 0.06100 -1.21183
vn 0.40165 0.06100 -1.21183
vn 0.51753 0.40321 -1.09689
vn 0.32895 0.29631 -1.19899
vn 0.51753 0.40321 -1.09689
vn 0.28601 0.52014 -1.13192
vn 0.32895 0.29631 -1.19899
vn 0.21068 0.38289 -1.20108
vn 0.32895 0.29631 -1.19899
vn 0.28601 0.52014 -1.13192
vn 1.23231 -0.25739 -0.22079
vn 1.18396 0.05297 -0.47855
vn 1.24797 -0.07681 -0.26508
vn 1.23231 -0.25739 -0.22079
vn 1.24797 -0.07681 -0.26508
vn 1.15557 -0.54019 -0.08020
vn 0.98272 -0.79877 -0.17269
vn 1.23231 -0.25739 -0.22079
vn 1.15557 -0.54019 -0.08020
vn 0.98272 -0.79877 -0.17269
vn 0.78824 -0.68895 -0.73322
vn 0.85406 -0.42061 -0.85279
vn 0.67146 -1.06317 -0.22892
vn 0.78824 -0.68895 -0.73322
vn 0.98272 -0.79877 -0.17269
vn 1.15557 -0.54019 -0.08020
vn 0.81287 -0.95931 0.22924
vn 0.98272 -0.79877 -0.17269
vn 0.67146 -1.06317 -0.22892
vn 0.98272 -0.79877 -0.17269
vn 0.71411 -1.04809 0.15851
vn 0.98272 -0.79877 -0.17269
vn 0.81287 -0.95931 0.22924
vn 0.71411 -1.04809 0.15851
vn 0.81287 -0.95931 0.22924
vn 0.02808 -1.24189 0.30060
vn 0.71411 -1.04809 0.15851
vn 1.18396 0.05297 -0.47855
vn 1.10305 0.21163 -0.60998
vn 1.24797 -0.07681 -0.26508
vn 1.10305 0.21163 -0.60998
vn 1.19068 -0.02381 -0.46401
vn 1.24797 -0.07681 -0.26508
vn 1.18396 0.05297 -0.47855
vn 0.86186 -0.00733 -0.94378
vn 1.10305 0.21163 -0.60998
vn 0.86186 -0.00733 -0.94378
vn 0.56783 0.02080 -1.14487
vn 0.51255 -0.22510 -1.14900
vn 1.19068 -0.02381 -0.46401
vn 1.10305 0.21163 -0.60998
vn 1.10841 0.15006 -0.61846
vn 1.10305 0.21163 -0.60998
vn 0.98977 0.20309 -0.78275
vn 1.10841 0.15006 -0.61846
vn 1.10305 0.21163 -0.60998
vn 0.86186 -0.00733 -0.94378
vn 0.98977 0.20309 -0.78275
vn 0.98977 0.20309 -0.78275
vn 0.86186 -0.00733 -0.94378
vn 0.80132 -0.34844 -0.93277
vn 0.86186 -0.00733 -0.94378
vn 0.51255 -0.22510 -1.14900
vn 0.80132 -0.34844 -0.93277
vn 0.51255 -0.22510 -1.14900
vn 0.42047 -0.68359 -0.99474
vn 0.80132 -0.34844 -0.93277
vn 0.67146 -1.06317 -0.22892
vn 0.71411 -1.04809 0.15851
vn 0.02808 -1.24189 0.30060
vn 0.43276 -1.17919 0.23624
vn 0.67146 -1.06317 -0.22892
vn 0.02808 -1.24189 0.30060
vn 0.25172 -1.23973 0.18246
vn 0.25172 -1.23973 0.18246
vn 0.02808 -1.24189 0.30060
vn 0.14580 -1.25854 0.16852
vn 0.14580 -1.25854 0.16852
vn 0.02808 -1.24189 0.30060
vn -0.03534 -1.26634 0.16947
vn -0.03534 -1.26634 0.16947
vn 0.02808 -1.24189 0.30060
vn -0.16047 -1.25414 0.18701
vn -0.16047 -1.25414 0.18701
vn 0.02808 -1.24189 0.30060
vn -0.29793 -1.22081 0.23333
vn -0.29793 -1.22081 0.23333
vn 0.02808 -1.24189 0.30060
vn -0.62162 -1.10312 0.17407
vn -0.64601 -1.06126 -0.29996
vn 0.02808 -1.24189 0.30060
vn -0.08795 -0.86955 -0.93260
vn 0.42047 -0.68359 -0.99474
vn 0.51255 -0.22510 -1.14900
vn -0.08644 -0.96464 -0.83402
vn -0.08795 -0.86955 -0.93260
vn -0.08644 -0.96464 -0.83402
vn -0.41098 -0.73684 -0.96008
vn -0.44965 -0.30904 -1.15581
vn -0.08795 -0.86955 -0.93260
vn -0.08644 -0.96464 -0.83402
vn -0.41098 -0.73684 -0.96008
vn -0.08795 -0.86955 -0.93260
vn -0.12707 -0.69544 -1.06480
vn -0.24393 -0.68675 -1.04998
vn -0.11244 -0.71554 -1.05307
vn -0.12707 -0.69544 -1.06480
vn -0.04608 -0.16473 -1.26662
vn -0.24393 -0.68675 -1.04998
vn -0.04608 -0.16473 -1.26662
vn -0.08305 -0.16316 -1.26494
vn -0.24393 -0.68675 -1.04998
vn -0.04608 -0.16473 -1.26662
vn -0.39205 0.12165 -1.21041
vn -0.08305 -0.16316 -1.26494
vn -0.04608 -0.16473 -1.26662
vn -0.34384 0.14130 -1.22286
vn -0.39205 0.12165 -1.21041
vn -0.65262 0.41745 -1.01656
vn -0.70584 0.40232 -0.98667
vn -0.90731 0.23834 -0.86808
vn -0.90731 0.23834 -0.86808
vn -0.49384 -0.25173 -1.15167
vn -0.65262 0.41745 -1.01656
vn -0.01085 0.11447 -1.27294
vn -0.65262 0.41745 -1.01656
vn -0.49384 -0.25173 -1.15167
vn -0.00226 -0.07557 -1.27588
vn -0.01085 0.11447 -1.27294
vn -0.49384 -0.25173 -1.15167
vn -0.00226 -0.07557 -1.27588
vn -0.49384 -0.25173 -1.15167
vn 0.03894 -0.14554 -1.26921
vn -0.00226 -0.07557 -1.27588
vn 0.56283 -0.14834 -1.13789
vn -0.01085 0.11447 -1.27294
vn 0.56283 -0.14834 -1.13789
vn -0.00226 -0.07557 -1.27588
vn 0.03894 -0.14554 -1.26921
vn 0.29144 -0.47013 -1.15223
vn 0.56283 -0.14834 -1.13789
vn 0.03894 -0.14554 -1.26921
vn -0.65262 0.41745 -1.01656
vn -0.04506 0.87587 -0.92973
vn -0.04495 0.87331 -0.93215
vn 0.56283 -0.14834 -1.13789
vn 0.68155 0.51394 -0.95128
vn -0.01085 0.11447 -1.27294
vn -0.04506 0.87587 -0.92973
vn 0.68155 0.51394 -0.95128
vn -0.04495 0.87331 -0.93215
vn 0.56283 -0.14834 -1.13789
vn 0.89210 0.10087 -0.90971
vn 0.68155 0.51394 -0.95128
vn 0.77606 0.38950 -0.93787
vn 0.68155 0.51394 -0.95128
vn 0.89210 0.10087 -0.90971
vn 0.56283 -0.14834 -1.13789
vn 0.73152 -0.54074 -0.89782
vn 0.89210 0.10087 -0.90971
vn 0.29144 -0.47013 -1.15223
vn 0.73152 -0.54074 -0.89782
vn 0.56283 -0.14834 -1.13789
vn -0.49384 -0.25173 -1.15167
vn -0.05983 -0.53787 -1.15789
vn 0.03894 -0.14554 -1.26921
vn -0.05983 -0.53787 -1.15789
vn -0.49384 -0.25173 -1.15167
vn -0.24393 -0.68675 -1.04998
vn -0.70763 -0.61868 -0.86607
vn -0.24393 -0.68675 -1.04998
vn -0.49384 -0.25173 -1.15167
vn -0.19009 -1.02705 -0.73663
vn -0.05983 -0.53787 -1.15789
vn -0.24393 -0.68675 -1.04998
vn 0.03894 -0.14554 -1.26921
vn -0.05983 -0.53787 -1.15789
vn -0.16334 0.07012 -1.26570
vn -0.47688 0.30844 -1.14501
vn -0.65262 0.41745 -1.01656
vn -0.04495 0.87331 -0.93215
vn -0.47688 0.30844 -1.14501
vn -0.47842 0.04469 -1.18436
vn -0.48866 0.02698 -1.18071
vn -0.49876 0.00926 -1.17675
vn -0.47688 0.30844 -1.14501
vn -0.48866 0.02698 -1.18071
vn -1.00131 0.26389 -0.74922
vn -1.08608 0.54870 -0.39109
vn -1.16081 0.26170 -0.46650
vn -1.00131 0.26389 -0.74922
vn -1.16081 0.26170 -0.46650
vn -1.16736 -0.01581 -0.52019
vn -0.65262 0.41745 -1.01656
vn -1.00131 0.26389 -0.74922
vn -0.70584 0.40232 -0.98667
vn -1.00131 0.26389 -0.74922
vn -1.16736 -0.01581 -0.52019
vn -1.16528 0.00869 -0.52501
vn -0.42577 0.31606 -1.16294
vn -0.38369 0.34063 -1.17062
vn -0.35482 -0.01597 -1.22778
vn -0.70584 0.40232 -0.98667
vn -1.00131 0.26389 -0.74922
vn -0.42577 0.31606 -1.16294
vn -0.41504 0.48945 -1.10534
vn -0.42577 0.31606 -1.16294
vn -0.47596 0.09495 -1.18238
vn -0.41504 0.48945 -1.10534
vn -0.33244 0.51644 -1.12087
vn -0.42577 0.31606 -1.16294
vn -0.43860 -0.12729 -1.19374
vn -0.42577 0.31606 -1.16294
vn -0.35482 -0.01597 -1.22778
vn -0.43860 -0.12729 -1.19374
vn -0.47596 0.09495 -1.18238
vn -0.42577 0.31606 -1.16294
vn -0.25728 0.01033 -1.25191
vn -0.43860 -0.12729 -1.19374
vn -0.35482 -0.01597 -1.22778
vn -0.45503 0.10595 -1.18967
vn -0.15496 0.25873 -1.24203
vn -0.47596 0.09495 -1.18238
vn -0.25728 0.01033 -1.25191
vn -0.35482 -0.01597 -1.22778
vn -0.24254 0.02861 -1.25457
vn -0.35482 -0.01597 -1.22778
vn -0.34120 -0.22094 -1.21176
vn -0.24254 0.02861 -1.25457
vn -0.24254 0.02861 -1.25457
vn -0.34120 -0.22094 -1.21176
vn -0.00864 -0.22976 -1.25727
vn -0.34120 -0.22094 -1.21176
vn 0.00589 -0.28131 -1.24676
vn -0.00864 -0.22976 -1.25727
vn -0.00864 -0.22976 -1.25727
vn 0.00589 -0.28131 -1.24676
vn 0.31457 -0.15744 -1.22876
vn 0.19132 0.16200 -1.25329
vn -0.00864 -0.22976 -1.25727
vn 0.31457 -0.15744 -1.22876
vn -0.45347 -1.10394 -0.45746
vn -0.45347 -1.10394 -0.45746
vn -0.45347 -1.10394 -0.45746
vn -0.45347 -1.10394 -0.45746
vn 0.04814 -1.12941 -0.59641
vn -0.45348 -1.10394 -0.45746
vn 0.19132 0.16200 -1.25329
vn 0.31457 -0.15744 -1.22876
vn 0.30349 0.03794 -1.24098
vn 0.31457 -0.15744 -1.22876
vn 0.40165 0.06100 -1.21183
vn 0.30349 0.03794 -1.24098
vn 0.68155 0.51394 -0.95128
vn 0.43415 0.34994 -1.15006
vn -0.04495 0.87331 -0.93215
vn 1.12697 0.36591 -0.47920
vn 1.14138 0.28173 -0.50147
vn 1.16204 0.06589 -0.52811
vn 0.45923 0.08740 -1.18956
vn 0.45923 0.08740 -1.18956
vn 0.43415 0.34994 -1.15006
vn 0.48279 0.05397 -1.18220
vn 0.43415 0.34994 -1.15006
vn 0.48279 0.05397 -1.18220
vn 0.51753 0.40321 -1.09689
vn 0.68155 0.51394 -0.95128
vn 0.77606 0.38950 -0.93787
vn 0.68155 0.51394 -0.95128
vn 1.14138 0.28173 -0.50147
vn 1.12697 0.36591 -0.47920
vn 1.15378 0.11433 -0.53788
vn 1.14138 0.28173 -0.50147
vn 1.15378 0.11433 -0.53788
vn 0.37990 -0.79192 -0.92851
vn 0.36738 -0.88979 -0.84077
vn 0.54068 -0.64526 -0.96172
vn 0.13773 -0.94103 -0.85386
vn 0.22887 -0.93325 -0.84276
vn 0.36738 -0.88979 -0.84077
vn 0.37990 -0.79192 -0.92851
vn 0.20784 -0.91508 -0.86776
vn 0.36738 -0.88979 -0.84077
vn 0.22887 -0.93325 -0.84276
vn 0.40531 -0.92647 -0.78164
vn 0.36738 -0.88979 -0.84077
vn 0.40531 -0.92647 -0.78164
vn 0.48595 -0.92528 -0.73573
vn 0.36738 -0.88979 -0.84077
vn 0.36738 -0.88979 -0.84077
vn 0.48595 -0.92528 -0.73573
vn 0.48246 -0.92366 -0.74005
vn 0.08956 -1.24981 -0.25207
vn 0.02223 -1.24568 -0.28524
vn 0.02223 -1.24568 -0.28524
vn -0.51219 1.15863 -0.16975
vn -0.00228 1.27202 -0.12259
vn -0.65305 1.07692 -0.21758
vn -0.31353 1.23448 -0.10650
vn -0.00228 1.27202 -0.12259
vn -0.51219 1.15863 -0.16975
vn -0.20177 1.25925 -0.08464
vn -0.00228 1.27202 -0.12259
vn -0.31353 1.23448 -0.10650
vn 0.00794 1.27628 -0.06812
vn -0.00228 1.27202 -0.12259
vn -0.20177 1.25925 -0.08464
vn 0.19789 1.26117 -0.06227
vn -0.00228 1.27202 -0.12259
vn 0.00794 1.27628 -0.06812
vn 0.28750 1.24331 -0.07152
vn -0.00228 1.27202 -0.12259
vn 0.19789 1.26117 -0.06227
vn 0.49132 1.17372 -0.12073
vn -0.00228 1.27202 -0.12259
vn 0.28750 1.24331 -0.07152
vn 0.64003 1.09460 -0.16062
vn -0.00228 1.27202 -0.12259
vn 0.49132 1.17372 -0.12073
vn 0.65305 -1.07692 0.21758
vn 0.64975 -1.07773 0.22287
vn 0.65305 -1.07692 0.21758
vn 0.36230 -1.21991 0.11892
vn 0.35826 -1.22025 0.12579
vn 0.36230 -1.21991 0.11892
vn 0.26424 -1.24698 0.09389
vn 0.26005 -1.24711 0.10117
vn 0.26424 -1.24698 0.09389
vn 0.13879 -1.26833 0.07518
vn 0.13449 -1.26812 0.08288
vn 0.13879 -1.26833 0.07518
vn -0.15456 -1.26731 0.06016
vn -0.15887 -1.26613 0.06853
vn -0.15456 -1.26731 0.06016
vn -0.24099 -1.25355 0.06431
vn -0.24524 -1.25202 0.07279
vn -0.24099 -1.25355 0.06431
vn -0.33359 -1.23131 0.07862
vn -0.33772 -1.22937 0.08718
vn -0.33359 -1.23131 0.07862
vn -0.64003 -1.09460 0.16062
vn -0.64345 -1.09106 0.16901
vn -0.64003 -1.09460 0.16062
vn 0.13928 -1.24553 -0.25069
vn 0.13928 -1.24553 -0.25069
vn 0.08956 -1.24981 -0.25207
vn 0.25110 -1.23801 -0.19461
vn 0.26203 -1.17314 -0.43436
vn 0.08956 -1.24981 -0.25207
vn 0.14652 -0.08691 -1.26671
vn 0.08877 0.07263 -1.27296
vn 0.35456 0.22216 -1.20769
vn 0.35456 0.22216 -1.20769
vn 0.08877 0.07263 -1.27296
vn 0.26402 0.20404 -1.23379
vn 0.35456 0.22216 -1.20769
vn 0.26402 0.20404 -1.23379
vn 0.54297 0.45322 -1.06460
vn 0.50156 0.33432 -1.12706
vn 0.35456 0.22216 -1.20769
vn 0.54297 0.45322 -1.06460
vn 0.76158 0.34028 -0.96839
vn 0.50156 0.33432 -1.12706
vn 0.54297 0.45322 -1.06460
vn 0.95154 0.58064 -0.62531
vn 0.76158 0.34028 -0.96839
vn 0.54297 0.45322 -1.06460
vn 1.09830 0.22342 -0.61434
vn 0.76158 0.34028 -0.96839
vn 0.95154 0.58064 -0.62531
vn 1.21446 0.26758 -0.29510
vn 1.09830 0.22342 -0.61434
vn 0.95154 0.58064 -0.62531
vn 1.09830 0.22342 -0.61434
vn 1.21446 0.26758 -0.29510
vn 1.13916 -0.20126 -0.54350
vn 1.19068 -0.02381 -0.46401
vn 1.13916 -0.20126 -0.54350
vn 1.21446 0.26758 -0.29510
vn 0.03894 -0.14554 -1.26921
vn -0.16334 0.07012 -1.26570
vn -0.04918 0.24610 -1.25324
vn 0.08877 0.07263 -1.27296
vn 0.03894 -0.14554 -1.26921
vn -0.04918 0.24610 -1.25324
vn 0.26402 0.20404 -1.23379
vn 0.08877 0.07263 -1.27296
vn -0.04918 0.24610 -1.25324
vn 0.08877 0.07263 -1.27296
vn 0.29144 -0.47013 -1.15223
vn 0.03894 -0.14554 -1.26921
vn -0.16334 0.07012 -1.26570
vn -0.33678 0.29397 -1.19739
vn -0.04918 0.24610 -1.25324
vn -0.34702 0.18970 -1.21539
vn -0.33678 0.29397 -1.19739
vn -0.16334 0.07012 -1.26570
vn -0.16334 0.07012 -1.26570
vn -0.10688 -0.03564 -1.27314
vn -0.34702 0.18970 -1.21539
vn -0.34702 0.18970 -1.21539
vn -0.52075 0.28141 -1.13279
vn -0.33678 0.29397 -1.19739
vn -0.52075 0.28141 -1.13279
vn -0.63510 0.35459 -1.05095
vn -0.33678 0.29397 -1.19739
vn -0.52075 0.28141 -1.13279
vn -0.80510 0.23570 -0.96429
vn -0.63510 0.35459 -1.05095
vn -0.80510 0.23570 -0.96429
vn -1.02373 0.24937 -0.72345
vn -0.63510 0.35459 -1.05095
vn -0.80510 0.23570 -0.96429
vn -1.11501 0.14425 -0.60790
vn -1.02373 0.24937 -0.72345
vn -1.11501 0.14425 -0.60790
vn -1.22340 0.18659 -0.31947
vn -1.02373 0.24937 -0.72345
vn -1.22340 0.18659 -0.31947
vn -1.11501 0.14425 -0.60790
vn -1.22064 0.21105 -0.31476
vn -1.22064 0.21105 -0.31476
vn -1.22179 0.20671 -0.31317
vn -1.22340 0.18659 -0.31947
vn -0.77334 -0.82314 -0.59832
vn -1.05941 -0.45199 -0.55403
vn -0.81322 -0.88353 -0.43776
vn -1.05941 -0.45199 -0.55403
vn -1.09866 0.05513 -0.65076
vn -1.15966 -0.00191 -0.53738
vn -1.10279 -0.09977 -0.63834
vn -1.09866 0.05513 -0.65076
vn -1.05941 -0.45199 -0.55403
vn -0.77334 -0.82314 -0.59832
vn -0.94422 -0.42546 -0.74901
vn -1.05941 -0.45199 -0.55403
vn -0.94422 -0.42546 -0.74901
vn -1.10279 -0.09977 -0.63834
vn -1.05941 -0.45199 -0.55403
vn -0.94422 -0.42546 -0.74901
vn -0.85947 0.18187 -0.92834
vn -1.10279 -0.09977 -0.63834
vn -0.94422 -0.42546 -0.74901
vn -0.77334 -0.82314 -0.59832
vn -0.58382 -0.80428 -0.80367
vn -0.45782 -0.85915 -0.82817
vn -0.94422 -0.42546 -0.74901
vn -0.58382 -0.80428 -0.80367
vn -0.58382 -0.80428 -0.80367
vn -0.36721 -0.92286 -0.80441
vn -0.45782 -0.85915 -0.82817
vn -0.36721 -0.92286 -0.80441
vn -0.35325 -0.89228 -0.84418
vn -0.45782 -0.85915 -0.82817
vn -0.94422 -0.42546 -0.74901
vn -0.84767 0.28662 -0.91263
vn -0.85947 0.18187 -0.92834
vn -0.84767 0.28662 -0.91263
vn -0.39205 0.12165 -1.21041
vn -0.85947 0.18187 -0.92834
vn -0.39205 0.12165 -1.21041
vn -0.34384 0.14130 -1.22286
vn -0.85947 0.18187 -0.92834
vn -0.36721 -0.92286 -0.80441
vn -0.19009 -1.02705 -0.73663
vn -0.35325 -0.89228 -0.84418
vn -0.19009 -1.02705 -0.73663
vn -0.15596 -1.16727 -0.49674
vn -0.15596 -1.16727 -0.49674
vn -0.19009 -1.02705 -0.73663
vn -0.24393 -0.68675 -1.04998
vn -0.35718 -1.04216 -0.64801
vn -0.48675 -0.09188 -1.17823
vn -0.70290 -0.05397 -1.06612
vn -0.46676 -0.12086 -1.18369
vn -0.48675 -0.09188 -1.17823
vn -0.46676 -0.12086 -1.18369
vn -0.16849 -0.12172 -1.26110
vn -0.46676 -0.12086 -1.18369
vn -0.19960 -0.00084 -1.26244
vn -0.16849 -0.12172 -1.26110
vn -0.19009 -1.02705 -0.73663
vn -0.19431 -0.99696 -0.77582
vn -0.05983 -0.53787 -1.15789
vn -0.05983 -0.53787 -1.15789
vn -0.10688 -0.03564 -1.27314
vn -0.16334 0.07012 -1.26570
vn -0.10688 -0.03564 -1.27314
vn -0.05983 -0.53787 -1.15789
vn 0.01162 -0.07134 -1.27607
vn -0.19009 -1.02705 -0.73663
vn -0.36721 -0.92286 -0.80441
vn -0.19431 -0.99696 -0.77582
vn -0.36721 -0.92286 -0.80441
vn -0.32970 -1.02210 -0.69296
vn -0.19431 -0.99696 -0.77582
vn -0.10688 -0.03564 -1.27314
vn 0.01162 -0.07134 -1.27607
vn -0.46866 0.13283 -1.18165
vn -0.10688 -0.03564 -1.27314
vn -0.46866 0.13283 -1.18165
vn -0.34702 0.18970 -1.21539
vn -0.32970 -1.02210 -0.69296
vn -0.36721 -0.92286 -0.80441
vn -0.51674 -0.88484 -0.76395
vn -0.36721 -0.92286 -0.80441
vn -0.58382 -0.80428 -0.80367
vn -0.51674 -0.88484 -0.76395
vn -0.58382 -0.80428 -0.80367
vn -0.77334 -0.82314 -0.59832
vn -0.51674 -0.88484 -0.76395
vn -0.34702 0.18970 -1.21539
vn -0.46866 0.13283 -1.18165
vn -0.52075 0.28141 -1.13279
vn -0.52075 0.28141 -1.13279
vn -0.46866 0.13283 -1.18165
vn -0.80510 0.23570 -0.96429
vn -0.46866 0.13283 -1.18165
vn -0.94184 0.09470 -0.85881
vn -0.80510 0.23570 -0.96429
vn -0.80510 0.23570 -0.96429
vn -0.94184 0.09470 -0.85881
vn -1.11501 0.14425 -0.60790
vn -0.94184 0.09470 -0.85881
vn -1.08168 -0.00844 -0.68079
vn -1.11501 0.14425 -0.60790
vn -1.09729 0.12094 -0.64414
vn -1.09623 -0.00368 -0.65716
vn -1.14808 -0.01729 -0.56143
vn -1.09729 0.12094 -0.64414
vn -0.93761 0.08896 -0.86404
vn -1.09623 -0.00368 -0.65716
vn -0.93761 0.08896 -0.86404
vn -0.87899 -0.14104 -0.91710
vn -1.09623 -0.00368 -0.65716
vn -0.93761 0.08896 -0.86404
vn -0.69727 0.12733 -1.06357
vn -0.87899 -0.14104 -0.91710
vn -0.69727 0.12733 -1.06357
vn -0.39767 -0.04258 -1.21393
vn -0.87899 -0.14104 -0.91710
vn -0.03967 1.15460 -0.54673
vn -0.22476 1.17399 -0.45256
vn -0.16255 1.19220 -0.43106
vn -0.03967 1.15460 -0.54673
vn -0.16255 1.19220 -0.43106
vn -0.08196 1.20734 -0.41134
vn -0.01989 1.19799 -0.44499
vn -0.03967 1.15460 -0.54673
vn -0.08196 1.20734 -0.41134
vn -0.03967 1.15460 -0.54673
vn -0.01989 1.19799 -0.44499
vn 0.09989 1.05374 -0.71641
vn -0.03967 1.15460 -0.54673
vn 0.09989 1.05374 -0.71641
vn 0.17051 0.86844 -0.92213
vn -0.39786 -1.01177 -0.67203
vn -0.28607 -0.96598 -0.78653
vn -0.39391 -1.00925 -0.67811
vn -0.39786 -1.01177 -0.67203
vn -0.31955 -1.00690 -0.71946
vn -0.28607 -0.96598 -0.78653
vn -0.31955 -1.00690 -0.71946
vn -0.10510 -0.99835 -0.79110
vn -0.28607 -0.96598 -0.78653
vn -0.10510 -0.99835 -0.79110
vn -0.11779 -0.96063 -0.83481
vn -0.28607 -0.96598 -0.78653
vn -0.11779 -0.96063 -0.83481
vn -0.12707 -0.69544 -1.06480
vn -0.28607 -0.96598 -0.78653
vn -0.11244 -0.71554 -1.05307
vn -0.28607 -0.96598 -0.78653
vn -0.12707 -0.69544 -1.06480
vn -0.37990 1.07535 -0.57697
vn -0.19583 1.17885 -0.45338
vn -0.40919 0.97416 -0.71914
vn -0.29496 1.18133 -0.38865
vn -0.19583 1.17885 -0.45338
vn -0.37990 1.07535 -0.57697
vn -0.16039 1.22096 -0.34224
vn -0.19583 1.17885 -0.45338
vn -0.29496 1.18133 -0.38865
vn 0.01945 1.22499 -0.36416
vn -0.19583 1.17885 -0.45338
vn -0.16039 1.22096 -0.34224
vn 0.01945 1.22499 -0.36416
vn 0.11297 1.21003 -0.39579
vn -0.19583 1.17885 -0.45338
vn 0.95963 -0.12674 -0.83464
vn 1.13916 -0.20126 -0.54350
vn 1.10809 -0.26261 -0.58032
vn 1.09164 -0.05575 -0.66242
vn 0.95963 -0.12674 -0.83464
vn 1.10809 -0.26261 -0.58032
vn 1.19068 -0.02381 -0.46401
vn 1.10841 0.15006 -0.61846
vn 1.10809 -0.26261 -0.58032
vn 1.10841 0.15006 -0.61846
vn 1.09164 -0.05575 -0.66242
vn 1.10809 -0.26261 -0.58032
vn 1.19068 -0.02381 -0.46401
vn 1.10809 -0.26261 -0.58032
vn 1.13916 -0.20126 -0.54350
vn 0.95159 0.08515 -0.84900
vn 0.95963 -0.12674 -0.83464
vn 1.09164 -0.05575 -0.66242
vn 0.70571 -0.12221 -1.05860
vn 0.95963 -0.12674 -0.83464
vn 0.95159 0.08515 -0.84900
vn 0.70571 -0.12221 -1.05860
vn 0.84610 -0.18948 -0.93904
vn 0.95963 -0.12674 -0.83464
vn 0.84610 -0.18948 -0.93904
vn 0.86065 -0.16809 -0.92984
vn 0.95963 -0.12674 -0.83464
vn 0.65128 -0.20807 -1.07987
vn 0.70571 -0.12221 -1.05860
vn 0.55935 -0.40729 -1.07463
vn 0.70571 -0.12221 -1.05860
vn 0.38396 -0.77748 -0.93898
vn 0.55935 -0.40729 -1.07463
vn 0.39376 -0.92827 -0.78540
vn 0.41319 -0.61024 -1.04426
vn 0.38396 -0.77748 -0.93898
vn 0.40871 -0.94688 -0.75496
vn 0.39376 -0.92827 -0.78540
vn 0.38396 -0.77748 -0.93898
vn 0.29144 -0.47013 -1.15223
vn 0.39376 -0.92827 -0.78540
vn 0.73152 -0.54074 -0.89782
vn 0.39376 -0.92827 -0.78540
vn 0.40871 -0.94688 -0.75496
vn 0.54920 -0.80226 -0.82967
vn 0.60054 -0.20847 -1.10882
vn 0.68992 -0.17856 -1.06100
vn 0.92839 -0.05459 -0.87675
vn 0.31293 -0.29511 -1.20357
vn 0.68992 -0.17856 -1.06100
vn 0.60054 -0.20847 -1.10882
vn 0.21633 -0.30155 -1.22305
vn 0.31293 -0.29511 -1.20357
vn 0.60054 -0.20847 -1.10882
vn 0.02493 -0.32076 -1.23696
vn 0.31293 -0.29511 -1.20357
vn 0.21633 -0.30155 -1.22305
vn -0.05918 -0.31191 -1.23806
vn 0.02493 -0.32076 -1.23696
vn 0.21633 -0.30155 -1.22305
vn -0.20305 -0.29890 -1.22598
vn 0.02493 -0.32076 -1.23696
vn -0.05918 -0.31191 -1.23806
vn -0.26143 -0.29009 -1.21700
vn -0.20305 -0.29890 -1.22598
vn -0.05918 -0.31191 -1.23806
vn -0.50599 -0.25352 -1.14599
vn -0.20305 -0.29890 -1.22598
vn -0.26143 -0.29009 -1.21700
vn -0.60031 -0.24059 -1.10242
vn -0.50599 -0.25352 -1.14599
vn -0.26143 -0.29009 -1.21700
vn -0.84011 -0.17400 -0.94738
vn -0.50599 -0.25352 -1.14599
vn -0.60031 -0.24059 -1.10242
vn -0.19960 -0.00084 -1.26244
vn -0.04922 0.04404 -1.27641
vn -0.16849 -0.12172 -1.26110
vn -0.16849 -0.12172 -1.26110
vn -0.04922 0.04404 -1.27641
vn 0.24246 -0.05141 -1.25386
vn -0.04922 0.04404 -1.27641
vn 0.38056 0.08367 -1.21728
vn 0.24246 -0.05141 -1.25386
vn 0.24246 -0.05141 -1.25386
vn 0.38056 0.08367 -1.21728
vn 0.79270 -0.07639 -0.99969
vn 0.38056 0.08367 -1.21728
vn 0.83494 0.06327 -0.96564
vn 0.79270 -0.07639 -0.99969
vn 0.24246 -0.05141 -1.25386
vn 0.79270 -0.07639 -0.99969
vn 0.36294 -0.23739 -1.20229
vn -0.16849 -0.12172 -1.26110
vn 0.24246 -0.05141 -1.25386
vn 0.36294 -0.23739 -1.20229
vn -0.08684 -0.13696 -1.26779
vn -0.16849 -0.12172 -1.26110
vn 0.36294 -0.23739 -1.20229
vn 0.36294 -0.23739 -1.20229
vn 0.79270 -0.07639 -0.99969
vn 0.86577 -0.22972 -0.91174
vn -0.48675 -0.09188 -1.17823
vn -0.16849 -0.12172 -1.26110
vn -0.08684 -0.13696 -1.26779
vn -0.44965 -0.30904 -1.15581
vn -0.48675 -0.09188 -1.17823
vn -0.08684 -0.13696 -1.26779
vn 0.86577 -0.22972 -0.91174
vn 0.79270 -0.07639 -0.99969
vn 1.06862 -0.13495 -0.68807
vn 0.79270 -0.07639 -0.99969
vn 1.07069 -0.00240 -0.69801
vn 1.06862 -0.13495 -0.68807
vn 0.79270 -0.07639 -0.99969
vn 0.83494 0.06327 -0.96564
vn 1.07069 -0.00240 -0.69801
vn 0.83494 0.06327 -0.96564
vn 1.07070 0.04996 -0.69620
vn 1.07069 -0.00240 -0.69801
vn 1.06862 -0.13495 -0.68807
vn 1.07069 -0.00240 -0.69801
vn 1.17586 0.01287 -0.50077
vn 1.07069 -0.00240 -0.69801
vn 1.07070 0.04996 -0.69620
vn 1.17586 0.01287 -0.50077
vn -0.44965 -0.30904 -1.15581
vn -0.72609 -0.13182 -1.04355
vn -0.48675 -0.09188 -1.17823
vn -0.48675 -0.09188 -1.17823
vn -0.72609 -0.13182 -1.04355
vn -0.70290 -0.05397 -1.06612
vn -0.69727 0.12733 -1.06357
vn -0.31728 0.18345 -1.22445
vn -0.39767 -0.04258 -1.21393
vn -0.31728 0.18345 -1.22445
vn 0.05473 0.09862 -1.27313
vn -0.39767 -0.04258 -1.21393
vn 0.05473 0.09862 -1.27313
vn 0.07596 -0.11416 -1.27074
vn -0.39767 -0.04258 -1.21393
vn 0.05473 0.09862 -1.27313
vn 0.39413 0.09640 -1.21200
vn 0.07596 -0.11416 -1.27074
vn -0.39767 -0.04258 -1.21393
vn 0.07596 -0.11416 -1.27074
vn -0.39405 -0.34888 -1.16473
vn -0.87899 -0.14104 -0.91710
vn -0.39767 -0.04258 -1.21393
vn -0.39405 -0.34888 -1.16473
vn -0.83853 -0.28364 -0.92195
vn -0.87899 -0.14104 -0.91710
vn -0.39405 -0.34888 -1.16473
vn -0.87899 -0.14104 -0.91710
vn -0.83853 -0.28364 -0.92195
vn -1.07079 -0.21359 -0.66435
vn -1.09623 -0.00368 -0.65716
vn -0.87899 -0.14104 -0.91710
vn -1.07079 -0.21359 -0.66435
vn -1.09623 -0.00368 -0.65716
vn -1.07079 -0.21359 -0.66435
vn -1.14808 -0.01729 -0.56143
vn 0.07596 -0.11416 -1.27074
vn 0.03594 -0.25530 -1.25185
vn -0.39405 -0.34888 -1.16473
vn 0.39413 0.09640 -1.21200
vn 0.40383 -0.10179 -1.20836
vn 0.07596 -0.11416 -1.27074
vn 0.07596 -0.11416 -1.27074
vn 0.40383 -0.10179 -1.20836
vn 0.03594 -0.25530 -1.25185
vn 0.80199 -0.14791 -0.98414
vn 0.40383 -0.10179 -1.20836
vn 0.39413 0.09640 -1.21200
vn 0.40383 -0.10179 -1.20836
vn 0.44453 -0.50494 -1.08675
vn 0.03594 -0.25530 -1.25185
vn 0.80199 -0.14791 -0.98414
vn 0.44453 -0.50494 -1.08675
vn 0.40383 -0.10179 -1.20836
vn -0.72744 -1.01801 0.25874
vn -1.10479 -0.63958 -0.05873
vn -0.90798 -0.88468 -0.16276
vn -0.72744 -1.01801 0.25874
vn -0.90798 -0.88468 -0.16276
vn -0.62162 -1.10312 0.17407
vn 0.02808 -1.24189 0.30060
vn -0.72744 -1.01801 0.25874
vn -0.62162 -1.10312 0.17407
vn 0.01472 0.28262 -1.24639
vn -0.06849 0.24677 -1.25220
vn 0.19132 0.16200 -1.25329
vn -0.06849 0.24677 -1.25220
vn 0.01472 0.28262 -1.24639
vn -0.28094 -0.22113 -1.22709
vn -0.24254 0.02861 -1.25457
vn -0.06849 0.24677 -1.25220
vn -0.28094 -0.22113 -1.22709
s 1
f 1/1/1 2/2/2 3/3/3
f 4/4/4 5/5/5 6/6/6
f 7/7/7 8/8/8 9/9/9
f 10/10/10 11/11/11 12/12/12
f 13/13/13 14/14/14 15/15/15
f 16/16/16 17/17/17 18/18/18
f 19/19/19 20/20/20 21/21/21
f 22/22/22 23/23/23 24/24/24
f 25/25/25 26/26/26 27/27/27
f 28/28/28 29/29/29 30/30/30
f 31/31/31 32/32/32 33/33/33
f 34/34/34 35/35/35 36/36/36
f 37/37/37 38/38/38 39/39/39
f 40/40/40 41/41/41 42/42/42
f 43/43/43 44/44/44 45/45/45
f 46/46/46 47/47/47 48/48/48
f 49/49/49 50/50/50 51/51/51
f 52/52/52 53/53/53 54/54/54
f 55/55/55 56/56/56 57/57/57
f 58/58/58 59/59/59 60/60/60
f 61/61/61 62/62/62 63/63/63
f 64/64/64 65/65/65 66/66/66
f 67/67/67 68/68/68 69/69/69
f 70/70/70 71/71/71 72/72/72
f 73/73/73 74/74/74 75/75/75
f 76/76/76 77/77/77 78/78/78
f 79/79/79 80/80/80 81/81/81
f 82/82/82 83/83/83 84/84/84
f 85/85/85 86/86/86 87/87/87
f 88/88/88 89/89/89 90/90/90
f 91/91/91 92/92/92 93/93/93
f 94/94/94 95/95/95 96/96/96
f 97/97/97 98/98/98 99/99/99
f 100/100/100 101/101/101 102/102/102
f 103/103/103 104/104/104 105/105/105
f 106/106/106 107/107/107 108/108/108
f 109/109/109 110/110/110 111/111/111
f 112/112/112 113/113/113 114/114/114
f 115/115/115 116/116/116 117/117/117
f 118/118/118 119/119/119 120/120/120
f 121/121/121 122/122/122 123/123/123
f 124/124/124 125/125/125 126/126/126
f 127/127/127 128/128/128 129/129/129
f 130/130/130 131/131/131 132/132/132
f 133/133/133 134/134/134 135/135/135
f 136/136/136 137/137/137 138/138/138
f 139/139/139 140/140/140 141/141/141
f 142/142/142 143/143/143 144/144/144
f 145/145/145 146/146/146 147/147/147
f 148/148/148 149/149/149 150/150/150
f 151/151/151 152/152/152 153/153/153
f 154/154/154 155/155/155 156/156/156
f 157/157/157 158/158/158 159/159/159
f 160/160/160 161/161/161 162/162/162
f 163/163/163 164/164/164 165/165/165
f 166/166/166 167/167/167 168/168/168
f 169/169/169 170/170/170 171/171/171
f 172/172/172 173/173/173 174/174/174
f 175/175/175 176/176/176 177/177/177
f 178/178/178 179/179/179 180/180/180
f 181/181/181 182/182/182 183/183/183
f 184/184/184 185/185/185 186/186/186
f 187/187/187 188/188/188 189/189/189
f 190/190/190 191/191/191 192/192/192
f 193/193/193 194/194/194 195/195/195
f 196/196/196 197/197/197 198/198/198
f 199/199/199 200/200/200 201/201/201
f 202/202/202 203/203/203 204/204/204
f 205/205/205 206/206/206 207/207/207
f 208/208/208 209/209/209 210/210/210
f 211/211/211 212/212/212 213/213/213
f 214/214/214 215/215/215 216/216/216
f 217/217/217 218/218/218 219/219/219
f 220/220/220 221/221/221 222/222/222
f 223/223/223 224/224/224 225/225/225
f 226/226/226 227/227/227 228/228/228
f 229/229/229 230/230/230 231/231/231
f 232/232/232 233/233/233 234/234/234
f 235/235/235 236/236/236 237/237/237
f 238/238/238 239/239/239 240/240/240
f 241/241/241 242/242/242 243/243/243
f 244/244/244 245/245/245 246/246/246
f 247/247/247 248/248/248 249/249/249
f 250/250/250 251/251/251 252/252/252
f 253/253/253 254/254/254 255/255/255
f 256/256/256 257/257/257 258/258/258
f 259/259/259 260/260/260 261/261/261
f 262/262/262 263/263/263 264/264/264
f 265/265/265 266/266/266 267/267/267
f 268/268/268 269/269/269 270/270/270
f 271/271/271 272/272/272 273/273/273
f 274/274/274 275/275/275 276/276/276
f 277/277/277 278/278/278 279/279/279
f 280/280/280 281/281/281 282/282/282
f 283/283/283 284/284/284 285/285/285
f 286/286/286 287/287/287 288/288/288
f 289/289/289 290/290/290 291/291/291
f 292/292/292 293/293/293 294/294/294
f 295/295/295 296/296/296 297/297/297
f 298/298/298 299/299/299 300/300/300
f 301/301/301 302/302/302 303/303/303
f 304/304/304 305/305/305 306/306/306
f 307/307/307 308/308/308 309/309/309
f 310/310/310 311/311/311 312/312/312
f 313/313/313 314/314/314 315/315/315
f 316/316/316 317/317/317 318/318/318
f 319/319/319 320/320/320 321/321/321
f 322/322/322 323/323/323 324/324/324
f 325/325/325 326/326/326 327/327/327
f 328/328/328 329/329/329 330/330/330
f 331/331/331 332/332/332 333/333/333
f 334/334/334 335/335/335 336/336/336
f 337/337/337 338/338/338 339/339/339
f 340/340/340 341/341/341 342/342/342
f 343/343/343 344/344/344 345/345/345
f 346/346/346 347/347/347 348/348/348
f 349/349/349 350/350/350 351/351/351
f 352/352/352 353/353/353 354/354/354
f 355/355/355 356/356/356 357/357/357
f 358/358/358 359/359/359 360/360/360
f 361/361/361 362/362/362 363/363/363
f 364/364/364 365/365/365 366/366/366
f 367/367/367 368/368/368 369/369/369
f 370/370/370 371/371/371 372/372/372
f 373/373/373 374/374/374 375/375/375
f 376/376/376 377/377/377 378/378/378
f 379/379/379 380/380/380 381/381/381
f 382/382/382 383/383/383 384/384/384
f 385/385/385 386/386/386 387/387/387
f 388/388/388 389/389/389 390/390/390
f 391/391/391 392/392/392 393/393/393
f 394/394/394 395/395/395 396/396/396
f 397/397/397 398/398/398 399/399/399
f 400/400/400 401/401/401 402/402/402
f 403/403/403 404/404/404 405/405/405
f 406/406/406 407/407/407 408/408/408
f 409/409/409 410/410/410 411/411/411
f 412/412/412 413/413/413 414/414/414
f 415/415/415 416/416/416 417/417/417
f 418/418/418 419/419/419 420/420/420
f 421/421/421 422/422/422 423/423/423
f 424/424/424 425/425/425 426/426/426
f 427/427/427 428/428/428 429/429/429
f 430/430/430 431/431/431 432/432/432
f 433/433/433 434/434/434 435/435/435
f 436/436/436 437/437/437 438/438/438
f 439/439/439 440/440/440 441/441/441
f 442/442/442 443/443/443 444/444/444
f 445/445/445 446/446/446 447/447/447
f 448/448/448 449/449/449 450/450/450
f 451/451/451 452/452/452 453/453/453
f 454/454/454 455/455/455 456/456/456
f 457/457/457 458/458/458 459/459/459
f 460/460/460 461/461/461 462/462/462
f 463/463/463 464/464/464 465/465/465
f 466/466/466 467/467/467 468/468/468
f 469/469/469 470/470/470 471/471/471
f 472/472/472 473/473/473 474/474/474
f 475/475/475 476/476/476 477/477/477
f 478/478/478 479/479/479 480/480/480
f 481/481/481 482/482/482 483/483/483
f 484/484/484 485/485/485 486/486/486
f 487/487/487 488/488/488 489/489/489
f 490/490/490 491/491/491 492/492/492
f 493/493/493 494/494/494 495/495/495
f 496/496/496 497/497/497 498/498/498
f 499/499/499 500/500/500 501/501/501
f 502/502/502 503/503/503 504/504/504
f 505/505/505 506/506/506 507/507/507
f 508/508/508 509/509/509 510/510/510
f 511/511/511 512/512/512 513/513/513
f 514/514/514 515/515/515 516/516/516
f 517/517/517 518/518/518 519/519/519
f 520/520/520 521/521/521 522/522/522
f 523/523/523 524/524/524 525/525/525
f 526/526/526 527/527/527 528/528/528
f 529/529/529 530/530/530 531/531/531
f 532/532/532 533/533/533 534/534/534
f 535/535/535 536/536/536 537/537/537
f 538/538/538 539/539/539 540/540/540
f 541/541/541 542/542/542 543/543/543
f 544/544/544 545/545/545 546/546/546
f 547/547/547 548/548/548 549/549/549
f 550/550/550 551/551/551 552/552/552
f 553/553/553 554/554/554 555/555/555
f 556/556/556 557/557/557 558/558/558
f 559/559/559 560/560/560 561/561/561
f 562/562/562 563/563/563 564/564/564
f 565/565/565 566/566/566 567/567/567
f 568/568/568 569/569/569 570/570/570
f 571/571/571 572/572/572 573/573/573
f 574/574/574 575/575/575 576/576/576
f 577/577/577 578/578/578 579/579/579
f 580/580/580 581/581/581 582/582/582
f 583/583/583 584/584/584 585/585/585
f 586/586/586 587/587/587 588/588/588
f 589/589/589 590/590/590 591/591/591
f 592/592/592 593/593/593 594/594/594
f 595/595/595 596/596/596 597/597/597
f 598/598/598 599/599/599 600/600/600
f 601/601/601 602/602/602 603/603/603
f 604/604/604 605/605/605 606/606/606
f 607/607/607 608/608/608 609/609/609
f 610/610/610 611/611/611 612/612/612
f 613/613/613 614/614/614 615/615/615
f 616/616/616 617/617/617 618/618/618
f 619/619/619 620/620/620 621/621/621
f 622/622/622 623/623/623 624/624/624
f 625/625/625 626/626/626 627/627/627
f 628/628/628 629/629/629 630/630/630
f 631/631/631 632/632/632 633/633/633
f 634/634/634 635/635/635 636/636/636
f 637/637/637 638/638/638 639/639/639
f 640/640/640 641/641/641 642/642/642
f 643/643/643 644/644/644 645/645/645
f 646/646/646 647/647/647 648/648/648
f 649/649/649 650/650/650 651/651/651
f 652/652/652 653/653/653 654/654/654
f 655/655/655 656/656/656 657/657/657
f 658/658/658 659/659/659 660/660/660
f 661/661/661 662/662/662 663/663/663
f 664/664/664 665/665/665 666/666/666
f 667/667/667 668/668/668 669/669/669
f 670/670/670 671/671/671 672/672/672
f 673/673/673 674/674/674 675/675/675
f 676/676/676 677/677/677 678/678/678
f 679/679/679 680/680/680 681/681/681
f 682/682/682 683/683/683 684/684/684
f 685/685/685 686/686/686 687/687/687
f 688/688/688 689/689/689 690/690/690
f 691/691/691 692/692/692 693/693/693
f 694/694/694 695/695/695 696/696/696
f 697/697/697 698/698/698 699/699/699
f 700/700/700 701/701/701 702/702/702
f 703/703/703 704/704/704 705/705/705
f 706/706/706 707/707/707 708/708/708
f 709/709/709 710/710/710 711/711/711
f 712/712/712 713/713/713 714/714/714
f 715/715/715 716/716/716 717/717/717
f 718/718/718 719/719/719 720/720/720
f 721/721/721 722/722/722 723/723/723
f 724/724/724 725/725/725 726/726/726
f 727/727/727 728/728/728 729/729/729
f 730/730/730 731/731/731 732/732/732
f 733/733/733 734/734/734 735/735/735
f 736/736/736 737/737/737 738/738/738
f 739/739/739 740/740/740 741/741/741
f 742/742/742 743/743/743 744/744/744
f 745/745/745 746/746/746 747/747/747
f 748/748/748 749/749/749 750/750/750
f 751/751/751 752/752/752 753/753/753
f 754/754/754 755/755/755 756/756/756
f 757/757/757 758/758/758 759/759/759
f 760/760/760 761/761/761 762/762/762
f 763/763/763 764/764/764 765/765/765
f 766/766/766 767/767/767 768/768/768
f 769/769/769 770/770/770 771/771/771
f 772/772/772 773/773/773 774/774/774
f 775/775/775 776/776/776 777/777/777
f 778/778/778 779/779/779 780/780/780
f 781/781/781 782/782/782 783/783/783
f 784/784/784 785/785/785 786/786/786
f 787/787/787 788/788/788 789/789/789
f 790/790/790 791/791/791 792/792/792
f 793/793/793 794/794/794 795/795/795
f 796/796/796 797/797/797 798/798/798
f 799/799/799 800/800/800 801/801/801
f 802/802/802 803/803/803 804/804/804
f 805/805/805 806/806/806 807/807/807
f 808/808/808 809/809/809 810/810/810
f 811/811/811 812/812/812 813/813/813
f 814/814/814 815/815/815 816/816/816
f 817/817/817 818/818/818 819/819/819
f 820/820/820 821/821/821 822/822/822
f 823/823/823 824/824/824 825/825/825
f 826/826/826 827/827/827 828/828/828
f 829/829/829 830/830/830 831/831/831
f 832/832/832 833/833/833 834/834/834
f 835/835/835 836/836/836 837/837/837
f 838/838/838 839/839/839 840/840/840
f 841/841/841 842/842/842 843/843/843
f 844/844/844 845/845/845 846/846/846
f 847/847/847 848/848/848 849/849/849
f 850/850/850 851/851/851 852/852/852
f 853/853/853 854/854/854 855/855/855
f 856/856/856 857/857/857 858/858/858
f 859/859/859 860/860/860 861/861/861
f 862/862/862 863/863/863 864/864/864
f 865/865/865 866/866/866 867/867/867
f 868/868/868 869/869/869 870/870/870
f 871/871/871 872/872/872 873/873/873
f 874/874/874 875/875/875 876/876/876
f 877/877/877 878/878/878 879/879/879
f 880/880/880 881/881/881 882/882/882
f 883/883/883 884/884/884 885/885/885
f 886/886/886 887/887/887 888/888/888
f 889/889/889 890/890/890 891/891/891
f 892/892/892 893/893/893 894/894/894
f 895/895/895 896/896/896 897/897/897
f 898/898/898 899/899/899 900/900/900
f 901/901/901 902/902/902 903/903/903
f 904/904/904 905/905/905 906/906/906
f 907/907/907 908/908/908 909/909/909
f 910/910/910 911/911/911 912/912/912
f 913/913/913 914/914/914 915/915/915
f 916/916/916 917/917/917 918/918/918
f 919/919/919 920/920/920 921/921/921
f 922/922/922 923/923/923 924/924/924
f 925/925/925 926/926/926 927/927/927
f 928/928/928 929/929/929 930/930/930
f 931/931/931 932/932/932 933/933/933
f 934/934/934 935/935/935 936/936/936
f 937/937/937 938/938/938 939/939/939
f 940/940/940 941/941/941 942/942/942
f 943/943/943 944/944/944 945/945/945
f 946/946/946 947/947/947 948/948/948
f 949/949/949 950/950/950 951/951/951
f 952/952/952 953/953/953 954/954/954
f 955/955/955 956/956/956 957/957/957
f 958/958/958 959/959/959 960/960/960
f 961/961/961 962/962/962 963/963/963
f 964/964/964 965/965/965 966/966/966
f 967/967/967 968/968/968 969/969/969
f 970/970/970 971/971/971 972/972/972
f 973/973/973 974/974/974 975/975/975
f 976/976/976 977/977/977 978/978/978
f 979/979/979 980/980/980 981/981/981
f 982/982/982 983/983/983 984/984/984
f 985/985/985 986/986/986 987/987/987
f 988/988/988 989/989/989 990/990/990
f 991/991/991 992/992/992 993/993/993
f 994/994/994 995/995/995 996/996/996
f 997/997/997 998/998/998 999/999/999
f 1000/1000/1000 1001/1001/1001 1002/1002/1002
f 1003/1003/1003 1004/1004/1004 1005/1005/1005
f 1006/1006/1006 1007/1007/1007 1008/1008/1008
f 1009/1009/1009 1010/1010/1010 1011/1011/1011
f 1012/1012/1012 1013/1013/1013 1014/1014/1014
f 1015/1015/1015 1016/1016/1016 1017/1017/1017
f 1018/1018/1018 1019/1019/1019 1020/1020/1020
f 1021/1021/1021 1022/1022/1022 1023/1023/1023
f 1024/1024/1024 1025/1025/1025 1026/1026/1026
f 1027/1027/1027 1028/1028/1028 1029/1029/1029
f 1030/1030/1030 1031/1031/1031 1032/1032/1032
f 1033/1033/1033 1034/1034/1034 1035/1035/1035
f 1036/1036/1036 1037/1037/1037 1038/1038/1038
f 1039/1039/1039 1040/1040/1040 1041/1041/1041
f 1042/1042/1042 1043/1043/1043 1044/1044/1044
f 1045/1045/1045 1046/1046/1046 1047/1047/1047
f 1048/1048/1048 1049/1049/1049 1050/1050/1050
f 1051/1051/1051 1052/1052/1052 1053/1053/1053
f 1054/1054/1054 1055/1055/1055 1056/1056/1056
f 1057/1057/1057 1058/1058/1058 1059/1059/1059
f 1060/1060/1060 1061/1061/1061 1062/1062/1062
f 1063/1063/1063 1064/1064/1064 1065/1065/1065
f 1066/1066/1066 1067/1067/1067 1068/1068/1068
f 1069/1069/1069 1070/1070/1070 1071/1071/1071
f 1072/1072/1072 1073/1073/1073 1074/1074/1074
f 1075/1075/1075 1076/1076/1076 1077/1077/1077
f 1078/1078/1078 1079/1079/1079 1080/1080/1080
f 1081/1081/1081 1082/1082/1082 1083/1083/1083
f 1084/1084/1084 1085/1085/1085 1086/1086/1086
f 1087/1087/1087 1088/1088/1088 1089/1089/1089
f 1090/1090/1090 1091/1091/1091 1092/1092/1092
f 1093/1093/1093 1094/1094/1094 1095/1095/1095
f 1096/1096/1096 1097/1097/1097 1098/1098/1098
f 1099/1099/1099 1100/1100/1100 1101/1101/1101
f 1102/1102/1102 1103/1103/1103 1104/1104/1104
f 1105/1105/1105 1106/1106/1106 1107/1107/1107
f 1108/1108/1108 1109/1109/1109 1110/1110/1110
f 1111/1111/1111 1112/1112/1112 1113/1113/1113
f 1114/1114/1114 1115/1115/1115 1116/1116/1116
f 1117/1117/1117 1118/1118/1118 1119/1119/1119
f 1120/1120/1120 1121/1121/1121 1122/1122/1122
f 1123/1123/1123 1124/1124/1124 1125/1125/1125
f 1126/1126/1126 1127/1127/1127 1128/1128/1128
f 1129/1129/1129 1130/1130/1130 1131/1131/1131
f 1132/1132/1132 1133/1133/1133 1134/1134/1134
f 1135/1135/1135 1136/1136/1136 1137/1137/1137
f 1138/1138/1138 1139/1139/1139 1140/1140/1140
f 1141/1141/1141 1142/1142/1142 1143/1143/1143
f 1144/1144/1144 1145/1145/1145 1146/1146/1146
f 1147/1147/1147 1148/1148/1148 1149/1149/1149
f 1150/1150/1150 1151/1151/1151 1152/1152/1152
f 1153/1153/1153 1154/1154/1154 1155/1155/1155
f 1156/1156/1156 1157/1157/1157 1158/1158/1158
f 1159/1159/1159 1160/1160/1160 1161/1161/1161
f 1162/1162/1162 1163/1163/1163 1164/1164/1164
f 1165/1165/1165 1166/1166/1166 1167/1167/1167
f 1168/1168/1168 1169/1169/1169 1170/1170/1170
f 1171/1171/1171 1172/1172/1172 1173/1173/1173
f 1174/1174/1174 1175/1175/1175 1176/1176/1176
f 1177/1177/1177 1178/1178/1178 1179/1179/1179
f 1180/1180/1180 1181/1181/1181 1182/1182/1182
f 1183/1183/1183 1184/1184/1184 1185/1185/1185
f 1186/1186/1186 1187/1187/1187 1188/1188/1188
f 1189/1189/1189 1190/1190/1190 1191/1191/1191
f 1192/1192/1192 1193/1193/1193 1194/1194/1194
f 1195/1195/1195 1196/1196/1196 1197/1197/1197
f 1198/1198/1198 1199/1199/1199 1200/1200/1200
f 1201/1201/1201 1202/1202/1202 1203/1203/1203
f 1204/1204/1204 1205/1205/1205 1206/1206/1206
f 1207/1207/1207 1208/1208/1208 1209/1209/1209
f 1210/1210/1210 1211/1211/1211 1212/1212/1212
f 1213/1213/1213 1214/1214/1214 1215/1215/1215
f 1216/1216/1216 1217/1217/1217 1218/1218/1218
f 1219/1219/1219 1220/1220/1220 1221/1221/1221
f 1222/1222/1222 1223/1223/1223 1224/1224/1224
f 1225/1225/1225 1226/1226/1226 1227/1227/1227
f 1228/1228/1228 1229/1229/1229 1230/1230/1230
f 1231/1231/1231 1232/1232/1232 1233/1233/1233
f 1234/1234/1234 1235/1235/1235 1236/1236/1236
f 1237/1237/1237 1238/1238/1238 1239/1239/1239
f 1240/1240/1240 1241/1241/1241 1242/1242/1242
f 1243/1243/1243 1244/1244/1244 1245/1245/1245
f 1246/1246/1246 1247/1247/1247 1248/1248/1248
f 1249/1249/1249 1250/1250/1250 1251/1251/1251
f 1252/1252/1252 1253/1253/1253 1254/1254/1254
f 1255/1255/1255 1256/1256/1256 1257/1257/1257
f 1258/1258/1258 1259/1259/1259 1260/1260/1260
f 1261/1261/1261 1262/1262/1262 1263/1263/1263
f 1264/1264/1264 1265/1265/1265 1266/1266/1266
f 1267/1267/1267 1268/1268/1268 1269/1269/1269
f 1270/1270/1270 1271/1271/1271 1272/1272/1272
f 1273/1273/1273 1274/1274/1274 1275/1275/1275
f 1276/1276/1276 1277/1277/1277 1278/1278/1278
f 1279/1279/1279 1280/1280/1280 1281/1281/1281
f 1282/1282/1282 1283/1283/1283 1284/1284/1284
f 1285/1285/1285 1286/1286/1286 1287/1287/1287
f 1288/1288/1288 1289/1289/1289 1290/1290/1290
f 1291/1291/1291 1292/1292/1292 1293/1293/1293
f 1294/1294/1294 1295/1295/1295 1296/1296/1296
f 1297/1297/1297 1298/1298/1298 1299/1299/1299
f 1300/1300/1300 1301/1301/1301 1302/1302/1302
f 1303/1303/1303 1304/1304/1304 1305/1305/1305
f 1306/1306/1306 1307/1307/1307 1308/1308/1308
f 1309/1309/1309 1310/1310/1310 1311/1311/1311
f 1312/1312/1312 1313/1313/1313 1314/1314/1314
f 1315/1315/1315 1316/1316/1316 1317/1317/1317
f 1318/1318/1318 1319/1319/1319 1320/1320/1320
f 1321/1321/1321 1322/1322/1322 1323/1323/1323
f 1324/1324/1324 1325/1325/1325 1326/1326/1326
f 1327/1327/1327 1328/1328/1328 1329/1329/1329
f 1330/1330/1330 1331/1331/1331 1332/1332/1332
f 1333/1333/1333 1334/1334/1334 1335/1335/1335
f 1336/1336/1336 1337/1337/1337 1338/1338/1338
f 1339/1339/1339 1340/1340/1340 1341/1341/1341
f 1342/1342/1342 1343/1343/1343 1344/1344/1344
f 1345/1345/1345 1346/1346/1346 1347/1347/1347
f 1348/1348/1348 1349/1349/1349 1350/1350/1350
f 1351/1351/1351 1352/1352/1352 1353/1353/1353
f 1354/1354/1354 1355/1355/1355 1356/1356/1356
f 1357/1357/1357 1358/1358/1358 1359/1359/1359
f 1360/1360/1360 1361/1361/1361 1362/1362/1362
f 1363/1363/1363 1364/1364/1364 1365/1365/1365
f 1366/1366/1366 1367/1367/1367 1368/1368/1368
f 1369/1369/1369 1370/1370/1370 1371/1371/1371
f 1372/1372/1372 1373/1373/1373 1374/1374/1374
f 1375/1375/1375 1376/1376/1376 1377/1377/1377
f 1378/1378/1378 1379/1379/1379 1380/1380/1380
f 1381/1381/1381 1382/1382/1382 1383/1383/1383
f 1384/1384/1384 1385/1385/1385 1386/1386/1386
f 1387/1387/1387 1388/1388/1388 1389/1389/1389
f 1390/1390/1390 1391/1391/1391 1392/1392/1392
f 1393/1393/1393 1394/1394/1394 1395/1395/1395
f 1396/1396/1396 1397/1397/1397 1398/1398/1398
f 1399/1399/1399 1400/1400/1400 1401/1401/1401
f 1402/1402/1402 1403/1403/1403 1404/1404/1404
f 1405/1405/1405 1406/1406/1406 1407/1407/1407
f 1408/1408/1408 1409/1409/1409 1410/1410/1410
f 1411/1411/1411 1412/1412/1412 1413/1413/1413
f 1414/1414/1414 1415/1415/1415 1416/1416/1416
f 1417/1417/1417 1418/1418/1418 1419/1419/1419
f 1420/1420/1420 1421/1421/1421 1422/1422/1422
f 1423/1423/1423 1424/1424/1424 1425/1425/1425
f 1426/1426/1426 1427/1427/1427 1428/1428/1428
f 1429/1429/1429 1430/1430/1430 1431/1431/1431
f 1432/1432/1432 1433/1433/1433 1434/1434/1434
f 1435/1435/1435 1436/1436/1436 1437/1437/1437
f 1438/1438/1438 1439/1439/1439 1440/1440/1440
f 1441/1441/1441 1442/1442/1442 1443/1443/1443
f 1444/1444/1444 1445/1445/1445 1446/1446/1446
f 1447/1447/1447 1448/1448/1448 1449/1449/1449
f 1450/1450/1450 1451/1451/1451 1452/1452/1452
f 1453/1453/1453 1454/1454/1454 1455/1455/1455
f 1456/1456/1456 1457/1457/1457 1458/1458/1458
f 1459/1459/1459 1460/1460/1460 1461/1461/1461
f 1462/1462/1462 1463/1463/1463 1464/1464/1464
f 1465/1465/1465 1466/1466/1466 1467/1467/1467
f 1468/1468/1468 1469/1469/1469 1470/1470/1470
f 1471/1471/1471 1472/1472/1472 1473/1473/1473
f 1474/1474/1474 1475/1475/1475 1476/1476/1476
f 1477/1477/1477 1478/1478/1478 1479/1479/1479
f 1480/1480/1480 1481/1481/1481 1482/1482/1482
f 1483/1483/1483 1484/1484/1484 1485/1485/1485
f 1486/1486/1486 1487/1487/1487 1488/1488/1488
f 1489/1489/1489 1490/1490/1490 1491/1491/1491
f 1492/1492/1492 1493/1493/1493 1494/1494/1494
f 1495/1495/1495 1496/1496/1496 1497/1497/1497
f 1498/1498/1498 1499/1499/1499 1500/1500/1500
f 1501/1501/1501 1502/1502/1502 1503/1503/1503
f 1504/1504/1504 1505/1505/1505 1506/1506/1506
f 1507/1507/1507 1508/1508/1508 1509/1509/1509
f 1510/1510/1510 1511/1511/1511 1512/1512/1512
f 1513/1513/1513 1514/1514/1514 1515/1515/1515
f 1516/1516/1516 1517/1517/1517 1518/1518/1518
f 1519/1519/1519 1520/1520/1520 1521/1521/1521
f 1522/1522/1522 1523/1523/1523 1524/1524/1524
f 1525/1525/1525 1526/1526/1526 1527/1527/1527
f 1528/1528/1528 1529/1529/1529 1530/1530/1530
f 1531/1531/1531 1532/1532/1532 1533/1533/1533
f 1534/1534/1534 1535/1535/1535 1536/1536/1536
f 1537/1537/1537 1538/1538/1538 1539/1539/1539
f 1540/1540/1540 1541/1541/1541 1542/1542/1542
f 1543/1543/1543 1544/1544/1544 1545/1545/1545
f 1546/1546/1546 1547/1547/1547 1548/1548/1548
f 1549/1549/1549 1550/1550/1550 1551/1551/1551
f 1552/1552/1552 1553/1553/1553 1554/1554/1554
f 1555/1555/1555 1556/1556/1556 1557/1557/1557
f 1558/1558/1558 1559/1559/1559 1560/1560/1560
f 1561/1561/1561 1562/1562/1562 1563/1563/1563
f 1564/1564/1564 1565/1565/1565 1566/1566/1566
f 1567/1567/1567 1568/1568/1568 1569/1569/1569
f 1570/1570/1570 1571/1571/1571 1572/1572/1572
f 1573/1573/1573 1574/1574/1574 1575/1575/1575
f 1576/1576/1576 1577/1577/1577 1578/1578/1578
f 1579/1579/1579 1580/1580/1580 1581/1581/1581
f 1582/1582/1582 1583/1583/1583 1584/1584/1584
f 1585/1585/1585 1586/1586/1586 1587/1587/1587
f 1588/1588/1588 1589/1589/1589 1590/1590/1590
f 1591/1591/1591 1592/1592/1592 1593/1593/1593
f 1594/1594/1594 1595/1595/1595 1596/1596/1596
f 1597/1597/1597 1598/1598/1598 1599/1599/1599
f 1600/1600/1600 1601/1601/1601 1602/1602/1602
f 1603/1603/1603 1604/1604/1604 1605/1605/1605
f 1606/1606/1606 1607/1607/1607 1608/1608/1608
f 1609/1609/1609 1610/1610/1610 1611/1611/1611
f 1612/1612/1612 1613/1613/1613 1614/1614/1614
f 1615/1615/1615 1616/1616/1616 1617/1617/1617
f 1618/1618/1618 1619/1619/1619 1620/1620/1620
f 1621/1621/1621 1622/1622/1622 1623/1623/1623
f 1624/1624/1624 1625/1625/1625 1626/1626/1626
f 1627/1627/1627 1628/1628/1628 1629/1629/1629
f 1630/1630/1630 1631/1631/1631 1632/1632/1632
f 1633/1633/1633 1634/1634/1634 1635/1635/1635
f 1636/1636/1636 1637/1637/1637 1638/1638/1638
f 1639/1639/1639 1640/1640/1640 1641/1641/1641
f 1642/1642/1642 1643/1643/1643 1644/1644/1644
f 1645/1645/1645 1646/1646/1646 1647/1647/1647
f 1648/1648/1648 1649/1649/1649 1650/1650/1650
f 1651/1651/1651 1652/1652/1652 1653/1653/1653
f 1654/1654/1654 1655/1655/1655 1656/1656/1656
f 1657/1657/1657 1658/1658/1658 1659/1659/1659
f 1660/1660/1660 1661/1661/1661 1662/1662/1662
f 1663/1663/1663 1664/1664/1664 1665/1665/1665
f 1666/1666/1666 1667/1667/1667 1668/1668/1668
f 1669/1669/1669 1670/1670/1670 1671/1671/1671
f 1672/1672/1672 1673/1673/1673 1674/1674/1674
f 1675/1675/1675 1676/1676/1676 1677/1677/1677
f 1678/1678/1678 1679/1679/1679 1680/1680/1680
f 1681/1681/1681 1682/1682/1682 1683/1683/1683
f 1684/1684/1684 1685/1685/1685 1686/1686/1686
f 1687/1687/1687 1688/1688/1688 1689/1689/1689
f 1690/1690/1690 1691/1691/1691 1692/1692/1692
f 1693/1693/1693 1694/1694/1694 1695/1695/1695
f 1696/1696/1696 1697/1697/1697 1698/1698/1698
f 1699/1699/1699 1700/1700/1700 1701/1701/1701
f 1702/1702/1702 1703/1703/1703 1704/1704/1704
f 1705/1705/1705 1706/1706/1706 1707/1707/1707
f 1708/1708/1708 1709/1709/1709 1710/1710/1710
f 1711/1711/1711 1712/1712/1712 1713/1713/1713
f 1714/1714/1714 1715/1715/1715 1716/1716/1716
f 1717/1717/1717 1718/1718/1718 1719/1719/1719
f 1720/1720/1720 1721/1721/1721 1722/1722/1722
f 1723/1723/1723 1724/1724/1724 1725/1725/1725
f 1726/1726/1726 1727/1727/1727 1728/1728/1728
f 1729/1729/1729 1730/1730/1730 1731/1731/1731
f 1732/1732/1732 1733/1733/1733 1734/1734/1734
f 1735/1735/1735 1736/1736/1736 1737/1737/1737
f 1738/1738/1738 1739/1739/1739 1740/1740/1740
f 1741/1741/1741 1742/1742/1742 1743/1743/1743
f 1744/1744/1744 1745/1745/1745 1746/1746/1746
f 1747/1747/1747 1748/1748/1748 1749/1749/1749
f 1750/1750/1750 1751/1751/1751 1752/1752/1752
f 1753/1753/1753 1754/1754/1754 1755/1755/1755
f 1756/1756/1756 1757/1757/1757 1758/1758/1758
f 1759/1759/1759 1760/1760/1760 1761/1761/1761
f 1762/1762/1762 1763/1763/1763 1764/1764/1764
f 1765/1765/1765 1766/1766/1766 1767/1767/1767
f 1768/1768/1768 1769/1769/1769 1770/1770/1770
f 1771/1771/1771 1772/1772/1772 1773/1773/1773
f 1774/1774/1774 1775/1775/1775 1776/1776/1776
f 1777/1777/1777 1778/1778/1778 1779/1779/1779
f 1780/1780/1780 1781/1781/1781 1782/1782/1782
f 1783/1783/1783 1784/1784/1784 1785/1785/1785
f 1786/1786/1786 1787/1787/1787 1788/1788/1788
f 1789/1789/1789 1790/1790/1790 1791/1791/1791
f 1792/1792/1792 1793/1793/1793 1794/1794/1794
f 1795/1795/1795 1796/1796/1796 1797/1797/1797
f 1798/1798/1798 1799/1799/1799 1800/1800/1800
f 1801/1801/1801 1802/1802/1802 1803/1803/1803
f 1804/1804/1804 1805/1805/1805 1806/1806/1806
f 1807/1807/1807 1808/1808/1808 1809/1809/1809
f 1810/1810/1810 1811/1811/1811 1812/1812/1812
f 1813/1813/1813 1814/1814/1814 1815/1815/1815
f 1816/1816/1816 1817/1817/1817 1818/1818/1818
f 1819/1819/1819 1820/1820/1820 1821/1821/1821
f 1822/1822/1822 1823/1823/1823 1824/1824/1824
f 1825/1825/1825 1826/1826/1826 1827/1827/1827
f 1828/1828/1828 1829/1829/1829 1830/1830/1830
f 1831/1831/1831 1832/1832/1832 1833/1833/1833
f 1834/1834/1834 1835/1835/1835 1836/1836/1836
f 1837/1837/1837 1838/1838/1838 1839/1839/1839
f 1840/1840/1840 1841/1841/1841 1842/1842/1842
f 1843/1843/1843 1844/1844/1844 1845/1845/1845
f 1846/1846/1846 1847/1847/1847 1848/1848/1848
f 1849/1849/1849 1850/1850/1850 1851/1851/1851
f 1852/1852/1852 1853/1853/1853 1854/1854/1854
f 1855/1855/1855 1856/1856/1856 1857/1857/1857
f 1858/1858/1858 1859/1859/1859 1860/1860/1860
f 1861/1861/1861 1862/1862/1862 1863/1863/1863
f 1864/1864/1864 1865/1865/1865 1866/1866/1866
f 1867/1867/1867 1868/1868/1868 1869/1869/1869
f 1870/1870/1870 1871/1871/1871 1872/1872/1872
f 1873/1873/1873 1874/1874/1874 1875/1875/1875
f 1876/1876/1876 1877/1877/1877 1878/1878/1878
f 1879/1879/1879 1880/1880/1880 1881/1881/1881
f 1882/1882/1882 1883/1883/1883 1884/1884/1884
f 1885/1885/1885 1886/1886/1886 1887/1887/1887
f 1888/1888/1888 1889/1889/1889 1890/1890/1890
f 1891/1891/1891 1892/1892/1892 1893/1893/1893
f 1894/1894/1894 1895/1895/1895 1896/1896/1896
f 1897/1897/1897 1898/1898/1898 1899/1899/1899
f 1900/1900/1900 1901/1901/1901 1902/1902/1902
f 1903/1903/1903 1904/1904/1904 1905/1905/1905
f 1906/1906/1906 1907/1907/1907 1908/1908/1908
f 1909/1909/1909 1910/1910/1910 1911/1911/1911
f 1912/1912/1912 1913/1913/1913 1914/1914/1914
f 1915/1915/1915 1916/1916/1916 1917/1917/1917
f 1918/1918/1918 1919/1919/1919 1920/1920/1920
f 1921/1921/1921 1922/1922/1922 1923/1923/1923
f 1924/1924/1924 1925/1925/1925 1926/1926/1926
f 1927/1927/1927 1928/1928/1928 1929/1929/1929
f 1930/1930/1930 1931/1931/1931 1932/1932/1932
f 1933/1933/1933 1934/1934/1934 1935/1935/1935
f 1936/1936/1936 1937/1937/1937 1938/1938/1938
f 1939/1939/1939 1940/1940/1940 1941/1941/1941
f 1942/1942/1942 1943/1943/1943 1944/1944/1944
f 1945/1945/1945 1946/1946/1946 1947/1947/1947
f 1948/1948/1948 1949/1949/1949 1950/1950/1950
f 1951/1951/1951 1952/1952/1952 1953/1953/1953
f 1954/1954/1954 1955/1955/1955 1956/1956/1956
f 1957/1957/1957 1958/1958/1958 1959/1959/1959
f 1960/1960/1960 1961/1961/1961 1962/1962/1962
f 1963/1963/1963 1964/1964/1964 1965/1965/1965
f 1966/1966/1966 1967/1967/1967 1968/1968/1968
f 1969/1969/1969 1970/1970/1970 1971/1971/1971
f 1972/1972/1972 1973/1973/1973 1974/1974/1974
f 1975/1975/1975 1976/1976/1976 1977/1977/1977
f 1978/1978/1978 1979/1979/1979 1980/1980/1980
f 1981/1981/1981 1982/1982/1982 1983/1983/1983
f 1984/1984/1984 1985/1985/1985 1986/1986/1986
f 1987/1987/1987 1988/1988/1988 1989/1989/1989
f 1990/1990/1990 1991/1991/1991 1992/1992/1992
f 1993/1993/1993 1994/1994/1994 1995/1995/1995
f 1996/1996/1996 1997/1997/1997 1998/1998/1998
f 1999/1999/1999 2000/2000/2000 2001/2001/2001
f 2002/2002/2002 2003/2003/2003 2004/2004/2004
f 2005/2005/2005 2006/2006/2006 2007/2007/2007
f 2008/2008/2008 2009/2009/2009 2010/2010/2010
f 2011/2011/2011 2012/2012/2012 2013/2013/2013
f 2014/2014/2014 2015/2015/2015 2016/2016/2016
f 2017/2017/2017 2018/2018/2018 2019/2019/2019
f 2020/2020/2020 2021/2021/2021 2022/2022/2022
f 2023/2023/2023 2024/2024/2024 2025/2025/2025
f 2026/2026/2026 2027/2027/2027 2028/2028/2028
f 2029/2029/2029 2030/2030/2030 2031/2031/2031
f 2032/2032/2032 2033/2033/2033 2034/2034/2034
f 2035/2035/2035 2036/2036/2036 2037/2037/2037
f 2038/2038/2038 2039/2039/2039 2040/2040/2040
f 2041/2041/2041 2042/2042/2042 2043/2043/2043
f 2044/2044/2044 2045/2045/2045 2046/2046/2046
f 2047/2047/2047 2048/2048/2048 2049/2049/2049
f 2050/2050/2050 2051/2051/2051 2052/2052/2052
f 2053/2053/2053 2054/2054/2054 2055/2055/2055
f 2056/2056/2056 2057/2057/2057 2058/2058/2058
f 2059/2059/2059 2060/2060/2060 2061/2061/2061
f 2062/2062/2062 2063/2063/2063 2064/2064/2064
f 2065/2065/2065 2066/2066/2066 2067/2067/2067
f 2068/2068/2068 2069/2069/2069 2070/2070/2070
f 2071/2071/2071 2072/2072/2072 2073/2073/2073
f 2074/2074/2074 2075/2075/2075 2076/2076/2076
f 2077/2077/2077 2078/2078/2078 2079/2079/2079
f 2080/2080/2080 2081/2081/2081 2082/2082/2082
f 2083/2083/2083 2084/2084/2084 2085/2085/2085
f 2086/2086/2086 2087/2087/2087 2088/2088/2088
f 2089/2089/2089 2090/2090/2090 2091/2091/2091
f 2092/2092/2092 2093/2093/2093 2094/2094/2094
f 2095/2095/2095 2096/2096/2096 2097/2097/2097
f 2098/2098/2098 2099/2099/2099 2100/2100/2100
f 2101/2101/2101 2102/2102/2102 2103/2103/2103
f 2104/2104/2104 2105/2105/2105 2106/2106/2106
f 2107/2107/2107 2108/2108/2108 2109/2109/2109
f 2110/2110/2110 2111/2111/2111 2112/2112/2112
f 2113/2113/2113 2114/2114/2114 2115/2115/2115
f 2116/2116/2116 2117/2117/2117 2118/2118/2118
f 2119/2119/2119 2120/2120/2120 2121/2121/2121
f 2122/2122/2122 2123/2123/2123 2124/2124/2124
f 2125/2125/2125 2126/2126/2126 2127/2127/2127
f 2128/2128/2128 2129/2129/2129 2130/2130/2130
f 2131/2131/2131 2132/2132/2132 2133/2133/2133
f 2134/2134/2134 2135/2135/2135 2136/2136/2136
f 2137/2137/2137 2138/2138/2138 2139/2139/2139
f 2140/2140/2140 2141/2141/2141 2142/2142/2142
f 2143/2143/2143 2144/2144/2144 2145/2145/2145
f 2146/2146/2146 2147/2147/2147 2148/2148/2148
f 2149/2149/2149 2150/2150/2150 2151/2151/2151
f 2152/2152/2152 2153/2153/2153 2154/2154/2154
f 2155/2155/2155 2156/2156/2156 2157/2157/2157
f 2158/2158/2158 2159/2159/2159 2160/2160/2160
f 2161/2161/2161 2162/2162/2162 2163/2163/2163
f 2164/2164/2164 2165/2165/2165 2166/2166/2166
f 2167/2167/2167 2168/2168/2168 2169/2169/2169
f 2170/2170/2170 2171/2171/2171 2172/2172/2172
f 2173/2173/2173 2174/2174/2174 2175/2175/2175
f 2176/2176/2176 2177/2177/2177 2178/2178/2178
f 2179/2179/2179 2180/2180/2180 2181/2181/2181
f 2182/2182/2182 2183/2183/2183 2184/2184/2184
f 2185/2185/2185 2186/2186/2186 2187/2187/2187
f 2188/2188/2188 2189/2189/2189 2190/2190/2190
f 2191/2191/2191 2192/2192/2192 2193/2193/2193
f 2194/2194/2194 2195/2195/2195 2196/2196/2196
f 2197/2197/2197 2198/2198/2198 2199/2199/2199
f 2200/2200/2200 2201/2201/2201 2202/2202/2202
f 2203/2203/2203 2204/2204/2204 2205/2205/2205
f 2206/2206/2206 2207/2207/2207 2208/2208/2208
f 2209/2209/2209 2210/2210/2210 2211/2211/2211
f 2212/2212/2212 2213/2213/2213 2214/2214/2214
f 2215/2215/2215 2216/2216/2216 2217/2217/2217
f 2218/2218/2218 2219/2219/2219 2220/2220/2220
f 2221/2221/2221 2222/2222/2222 2223/2223/2223
f 2224/2224/2224 2225/2225/2225 2226/2226/2226
f 2227/2227/2227 2228/2228/2228 2229/2229/2229
f 2230/2230/2230 2231/2231/2231 2232/2232/2232
f 2233/2233/2233 2234/2234/2234 2235/2235/2235
f 2236/2236/2236 2237/2237/2237 2238/2238/2238
f 2239/2239/2239 2240/2240/2240 2241/2241/2241
f 2242/2242/2242 2243/2243/2243 2244/2244/2244
f 2245/2245/2245 2246/2246/2246 2247/2247/2247
f 2248/2248/2248 2249/2249/2249 2250/2250/2250
f 2251/2251/2251 2252/2252/2252 2253/2253/2253
f 2254/2254/2254 2255/2255/2255 2256/2256/2256
f 2257/2257/2257 2258/2258/2258 2259/2259/2259
f 2260/2260/2260 2261/2261/2261 2262/2262/2262
f 2263/2263/2263 2264/2264/2264 2265/2265/2265
f 2266/2266/2266 2267/2267/2267 2268/2268/2268
f 2269/2269/2269 2270/2270/2270 2271/2271/2271
f 2272/2272/2272 2273/2273/2273 2274/2274/2274
f 2275/2275/2275 2276/2276/2276 2277/2277/2277
f 2278/2278/2278 2279/2279/2279 2280/2280/2280
f 2281/2281/2281 2282/2282/2282 2283/2283/2283
f 2284/2284/2284 2285/2285/2285 2286/2286/2286
f 2287/2287/2287 2288/2288/2288 2289/2289/2289
f 2290/2290/2290 2291/2291/2291 2292/2292/2292
f 2293/2293/2293 2294/2294/2294 2295/2295/2295
f 2296/2296/2296 2297/2297/2297 2298/2298/2298
f 2299/2299/2299 2300/2300/2300 2301/2301/2301
f 2302/2302/2302 2303/2303/2303 2304/2304/2304
f 2305/2305/2305 2306/2306/2306 2307/2307/2307
f 2308/2308/2308 2309/2309/2309 2310/2310/2310
f 2311/2311/2311 2312/2312/2312 2313/2313/2313
f 2314/2314/2314 2315/2315/2315 2316/2316/2316
f 2317/2317/2317 2318/2318/2318 2319/2319/2319
f 2320/2320/2320 2321/2321/2321 2322/2322/2322
f 2323/2323/2323 2324/2324/2324 2325/2325/2325
f 2326/2326/2326 2327/2327/2327 2328/2328/2328
f 2329/2329/2329 2330/2330/2330 2331/2331/2331
f 2332/2332/2332 2333/2333/2333 2334/2334/2334
f 2335/2335/2335 2336/2336/2336 2337/2337/2337
f 2338/2338/2338 2339/2339/2339 2340/2340/2340
f 2341/2341/2341 2342/2342/2342 2343/2343/2343
f 2344/2344/2344 2345/2345/2345 2346/2346/2346
f 2347/2347/2347 2348/2348/2348 2349/2349/2349
f 2350/2350/2350 2351/2351/2351 2352/2352/2352
f 2353/2353/2353 2354/2354/2354 2355/2355/2355
f 2356/2356/2356 2357/2357/2357 2358/2358/2358
f 2359/2359/2359 2360/2360/2360 2361/2361/2361
f 2362/2362/2362 2363/2363/2363 2364/2364/2364
f 2365/2365/2365 2366/2366/2366 2367/2367/2367
f 2368/2368/2368 2369/2369/2369 2370/2370/2370
f 2371/2371/2371 2372/2372/2372 2373/2373/2373
f 2374/2374/2374 2375/2375/2375 2376/2376/2376
f 2377/2377/2377 2378/2378/2378 2379/2379/2379
f 2380/2380/2380 2381/2381/2381 2382/2382/2382
f 2383/2383/2383 2384/2384/2384 2385/2385/2385
f 2386/2386/2386 2387/2387/2387 2388/2388/2388
f 2389/2389/2389 2390/2390/2390 2391/2391/2391
f 2392/2392/2392 2393/2393/2393 2394/2394/2394
f 2395/2395/2395 2396/2396/2396 2397/2397/2397
f 2398/2398/2398 2399/2399/2399 2400/2400/2400
f 2401/2401/2401 2402/2402/2402 2403/2403/2403
f 2404/2404/2404 2405/2405/2405 2406/2406/2406
f 2407/2407/2407 2408/2408/2408 2409/2409/2409
f 2410/2410/2410 2411/2411/2411 2412/2412/2412
f 2413/2413/2413 2414/2414/2414 2415/2415/2415
f 2416/2416/2416 2417/2417/2417 2418/2418/2418
f 2419/2419/2419 2420/2420/2420 2421/2421/2421
f 2422/2422/2422 2423/2423/2423 2424/2424/2424
f 2425/2425/2425 2426/2426/2426 2427/2427/2427
f 2428/2428/2428 2429/2429/2429 2430/2430/2430
f 2431/2431/2431 2432/2432/2432 2433/2433/2433
f 2434/2434/2434 2435/2435/2435 2436/2436/2436
f 2437/2437/2437 2438/2438/2438 2439/2439/2439
f 2440/2440/2440 2441/2441/2441 2442/2442/2442
f 2443/2443/2443 2444/2444/2444 2445/2445/2445
f 2446/2446/2446 2447/2447/2447 2448/2448/2448
f 2449/2449/2449 2450/2450/2450 2451/2451/2451
f 2452/2452/2452 2453/2453/2453 2454/2454/2454
f 2455/2455/2455 2456/2456/2456 2457/2457/2457
f 2458/2458/2458 2459/2459/2459 2460/2460/2460
f 2461/2461/2461 2462/2462/2462 2463/2463/2463
f 2464/2464/2464 2465/2465/2465 2466/2466/2466
f 2467/2467/2467 2468/2468/2468 2469/2469/2469
f 2470/2470/2470 2471/2471/2471 2472/2472/2472
f 2473/2473/2473 2474/2474/2474 2475/2475/2475
f 2476/2476/2476 2477/2477/2477 2478/2478/2478
f 2479/2479/2479 2480/2480/2480 2481/2481/2481
f 2482/2482/2482 2483/2483/2483 2484/2484/2484
f 2485/2485/2485 2486/2486/2486 2487/2487/2487
f 2488/2488/2488 2489/2489/2489 2490/2490/2490
f 2491/2491/2491 2492/2492/2492 2493/2493/2493
f 2494/2494/2494 2495/2495/2495 2496/2496/2496
f 2497/2497/2497 2498/2498/2498 2499/2499/2499
f 2500/2500/2500 2501/2501/2501 2502/2502/2502
f 2503/2503/2503 2504/2504/2504 2505/2505/2505
f 2506/2506/2506 2507/2507/2507 2508/2508/2508
f 2509/2509/2509 2510/2510/2510 2511/2511/2511
f 2512/2512/2512 2513/2513/2513 2514/2514/2514
f 2515/2515/2515 2516/2516/2516 2517/2517/2517
f 2518/2518/2518 2519/2519/2519 2520/2520/2520
f 2521/2521/2521 2522/2522/2522 2523/2523/2523
f 2524/2524/2524 2525/2525/2525 2526/2526/2526
f 2527/2527/2527 2528/2528/2528 2529/2529/2529
f 2530/2530/2530 2531/2531/2531 2532/2532/2532
f 2533/2533/2533 2534/2534/2534 2535/2535/2535
f 2536/2536/2536 2537/2537/2537 2538/2538/2538
f 2539/2539/2539 2540/2540/2540 2541/2541/2541
f 2542/2542/2542 2543/2543/2543 2544/2544/2544
f 2545/2545/2545 2546/2546/2546 2547/2547/2547
f 2548/2548/2548 2549/2549/2549 2550/2550/2550
f 2551/2551/2551 2552/2552/2552 2553/2553/2553
f 2554/2554/2554 2555/2555/2555 2556/2556/2556
f 2557/2557/2557 2558/2558/2558 2559/2559/2559
f 2560/2560/2560 2561/2561/2561 2562/2562/2562
f 2563/2563/2563 2564/2564/2564 2565/2565/2565
f 2566/2566/2566 2567/2567/2567 2568/2568/2568
f 2569/2569/2569 2570/2570/2570 2571/2571/2571
f 2572/2572/2572 2573/2573/2573 2574/2574/2574
f 2575/2575/2575 2576/2576/2576 2577/2577/2577
f 2578/2578/2578 2579/2579/2579 2580/2580/2580
f 2581/2581/2581 2582/2582/2582 2583/2583/2583
f 2584/2584/2584 2585/2585/2585 2586/2586/2586
f 2587/2587/2587 2588/2588/2588 2589/2589/2589
f 2590/2590/2590 2591/2591/2591 2592/2592/2592
f 2593/2593/2593 2594/2594/2594 2595/2595/2595
f 2596/2596/2596 2597/2597/2597 2598/2598/2598
f 2599/2599/2599 2600/2600/2600 2601/2601/2601
f 2602/2602/2602 2603/2603/2603 2604/2604/2604
f 2605/2605/2605 2606/2606/2606 2607/2607/2607
f 2608/2608/2608 2609/2609/2609 2610/2610/2610
f 2611/2611/2611 2612/2612/2612 2613/2613/2613
f 2614/2614/2614 2615/2615/2615 2616/2616/2616
f 2617/2617/2617 2618/2618/2618 2619/2619/2619
f 2620/2620/2620 2621/2621/2621 2622/2622/2622
f 2623/2623/2623 2624/2624/2624 2625/2625/2625
f 2626/2626/2626 2627/2627/2627 2628/2628/2628
f 2629/2629/2629 2630/2630/2630 2631/2631/2631
f 2632/2632/2632 2633/2633/2633 2634/2634/2634
f 2635/2635/2635 2636/2636/2636 2637/2637/2637
f 2638/2638/2638 2639/2639/2639 2640/2640/2640
f 2641/2641/2641 2642/2642/2642 2643/2643/2643
f 2644/2644/2644 2645/2645/2645 2646/2646/2646
f 2647/2647/2647 2648/2648/2648 2649/2649/2649
f 2650/2650/2650 2651/2651/2651 2652/2652/2652
f 2653/2653/2653 2654/2654/2654 2655/2655/2655
f 2656/2656/2656 2657/2657/2657 2658/2658/2658
f 2659/2659/2659 2660/2660/2660 2661/2661/2661
f 2662/2662/2662 2663/2663/2663 2664/2664/2664
f 2665/2665/2665 2666/2666/2666 2667/2667/2667
f 2668/2668/2668 2669/2669/2669 2670/2670/2670
f 2671/2671/2671 2672/2672/2672 2673/2673/2673
f 2674/2674/2674 2675/2675/2675 2676/2676/2676
f 2677/2677/2677 2678/2678/2678 2679/2679/2679
f 2680/2680/2680 2681/2681/2681 2682/2682/2682
f 2683/2683/2683 2684/2684/2684 2685/2685/2685
f 2686/2686/2686 2687/2687/2687 2688/2688/2688
f 2689/2689/2689 2690/2690/2690 2691/2691/2691
f 2692/2692/2692 2693/2693/2693 2694/2694/2694
f 2695/2695/2695 2696/2696/2696 2697/2697/2697
f 2698/2698/2698 2699/2699/2699 2700/2700/2700
f 2701/2701/2701 2702/2702/2702 2703/2703/2703
f 2704/2704/2704 2705/2705/2705 2706/2706/2706
f 2707/2707/2707 2708/2708/2708 2709/2709/2709
f 2710/2710/2710 2711/2711/2711 2712/2712/2712
f 2713/2713/2713 2714/2714/2714 2715/2715/2715
f 2716/2716/2716 2717/2717/2717 2718/2718/2718
f 2719/2719/2719 2720/2720/2720 2721/2721/2721
f 2722/2722/2722 2723/2723/2723 2724/2724/2724
f 2725/2725/2725 2726/2726/2726 2727/2727/2727
f 2728/2728/2728 2729/2729/2729 2730/2730/2730
f 2731/2731/2731 2732/2732/2732 2733/2733/2733
f 2734/2734/2734 2735/2735/2735 2736/2736/2736
f 2737/2737/2737 2738/2738/2738 2739/2739/2739
f 2740/2740/2740 2741/2741/2741 2742/2742/2742
f 2743/2743/2743 2744/2744/2744 2745/2745/2745
f 2746/2746/2746 2747/2747/2747 2748/2748/2748
f 2749/2749/2749 2750/2750/2750 2751/2751/2751
f 2752/2752/2752 2753/2753/2753 2754/2754/2754
f 2755/2755/2755 2756/2756/2756 2757/2757/2757
f 2758/2758/2758 2759/2759/2759 2760/2760/2760
f 2761/2761/2761 2762/2762/2762 2763/2763/2763
f 2764/2764/2764 2765/2765/2765 2766/2766/2766
f 2767/2767/2767 2768/2768/2768 2769/2769/2769
f 2770/2770/2770 2771/2771/2771 2772/2772/2772
f 2773/2773/2773 2774/2774/2774 2775/2775/2775
f 2776/2776/2776 2777/2777/2777 2778/2778/2778
f 2779/2779/2779 2780/2780/2780 2781/2781/2781
f 2782/2782/2782 2783/2783/2783 2784/2784/2784
f 2785/2785/2785 2786/2786/2786 2787/2787/2787
f 2788/2788/2788 2789/2789/2789 2790/2790/2790
f 2791/2791/2791 2792/2792/2792 2793/2793/2793
f 2794/2794/2794 2795/2795/2795 2796/2796/2796
f 2797/2797/2797 2798/2798/2798 2799/2799/2799
f 2800/2800/2800 2801/2801/2801 2802/2802/2802
f 2803/2803/2803 2804/2804/2804 2805/2805/2805
f 2806/2806/2806 2807/2807/2807 2808/2808/2808
f 2809/2809/2809 2810/2810/2810 2811/2811/2811
f 2812/2812/2812 2813/2813/2813 2814/2814/2814
f 2815/2815/2815 2816/2816/2816 2817/2817/2817
f 2818/2818/2818 2819/2819/2819 2820/2820/2820
f 2821/2821/2821 2822/2822/2822 2823/2823/2823
f 2824/2824/2824 2825/2825/2825 2826/2826/2826
f 2827/2827/2827 2828/2828/2828 2829/2829/2829
f 2830/2830/2830 2831/2831/2831 2832/2832/2832
f 2833/2833/2833 2834/2834/2834 2835/2835/2835
f 2836/2836/2836 2837/2837/2837 2838/2838/2838
f 2839/2839/2839 2840/2840/2840 2841/2841/2841
f 2842/2842/2842 2843/2843/2843 2844/2844/2844
f 2845/2845/2845 2846/2846/2846 2847/2847/2847
f 2848/2848/2848 2849/2849/2849 2850/2850/2850
f 2851/2851/2851 2852/2852/2852 2853/2853/2853
f 2854/2854/2854 2855/2855/2855 2856/2856/2856
f 2857/2857/2857 2858/2858/2858 2859/2859/2859
f 2860/2860/2860 2861/2861/2861 2862/2862/2862
f 2863/2863/2863 2864/2864/2864 2865/2865/2865
f 2866/2866/2866 2867/2867/2867 2868/2868/2868
f 2869/2869/2869 2870/2870/2870 2871/2871/2871
f 2872/2872/2872 2873/2873/2873 2874/2874/2874
f 2875/2875/2875 2876/2876/2876 2877/2877/2877
f 2878/2878/2878 2879/2879/2879 2880/2880/2880
f 2881/2881/2881 2882/2882/2882 2883/2883/2883
f 2884/2884/2884 2885/2885/2885 2886/2886/2886
f 2887/2887/2887 2888/2888/2888 2889/2889/2889
f 2890/2890/2890 2891/2891/2891 2892/2892/2892
f 2893/2893/2893 2894/2894/2894 2895/2895/2895
f 2896/2896/2896 2897/2897/2897 2898/2898/2898
f 2899/2899/2899 2900/2900/2900 2901/2901/2901
f 2902/2902/2902 2903/2903/2903 2904/2904/2904
f 2905/2905/2905 2906/2906/2906 2907/2907/2907
f 2908/2908/2908 2909/2909/2909 2910/2910/2910
f 2911/2911/2911 2912/2912/2912 2913/2913/2913
f 2914/2914/2914 2915/2915/2915 2916/2916/2916
f 2917/2917/2917 2918/2918/2918 2919/2919/2919
f 2920/2920/2920 2921/2921/2921 2922/2922/2922
f 2923/2923/2923 2924/2924/2924 2925/2925/2925
f 2926/2926/2926 2927/2927/2927 2928/2928/2928
f 2929/2929/2929 2930/2930/2930 2931/2931/2931
f 2932/2932/2932 2933/2933/2933 2934/2934/2934
f 2935/2935/2935 2936/2936/2936 2937/2937/2937
f 2938/2938/2938 2939/2939/2939 2940/2940/2940
f 2941/2941/2941 2942/2942/2942 2943/2943/2943
f 2944/2944/2944 2945/2945/2945 2946/2946/2946
f 2947/2947/2947 2948/2948/2948 2949/2949/2949
f 2950/2950/2950 2951/2951/2951 2952/2952/2952
f 2953/2953/2953 2954/2954/2954 2955/2955/2955
f 2956/2956/2956 2957/2957/2957 2958/2958/2958
f 2959/2959/2959 2960/2960/2960 2961/2961/2961
f 2962/2962/2962 2963/2963/2963 2964/2964/2964
f 2965/2965/2965 2966/2966/2966 2967/2967/2967
f 2968/2968/2968 2969/2969/2969 2970/2970/2970
f 2971/2971/2971 2972/2972/2972 2973/2973/2973
f 2974/2974/2974 2975/2975/2975 2976/2976/2976
f 2977/2977/2977 2978/2978/2978 2979/2979/2979
f 2980/2980/2980 2981/2981/2981 2982/2982/2982
f 2983/2983/2983 2984/2984/2984 2985/2985/2985
f 2986/2986/2986 2987/2987/2987 2988/2988/2988
f 2989/2989/2989 2990/2990/2990 2991/2991/2991
f 2992/2992/2992 2993/2993/2993 2994/2994/2994
f 2995/2995/2995 2996/2996/2996 2997/2997/2997
f 2998/2998/2998 2999/2999/2999 3000/3000/3000
f 3001/3001/3001 3002/3002/3002 3003/3003/3003
f 3004/3004/3004 3005/3005/3005 3006/3006/3006
f 3007/3007/3007 3008/3008/3008 3009/3009/3009
f 3010/3010/3010 3011/3011/3011 3012/3012/3012
f 3013/3013/3013 3014/3014/3014 3015/3015/3015
f 3016/3016/3016 3017/3017/3017 3018/3018/3018
f 3019/3019/3019 3020/3020/3020 3021/3021/3021
f 3022/3022/3022 3023/3023/3023 3024/3024/3024
f 3025/3025/3025 3026/3026/3026 3027/3027/3027
f 3028/3028/3028 3029/3029/3029 3030/3030/3030
f 3031/3031/3031 3032/3032/3032 3033/3033/3033
f 3034/3034/3034 3035/3035/3035 3036/3036/3036
f 3037/3037/3037 3038/3038/3038 3039/3039/3039
f 3040/3040/3040 3041/3041/3041 3042/3042/3042
f 3043/3043/3043 3044/3044/3044 3045/3045/3045
f 3046/3046/3046 3047/3047/3047 3048/3048/3048
f 3049/3049/3049 3050/3050/3050 3051/3051/3051
f 3052/3052/3052 3053/3053/3053 3054/3054/3054
f 3055/3055/3055 3056/3056/3056 3057/3057/3057
f 3058/3058/3058 3059/3059/3059 3060/3060/3060
f 3061/3061/3061 3062/3062/3062 3063/3063/3063
f 3064/3064/3064 3065/3065/3065 3066/3066/3066
f 3067/3067/3067 3068/3068/3068 3069/3069/3069
f 3070/3070/3070 3071/3071/3071 3072/3072/3072
f 3073/3073/3073 3074/3074/3074 3075/3075/3075
f 3076/3076/3076 3077/3077/3077 3078/3078/3078
f 3079/3079/3079 3080/3080/3080 3081/3081/3081
f 3082/3082/3082 3083/3083/3083 3084/3084/3084
f 3085/3085/3085 3086/3086/3086 3087/3087/3087
f 3088/3088/3088 3089/3089/3089 3090/3090/3090
f 3091/3091/3091 3092/3092/3092 3093/3093/3093
f 3094/3094/3094 3095/3095/3095 3096/3096/3096
f 3097/3097/3097 3098/3098/3098 3099/3099/3099
f 3100/3100/3100 3101/3101/3101 3102/3102/3102
f 3103/3103/3103 3104/3104/3104 3105/3105/3105
f 3106/3106/3106 3107/3107/3107 3108/3108/3108
f 3109/3109/3109 3110/3110/3110 3111/3111/3111
f 3112/3112/3112 3113/3113/3113 3114/3114/3114
f 3115/3115/3115 3116/3116/3116 3117/3117/3117
f 3118/3118/3118 3119/3119/3119 3120/3120/3120
f 3121/3121/3121 3122/3122/3122 3123/3123/3123
f 3124/3124/3124 3125/3125/3125 3126/3126/3126
f 3127/3127/3127 3128/3128/3128 3129/3129/3129
f 3130/3130/3130 3131/3131/3131 3132/3132/3132
f 3133/3133/3133 3134/3134/3134 3135/3135/3135
f 3136/3136/3136 3137/3137/3137 3138/3138/3138
f 3139/3139/3139 3140/3140/3140 3141/3141/3141
f 3142/3142/3142 3143/3143/3143 3144/3144/3144
f 3145/3145/3145 3146/3146/3146 3147/3147/3147
f 3148/3148/3148 3149/3149/3149 3150/3150/3150
f 3151/3151/3151 3152/3152/3152 3153/3153/3153
f 3154/3154/3154 3155/3155/3155 3156/3156/3156
f 3157/3157/3157 3158/3158/3158 3159/3159/3159
f 3160/3160/3160 3161/3161/3161 3162/3162/3162
f 3163/3163/3163 3164/3164/3164 3165/3165/3165
f 3166/3166/3166 3167/3167/3167 3168/3168/3168
f 3169/3169/3169 3170/3170/3170 3171/3171/3171
f 3172/3172/3172 3173/3173/3173 3174/3174/3174
f 3175/3175/3175 3176/3176/3176 3177/3177/3177
f 3178/3178/3178 3179/3179/3179 3180/3180/3180
f 3181/3181/3181 3182/3182/3182 3183/3183/3183
f 3184/3184/3184 3185/3185/3185 3186/3186/3186
f 3187/3187/3187 3188/3188/3188 3189/3189/3189
f 3190/3190/3190 3191/3191/3191 3192/3192/3192
f 3193/3193/3193 3194/3194/3194 3195/3195/3195
f 3196/3196/3196 3197/3197/3197 3198/3198/3198
f 3199/3199/3199 3200/3200/3200 3201/3201/3201
f 3202/3202/3202 3203/3203/3203 3204/3204/3204
f 3205/3205/3205 3206/3206/3206 3207/3207/3207
f 3208/3208/3208 3209/3209/3209 3210/3210/3210
f 3211/3211/3211 3212/3212/3212 3213/3213/3213
f 3214/3214/3214 3215/3215/3215 3216/3216/3216
f 3217/3217/3217 3218/3218/3218 3219/3219/3219
f 3220/3220/3220 3221/3221/3221 3222/3222/3222
f 3223/3223/3223 3224/3224/3224 3225/3225/3225
f 3226/3226/3226 3227/3227/3227 3228/3228/3228
f 3229/3229/3229 3230/3230/3230 3231/3231/3231
f 3232/3232/3232 3233/3233/3233 3234/3234/3234
f 3235/3235/3235 3236/3236/3236 3237/3237/3237
f 3238/3238/3238 3239/3239/3239 3240/3240/3240
f 3241/3241/3241 3242/3242/3242 3243/3243/3243
f 3244/3244/3244 3245/3245/3245 3246/3246/3246
f 3247/3247/3247 3248/3248/3248 3249/3249/3249
f 3250/3250/3250 3251/3251/3251 3252/3252/3252
f 3253/3253/3253 3254/3254/3254 3255/3255/3255
f 3256/3256/3256 3257/3257/3257 3258/3258/3258
f 3259/3259/3259 3260/3260/3260 3261/3261/3261
f 3262/3262/3262 3263/3263/3263 3264/3264/3264
f 3265/3265/3265 3266/3266/3266 3267/3267/3267
f 3268/3268/3268 3269/3269/3269 3270/3270/3270
f 3271/3271/3271 3272/3272/3272 3273/3273/3273
f 3274/3274/3274 3275/3275/3275 3276/3276/3276
f 3277/3277/3277 3278/3278/3278 3279/3279/3279
f 3280/3280/3280 3281/3281/3281 3282/3282/3282
f 3283/3283/3283 3284/3284/3284 3285/3285/3285
