# Extracted game/assets/models/station_chunk.obj
v 1.60985 0.90357 21.93690
v 3.55938 0.90357 21.94680
v 3.57148 0.90357 19.56420
v 1.60985 0.90357 21.93690
v 3.57148 0.90357 19.56420
v 1.62623 0.90357 18.71530
v 1.62623 0.90357 18.71530
v 3.57148 0.90357 19.56420
v 3.57509 0.90357 18.85180
v 1.62623 0.90357 18.71530
v 3.57509 0.90357 18.85180
v 3.57575 0.90357 18.72520
v 2.73060 -0.62730 21.94260
v 2.48008 0.32621 21.94140
v 2.74627 -0.62726 18.72100
v 2.74627 -0.62726 18.72100
v 2.48008 0.32621 21.94140
v 2.49573 0.33193 18.71980
v 2.74627 -0.62726 18.72100
v 2.49573 0.33193 18.71980
v 2.51180 0.33444 15.49810
v 2.51180 0.33444 15.49810
v 2.49573 0.33193 18.71980
v 1.64269 0.61326 15.49370
v 2.51180 0.33444 15.49810
v 1.64269 0.61326 15.49370
v 1.65905 0.61852 12.27210
v 1.65905 0.61852 12.27210
v 1.64269 0.61326 15.49370
v 1.65896 0.90357 12.27210
v 1.65905 0.61852 12.27210
v 1.65896 0.90357 12.27210
v 1.67542 0.61326 9.05060
v 1.67542 0.61326 9.05060
v 1.65896 0.90357 12.27210
v 1.67533 0.90357 9.05060
v 1.67542 0.61326 9.05060
v 1.67533 0.90357 9.05060
v 1.69179 0.60789 5.82900
v 1.69179 0.60789 5.82900
v 1.67533 0.90357 9.05060
v 1.69170 0.90357 5.82900
v 1.69179 0.60789 5.82900
v 1.69170 0.90357 5.82900
v 1.70807 0.90357 2.60740
v -2.67481 0.90357 21.91520
v -0.72531 0.90357 21.92510
v -2.66271 0.90357 19.53250
v -2.66271 0.90357 19.53250
v -0.72531 0.90357 21.92510
v -0.70893 0.90357 18.70350
v -2.66271 0.90357 19.53250
v -0.70893 0.90357 18.70350
v -2.65910 0.90357 18.82010
v -2.65910 0.90357 18.82010
v -0.70893 0.90357 18.70350
v -2.65844 0.90357 18.69360
v -0.62708 0.90357 2.59550
v -0.64346 0.90357 5.81710
v -0.64355 0.60789 5.81710
v -0.64355 0.60789 5.81710
v -0.64346 0.90357 5.81710
v -0.65983 0.90357 9.03870
v -0.64355 0.60789 5.81710
v -0.65983 0.90357 9.03870
v -0.65992 0.61326 9.03870
v -0.65992 0.61326 9.03870
v -0.65983 0.90357 9.03870
v -0.67620 0.90357 12.26030
v -0.65992 0.61326 9.03870
v -0.67620 0.90357 12.26030
v -0.67629 0.61852 12.26030
v -0.67629 0.61852 12.26030
v -0.67620 0.90357 12.26030
v -0.69265 0.61326 15.48180
v -0.67629 0.61852 12.26030
v -0.69265 0.61326 15.48180
v -1.56175 0.33444 15.47740
v -1.56175 0.33444 15.47740
v -0.69265 0.61326 15.48180
v -1.57842 0.33193 18.69910
v -1.56175 0.33444 15.47740
v -1.57842 0.33193 18.69910
v -1.82896 -0.62726 18.69780
v -1.82896 -0.62726 18.69780
v -1.57842 0.33193 18.69910
v -1.59550 0.32621 21.92060
v -1.82896 -0.62726 18.69780
v -1.59550 0.32621 21.92060
v -1.84605 -0.62730 21.91940
v 1.64260 0.90357 15.49370
v 1.62623 0.90357 18.71530
v 3.59212 0.90357 15.50360
v 3.59212 0.90357 15.50360
v 1.62623 0.90357 18.71530
v 3.57575 0.90357 18.72520
v 1.67533 0.90357 9.05060
v 1.65896 0.90357 12.27210
v 3.60848 0.90357 12.28200
v 3.60848 0.90357 12.28200
v 1.65896 0.90357 12.27210
v 1.64260 0.90357 15.49370
v 3.60848 0.90357 12.28200
v 1.64260 0.90357 15.49370
v 3.59212 0.90357 15.50360
v 3.65760 0.90357 2.61730
v 1.70807 0.90357 2.60740
v 3.64550 0.90357 4.99990
v 3.64550 0.90357 4.99990
v 1.70807 0.90357 2.60740
v 1.69170 0.90357 5.82900
v 3.64550 0.90357 4.99990
v 1.69170 0.90357 5.82900
v 3.64187 0.90357 5.71230
v 3.64187 0.90357 5.71230
v 1.69170 0.90357 5.82900
v 3.64123 0.90357 5.83890
v 2.82882 -0.62730 2.61310
v 2.57830 0.32621 2.61180
v 3.65760 0.90357 2.61730
v 3.65760 0.90357 2.61730
v 2.57830 0.32621 2.61180
v 1.70817 0.60435 2.60740
v 3.65760 0.90357 2.61730
v 1.70817 0.60435 2.60740
v 1.70807 0.90357 2.60740
v 3.64123 0.90357 5.83890
v 1.69170 0.90357 5.82900
v 3.62485 0.90357 9.06050
v 3.62485 0.90357 9.06050
v 1.69170 0.90357 5.82900
v 1.67533 0.90357 9.05060
v 3.62485 0.90357 9.06050
v 1.67533 0.90357 9.05060
v 3.60848 0.90357 12.28200
v 1.65905 0.61852 12.27210
v 1.67542 0.61326 9.05060
v 2.54453 0.33444 9.05500
v 2.54453 0.33444 9.05500
v 1.67542 0.61326 9.05060
v 2.56151 0.32948 5.83340
v 2.54453 0.33444 9.05500
v 2.56151 0.32948 5.83340
v 2.81205 -0.62728 5.83470
v 2.81205 -0.62728 5.83470
v 2.56151 0.32948 5.83340
v 2.57830 0.32621 2.61180
v 2.81205 -0.62728 5.83470
v 2.57830 0.32621 2.61180
v 2.82882 -0.62730 2.61310
v -2.65844 0.90357 18.69360
v -0.70893 0.90357 18.70350
v -2.64207 0.90357 15.47190
v -2.64207 0.90357 15.47190
v -0.70893 0.90357 18.70350
v -0.69256 0.90357 15.48180
v -2.64207 0.90357 15.47190
v -0.69256 0.90357 15.48180
v -2.62571 0.90357 12.25040
v -2.62571 0.90357 12.25040
v -0.69256 0.90357 15.48180
v -0.67620 0.90357 12.26030
v -2.62571 0.90357 12.25040
v -0.67620 0.90357 12.26030
v -0.65983 0.90357 9.03870
v -0.62708 0.90357 2.59550
v -2.57659 0.90357 2.58560
v -2.58869 0.90357 4.96820
v -0.62708 0.90357 2.59550
v -2.58869 0.90357 4.96820
v -0.64346 0.90357 5.81710
v -0.64346 0.90357 5.81710
v -2.58869 0.90357 4.96820
v -2.59233 0.90357 5.68060
v -0.64346 0.90357 5.81710
v -2.59233 0.90357 5.68060
v -2.59297 0.90357 5.80720
v -0.62708 0.90357 2.59550
v -0.62718 0.60435 2.59550
v -2.57659 0.90357 2.58560
v -2.57659 0.90357 2.58560
v -0.62718 0.60435 2.59550
v -1.49728 0.32621 2.59110
v -2.57659 0.90357 2.58560
v -1.49728 0.32621 2.59110
v -1.74783 -0.62730 2.58980
v -0.65983 0.90357 9.03870
v -0.64346 0.90357 5.81710
v -2.60934 0.90357 9.02880
v -2.60934 0.90357 9.02880
v -0.64346 0.90357 5.81710
v -2.59297 0.90357 5.80720
v -2.62571 0.90357 12.25040
v -0.65983 0.90357 9.03870
v -2.60934 0.90357 9.02880
v -0.62708 0.90357 2.59550
v -0.64355 0.60789 5.81710
v -0.62718 0.60435 2.59550
v -0.62718 0.60435 2.59550
v -0.64355 0.60789 5.81710
v -1.51325 0.32948 5.81270
v -0.62718 0.60435 2.59550
v -1.51325 0.32948 5.81270
v -1.49728 0.32621 2.59110
v -1.49728 0.32621 2.59110
v -1.51325 0.32948 5.81270
v -1.76379 -0.62728 5.81140
v -1.49728 0.32621 2.59110
v -1.76379 -0.62728 5.81140
v -1.74783 -0.62730 2.58980
v 1.60985 0.90357 21.93690
v 1.62623 0.90357 18.71530
v 1.62632 0.61055 18.71530
v 1.60985 0.90357 21.93690
v 1.62632 0.61055 18.71530
v 1.60995 0.60435 21.93690
v 1.60995 0.60435 21.93690
v 1.62632 0.61055 18.71530
v 2.49573 0.33193 18.71980
v 1.60995 0.60435 21.93690
v 2.49573 0.33193 18.71980
v 2.48008 0.32621 21.94140
v -1.59550 0.32621 21.92060
v -1.57842 0.33193 18.69910
v -0.72540 0.60435 21.92510
v -0.72540 0.60435 21.92510
v -1.57842 0.33193 18.69910
v -0.70902 0.61055 18.70350
v -0.72540 0.60435 21.92510
v -0.70902 0.61055 18.70350
v -0.72531 0.90357 21.92510
v -0.72531 0.90357 21.92510
v -0.70902 0.61055 18.70350
v -0.70893 0.90357 18.70350
v 1.65896 0.90357 12.27210
v 1.64269 0.61326 15.49370
v 1.64260 0.90357 15.49370
v 1.64260 0.90357 15.49370
v 1.64269 0.61326 15.49370
v 1.62632 0.61055 18.71530
v 1.64260 0.90357 15.49370
v 1.62632 0.61055 18.71530
v 1.62623 0.90357 18.71530
v 2.79505 -0.62725 9.05630
v 2.77807 -0.62721 12.27780
v 2.52753 0.33929 12.27660
v 2.52753 0.33929 12.27660
v 2.77807 -0.62721 12.27780
v 2.76232 -0.62725 15.49940
v 2.52753 0.33929 12.27660
v 2.76232 -0.62725 15.49940
v 2.51180 0.33444 15.49810
v 2.51180 0.33444 15.49810
v 2.76232 -0.62725 15.49940
v 2.74627 -0.62726 18.72100
v 1.70807 0.90357 2.60740
v 1.70817 0.60435 2.60740
v 1.69179 0.60789 5.82900
v 1.69179 0.60789 5.82900
v 1.70817 0.60435 2.60740
v 2.56151 0.32948 5.83340
v 1.69179 0.60789 5.82900
v 2.56151 0.32948 5.83340
v 1.67542 0.61326 9.05060
v 2.56151 0.32948 5.83340
v 1.70817 0.60435 2.60740
v 2.57830 0.32621 2.61180
v 2.51180 0.33444 15.49810
v 1.65905 0.61852 12.27210
v 2.52753 0.33929 12.27660
v 2.52753 0.33929 12.27660
v 1.65905 0.61852 12.27210
v 2.54453 0.33444 9.05500
v 2.52753 0.33929 12.27660
v 2.54453 0.33444 9.05500
v 2.79505 -0.62725 9.05630
v 2.79505 -0.62725 9.05630
v 2.54453 0.33444 9.05500
v 2.81205 -0.62728 5.83470
v -1.57842 0.33193 18.69910
v -0.69265 0.61326 15.48180
v -0.70902 0.61055 18.70350
v -0.70902 0.61055 18.70350
v -0.69265 0.61326 15.48180
v -0.69256 0.90357 15.48180
v -0.70902 0.61055 18.70350
v -0.69256 0.90357 15.48180
v -0.70893 0.90357 18.70350
v -0.69256 0.90357 15.48180
v -0.69265 0.61326 15.48180
v -0.67620 0.90357 12.26030
v -1.81227 -0.62725 15.47620
v -1.79531 -0.62721 12.25460
v -1.54476 0.33929 12.25590
v -1.54476 0.33929 12.25590
v -1.79531 -0.62721 12.25460
v -1.77954 -0.62725 9.03300
v -1.54476 0.33929 12.25590
v -1.77954 -0.62725 9.03300
v -1.52902 0.33444 9.03430
v -1.52902 0.33444 9.03430
v -1.77954 -0.62725 9.03300
v -1.76379 -0.62728 5.81140
v -1.52902 0.33444 9.03430
v -1.76379 -0.62728 5.81140
v -1.51325 0.32948 5.81270
v -1.82896 -0.62726 18.69780
v -1.81227 -0.62725 15.47620
v -1.56175 0.33444 15.47740
v -1.56175 0.33444 15.47740
v -1.81227 -0.62725 15.47620
v -1.54476 0.33929 12.25590
v -1.56175 0.33444 15.47740
v -1.54476 0.33929 12.25590
v -0.67629 0.61852 12.26030
v -0.67629 0.61852 12.26030
v -1.54476 0.33929 12.25590
v -1.52902 0.33444 9.03430
v -0.67629 0.61852 12.26030
v -1.52902 0.33444 9.03430
v -0.65992 0.61326 9.03870
v -0.65992 0.61326 9.03870
v -1.52902 0.33444 9.03430
v -1.51325 0.32948 5.81270
v -0.65992 0.61326 9.03870
v -1.51325 0.32948 5.81270
v -0.64355 0.60789 5.81710
v 1.64269 0.61326 15.49370
v 2.49573 0.33193 18.71980
v 1.62632 0.61055 18.71530
v -8.35610 7.18795 3.43590
v -7.67831 6.66193 3.07520
v -7.86393 7.62525 2.67910
v -8.68783 8.10029 1.79480
v -8.28790 8.13205 2.02120
v -8.27983 7.88216 1.36610
v -8.39977 7.36585 1.02440
v -8.78524 7.58535 1.13330
v -8.27983 7.88216 1.36610
v -7.97398 7.35967 1.18950
v -8.39977 7.36585 1.02440
v -8.27983 7.88216 1.36610
v 11.98577 7.77937 17.83780
v 10.97504 8.95322 18.31830
v 12.16683 9.31198 18.12470
v 10.59893 9.92347 19.63270
v 10.80376 9.99184 20.31780
v 11.40420 10.49049 19.71190
v 8.67003 9.70466 22.05410
v 9.33356 9.96210 22.42600
v 9.16212 10.50606 21.48840
v 8.39223 8.02625 17.32620
v 8.80616 8.29052 17.18490
v 8.28313 8.37239 16.72950
v 7.96999 7.86243 17.08950
v 8.39223 8.02625 17.32620
v 8.28313 8.37239 16.72950
v 8.96789 8.09540 14.68630
v 8.76839 8.08497 14.46180
v 8.33152 8.09751 14.84130
v 10.32674 9.62584 13.90410
v 10.17139 9.70555 13.31680
v 9.50248 9.67717 13.80950
v 10.02996 9.45122 14.41100
v 10.32674 9.62584 13.90410
v 9.50248 9.67717 13.80950
v 10.17139 9.70555 13.31680
v 9.65488 9.64365 12.99300
v 9.50248 9.67717 13.80950
v 8.36213 6.95942 8.64800
v 8.66424 7.15630 8.53580
v 8.27323 7.20422 8.20250
v 10.17313 7.26612 6.37950
v 9.91595 7.55521 5.38020
v 9.36312 8.16774 6.22960
v -9.87666 9.65410 10.92480
v -9.18861 9.75999 11.21290
v -8.51968 9.73162 10.72020
v -9.04719 9.50567 10.11880
v -9.87666 9.65410 10.92480
v -8.51968 9.73162 10.72020
v -9.18861 9.75999 11.21290
v -8.67208 9.69810 11.53670
v -8.51968 9.73162 10.72020
v 3.23321 2.84538 19.23670
v 3.21274 2.57984 19.22360
v 3.23333 2.84538 19.21070
v 3.19228 2.89380 19.20910
v 3.21274 2.57984 19.22360
v 3.19213 2.89380 19.23790
v -2.32099 2.84538 19.18250
v -2.30053 2.57984 19.19560
v -2.32112 2.84538 19.20850
v -2.28007 2.89380 19.21010
v -2.30053 2.57984 19.19560
v -2.27992 2.89380 19.18130
v 3.30456 2.84538 5.19480
v 3.28411 2.57984 5.18170
v 3.30469 2.84538 5.16880
v 3.26363 2.89380 5.16720
v 3.28411 2.57984 5.18170
v 3.26349 2.89380 5.19600
v -2.24963 2.84538 5.14060
v -2.22917 2.57984 5.15370
v -2.24977 2.84538 5.16660
v -2.20870 2.89380 5.16820
v -2.22917 2.57984 5.15370
v -2.20857 2.89380 5.13940
v 14.01359 8.44344 1.93650
v 13.60554 7.80029 1.41310
v 13.15871 8.24723 1.64530
v 13.15871 8.24723 1.64530
v 13.60554 7.80029 1.41310
v 12.33858 7.42646 1.74140
v 13.15871 8.24723 1.64530
v 12.33858 7.42646 1.74140
v 12.15305 8.26486 2.60780
v 12.15305 8.26486 2.60780
v 12.33858 7.42646 1.74140
v 11.43253 6.95674 2.76550
v 14.01359 8.44344 1.93650
v 14.22849 7.61461 1.58860
v 13.60554 7.80029 1.41310
v 13.60554 7.80029 1.41310
v 14.22849 7.61461 1.58860
v 13.22768 6.70029 1.46550
v 13.60554 7.80029 1.41310
v 13.22768 6.70029 1.46550
v 12.33858 7.42646 1.74140
v 12.33858 7.42646 1.74140
v 13.22768 6.70029 1.46550
v 12.14159 5.98820 2.10100
v 12.33858 7.42646 1.74140
v 12.14159 5.98820 2.10100
v 11.43253 6.95674 2.76550
v 14.01359 8.44344 1.93650
v 14.66260 7.79896 2.06910
v 14.22849 7.61461 1.58860
v 14.22849 7.61461 1.58860
v 14.66260 7.79896 2.06910
v 14.30518 6.49614 1.90280
v 14.22849 7.61461 1.58860
v 14.30518 6.49614 1.90280
v 13.22768 6.70029 1.46550
v 13.22768 6.70029 1.46550
v 14.30518 6.49614 1.90280
v 13.38756 5.43082 2.23990
v 13.22768 6.70029 1.46550
v 13.38756 5.43082 2.23990
v 12.14159 5.98820 2.10100
v 14.01359 8.44344 1.93650
v 14.20679 8.69231 2.80540
v 14.65362 8.24536 2.57310
v 14.65362 8.24536 2.57310
v 14.20679 8.69231 2.80540
v 14.76003 7.75640 3.62440
v 14.65362 8.24536 2.57310
v 14.76003 7.75640 3.62440
v 14.93989 6.93359 2.79700
v 14.01359 8.44344 1.93650
v 13.58385 8.87799 2.62980
v 14.20679 8.69231 2.80540
v 14.20679 8.69231 2.80540
v 13.58385 8.87799 2.62980
v 13.87096 8.48256 3.90020
v 14.20679 8.69231 2.80540
v 13.87096 8.48256 3.90020
v 14.76003 7.75640 3.62440
v 14.01359 8.44344 1.93650
v 13.14973 8.69363 2.14930
v 13.58385 8.87799 2.62980
v 13.58385 8.87799 2.62980
v 13.14973 8.69363 2.14930
v 12.79346 8.68672 3.46300
v 13.58385 8.87799 2.62980
v 12.79346 8.68672 3.46300
v 13.87096 8.48256 3.90020
v 14.01359 8.44344 1.93650
v 13.15871 8.24723 1.64530
v 13.14973 8.69363 2.14930
v 13.14973 8.69363 2.14930
v 13.15871 8.24723 1.64530
v 12.15305 8.26486 2.60780
v 13.14973 8.69363 2.14930
v 12.15305 8.26486 2.60780
v 12.79346 8.68672 3.46300
v 14.01359 8.44344 1.93650
v 14.65362 8.24536 2.57310
v 14.66260 7.79896 2.06910
v 14.66260 7.79896 2.06910
v 14.65362 8.24536 2.57310
v 14.93989 6.93359 2.79700
v 14.66260 7.79896 2.06910
v 14.93989 6.93359 2.79700
v 14.30518 6.49614 1.90280
v 10.19207 8.53121 1.47650
v 10.75492 8.76729 2.07310
v 11.02097 8.40963 1.63960
v 11.02097 8.40963 1.63960
v 10.75492 8.76729 2.07310
v 11.71949 7.95017 2.50230
v 11.02097 8.40963 1.63960
v 11.71949 7.95017 2.50230
v 11.46328 7.23459 1.57770
v 11.46328 7.23459 1.57770
v 11.71949 7.95017 2.50230
v 11.99938 6.71802 2.74100
v 11.46328 7.23459 1.57770
v 11.99938 6.71802 2.74100
v 11.34000 5.96299 1.96600
v 10.19207 8.53121 1.47650
v 9.40291 8.26264 1.65970
v 9.61078 8.66336 2.08730
v 9.61078 8.66336 2.08730
v 9.40291 8.26264 1.65970
v 9.09263 8.14166 2.87180
v 9.61078 8.66336 2.08730
v 9.09263 8.14166 2.87180
v 9.99325 8.59835 3.28300
v 9.99325 8.59835 3.28300
v 9.09263 8.14166 2.87180
v 9.39762 7.62948 4.06660
v 10.19207 8.53121 1.47650
v 9.66897 7.90497 1.22620
v 9.40291 8.26264 1.65970
v 9.40291 8.26264 1.65970
v 9.66897 7.90497 1.22620
v 8.88631 7.41929 2.08160
v 9.40291 8.26264 1.65970
v 8.88631 7.41929 2.08160
v 9.09263 8.14166 2.87180
v 9.09263 8.14166 2.87180
v 8.88631 7.41929 2.08160
v 8.73824 6.87445 3.29160
v 9.09263 8.14166 2.87180
v 8.73824 6.87445 3.29160
v 9.39762 7.62948 4.06660
v 10.19207 8.53121 1.47650
v 10.25307 7.79988 1.04070
v 9.66897 7.90497 1.22620
v 9.66897 7.90497 1.22620
v 10.25307 7.79988 1.04070
v 9.49525 6.85440 1.37520
v 9.66897 7.90497 1.22620
v 9.49525 6.85440 1.37520
v 8.88631 7.41929 2.08160
v 8.88631 7.41929 2.08160
v 9.49525 6.85440 1.37520
v 9.03406 6.07361 2.35530
v 8.88631 7.41929 2.08160
v 9.03406 6.07361 2.35530
v 8.73824 6.87445 3.29160
v 10.19207 8.53121 1.47650
v 10.81312 8.00891 1.21200
v 10.25307 7.79988 1.04070
v 10.25307 7.79988 1.04070
v 10.81312 8.00891 1.21200
v 10.56264 6.77790 1.16650
v 10.25307 7.79988 1.04070
v 10.56264 6.77790 1.16650
v 9.49525 6.85440 1.37520
v 9.49525 6.85440 1.37520
v 10.56264 6.77790 1.16650
v 10.11175 5.69607 1.80630
v 9.49525 6.85440 1.37520
v 10.11175 5.69607 1.80630
v 9.03406 6.07361 2.35530
v 10.19207 8.53121 1.47650
v 11.02097 8.40963 1.63960
v 10.81312 8.00891 1.21200
v 10.81312 8.00891 1.21200
v 11.02097 8.40963 1.63960
v 11.46328 7.23459 1.57770
v 10.81312 8.00891 1.21200
v 11.46328 7.23459 1.57770
v 10.56264 6.77790 1.16650
v 10.56264 6.77790 1.16650
v 11.46328 7.23459 1.57770
v 11.34000 5.96299 1.96600
v 10.56264 6.77790 1.16650
v 11.34000 5.96299 1.96600
v 10.11175 5.69607 1.80630
v 10.19207 8.53121 1.47650
v 10.17080 8.87239 2.25860
v 10.75492 8.76729 2.07310
v 10.75492 8.76729 2.07310
v 10.17080 8.87239 2.25860
v 11.06067 8.52185 3.07430
v 10.75492 8.76729 2.07310
v 11.06067 8.52185 3.07430
v 11.71949 7.95017 2.50230
v 10.19207 8.53121 1.47650
v 9.61078 8.66336 2.08730
v 10.17080 8.87239 2.25860
v 10.17080 8.87239 2.25860
v 9.61078 8.66336 2.08730
v 9.99325 8.59835 3.28300
v 10.17080 8.87239 2.25860
v 9.99325 8.59835 3.28300
v 11.06067 8.52185 3.07430
v -10.66496 9.24103 0.28440
v -10.05303 9.65970 1.04620
v -9.70150 9.06903 0.69950
v -9.70150 9.06903 0.69950
v -10.05303 9.65970 1.04620
v -9.10485 8.67810 1.88740
v -9.70150 9.06903 0.69950
v -9.10485 8.67810 1.88740
v -9.31584 7.57578 1.13720
v -9.31584 7.57578 1.13720
v -9.10485 8.67810 1.88740
v -8.94290 7.24734 2.85690
v -10.66496 9.24103 0.28440
v -10.78291 9.89493 1.11430
v -10.05303 9.65970 1.04620
v -10.05303 9.65970 1.04620
v -10.78291 9.89493 1.11430
v -9.89375 9.63398 2.42240
v -10.05303 9.65970 1.04620
v -9.89375 9.63398 2.42240
v -9.10485 8.67810 1.88740
v -9.10485 8.67810 1.88740
v -9.89375 9.63398 2.42240
v -9.35855 8.53333 3.65340
v -9.10485 8.67810 1.88740
v -9.35855 8.53333 3.65340
v -8.94290 7.24734 2.85690
v -10.66496 9.24103 0.28440
v -11.46359 9.63692 0.86370
v -10.78291 9.89493 1.11430
v -10.78291 9.89493 1.11430
v -11.46359 9.63692 0.86370
v -11.22040 9.88349 2.42890
v -10.78291 9.89493 1.11430
v -11.22040 9.88349 2.42890
v -9.89375 9.63398 2.42240
v -9.89375 9.63398 2.42240
v -11.22040 9.88349 2.42890
v -10.71646 9.25394 3.96610
v -9.89375 9.63398 2.42240
v -10.71646 9.25394 3.96610
v -9.35855 8.53333 3.65340
v -10.66496 9.24103 0.28440
v -11.69635 9.03683 0.44130
v -11.46359 9.63692 0.86370
v -11.46359 9.63692 0.86370
v -11.69635 9.03683 0.44130
v -12.30767 9.28046 1.90310
v -11.46359 9.63692 0.86370
v -12.30767 9.28046 1.90310
v -11.22040 9.88349 2.42890
v -11.22040 9.88349 2.42890
v -12.30767 9.28046 1.90310
v -12.22117 8.98703 3.61180
v -11.22040 9.88349 2.42890
v -12.22117 8.98703 3.61180
v -10.71646 9.25394 3.96610
v -10.66496 9.24103 0.28440
v -11.34483 8.44616 0.09450
v -11.69635 9.03683 0.44130
v -11.69635 9.03683 0.44130
v -11.34483 8.44616 0.09450
v -12.51866 8.17815 1.15290
v -11.69635 9.03683 0.44130
v -12.51866 8.17815 1.15290
v -12.30767 9.28046 1.90310
v -12.30767 9.28046 1.90310
v -12.51866 8.17815 1.15290
v -12.99124 7.88897 2.79800
v -12.30767 9.28046 1.90310
v -12.99124 7.88897 2.79800
v -12.22117 8.98703 3.61180
v -10.66496 9.24103 0.28440
v -10.61492 8.21094 0.02650
v -11.34483 8.44616 0.09450
v -11.34483 8.44616 0.09450
v -10.61492 8.21094 0.02650
v -11.72978 7.22226 0.61790
v -11.34483 8.44616 0.09450
v -11.72978 7.22226 0.61790
v -12.51866 8.17815 1.15290
v -10.66496 9.24103 0.28440
v -9.93424 8.46894 0.27710
v -10.61492 8.21094 0.02650
v -10.61492 8.21094 0.02650
v -9.93424 8.46894 0.27710
v -10.40312 6.97275 0.61140
v -10.61492 8.21094 0.02650
v -10.40312 6.97275 0.61140
v -11.72978 7.22226 0.61790
v -10.66496 9.24103 0.28440
v -9.70150 9.06903 0.69950
v -9.93424 8.46894 0.27710
v -9.93424 8.46894 0.27710
v -9.70150 9.06903 0.69950
v -9.31584 7.57578 1.13720
v -9.93424 8.46894 0.27710
v -9.31584 7.57578 1.13720
v -10.40312 6.97275 0.61140
v -8.27983 7.88216 1.36610
v -8.28790 8.13205 2.02120
v -7.87655 7.87462 1.85100
v -7.87655 7.87462 1.85100
v -8.28790 8.13205 2.02120
v -7.86393 7.62525 2.67910
v -7.87655 7.87462 1.85100
v -7.86393 7.62525 2.67910
v -7.48789 7.04388 2.10280
v -7.48789 7.04388 2.10280
v -7.86393 7.62525 2.67910
v -7.67831 6.66193 3.07520
v -7.48789 7.04388 2.10280
v -7.67831 6.66193 3.07520
v -7.61886 6.05789 2.36970
v -7.61886 6.05789 2.36970
v -7.67831 6.66193 3.07520
v -7.91467 5.81252 3.35580
v -8.27983 7.88216 1.36610
v -7.87655 7.87462 1.85100
v -7.75726 7.57040 1.53180
v -7.75726 7.57040 1.53180
v -7.87655 7.87462 1.85100
v -7.48789 7.04388 2.10280
v -7.75726 7.57040 1.53180
v -7.48789 7.04388 2.10280
v -7.76196 6.62068 1.48050
v -7.76196 6.62068 1.48050
v -7.48789 7.04388 2.10280
v -7.61886 6.05789 2.36970
v -9.23902 7.82828 2.34060
v -8.68783 8.10029 1.79480
v -8.90454 7.88956 1.45240
v -8.90454 7.88956 1.45240
v -8.68783 8.10029 1.79480
v -8.27983 7.88216 1.36610
v -8.27983 7.88216 1.36610
v -8.78524 7.58535 1.13330
v -8.90454 7.88956 1.45240
v -8.90454 7.88956 1.45240
v -8.78524 7.58535 1.13330
v -9.51310 7.40508 1.71830
v -8.90454 7.88956 1.45240
v -9.51310 7.40508 1.71830
v -9.23902 7.82828 2.34060
v -7.76196 6.62068 1.48050
v -7.97398 7.35967 1.18950
v -7.75726 7.57040 1.53180
v -7.75726 7.57040 1.53180
v -7.97398 7.35967 1.18950
v -8.27983 7.88216 1.36610
v 7.49251 7.71124 20.44210
v 7.19953 7.11159 20.20460
v 7.20801 7.12474 20.71940
v 7.20801 7.12474 20.71940
v 7.19953 7.11159 20.20460
v 7.34934 6.23368 20.76470
v 7.20801 7.12474 20.71940
v 7.34934 6.23368 20.76470
v 7.74338 6.62678 21.47590
v 7.74338 6.62678 21.47590
v 7.34934 6.23368 20.76470
v 8.07601 5.53318 21.26250
v 7.49251 7.71124 20.44210
v 7.82111 7.71747 19.81450
v 7.45347 7.35710 19.82980
v 7.45347 7.35710 19.82980
v 7.82111 7.71747 19.81450
v 7.94198 6.80118 19.31180
v 7.45347 7.35710 19.82980
v 7.94198 6.80118 19.31180
v 7.43159 6.30592 19.86830
v 7.43159 6.30592 19.86830
v 7.94198 6.80118 19.31180
v 8.29996 5.73478 19.34700
v 7.49251 7.71124 20.44210
v 8.08706 7.98158 20.16770
v 7.82111 7.71747 19.81450
v 7.82111 7.71747 19.81450
v 8.08706 7.98158 20.16770
v 8.58149 7.42933 19.42110
v 7.82111 7.71747 19.81450
v 8.58149 7.42933 19.42110
v 7.94198 6.80118 19.31180
v 7.49251 7.71124 20.44210
v 8.09553 7.99473 20.68250
v 8.08706 7.98158 20.16770
v 8.08706 7.98158 20.16770
v 8.09553 7.99473 20.68250
v 8.97552 7.82243 20.13220
v 8.08706 7.98158 20.16770
v 8.97552 7.82243 20.13220
v 8.58149 7.42933 19.42110
v 7.49251 7.71124 20.44210
v 7.84157 7.74922 21.05730
v 8.09553 7.99473 20.68250
v 8.09553 7.99473 20.68250
v 7.84157 7.74922 21.05730
v 8.89326 7.75019 21.02860
v 8.09553 7.99473 20.68250
v 8.89326 7.75019 21.02860
v 8.97552 7.82243 20.13220
v 7.49251 7.71124 20.44210
v 7.47394 7.38886 21.07260
v 7.84157 7.74922 21.05730
v 7.84157 7.74922 21.05730
v 7.47394 7.38886 21.07260
v 8.38289 7.25493 21.58520
v 7.84157 7.74922 21.05730
v 8.38289 7.25493 21.58520
v 8.89326 7.75019 21.02860
v 7.49251 7.71124 20.44210
v 7.20801 7.12474 20.71940
v 7.47394 7.38886 21.07260
v 7.47394 7.38886 21.07260
v 7.20801 7.12474 20.71940
v 7.74338 6.62678 21.47590
v 7.47394 7.38886 21.07260
v 7.74338 6.62678 21.47590
v 8.38289 7.25493 21.58520
v 7.49251 7.71124 20.44210
v 7.45347 7.35710 19.82980
v 7.19953 7.11159 20.20460
v 7.19953 7.11159 20.20460
v 7.45347 7.35710 19.82980
v 7.43159 6.30592 19.86830
v 7.19953 7.11159 20.20460
v 7.43159 6.30592 19.86830
v 7.34934 6.23368 20.76470
v 11.40420 10.49049 19.71190
v 12.38828 10.46635 19.79670
v 12.18343 10.39799 19.11160
v 12.18343 10.39799 19.11160
v 12.38828 10.46635 19.79670
v 13.13824 9.61280 18.86800
v 12.18343 10.39799 19.11160
v 13.13824 9.61280 18.86800
v 12.16683 9.31198 18.12470
v 12.16683 9.31198 18.12470
v 13.13824 9.61280 18.86800
v 13.33387 8.19091 18.23240
v 12.16683 9.31198 18.12470
v 13.33387 8.19091 18.23240
v 11.98577 7.77937 17.83780
v 11.40420 10.49049 19.71190
v 12.06902 10.37571 20.43370
v 12.38828 10.46635 19.79670
v 12.38828 10.46635 19.79670
v 12.06902 10.37571 20.43370
v 13.32023 9.67948 20.11250
v 12.38828 10.46635 19.79670
v 13.32023 9.67948 20.11250
v 13.13824 9.61280 18.86800
v 13.13824 9.61280 18.86800
v 13.32023 9.67948 20.11250
v 14.01746 8.40962 19.50810
v 13.13824 9.61280 18.86800
v 14.01746 8.40962 19.50810
v 13.33387 8.19091 18.23240
v 11.40420 10.49049 19.71190
v 11.41271 10.17916 20.64960
v 12.06902 10.37571 20.43370
v 12.06902 10.37571 20.43370
v 11.41271 10.17916 20.64960
v 12.60619 9.47294 21.12940
v 12.06902 10.37571 20.43370
v 12.60619 9.47294 21.12940
v 13.32023 9.67948 20.11250
v 13.32023 9.67948 20.11250
v 12.60619 9.47294 21.12940
v 13.63607 8.30739 20.91750
v 13.32023 9.67948 20.11250
v 13.63607 8.30739 20.91750
v 14.01746 8.40962 19.50810
v 11.40420 10.49049 19.71190
v 10.80376 9.99184 20.31780
v 11.41271 10.17916 20.64960
v 11.41271 10.17916 20.64960
v 10.80376 9.99184 20.31780
v 11.41443 9.11419 21.32290
v 11.41271 10.17916 20.64960
v 11.41443 9.11419 21.32290
v 12.60619 9.47294 21.12940
v 10.26102 8.74669 19.33510
v 10.59893 9.92347 19.63270
v 10.91817 10.01411 18.99560
v 10.91817 10.01411 18.99560
v 10.59893 9.92347 19.63270
v 11.40420 10.49049 19.71190
v 11.40420 10.49049 19.71190
v 11.57450 10.21067 18.77980
v 10.91817 10.01411 18.99560
v 10.91817 10.01411 18.99560
v 11.57450 10.21067 18.77980
v 10.97504 8.95322 18.31830
v 10.91817 10.01411 18.99560
v 10.97504 8.95322 18.31830
v 10.26102 8.74669 19.33510
v 11.40420 10.49049 19.71190
v 12.18343 10.39799 19.11160
v 11.57450 10.21067 18.77980
v 11.57450 10.21067 18.77980
v 12.18343 10.39799 19.11160
v 12.16683 9.31198 18.12470
v 11.57450 10.21067 18.77980
v 12.16683 9.31198 18.12470
v 10.97504 8.95322 18.31830
v 9.16212 10.50606 21.48840
v 9.98406 10.37739 22.20400
v 10.24048 10.70727 21.51820
v 10.24048 10.70727 21.51820
v 9.98406 10.37739 22.20400
v 11.42357 10.07335 21.61010
v 10.24048 10.70727 21.51820
v 11.42357 10.07335 21.61010
v 11.09608 10.27167 20.25510
v 11.09608 10.27167 20.25510
v 11.42357 10.07335 21.61010
v 12.33272 9.12640 20.59690
v 11.09608 10.27167 20.25510
v 12.33272 9.12640 20.59690
v 11.55865 9.17951 19.20530
v 9.16212 10.50606 21.48840
v 9.33356 9.96210 22.42600
v 9.98406 10.37739 22.20400
v 9.98406 10.37739 22.20400
v 9.33356 9.96210 22.42600
v 10.80410 9.43362 22.70090
v 9.98406 10.37739 22.20400
v 10.80410 9.43362 22.70090
v 11.42357 10.07335 21.61010
v 11.42357 10.07335 21.61010
v 10.80410 9.43362 22.70090
v 12.09954 8.57650 22.12040
v 11.42357 10.07335 21.61010
v 12.09954 8.57650 22.12040
v 12.33272 9.12640 20.59690
v 9.16212 10.50606 21.48840
v 8.63856 10.08575 20.62040
v 8.38216 9.75588 21.30610
v 8.38216 9.75588 21.30610
v 8.63856 10.08575 20.62040
v 8.19039 8.56624 20.70780
v 8.38216 9.75588 21.30610
v 8.19039 8.56624 20.70780
v 8.51787 8.36793 22.06280
v 8.51787 8.36793 22.06280
v 8.19039 8.56624 20.70780
v 8.64567 7.00332 21.02390
v 9.16212 10.50606 21.48840
v 9.28907 10.50105 20.39840
v 8.63856 10.08575 20.62040
v 8.63856 10.08575 20.62040
v 9.28907 10.50105 20.39840
v 8.80987 9.20598 19.61700
v 8.63856 10.08575 20.62040
v 8.80987 9.20598 19.61700
v 8.19039 8.56624 20.70780
v 8.19039 8.56624 20.70780
v 8.80987 9.20598 19.61700
v 8.87885 7.55322 19.50050
v 8.19039 8.56624 20.70780
v 8.87885 7.55322 19.50050
v 8.64567 7.00332 21.02390
v 9.16212 10.50606 21.48840
v 9.95260 10.75850 20.77030
v 9.28907 10.50105 20.39840
v 9.28907 10.50105 20.39840
v 9.95260 10.75850 20.77030
v 10.01345 9.91239 19.42950
v 9.28907 10.50105 20.39840
v 10.01345 9.91239 19.42950
v 8.80987 9.20598 19.61700
v 8.80987 9.20598 19.61700
v 10.01345 9.91239 19.42950
v 9.77486 8.20192 18.58590
v 8.80987 9.20598 19.61700
v 9.77486 8.20192 18.58590
v 8.87885 7.55322 19.50050
v 9.16212 10.50606 21.48840
v 10.24048 10.70727 21.51820
v 9.95260 10.75850 20.77030
v 9.95260 10.75850 20.77030
v 10.24048 10.70727 21.51820
v 11.09608 10.27167 20.25510
v 9.95260 10.75850 20.77030
v 11.09608 10.27167 20.25510
v 10.01345 9.91239 19.42950
v 10.01345 9.91239 19.42950
v 11.09608 10.27167 20.25510
v 11.55865 9.17951 19.20530
v 10.01345 9.91239 19.42950
v 11.55865 9.17951 19.20530
v 9.77486 8.20192 18.58590
v 8.51787 8.36793 22.06280
v 8.67003 9.70466 22.05410
v 8.38216 9.75588 21.30610
v 8.38216 9.75588 21.30610
v 8.67003 9.70466 22.05410
v 9.16212 10.50606 21.48840
v 9.26452 11.18325 17.95300
v 10.08381 11.23268 17.85460
v 9.82056 11.17159 17.34150
v 9.82056 11.17159 17.34150
v 10.08381 11.23268 17.85460
v 10.74965 10.45672 16.91820
v 9.82056 11.17159 17.34150
v 10.74965 10.45672 16.91820
v 9.91164 10.10138 16.46470
v 9.91164 10.10138 16.46470
v 10.74965 10.45672 16.91820
v 11.15444 9.04911 16.25240
v 9.91164 10.10138 16.46470
v 11.15444 9.04911 16.25240
v 10.12488 8.26218 15.98120
v 9.26452 11.18325 17.95300
v 9.95272 11.09283 18.40200
v 10.08381 11.23268 17.85460
v 10.08381 11.23268 17.85460
v 9.95272 11.09283 18.40200
v 11.08765 10.49435 17.87660
v 10.08381 11.23268 17.85460
v 11.08765 10.49435 17.87660
v 10.74965 10.45672 16.91820
v 10.74965 10.45672 16.91820
v 11.08765 10.49435 17.87660
v 11.86741 9.27945 17.16640
v 10.74965 10.45672 16.91820
v 11.86741 9.27945 17.16640
v 11.15444 9.04911 16.25240
v 9.26452 11.18325 17.95300
v 8.86860 10.68646 17.42410
v 8.73751 10.54661 17.97140
v 8.73751 10.54661 17.97140
v 8.86860 10.68646 17.42410
v 8.70457 9.33439 17.68360
v 8.73751 10.54661 17.97140
v 8.70457 9.33439 17.68360
v 9.09870 9.21884 18.81740
v 9.09870 9.21884 18.81740
v 8.70457 9.33439 17.68360
v 9.26113 7.86465 18.02800
v 9.26452 11.18325 17.95300
v 9.31722 10.94534 17.16310
v 8.86860 10.68646 17.42410
v 8.86860 10.68646 17.42410
v 9.31722 10.94534 17.16310
v 9.06455 9.63650 16.78170
v 8.86860 10.68646 17.42410
v 9.06455 9.63650 16.78170
v 8.70457 9.33439 17.68360
v 8.70457 9.33439 17.68360
v 9.06455 9.63650 16.78170
v 9.31153 8.04869 16.86170
v 8.70457 9.33439 17.68360
v 9.31153 8.04869 16.86170
v 9.26113 7.86465 18.02800
v 9.26452 11.18325 17.95300
v 9.82056 11.17159 17.34150
v 9.31722 10.94534 17.16310
v 9.31722 10.94534 17.16310
v 9.82056 11.17159 17.34150
v 9.91164 10.10138 16.46470
v 9.31722 10.94534 17.16310
v 9.91164 10.10138 16.46470
v 9.06455 9.63650 16.78170
v 9.06455 9.63650 16.78170
v 9.91164 10.10138 16.46470
v 10.12488 8.26218 15.98120
v 9.06455 9.63650 16.78170
v 10.12488 8.26218 15.98120
v 9.31153 8.04869 16.86170
v 9.26452 11.18325 17.95300
v 9.50411 10.83395 18.66290
v 9.95272 11.09283 18.40200
v 9.95272 11.09283 18.40200
v 9.50411 10.83395 18.66290
v 10.72768 10.19225 18.77850
v 9.95272 11.09283 18.40200
v 10.72768 10.19225 18.77850
v 11.08765 10.49435 17.87660
v 9.26452 11.18325 17.95300
v 9.00077 10.60770 18.48460
v 9.50411 10.83395 18.66290
v 9.50411 10.83395 18.66290
v 9.00077 10.60770 18.48460
v 9.88058 9.72737 19.09550
v 9.50411 10.83395 18.66290
v 9.88058 9.72737 19.09550
v 10.72768 10.19225 18.77850
v 9.26452 11.18325 17.95300
v 8.73751 10.54661 17.97140
v 9.00077 10.60770 18.48460
v 9.00077 10.60770 18.48460
v 8.73751 10.54661 17.97140
v 9.09870 9.21884 18.81740
v 9.00077 10.60770 18.48460
v 9.09870 9.21884 18.81740
v 9.88058 9.72737 19.09550
v 7.00413 8.98969 18.53670
v 6.68400 8.32235 18.29320
v 6.74694 8.32115 18.84340
v 6.74694 8.32115 18.84340
v 6.68400 8.32235 18.29320
v 6.99319 7.23525 18.83990
v 6.74694 8.32115 18.84340
v 6.99319 7.23525 18.83990
v 7.49955 7.62702 19.57000
v 7.49955 7.62702 19.57000
v 6.99319 7.23525 18.83990
v 7.96123 6.27986 19.25920
v 7.49955 7.62702 19.57000
v 7.96123 6.27986 19.25920
v 8.71677 6.92457 19.79490
v 8.71677 6.92457 19.79490
v 7.96123 6.27986 19.25920
v 9.07177 5.62791 19.30380
v 7.00413 8.98969 18.53670
v 7.32520 8.96949 17.82710
v 6.92353 8.59090 17.87220
v 6.92353 8.59090 17.87220
v 7.32520 8.96949 17.82710
v 7.49187 7.87308 17.23860
v 6.92353 8.59090 17.87220
v 7.49187 7.87308 17.23860
v 6.99003 7.33717 17.87420
v 6.99003 7.33717 17.87420
v 7.49187 7.87308 17.23860
v 8.00728 6.54723 17.19170
v 6.99003 7.33717 17.87420
v 8.00728 6.54723 17.19170
v 7.66735 6.12356 18.18090
v 7.66735 6.12356 18.18090
v 8.00728 6.54723 17.19170
v 8.81502 5.57526 17.19310
v 7.00413 8.98969 18.53670
v 7.71670 9.23514 18.73450
v 7.65375 9.23634 18.18430
v 7.65375 9.23634 18.18430
v 7.71670 9.23514 18.73450
v 8.71116 8.92084 18.03560
v 7.65375 9.23634 18.18430
v 8.71116 8.92084 18.03560
v 8.20481 8.52906 17.30550
v 8.20481 8.52906 17.30550
v 8.71116 8.92084 18.03560
v 9.53745 7.94738 17.40690
v 8.20481 8.52906 17.30550
v 9.53745 7.94738 17.40690
v 8.78191 7.30268 16.87110
v 7.00413 8.98969 18.53670
v 7.47716 8.96659 19.15540
v 7.71670 9.23514 18.73450
v 7.71670 9.23514 18.73450
v 7.47716 8.96659 19.15540
v 8.71433 8.81891 19.00130
v 7.71670 9.23514 18.73450
v 8.71433 8.81891 19.00130
v 8.71116 8.92084 18.03560
v 8.71116 8.92084 18.03560
v 8.71433 8.81891 19.00130
v 9.83132 8.10368 18.48510
v 8.71116 8.92084 18.03560
v 9.83132 8.10368 18.48510
v 9.53745 7.94738 17.40690
v 7.00413 8.98969 18.53670
v 6.92353 8.59090 17.87220
v 6.68400 8.32235 18.29320
v 6.68400 8.32235 18.29320
v 6.92353 8.59090 17.87220
v 6.99003 7.33717 17.87420
v 6.68400 8.32235 18.29320
v 6.99003 7.33717 17.87420
v 6.99319 7.23525 18.83990
v 6.99319 7.23525 18.83990
v 6.99003 7.33717 17.87420
v 7.66735 6.12356 18.18090
v 6.99319 7.23525 18.83990
v 7.66735 6.12356 18.18090
v 7.96123 6.27986 19.25920
v 7.00413 8.98969 18.53670
v 7.65375 9.23634 18.18430
v 7.32520 8.96949 17.82710
v 7.32520 8.96949 17.82710
v 7.65375 9.23634 18.18430
v 8.20481 8.52906 17.30550
v 7.32520 8.96949 17.82710
v 8.20481 8.52906 17.30550
v 7.49187 7.87308 17.23860
v 7.49187 7.87308 17.23860
v 8.20481 8.52906 17.30550
v 8.78191 7.30268 16.87110
v 7.49187 7.87308 17.23860
v 8.78191 7.30268 16.87110
v 8.00728 6.54723 17.19170
v 7.00413 8.98969 18.53670
v 7.07548 8.58801 19.20060
v 7.47716 8.96659 19.15540
v 7.47716 8.96659 19.15540
v 7.07548 8.58801 19.20060
v 8.21248 8.28300 19.63690
v 7.47716 8.96659 19.15540
v 8.21248 8.28300 19.63690
v 8.71433 8.81891 19.00130
v 7.00413 8.98969 18.53670
v 6.74694 8.32115 18.84340
v 7.07548 8.58801 19.20060
v 7.07548 8.58801 19.20060
v 6.74694 8.32115 18.84340
v 7.49955 7.62702 19.57000
v 7.07548 8.58801 19.20060
v 7.49955 7.62702 19.57000
v 8.21248 8.28300 19.63690
v 10.39322 10.47829 15.62070
v 11.23356 10.34676 16.35230
v 11.49570 10.68399 15.65110
v 11.49570 10.68399 15.65110
v 11.23356 10.34676 16.35230
v 12.70522 10.03592 15.74510
v 11.49570 10.68399 15.65110
v 12.70522 10.03592 15.74510
v 12.37040 10.23866 14.35980
v 12.37040 10.23866 14.35980
v 12.70522 10.03592 15.74510
v 13.63466 9.06782 14.70930
v 12.37040 10.23866 14.35980
v 13.63466 9.06782 14.70930
v 12.76905 8.99428 13.27970
v 10.39322 10.47829 15.62070
v 9.85799 10.04860 14.73320
v 9.59588 9.71136 15.43430
v 9.59588 9.71136 15.43430
v 9.85799 10.04860 14.73320
v 9.39982 8.49515 14.82260
v 9.59588 9.71136 15.43430
v 9.39982 8.49515 14.82260
v 9.71728 8.09575 16.33430
v 9.71728 8.09575 16.33430
v 9.39982 8.49515 14.82260
v 9.80024 6.91977 15.10670
v 10.39322 10.47829 15.62070
v 11.49570 10.68399 15.65110
v 11.20139 10.73636 14.88650
v 11.20139 10.73636 14.88650
v 11.49570 10.68399 15.65110
v 12.37040 10.23866 14.35980
v 11.20139 10.73636 14.88650
v 12.37040 10.23866 14.35980
v 11.26360 9.87136 13.51580
v 11.26360 9.87136 13.51580
v 12.37040 10.23866 14.35980
v 12.76905 8.99428 13.27970
v 10.39322 10.47829 15.62070
v 10.56853 9.92219 16.57920
v 11.23356 10.34676 16.35230
v 11.23356 10.34676 16.35230
v 10.56853 9.92219 16.57920
v 12.07187 9.38190 16.86020
v 11.23356 10.34676 16.35230
v 12.07187 9.38190 16.86020
v 12.70522 10.03592 15.74510
v 10.84145 8.65971 17.05190
v 10.56853 9.92219 16.57920
v 9.89017 9.65900 16.19890
v 9.89017 9.65900 16.19890
v 10.56853 9.92219 16.57920
v 10.39322 10.47829 15.62070
v 10.39322 10.47829 15.62070
v 9.59588 9.71136 15.43430
v 9.89017 9.65900 16.19890
v 9.89017 9.65900 16.19890
v 9.59588 9.71136 15.43430
v 9.71728 8.09575 16.33430
v 9.89017 9.65900 16.19890
v 9.71728 8.09575 16.33430
v 10.84145 8.65971 17.05190
v 10.39322 10.47829 15.62070
v 10.52303 10.47317 14.50630
v 9.85799 10.04860 14.73320
v 9.85799 10.04860 14.73320
v 10.52303 10.47317 14.50630
v 10.03313 9.14917 13.70750
v 9.85799 10.04860 14.73320
v 10.03313 9.14917 13.70750
v 9.39982 8.49515 14.82260
v 10.39322 10.47829 15.62070
v 11.20139 10.73636 14.88650
v 10.52303 10.47317 14.50630
v 10.52303 10.47317 14.50630
v 11.20139 10.73636 14.88650
v 11.26360 9.87136 13.51580
v 10.52303 10.47317 14.50630
v 11.26360 9.87136 13.51580
v 10.03313 9.14917 13.70750
v 8.28313 8.37239 16.72950
v 8.36391 8.36920 16.03590
v 7.94999 8.10493 16.17720
v 7.94999 8.10493 16.17720
v 8.36391 8.36920 16.03590
v 8.05898 7.54509 15.53870
v 7.94999 8.10493 16.17720
v 8.05898 7.54509 15.53870
v 7.66479 7.13800 16.23280
v 7.66479 7.13800 16.23280
v 8.05898 7.54509 15.53870
v 8.10288 6.49338 15.46450
v 7.66479 7.13800 16.23280
v 8.10288 6.49338 15.46450
v 7.95449 6.14345 16.43400
v 7.95449 6.14345 16.43400
v 8.10288 6.49338 15.46450
v 8.49508 5.64921 15.60860
v 8.28313 8.37239 16.72950
v 8.78614 8.53302 16.27260
v 8.36391 8.36920 16.03590
v 8.36391 8.36920 16.03590
v 8.78614 8.53302 16.27260
v 8.82487 7.99461 15.41940
v 8.36391 8.36920 16.03590
v 8.82487 7.99461 15.41940
v 8.05898 7.54509 15.53870
v 8.05898 7.54509 15.53870
v 8.82487 7.99461 15.41940
v 8.85154 7.03402 14.98340
v 8.05898 7.54509 15.53870
v 8.85154 7.03402 14.98340
v 8.10288 6.49338 15.46450
v 8.10288 6.49338 15.46450
v 8.85154 7.03402 14.98340
v 9.03269 5.87070 14.89280
v 8.10288 6.49338 15.46450
v 9.03269 5.87070 14.89280
v 8.49508 5.64921 15.60860
v 8.28313 8.37239 16.72950
v 7.94999 8.10493 16.17720
v 7.78681 7.89502 16.61360
v 7.78681 7.89502 16.61360
v 7.94999 8.10493 16.17720
v 7.66479 7.13800 16.23280
v 7.78681 7.89502 16.61360
v 7.66479 7.13800 16.23280
v 7.87319 7.01181 17.09510
v 7.87319 7.01181 17.09510
v 7.66479 7.13800 16.23280
v 7.95449 6.14345 16.43400
v 7.87319 7.01181 17.09510
v 7.95449 6.14345 16.43400
v 8.41465 6.04219 17.61950
v 8.28313 8.37239 16.72950
v 8.96934 8.50043 16.74850
v 8.78614 8.53302 16.27260
v 8.78614 8.53302 16.27260
v 8.96934 8.50043 16.74850
v 9.70647 8.24581 15.77960
v 8.78614 8.53302 16.27260
v 9.70647 8.24581 15.77960
v 8.82487 7.99461 15.41940
v 8.82487 7.99461 15.41940
v 9.70647 8.24581 15.77960
v 9.71607 7.36882 15.20980
v 8.82487 7.99461 15.41940
v 9.71607 7.36882 15.20980
v 8.85154 7.03402 14.98340
v 8.28313 8.37239 16.72950
v 8.80616 8.29052 17.18490
v 8.96934 8.50043 16.74850
v 8.96934 8.50043 16.74850
v 8.80616 8.29052 17.18490
v 9.72219 8.09704 16.80700
v 8.96934 8.50043 16.74850
v 9.72219 8.09704 16.80700
v 9.70647 8.24581 15.77960
v 7.87319 7.01181 17.09510
v 7.96999 7.86243 17.08950
v 7.78681 7.89502 16.61360
v 7.78681 7.89502 16.61360
v 7.96999 7.86243 17.08950
v 8.28313 8.37239 16.72950
v 9.54571 11.89271 11.69970
v 10.29563 11.86312 12.68350
v 10.71044 12.21025 11.97140
v 10.71044 12.21025 11.97140
v 10.29563 11.86312 12.68350
v 12.12647 11.53018 12.41030
v 10.71044 12.21025 11.97140
v 12.12647 11.53018 12.41030
v 12.09264 11.61229 10.84470
v 12.09264 11.61229 10.84470
v 12.12647 11.53018 12.41030
v 13.59305 10.34200 11.61330
v 12.09264 11.61229 10.84470
v 13.59305 10.34200 11.61330
v 13.03765 10.05846 9.90110
v 9.54571 11.89271 11.69970
v 9.58077 11.33998 12.80630
v 10.29563 11.86312 12.68350
v 10.29563 11.86312 12.68350
v 9.58077 11.33998 12.80630
v 11.25020 10.82485 13.50280
v 10.29563 11.86312 12.68350
v 11.25020 10.82485 13.50280
v 12.12647 11.53018 12.41030
v 12.12647 11.53018 12.41030
v 11.25020 10.82485 13.50280
v 13.01581 9.81438 13.25930
v 12.12647 11.53018 12.41030
v 13.01581 9.81438 13.25930
v 13.59305 10.34200 11.61330
v 9.54571 11.89271 11.69970
v 8.98459 10.94727 12.26760
v 9.58077 11.33998 12.80630
v 9.58077 11.33998 12.80630
v 8.98459 10.94727 12.26760
v 10.01406 9.64471 13.50200
v 9.58077 11.33998 12.80630
v 10.01406 9.64471 13.50200
v 11.25020 10.82485 13.50280
v 11.25020 10.82485 13.50280
v 10.01406 9.64471 13.50200
v 11.64405 8.78468 13.87470
v 11.25020 10.82485 13.50280
v 11.64405 8.78468 13.87470
v 13.01581 9.81438 13.25930
v 9.54571 11.89271 11.69970
v 9.98598 11.78533 10.54830
v 9.27112 11.26217 10.67100
v 9.27112 11.26217 10.67100
v 9.98598 11.78533 10.54830
v 9.89551 10.10770 9.70260
v 9.27112 11.26217 10.67100
v 9.89551 10.10770 9.70260
v 9.11826 9.06350 10.77420
v 9.11826 9.06350 10.77420
v 9.89551 10.10770 9.70260
v 10.30317 8.10016 9.74100
v 9.54571 11.89271 11.69970
v 10.58216 12.17802 11.08690
v 9.98598 11.78533 10.54830
v 9.98598 11.78533 10.54830
v 10.58216 12.17802 11.08690
v 11.16857 11.02308 9.72310
v 9.98598 11.78533 10.54830
v 11.16857 11.02308 9.72310
v 9.89551 10.10770 9.70260
v 9.89551 10.10770 9.70260
v 11.16857 11.02308 9.72310
v 11.67493 9.12986 9.12550
v 9.89551 10.10770 9.70260
v 11.67493 9.12986 9.12550
v 10.30317 8.10016 9.74100
v 9.54571 11.89271 11.69970
v 10.71044 12.21025 11.97140
v 10.58216 12.17802 11.08690
v 10.58216 12.17802 11.08690
v 10.71044 12.21025 11.97140
v 12.09264 11.61229 10.84470
v 10.58216 12.17802 11.08690
v 12.09264 11.61229 10.84470
v 11.16857 11.02308 9.72310
v 11.16857 11.02308 9.72310
v 12.09264 11.61229 10.84470
v 13.03765 10.05846 9.90110
v 11.16857 11.02308 9.72310
v 13.03765 10.05846 9.90110
v 11.67493 9.12986 9.12550
v 9.54571 11.89271 11.69970
v 8.85633 10.91505 11.38320
v 8.98459 10.94727 12.26760
v 8.98459 10.94727 12.26760
v 8.85633 10.91505 11.38320
v 9.08535 8.80787 11.92640
v 8.98459 10.94727 12.26760
v 9.08535 8.80787 11.92640
v 10.01406 9.64471 13.50200
v 9.54571 11.89271 11.69970
v 9.27112 11.26217 10.67100
v 8.85633 10.91505 11.38320
v 8.85633 10.91505 11.38320
v 9.27112 11.26217 10.67100
v 9.11826 9.06350 10.77420
v 8.85633 10.91505 11.38320
v 9.11826 9.06350 10.77420
v 9.08535 8.80787 11.92640
v 8.33152 8.09751 14.84130
v 8.43461 8.01662 14.35760
v 8.10265 7.92008 14.43230
v 8.10265 7.92008 14.43230
v 8.43461 8.01662 14.35760
v 8.14608 7.34868 13.96790
v 8.10265 7.92008 14.43230
v 8.14608 7.34868 13.96790
v 7.77048 7.16453 14.42580
v 7.77048 7.16453 14.42580
v 8.14608 7.34868 13.96790
v 8.03902 6.41085 13.87890
v 7.77048 7.16453 14.42580
v 8.03902 6.41085 13.87890
v 7.82236 6.22483 14.54060
v 7.82236 6.22483 14.54060
v 8.03902 6.41085 13.87890
v 8.18615 5.56756 13.96290
v 8.33152 8.09751 14.84130
v 8.76839 8.08497 14.46180
v 8.43461 8.01662 14.35760
v 8.43461 8.01662 14.35760
v 8.76839 8.08497 14.46180
v 8.74514 7.50389 13.92780
v 8.43461 8.01662 14.35760
v 8.74514 7.50389 13.92780
v 8.14608 7.34868 13.96790
v 8.14608 7.34868 13.96790
v 8.74514 7.50389 13.92780
v 8.66337 6.62264 13.58780
v 8.14608 7.34868 13.96790
v 8.66337 6.62264 13.58780
v 8.03902 6.41085 13.87890
v 8.03902 6.41085 13.87890
v 8.66337 6.62264 13.58780
v 8.65311 5.76299 13.56070
v 8.03902 6.41085 13.87890
v 8.65311 5.76299 13.56070
v 8.18615 5.56756 13.96290
v 8.33152 8.09751 14.84130
v 7.93134 7.81929 14.72490
v 8.02103 7.77328 15.06390
v 8.02103 7.77328 15.06390
v 7.93134 7.81929 14.72490
v 7.83838 7.05932 15.03320
v 8.02103 7.77328 15.06390
v 7.83838 7.05932 15.03320
v 8.31003 7.09467 15.43430
v 8.31003 7.09467 15.43430
v 7.83838 7.05932 15.03320
v 8.14034 6.17355 15.18530
v 8.33152 8.09751 14.84130
v 8.10265 7.92008 14.43230
v 7.93134 7.81929 14.72490
v 7.93134 7.81929 14.72490
v 8.10265 7.92008 14.43230
v 7.77048 7.16453 14.42580
v 7.93134 7.81929 14.72490
v 7.77048 7.16453 14.42580
v 7.83838 7.05932 15.03320
v 7.83838 7.05932 15.03320
v 7.77048 7.16453 14.42580
v 7.82236 6.22483 14.54060
v 7.83838 7.05932 15.03320
v 7.82236 6.22483 14.54060
v 8.14034 6.17355 15.18530
v 9.28470 7.43403 14.93630
v 8.96789 8.09540 14.68630
v 8.65110 7.90554 15.17610
v 8.65110 7.90554 15.17610
v 8.96789 8.09540 14.68630
v 8.33152 8.09751 14.84130
v 8.33152 8.09751 14.84130
v 8.31917 7.80901 15.25080
v 8.65110 7.90554 15.17610
v 8.65110 7.90554 15.17610
v 8.31917 7.80901 15.25080
v 8.90911 7.24988 15.39420
v 8.65110 7.90554 15.17610
v 8.90911 7.24988 15.39420
v 9.28470 7.43403 14.93630
v 8.33152 8.09751 14.84130
v 8.02103 7.77328 15.06390
v 8.31917 7.80901 15.25080
v 8.31917 7.80901 15.25080
v 8.02103 7.77328 15.06390
v 8.31003 7.09467 15.43430
v 8.31917 7.80901 15.25080
v 8.31003 7.09467 15.43430
v 8.90911 7.24988 15.39420
v 9.50248 9.67717 13.80950
v 9.07981 9.47640 13.12250
v 8.78303 9.30178 13.62930
v 8.78303 9.30178 13.62930
v 9.07981 9.47640 13.12250
v 8.41732 8.52163 13.18220
v 8.78303 9.30178 13.62930
v 8.41732 8.52163 13.18220
v 8.53496 8.33935 14.23450
v 8.53496 8.33935 14.23450
v 8.41732 8.52163 13.18220
v 8.30195 7.09387 13.35210
v 8.53496 8.33935 14.23450
v 8.30195 7.09387 13.35210
v 9.04340 7.24145 15.03710
v 9.04340 7.24145 15.03710
v 8.30195 7.09387 13.35210
v 8.84989 6.46139 13.66290
v 9.50248 9.67717 13.80950
v 8.78303 9.30178 13.62930
v 8.93838 9.22208 14.21660
v 8.93838 9.22208 14.21660
v 8.78303 9.30178 13.62930
v 8.53496 8.33935 14.23450
v 8.93838 9.22208 14.21660
v 8.53496 8.33935 14.23450
v 9.35206 8.40060 14.92940
v 9.35206 8.40060 14.92940
v 8.53496 8.33935 14.23450
v 9.04340 7.24145 15.03710
v 9.50248 9.67717 13.80950
v 9.65488 9.64365 12.99300
v 9.07981 9.47640 13.12250
v 9.07981 9.47640 13.12250
v 9.65488 9.64365 12.99300
v 9.06800 8.84066 12.38900
v 9.07981 9.47640 13.12250
v 9.06800 8.84066 12.38900
v 8.41732 8.52163 13.18220
v 8.41732 8.52163 13.18220
v 9.06800 8.84066 12.38900
v 8.69907 7.50803 12.26720
v 8.41732 8.52163 13.18220
v 8.69907 7.50803 12.26720
v 8.30195 7.09387 13.35210
v 9.65488 9.64365 12.99300
v 9.87978 9.23098 11.83290
v 9.06800 8.84066 12.38900
v 9.06800 8.84066 12.38900
v 9.87978 9.23098 11.83290
v 9.75806 7.71646 11.60080
v 9.06800 8.84066 12.38900
v 9.75806 7.71646 11.60080
v 8.69907 7.50803 12.26720
v 10.38993 8.66950 14.85990
v 10.02996 9.45122 14.41100
v 9.45489 9.28397 14.54040
v 9.45489 9.28397 14.54040
v 10.02996 9.45122 14.41100
v 9.50248 9.67717 13.80950
v 9.50248 9.67717 13.80950
v 8.93838 9.22208 14.21660
v 9.45489 9.28397 14.54040
v 9.45489 9.28397 14.54040
v 8.93838 9.22208 14.21660
v 9.35206 8.40060 14.92940
v 9.45489 9.28397 14.54040
v 9.35206 8.40060 14.92940
v 10.38993 8.66950 14.85990
v 7.31060 7.31059 12.64000
v 7.14010 6.84700 12.49030
v 7.15943 6.87227 12.86670
v 7.15943 6.87227 12.86670
v 7.14010 6.84700 12.49030
v 7.32007 6.26241 12.91770
v 7.15943 6.87227 12.86670
v 7.32007 6.26241 12.91770
v 7.58840 6.60612 13.41610
v 7.58840 6.60612 13.41610
v 7.32007 6.26241 12.91770
v 7.88932 5.86839 13.27680
v 7.58840 6.60612 13.41610
v 7.88932 5.86839 13.27680
v 8.33040 6.39207 13.70480
v 8.33040 6.39207 13.70480
v 7.88932 5.86839 13.27680
v 8.62533 5.65286 13.56710
v 7.31060 7.31059 12.64000
v 7.70002 7.56249 12.41350
v 7.52233 7.33506 12.16990
v 7.52233 7.33506 12.16990
v 7.70002 7.56249 12.41350
v 8.06234 7.20947 11.86500
v 7.52233 7.33506 12.16990
v 8.06234 7.20947 11.86500
v 7.65519 6.68905 11.82090
v 7.65519 6.68905 11.82090
v 8.06234 7.20947 11.86500
v 8.48705 6.55464 11.61910
v 7.65519 6.68905 11.82090
v 8.48705 6.55464 11.61910
v 7.97886 5.98070 11.86210
v 7.97886 5.98070 11.86210
v 8.48705 6.55464 11.61910
v 8.82772 5.88969 11.51920
v 7.31060 7.31059 12.64000
v 7.56901 7.39607 13.07850
v 7.71932 7.58777 12.78990
v 7.71932 7.58777 12.78990
v 7.56901 7.39607 13.07850
v 8.30301 7.51882 13.02420
v 7.71932 7.58777 12.78990
v 8.30301 7.51882 13.02420
v 8.33066 7.55317 12.36340
v 8.33066 7.55317 12.36340
v 8.30301 7.51882 13.02420
v 8.98630 7.56432 12.74280
v 8.33066 7.55317 12.36340
v 8.98630 7.56432 12.74280
v 8.96754 7.52765 11.89960
v 7.31060 7.31059 12.64000
v 7.33707 7.09971 13.11030
v 7.56901 7.39607 13.07850
v 7.56901 7.39607 13.07850
v 7.33707 7.09971 13.11030
v 7.99555 7.12654 13.46020
v 7.56901 7.39607 13.07850
v 7.99555 7.12654 13.46020
v 8.30301 7.51882 13.02420
v 8.30301 7.51882 13.02420
v 7.99555 7.12654 13.46020
v 8.76099 6.98266 13.42040
v 8.30301 7.51882 13.02420
v 8.76099 6.98266 13.42040
v 8.98630 7.56432 12.74280
v 7.31060 7.31059 12.64000
v 7.15943 6.87227 12.86670
v 7.33707 7.09971 13.11030
v 7.33707 7.09971 13.11030
v 7.15943 6.87227 12.86670
v 7.58840 6.60612 13.41610
v 7.33707 7.09971 13.11030
v 7.58840 6.60612 13.41610
v 7.99555 7.12654 13.46020
v 7.99555 7.12654 13.46020
v 7.58840 6.60612 13.41610
v 8.33040 6.39207 13.70480
v 7.99555 7.12654 13.46020
v 8.33040 6.39207 13.70480
v 8.76099 6.98266 13.42040
v 7.31060 7.31059 12.64000
v 7.52233 7.33506 12.16990
v 7.29041 7.03869 12.20170
v 7.29041 7.03869 12.20170
v 7.52233 7.33506 12.16990
v 7.65519 6.68905 11.82090
v 7.29041 7.03869 12.20170
v 7.65519 6.68905 11.82090
v 7.34772 6.29676 12.25700
v 7.34772 6.29676 12.25700
v 7.65519 6.68905 11.82090
v 7.97886 5.98070 11.86210
v 7.31060 7.31059 12.64000
v 7.71932 7.58777 12.78990
v 7.70002 7.56249 12.41350
v 7.70002 7.56249 12.41350
v 7.71932 7.58777 12.78990
v 8.33066 7.55317 12.36340
v 7.70002 7.56249 12.41350
v 8.33066 7.55317 12.36340
v 8.06234 7.20947 11.86500
v 8.06234 7.20947 11.86500
v 8.33066 7.55317 12.36340
v 8.96754 7.52765 11.89960
v 8.06234 7.20947 11.86500
v 8.96754 7.52765 11.89960
v 8.48705 6.55464 11.61910
v 7.31060 7.31059 12.64000
v 7.29041 7.03869 12.20170
v 7.14010 6.84700 12.49030
v 7.14010 6.84700 12.49030
v 7.29041 7.03869 12.20170
v 7.34772 6.29676 12.25700
v 7.14010 6.84700 12.49030
v 7.34772 6.29676 12.25700
v 7.32007 6.26241 12.91770
v 8.25080 8.78846 10.33610
v 7.64738 8.04095 10.08040
v 7.75248 8.06735 10.80500
v 7.75248 8.06735 10.80500
v 7.64738 8.04095 10.08040
v 7.68050 6.91211 10.89340
v 7.75248 8.06735 10.80500
v 7.68050 6.91211 10.89340
v 8.54702 7.45325 12.04640
v 8.54702 7.45325 12.04640
v 7.68050 6.91211 10.89340
v 8.60450 6.09579 11.69660
v 8.25080 8.78846 10.33610
v 7.98723 8.32537 9.49680
v 7.64738 8.04095 10.08040
v 7.64738 8.04095 10.08040
v 7.98723 8.32537 9.49680
v 7.65279 6.97938 9.61060
v 7.64738 8.04095 10.08040
v 7.65279 6.97938 9.61060
v 7.68050 6.91211 10.89340
v 7.68050 6.91211 10.89340
v 7.65279 6.97938 9.61060
v 8.05555 5.72489 10.11220
v 7.68050 6.91211 10.89340
v 8.05555 5.72489 10.11220
v 8.60450 6.09579 11.69660
v 8.25080 8.78846 10.33610
v 8.57299 8.75402 9.39630
v 7.98723 8.32537 9.49680
v 7.98723 8.32537 9.49680
v 8.57299 8.75402 9.39630
v 8.37079 7.55730 8.71550
v 7.98723 8.32537 9.49680
v 8.37079 7.55730 8.71550
v 7.65279 6.97938 9.61060
v 7.65279 6.97938 9.61060
v 8.37079 7.55730 8.71550
v 8.52851 6.15721 8.76350
v 7.65279 6.97938 9.61060
v 8.52851 6.15721 8.76350
v 8.05555 5.72489 10.11220
v 8.25080 8.78846 10.33610
v 9.06148 9.07579 9.83760
v 8.57299 8.75402 9.39630
v 8.57299 8.75402 9.39630
v 9.06148 9.07579 9.83760
v 9.41389 8.30734 8.73230
v 8.57299 8.75402 9.39630
v 9.41389 8.30734 8.73230
v 8.37079 7.55730 8.71550
v 8.37079 7.55730 8.71550
v 9.41389 8.30734 8.73230
v 9.65249 7.00091 8.25920
v 8.37079 7.55730 8.71550
v 9.65249 7.00091 8.25920
v 8.52851 6.15721 8.76350
v 8.25080 8.78846 10.33610
v 8.82671 9.00161 11.14580
v 9.16659 9.10220 10.56230
v 9.16659 9.10220 10.56230
v 8.82671 9.00161 11.14580
v 10.19877 9.57708 10.93400
v 9.16659 9.10220 10.56230
v 10.19877 9.57708 10.93400
v 10.17106 8.79012 9.65120
v 8.25080 8.78846 10.33610
v 8.24097 8.38912 11.24640
v 8.82671 9.00161 11.14580
v 8.82671 9.00161 11.14580
v 8.24097 8.38912 11.24640
v 9.68777 8.82836 12.48500
v 8.82671 9.00161 11.14580
v 9.68777 8.82836 12.48500
v 10.19877 9.57708 10.93400
v 8.25080 8.78846 10.33610
v 7.75248 8.06735 10.80500
v 8.24097 8.38912 11.24640
v 8.24097 8.38912 11.24640
v 7.75248 8.06735 10.80500
v 8.54702 7.45325 12.04640
v 8.24097 8.38912 11.24640
v 8.54702 7.45325 12.04640
v 9.68777 8.82836 12.48500
v 8.25080 8.78846 10.33610
v 9.16659 9.10220 10.56230
v 9.06148 9.07579 9.83760
v 9.06148 9.07579 9.83760
v 9.16659 9.10220 10.56230
v 10.17106 8.79012 9.65120
v 9.06148 9.07579 9.83760
v 10.17106 8.79012 9.65120
v 9.41389 8.30734 8.73230
v 8.27323 7.20422 8.20250
v 7.91019 6.84485 8.12880
v 8.04976 6.83041 8.47940
v 8.04976 6.83041 8.47940
v 7.91019 6.84485 8.12880
v 7.98661 6.20113 8.49830
v 8.04976 6.83041 8.47940
v 7.98661 6.20113 8.49830
v 8.49773 6.38536 8.87690
v 8.49773 6.38536 8.87690
v 7.98661 6.20113 8.49830
v 8.45476 5.60314 8.67570
v 8.27323 7.20422 8.20250
v 8.32729 7.19115 7.68940
v 8.02514 6.99427 7.80150
v 8.02514 6.99427 7.80150
v 8.32729 7.19115 7.68940
v 8.10598 6.57112 7.33810
v 8.02514 6.99427 7.80150
v 8.10598 6.57112 7.33810
v 7.82432 6.27808 7.86090
v 7.82432 6.27808 7.86090
v 8.10598 6.57112 7.33810
v 8.18908 5.67828 7.18590
v 8.27323 7.20422 8.20250
v 8.63962 7.32016 7.85800
v 8.32729 7.19115 7.68940
v 8.32729 7.19115 7.68940
v 8.63962 7.32016 7.85800
v 8.66652 6.90862 7.23610
v 8.32729 7.19115 7.68940
v 8.66652 6.90862 7.23610
v 8.10598 6.57112 7.33810
v 8.10598 6.57112 7.33810
v 8.66652 6.90862 7.23610
v 8.63515 5.86717 6.87920
v 8.10598 6.57112 7.33810
v 8.63515 5.86717 6.87920
v 8.18908 5.67828 7.18590
v 8.27323 7.20422 8.20250
v 8.77920 7.30572 8.20860
v 8.63962 7.32016 7.85800
v 8.63962 7.32016 7.85800
v 8.77920 7.30572 8.20860
v 9.17766 7.09285 7.61470
v 8.63962 7.32016 7.85800
v 9.17766 7.09285 7.61470
v 8.66652 6.90862 7.23610
v 8.66652 6.90862 7.23610
v 9.17766 7.09285 7.61470
v 9.59904 6.69915 7.06150
v 8.27323 7.20422 8.20250
v 8.66424 7.15630 8.53580
v 8.77920 7.30572 8.20860
v 8.77920 7.30572 8.20860
v 8.66424 7.15630 8.53580
v 9.33994 7.01590 8.25210
v 8.77920 7.30572 8.20860
v 9.33994 7.01590 8.25210
v 9.17766 7.09285 7.61470
v 8.49773 6.38536 8.87690
v 8.36213 6.95942 8.64800
v 8.04976 6.83041 8.47940
v 8.04976 6.83041 8.47940
v 8.36213 6.95942 8.64800
v 8.27323 7.20422 8.20250
v 8.27323 7.20422 8.20250
v 8.02514 6.99427 7.80150
v 7.91019 6.84485 8.12880
v 7.91019 6.84485 8.12880
v 8.02514 6.99427 7.80150
v 7.82432 6.27808 7.86090
v 7.91019 6.84485 8.12880
v 7.82432 6.27808 7.86090
v 7.98661 6.20113 8.49830
v 9.86640 10.38257 8.77080
v 9.87592 10.45475 7.75020
v 9.25278 10.12042 7.99510
v 9.25278 10.12042 7.99510
v 9.87592 10.45475 7.75020
v 9.21493 9.36989 6.98490
v 9.25278 10.12042 7.99510
v 9.21493 9.36989 6.98490
v 8.68067 8.75226 8.01220
v 8.68067 8.75226 8.01220
v 9.21493 9.36989 6.98490
v 9.08430 7.84026 6.74770
v 8.68067 8.75226 8.01220
v 9.08430 7.84026 6.74770
v 8.96018 7.12212 8.09510
v 8.96018 7.12212 8.09510
v 9.08430 7.84026 6.74770
v 9.52740 6.52649 6.79180
v 9.86640 10.38257 8.77080
v 10.55187 10.59219 8.04050
v 9.87592 10.45475 7.75020
v 9.87592 10.45475 7.75020
v 10.55187 10.59219 8.04050
v 10.38293 9.91254 6.73330
v 9.87592 10.45475 7.75020
v 10.38293 9.91254 6.73330
v 9.21493 9.36989 6.98490
v 9.21493 9.36989 6.98490
v 10.38293 9.91254 6.73330
v 10.18748 8.56562 5.98450
v 9.21493 9.36989 6.98490
v 10.18748 8.56562 5.98450
v 9.08430 7.84026 6.74770
v 9.08430 7.84026 6.74770
v 10.18748 8.56562 5.98450
v 10.26809 7.18730 5.85030
v 9.86640 10.38257 8.77080
v 9.25278 10.12042 7.99510
v 9.04741 9.78504 8.63180
v 9.04741 9.78504 8.63180
v 9.25278 10.12042 7.99510
v 8.68067 8.75226 8.01220
v 9.04741 9.78504 8.63180
v 8.68067 8.75226 8.01220
v 9.09313 8.42146 9.21320
v 9.09313 8.42146 9.21320
v 8.68067 8.75226 8.01220
v 8.96018 7.12212 8.09510
v 9.86640 10.38257 8.77080
v 10.88460 10.45223 8.69610
v 10.55187 10.59219 8.04050
v 10.55187 10.59219 8.04050
v 10.88460 10.45223 8.69610
v 11.50048 10.06235 7.40460
v 10.55187 10.59219 8.04050
v 11.50048 10.06235 7.40460
v 10.38293 9.91254 6.73330
v 10.38293 9.91254 6.73330
v 11.50048 10.06235 7.40460
v 11.62140 8.98027 6.29660
v 10.38293 9.91254 6.73330
v 11.62140 8.98027 6.29660
v 10.18748 8.56562 5.98450
v 9.86640 10.38257 8.77080
v 10.67925 10.11686 9.33280
v 10.88460 10.45223 8.69610
v 10.88460 10.45223 8.69610
v 10.67925 10.11686 9.33280
v 11.91295 9.73155 8.60560
v 10.88460 10.45223 8.69610
v 11.91295 9.73155 8.60560
v 11.50048 10.06235 7.40460
v 9.86640 10.38257 8.77080
v 10.05608 9.78253 9.57770
v 10.67925 10.11686 9.33280
v 10.67925 10.11686 9.33280
v 10.05608 9.78253 9.57770
v 11.37870 9.11393 9.63280
v 10.67925 10.11686 9.33280
v 11.37870 9.11393 9.63280
v 11.91295 9.73155 8.60560
v 10.21070 8.57126 9.88450
v 10.05608 9.78253 9.57770
v 9.38018 9.64508 9.28740
v 9.38018 9.64508 9.28740
v 10.05608 9.78253 9.57770
v 9.86640 10.38257 8.77080
v 9.86640 10.38257 8.77080
v 9.04741 9.78504 8.63180
v 9.38018 9.64508 9.28740
v 9.38018 9.64508 9.28740
v 9.04741 9.78504 8.63180
v 9.09313 8.42146 9.21320
v 9.38018 9.64508 9.28740
v 9.09313 8.42146 9.21320
v 10.21070 8.57126 9.88450
v 7.85064 8.18017 6.66710
v 8.15345 8.39421 6.04290
v 7.71938 8.11018 5.95650
v 7.71938 8.11018 5.95650
v 8.15345 8.39421 6.04290
v 8.09627 7.72321 5.18050
v 7.71938 8.11018 5.95650
v 8.09627 7.72321 5.18050
v 7.52248 7.10936 5.56030
v 7.52248 7.10936 5.56030
v 8.09627 7.72321 5.18050
v 8.28345 6.64630 4.72490
v 7.52248 7.10936 5.56030
v 8.28345 6.64630 4.72490
v 7.86445 5.70892 5.45270
v 7.86445 5.70892 5.45270
v 8.28345 6.64630 4.72490
v 8.73028 5.68373 4.65030
v 7.85064 8.18017 6.66710
v 8.48708 8.45032 6.44550
v 8.15345 8.39421 6.04290
v 8.15345 8.39421 6.04290
v 8.48708 8.45032 6.44550
v 8.85869 8.16160 5.45770
v 8.15345 8.39421 6.04290
v 8.85869 8.16160 5.45770
v 8.09627 7.72321 5.18050
v 8.09627 7.72321 5.18050
v 8.85869 8.16160 5.45770
v 9.13320 7.29847 4.69480
v 8.09627 7.72321 5.18050
v 9.13320 7.29847 4.69480
v 8.28345 6.64630 4.72490
v 8.28345 6.64630 4.72490
v 9.13320 7.29847 4.69480
v 9.40671 6.31606 4.39180
v 8.28345 6.64630 4.72490
v 9.40671 6.31606 4.39180
v 8.73028 5.68373 4.65030
v 7.85064 8.18017 6.66710
v 8.52483 8.24565 6.92850
v 8.48708 8.45032 6.44550
v 8.48708 8.45032 6.44550
v 8.52483 8.24565 6.92850
v 9.36312 8.16774 6.22960
v 8.48708 8.45032 6.44550
v 9.36312 8.16774 6.22960
v 8.85869 8.16160 5.45770
v 8.85869 8.16160 5.45770
v 9.36312 8.16774 6.22960
v 9.91595 7.55521 5.38020
v 8.85869 8.16160 5.45770
v 9.91595 7.55521 5.38020
v 9.13320 7.29847 4.69480
v 7.85064 8.18017 6.66710
v 7.47687 7.55994 6.71980
v 7.81051 7.61606 7.12240
v 7.81051 7.61606 7.12240
v 7.47687 7.55994 6.71980
v 7.97787 6.68579 7.14660
v 7.81051 7.61606 7.12240
v 7.97787 6.68579 7.14660
v 8.74027 7.12418 7.42380
v 8.74027 7.12418 7.42380
v 7.97787 6.68579 7.14660
v 8.85474 5.78356 7.16980
v 7.85064 8.18017 6.66710
v 7.43914 7.76462 6.23680
v 7.47687 7.55994 6.71980
v 7.47687 7.55994 6.71980
v 7.43914 7.76462 6.23680
v 7.47344 6.67965 6.37470
v 7.47687 7.55994 6.71980
v 7.47344 6.67965 6.37470
v 7.97787 6.68579 7.14660
v 7.97787 6.68579 7.14660
v 7.47344 6.67965 6.37470
v 8.12166 5.69163 6.45200
v 7.97787 6.68579 7.14660
v 8.12166 5.69163 6.45200
v 8.85474 5.78356 7.16980
v 7.85064 8.18017 6.66710
v 7.71938 8.11018 5.95650
v 7.43914 7.76462 6.23680
v 7.43914 7.76462 6.23680
v 7.71938 8.11018 5.95650
v 7.52248 7.10936 5.56030
v 7.43914 7.76462 6.23680
v 7.52248 7.10936 5.56030
v 7.47344 6.67965 6.37470
v 7.47344 6.67965 6.37470
v 7.52248 7.10936 5.56030
v 7.86445 5.70892 5.45270
v 7.47344 6.67965 6.37470
v 7.86445 5.70892 5.45270
v 8.12166 5.69163 6.45200
v 7.85064 8.18017 6.66710
v 8.24457 7.90008 7.20890
v 8.52483 8.24565 6.92850
v 8.52483 8.24565 6.92850
v 8.24457 7.90008 7.20890
v 9.31408 7.73802 7.04400
v 8.52483 8.24565 6.92850
v 9.31408 7.73802 7.04400
v 9.36312 8.16774 6.22960
v 7.85064 8.18017 6.66710
v 7.81051 7.61606 7.12240
v 8.24457 7.90008 7.20890
v 8.24457 7.90008 7.20890
v 7.81051 7.61606 7.12240
v 8.74027 7.12418 7.42380
v 8.24457 7.90008 7.20890
v 8.74027 7.12418 7.42380
v 9.31408 7.73802 7.04400
v 7.63218 8.20590 3.47900
v 8.15253 8.31549 2.98470
v 7.76844 8.01188 2.79280
v 7.76844 8.01188 2.79280
v 8.15253 8.31549 2.98470
v 8.38654 7.50496 2.28780
v 7.76844 8.01188 2.79280
v 8.38654 7.50496 2.28780
v 7.68645 6.95392 2.52560
v 7.68645 6.95392 2.52560
v 8.38654 7.50496 2.28780
v 8.67977 6.36980 2.12120
v 7.68645 6.95392 2.52560
v 8.67977 6.36980 2.12120
v 7.99319 5.83095 2.74290
v 7.99319 5.83095 2.74290
v 8.67977 6.36980 2.12120
v 9.07918 5.41827 2.37960
v 7.63218 8.20590 3.47900
v 8.31689 8.44701 3.46660
v 8.15253 8.31549 2.98470
v 8.15253 8.31549 2.98470
v 8.31689 8.44701 3.46660
v 9.01240 8.00027 2.74970
v 8.15253 8.31549 2.98470
v 9.01240 8.00027 2.74970
v 8.38654 7.50496 2.28780
v 8.38654 7.50496 2.28780
v 9.01240 8.00027 2.74970
v 9.50928 7.02456 2.29870
v 8.38654 7.50496 2.28780
v 9.50928 7.02456 2.29870
v 8.67977 6.36980 2.12120
v 8.67977 6.36980 2.12120
v 9.50928 7.02456 2.29870
v 9.83082 6.01053 2.28750
v 8.67977 6.36980 2.12120
v 9.83082 6.01053 2.28750
v 9.07918 5.41827 2.37960
v 7.63218 8.20590 3.47900
v 8.16523 8.32938 3.95620
v 8.31689 8.44701 3.46660
v 8.31689 8.44701 3.46660
v 8.16523 8.32938 3.95620
v 9.19741 8.14970 3.64060
v 8.31689 8.44701 3.46660
v 9.19741 8.14970 3.64060
v 9.01240 8.00027 2.74970
v 9.01240 8.00027 2.74970
v 9.19741 8.14970 3.64060
v 9.99582 7.41167 3.17140
v 9.01240 8.00027 2.74970
v 9.99582 7.41167 3.17140
v 9.50928 7.02456 2.29870
v 7.63218 8.20590 3.47900
v 7.78635 8.03152 4.16670
v 8.16523 8.32938 3.95620
v 8.16523 8.32938 3.95620
v 7.78635 8.03152 4.16670
v 8.83315 7.86572 4.43870
v 8.16523 8.32938 3.95620
v 8.83315 7.86572 4.43870
v 9.19741 8.14970 3.64060
v 9.19741 8.14970 3.64060
v 8.83315 7.86572 4.43870
v 9.85436 7.30437 4.22820
v 9.19741 8.14970 3.64060
v 9.85436 7.30437 4.22820
v 9.99582 7.41167 3.17140
v 7.63218 8.20590 3.47900
v 7.40224 7.72790 3.97480
v 7.78635 8.03152 4.16670
v 7.78635 8.03152 4.16670
v 7.40224 7.72790 3.97480
v 8.13308 7.31468 4.67650
v 7.78635 8.03152 4.16670
v 8.13308 7.31468 4.67650
v 8.83315 7.86572 4.43870
v 8.83315 7.86572 4.43870
v 8.13308 7.31468 4.67650
v 9.16779 6.76552 4.85000
v 8.83315 7.86572 4.43870
v 9.16779 6.76552 4.85000
v 9.85436 7.30437 4.22820
v 7.63218 8.20590 3.47900
v 7.23792 7.59638 3.49280
v 7.40224 7.72790 3.97480
v 7.40224 7.72790 3.97480
v 7.23792 7.59638 3.49280
v 7.50721 6.81937 4.21470
v 7.40224 7.72790 3.97480
v 7.50721 6.81937 4.21470
v 8.13308 7.31468 4.67650
v 8.13308 7.31468 4.67650
v 7.50721 6.81937 4.21470
v 8.50435 5.82382 4.79630
v 8.13308 7.31468 4.67650
v 8.50435 5.82382 4.79630
v 9.16779 6.76552 4.85000
v 7.63218 8.20590 3.47900
v 7.38958 7.71401 3.00320
v 7.23792 7.59638 3.49280
v 7.23792 7.59638 3.49280
v 7.38958 7.71401 3.00320
v 7.32223 6.66994 3.32380
v 7.23792 7.59638 3.49280
v 7.32223 6.66994 3.32380
v 7.50721 6.81937 4.21470
v 7.50721 6.81937 4.21470
v 7.32223 6.66994 3.32380
v 7.85174 5.72365 3.79970
v 7.50721 6.81937 4.21470
v 7.85174 5.72365 3.79970
v 8.50435 5.82382 4.79630
v 7.63218 8.20590 3.47900
v 7.76844 8.01188 2.79280
v 7.38958 7.71401 3.00320
v 7.38958 7.71401 3.00320
v 7.76844 8.01188 2.79280
v 7.68645 6.95392 2.52560
v 7.38958 7.71401 3.00320
v 7.68645 6.95392 2.52560
v 7.32223 6.66994 3.32380
v 7.32223 6.66994 3.32380
v 7.68645 6.95392 2.52560
v 7.99319 5.83095 2.74290
v 7.32223 6.66994 3.32380
v 7.99319 5.83095 2.74290
v 7.85174 5.72365 3.79970
v 11.22172 11.14786 4.58030
v 10.38660 10.84750 3.77470
v 10.06158 10.84750 4.60120
v 10.06158 10.84750 4.60120
v 10.38660 10.84750 3.77470
v 9.20508 9.84975 4.31060
v 10.06158 10.84750 4.60120
v 9.20508 9.84975 4.31060
v 9.60500 9.84975 5.81560
v 9.60500 9.84975 5.81560
v 9.20508 9.84975 4.31060
v 8.91700 8.47648 5.10830
v 9.60500 9.84975 5.81560
v 8.91700 8.47648 5.10830
v 9.96535 8.47648 6.58330
v 9.96535 8.47648 6.58330
v 8.91700 8.47648 5.10830
v 9.34765 7.20195 5.57390
v 11.22172 11.14786 4.58030
v 11.20084 10.84750 3.42020
v 10.38660 10.84750 3.77470
v 10.38660 10.84750 3.77470
v 11.20084 10.84750 3.42020
v 9.98649 9.84975 2.96360
v 10.38660 10.84750 3.77470
v 9.98649 9.84975 2.96360
v 9.20508 9.84975 4.31060
v 9.20508 9.84975 4.31060
v 9.98649 9.84975 2.96360
v 9.46461 8.24531 3.23570
v 9.20508 9.84975 4.31060
v 9.46461 8.24531 3.23570
v 8.91700 8.47648 5.10830
v 8.91700 8.47648 5.10830
v 9.46461 8.24531 3.23570
v 9.19396 7.20195 3.95770
v 8.91700 8.47648 5.10830
v 9.19396 7.20195 3.95770
v 9.34765 7.20195 5.57390
v 11.22172 11.14786 4.58030
v 12.38187 10.84750 4.55940
v 12.02732 10.84750 3.74520
v 12.02732 10.84750 3.74520
v 12.38187 10.84750 4.55940
v 12.83846 9.84975 3.34510
v 12.02732 10.84750 3.74520
v 12.83846 9.84975 3.34510
v 11.49148 9.84975 2.56360
v 11.49148 9.84975 2.56360
v 12.83846 9.84975 3.34510
v 12.50840 8.36128 2.58280
v 11.49148 9.84975 2.56360
v 12.50840 8.36128 2.58280
v 10.69379 8.47648 2.27560
v 10.69379 8.47648 2.27560
v 12.50840 8.36128 2.58280
v 11.84434 7.20195 2.55260
v 11.22172 11.14786 4.58030
v 12.05686 10.84750 5.38590
v 12.38187 10.84750 4.55940
v 12.38187 10.84750 4.55940
v 12.05686 10.84750 5.38590
v 13.23839 9.84975 4.85010
v 12.38187 10.84750 4.55940
v 13.23839 9.84975 4.85010
v 12.83846 9.84975 3.34510
v 12.83846 9.84975 3.34510
v 13.23839 9.84975 4.85010
v 13.51649 8.37370 4.01470
v 12.83846 9.84975 3.34510
v 13.51649 8.37370 4.01470
v 12.50840 8.36128 2.58280
v 11.22172 11.14786 4.58030
v 10.06158 10.84750 4.60120
v 10.41616 10.84750 5.41540
v 10.41616 10.84750 5.41540
v 10.06158 10.84750 4.60120
v 9.60500 9.84975 5.81560
v 10.41616 10.84750 5.41540
v 9.60500 9.84975 5.81560
v 11.00637 9.65954 6.85480
v 11.00637 9.65954 6.85480
v 9.60500 9.84975 5.81560
v 9.96535 8.47648 6.58330
v 11.22172 11.14786 4.58030
v 12.02732 10.84750 3.74520
v 11.20084 10.84750 3.42020
v 11.20084 10.84750 3.42020
v 12.02732 10.84750 3.74520
v 11.49148 9.84975 2.56360
v 11.20084 10.84750 3.42020
v 11.49148 9.84975 2.56360
v 9.98649 9.84975 2.96360
v 9.98649 9.84975 2.96360
v 11.49148 9.84975 2.56360
v 10.69379 8.47648 2.27560
v 9.98649 9.84975 2.96360
v 10.69379 8.47648 2.27560
v 9.46461 8.24531 3.23570
v 11.22172 11.14786 4.58030
v 11.24262 10.84750 5.74050
v 12.05686 10.84750 5.38590
v 12.05686 10.84750 5.38590
v 11.24262 10.84750 5.74050
v 12.45698 9.84975 6.19700
v 12.05686 10.84750 5.38590
v 12.45698 9.84975 6.19700
v 13.23839 9.84975 4.85010
v 11.22172 11.14786 4.58030
v 10.41616 10.84750 5.41540
v 11.24262 10.84750 5.74050
v 11.24262 10.84750 5.74050
v 10.41616 10.84750 5.41540
v 11.00637 9.65954 6.85480
v 11.24262 10.84750 5.74050
v 11.00637 9.65954 6.85480
v 12.45698 9.84975 6.19700
v -6.50973 7.71124 4.08770
v -6.85876 7.74922 3.47240
v -7.11274 7.99473 3.84720
v -7.11274 7.99473 3.84720
v -6.85876 7.74922 3.47240
v -7.91049 7.75019 3.50110
v -7.11274 7.99473 3.84720
v -7.91049 7.75019 3.50110
v -7.99273 7.82243 4.39750
v -7.99273 7.82243 4.39750
v -7.91049 7.75019 3.50110
v -8.85446 7.25473 3.86160
v -6.50973 7.71124 4.08770
v -6.49116 7.38886 3.45720
v -6.85876 7.74922 3.47240
v -6.85876 7.74922 3.47240
v -6.49116 7.38886 3.45720
v -7.40011 7.25493 2.94460
v -6.85876 7.74922 3.47240
v -7.40011 7.25493 2.94460
v -7.91049 7.75019 3.50110
v -7.91049 7.75019 3.50110
v -7.40011 7.25493 2.94460
v -8.45953 6.87585 2.96620
v -7.91049 7.75019 3.50110
v -8.45953 6.87585 2.96620
v -8.85446 7.25473 3.86160
v -6.50973 7.71124 4.08770
v -6.22521 7.12474 3.81040
v -6.49116 7.38886 3.45720
v -6.49116 7.38886 3.45720
v -6.22521 7.12474 3.81040
v -6.76060 6.62678 3.05390
v -6.49116 7.38886 3.45720
v -6.76060 6.62678 3.05390
v -7.40011 7.25493 2.94460
v -7.40011 7.25493 2.94460
v -6.76060 6.62678 3.05390
v -7.72999 6.16276 2.72000
v -7.40011 7.25493 2.94460
v -7.72999 6.16276 2.72000
v -8.45953 6.87585 2.96620
v -6.50973 7.71124 4.08770
v -6.21673 7.11159 4.32520
v -6.22521 7.12474 3.81040
v -6.22521 7.12474 3.81040
v -6.21673 7.11159 4.32520
v -6.36654 6.23368 3.76500
v -6.22521 7.12474 3.81040
v -6.36654 6.23368 3.76500
v -6.76060 6.62678 3.05390
v -6.76060 6.62678 3.05390
v -6.36654 6.23368 3.76500
v -7.09321 5.53318 3.26720
v -6.76060 6.62678 3.05390
v -7.09321 5.53318 3.26720
v -7.72999 6.16276 2.72000
v -6.50973 7.71124 4.08770
v -6.83833 7.71747 4.71520
v -6.47070 7.35710 4.69990
v -6.47070 7.35710 4.69990
v -6.83833 7.71747 4.71520
v -6.95916 6.80118 5.21790
v -6.47070 7.35710 4.69990
v -6.95916 6.80118 5.21790
v -6.44880 6.30592 4.66140
v -6.44880 6.30592 4.66140
v -6.95916 6.80118 5.21790
v -7.31716 5.73478 5.18270
v -6.50973 7.71124 4.08770
v -7.10426 7.98158 4.36200
v -6.83833 7.71747 4.71520
v -6.83833 7.71747 4.71520
v -7.10426 7.98158 4.36200
v -7.59870 7.42933 5.10860
v -6.83833 7.71747 4.71520
v -7.59870 7.42933 5.10860
v -6.95916 6.80118 5.21790
v -6.50973 7.71124 4.08770
v -7.11274 7.99473 3.84720
v -7.10426 7.98158 4.36200
v -7.10426 7.98158 4.36200
v -7.11274 7.99473 3.84720
v -7.99273 7.82243 4.39750
v -7.10426 7.98158 4.36200
v -7.99273 7.82243 4.39750
v -7.59870 7.42933 5.10860
v -6.50973 7.71124 4.08770
v -6.47070 7.35710 4.69990
v -6.21673 7.11159 4.32520
v -6.21673 7.11159 4.32520
v -6.47070 7.35710 4.69990
v -6.44880 6.30592 4.66140
v -6.21673 7.11159 4.32520
v -6.44880 6.30592 4.66140
v -6.36654 6.23368 3.76500
v -10.42138 10.49049 4.81780
v -11.08624 10.37571 4.09600
v -11.40549 10.46635 4.73310
v -11.40549 10.46635 4.73310
v -11.08624 10.37571 4.09600
v -12.33743 9.67948 4.41720
v -11.40549 10.46635 4.73310
v -12.33743 9.67948 4.41720
v -12.15544 9.61280 5.66180
v -12.15544 9.61280 5.66180
v -12.33743 9.67948 4.41720
v -13.03467 8.40962 5.02170
v -10.42138 10.49049 4.81780
v -10.42990 10.17916 3.88020
v -11.08624 10.37571 4.09600
v -11.08624 10.37571 4.09600
v -10.42990 10.17916 3.88020
v -11.62340 9.47294 3.40040
v -11.08624 10.37571 4.09600
v -11.62340 9.47294 3.40040
v -12.33743 9.67948 4.41720
v -12.33743 9.67948 4.41720
v -11.62340 9.47294 3.40040
v -12.65327 8.30739 3.61220
v -12.33743 9.67948 4.41720
v -12.65327 8.30739 3.61220
v -13.03467 8.40962 5.02170
v -10.42138 10.49049 4.81780
v -11.20066 10.39799 5.41820
v -10.59170 10.21067 5.75000
v -10.59170 10.21067 5.75000
v -11.20066 10.39799 5.41820
v -11.18403 9.31198 6.40500
v -10.59170 10.21067 5.75000
v -11.18403 9.31198 6.40500
v -9.99226 8.95322 6.21150
v -10.42138 10.49049 4.81780
v -11.40549 10.46635 4.73310
v -11.20066 10.39799 5.41820
v -11.20066 10.39799 5.41820
v -11.40549 10.46635 4.73310
v -12.15544 9.61280 5.66180
v -11.20066 10.39799 5.41820
v -12.15544 9.61280 5.66180
v -11.18403 9.31198 6.40500
v -10.42138 10.49049 4.81780
v -9.82096 9.99184 4.21200
v -10.42990 10.17916 3.88020
v -10.42990 10.17916 3.88020
v -9.82096 9.99184 4.21200
v -10.43163 9.11419 3.20680
v -10.42990 10.17916 3.88020
v -10.43163 9.11419 3.20680
v -11.62340 9.47294 3.40040
v -10.42138 10.49049 4.81780
v -9.61613 9.92347 4.89710
v -9.82096 9.99184 4.21200
v -9.82096 9.99184 4.21200
v -9.61613 9.92347 4.89710
v -9.46021 8.81336 3.95010
v -9.82096 9.99184 4.21200
v -9.46021 8.81336 3.95010
v -10.43163 9.11419 3.20680
v -10.42138 10.49049 4.81780
v -9.93539 10.01411 5.53410
v -9.61613 9.92347 4.89710
v -9.61613 9.92347 4.89710
v -9.93539 10.01411 5.53410
v -9.27821 8.74669 5.19460
v -9.61613 9.92347 4.89710
v -9.27821 8.74669 5.19460
v -9.46021 8.81336 3.95010
v -10.42138 10.49049 4.81780
v -10.59170 10.21067 5.75000
v -9.93539 10.01411 5.53410
v -9.93539 10.01411 5.53410
v -10.59170 10.21067 5.75000
v -9.99226 8.95322 6.21150
v -9.93539 10.01411 5.53410
v -9.99226 8.95322 6.21150
v -9.27821 8.74669 5.19460
v -8.17930 10.50606 3.04130
v -9.00128 10.37739 2.32570
v -9.25768 10.70727 3.01150
v -9.25768 10.70727 3.01150
v -9.00128 10.37739 2.32570
v -10.44076 10.07335 2.91960
v -9.25768 10.70727 3.01150
v -10.44076 10.07335 2.91960
v -10.11329 10.27167 4.27460
v -10.11329 10.27167 4.27460
v -10.44076 10.07335 2.91960
v -11.34992 9.12640 3.93280
v -10.11329 10.27167 4.27460
v -11.34992 9.12640 3.93280
v -10.50320 9.05446 5.33120
v -8.17930 10.50606 3.04130
v -8.35076 9.96210 2.10380
v -9.00128 10.37739 2.32570
v -9.00128 10.37739 2.32570
v -8.35076 9.96210 2.10380
v -9.82128 9.43362 1.82880
v -9.00128 10.37739 2.32570
v -9.82128 9.43362 1.82880
v -10.44076 10.07335 2.91960
v -10.44076 10.07335 2.91960
v -9.82128 9.43362 1.82880
v -11.11676 8.57650 2.40930
v -10.44076 10.07335 2.91960
v -11.11676 8.57650 2.40930
v -11.34992 9.12640 3.93280
v -8.17930 10.50606 3.04130
v -7.68723 9.70466 2.47570
v -8.35076 9.96210 2.10380
v -8.35076 9.96210 2.10380
v -7.68723 9.70466 2.47570
v -8.61772 8.72720 1.64130
v -8.35076 9.96210 2.10380
v -8.61772 8.72720 1.64130
v -9.82128 9.43362 1.82880
v -9.82128 9.43362 1.82880
v -8.61772 8.72720 1.64130
v -9.94024 7.72689 1.65330
v -9.82128 9.43362 1.82880
v -9.94024 7.72689 1.65330
v -11.11676 8.57650 2.40930
v -8.17930 10.50606 3.04130
v -7.39936 9.75588 3.22360
v -7.68723 9.70466 2.47570
v -7.68723 9.70466 2.47570
v -7.39936 9.75588 3.22360
v -7.53509 8.36793 2.46690
v -7.68723 9.70466 2.47570
v -7.53509 8.36793 2.46690
v -8.61772 8.72720 1.64130
v -8.61772 8.72720 1.64130
v -7.53509 8.36793 2.46690
v -8.50961 7.07526 2.10740
v -8.61772 8.72720 1.64130
v -8.50961 7.07526 2.10740
v -9.94024 7.72689 1.65330
v -8.17930 10.50606 3.04130
v -7.65577 10.08575 3.90940
v -7.39936 9.75588 3.22360
v -7.39936 9.75588 3.22360
v -7.65577 10.08575 3.90940
v -7.20759 8.56624 3.82200
v -7.39936 9.75588 3.22360
v -7.20759 8.56624 3.82200
v -7.53509 8.36793 2.46690
v -7.53509 8.36793 2.46690
v -7.20759 8.56624 3.82200
v -7.66288 7.00332 3.50590
v -7.53509 8.36793 2.46690
v -7.66288 7.00332 3.50590
v -8.50961 7.07526 2.10740
v -8.17930 10.50606 3.04130
v -8.30627 10.50105 4.13130
v -7.65577 10.08575 3.90940
v -7.65577 10.08575 3.90940
v -8.30627 10.50105 4.13130
v -7.77839 9.10960 5.04490
v -7.65577 10.08575 3.90940
v -7.77839 9.10960 5.04490
v -7.20759 8.56624 3.82200
v -7.20759 8.56624 3.82200
v -7.77839 9.10960 5.04490
v -7.89608 7.55322 5.02930
v -7.20759 8.56624 3.82200
v -7.89608 7.55322 5.02930
v -7.66288 7.00332 3.50590
v -8.17930 10.50606 3.04130
v -8.96981 10.75850 3.75940
v -8.30627 10.50105 4.13130
v -8.30627 10.50105 4.13130
v -8.96981 10.75850 3.75940
v -9.03066 9.91239 5.10020
v -8.30627 10.50105 4.13130
v -9.03066 9.91239 5.10020
v -7.77839 9.10960 5.04490
v -7.77839 9.10960 5.04490
v -9.03066 9.91239 5.10020
v -8.89239 8.04892 6.11120
v -7.77839 9.10960 5.04490
v -8.89239 8.04892 6.11120
v -7.89608 7.55322 5.02930
v -8.17930 10.50606 3.04130
v -9.25768 10.70727 3.01150
v -8.96981 10.75850 3.75940
v -8.96981 10.75850 3.75940
v -9.25768 10.70727 3.01150
v -10.11329 10.27167 4.27460
v -8.96981 10.75850 3.75940
v -10.11329 10.27167 4.27460
v -9.03066 9.91239 5.10020
v -9.03066 9.91239 5.10020
v -10.11329 10.27167 4.27460
v -10.50320 9.05446 5.33120
v -9.03066 9.91239 5.10020
v -10.50320 9.05446 5.33120
v -8.89239 8.04892 6.11120
v -8.28173 11.18325 6.57670
v -8.83778 11.17160 7.18830
v -8.33442 10.94534 7.36660
v -8.33442 10.94534 7.36660
v -8.83778 11.17160 7.18830
v -8.92886 10.10138 8.06500
v -8.33442 10.94534 7.36660
v -8.92886 10.10138 8.06500
v -8.08174 9.63650 7.74800
v -8.08174 9.63650 7.74800
v -8.92886 10.10138 8.06500
v -9.11299 8.53931 8.40350
v -8.08174 9.63650 7.74800
v -9.11299 8.53931 8.40350
v -8.32873 8.04869 7.66800
v -8.32873 8.04869 7.66800
v -9.11299 8.53931 8.40350
v -9.49250 7.13331 8.27660
v -8.28173 11.18325 6.57670
v -9.10102 11.23268 6.67510
v -8.83778 11.17160 7.18830
v -8.83778 11.17160 7.18830
v -9.10102 11.23268 6.67510
v -9.76686 10.45672 7.61150
v -8.83778 11.17160 7.18830
v -9.76686 10.45672 7.61150
v -8.92886 10.10138 8.06500
v -8.92886 10.10138 8.06500
v -9.76686 10.45672 7.61150
v -10.17166 9.04911 8.27730
v -8.92886 10.10138 8.06500
v -10.17166 9.04911 8.27730
v -9.11299 8.53931 8.40350
v -8.28173 11.18325 6.57670
v -8.96993 11.09283 6.12770
v -9.10102 11.23268 6.67510
v -9.10102 11.23268 6.67510
v -8.96993 11.09283 6.12770
v -10.10487 10.49435 6.65310
v -9.10102 11.23268 6.67510
v -10.10487 10.49435 6.65310
v -9.76686 10.45672 7.61150
v -9.76686 10.45672 7.61150
v -10.10487 10.49435 6.65310
v -10.88461 9.27945 7.36340
v -9.76686 10.45672 7.61150
v -10.88461 9.27945 7.36340
v -10.17166 9.04911 8.27730
v -8.28173 11.18325 6.57670
v -8.52133 10.83395 5.86680
v -8.96993 11.09283 6.12770
v -8.96993 11.09283 6.12770
v -8.52133 10.83395 5.86680
v -9.74488 10.19225 5.75130
v -8.96993 11.09283 6.12770
v -9.74488 10.19225 5.75130
v -10.10487 10.49435 6.65310
v -10.10487 10.49435 6.65310
v -9.74488 10.19225 5.75130
v -10.83421 9.09541 6.19710
v -10.10487 10.49435 6.65310
v -10.83421 9.09541 6.19710
v -10.88461 9.27945 7.36340
v -8.28173 11.18325 6.57670
v -8.01798 10.60770 6.04520
v -8.52133 10.83395 5.86680
v -8.52133 10.83395 5.86680
v -8.01798 10.60770 6.04520
v -8.89779 9.72737 5.43420
v -8.52133 10.83395 5.86680
v -8.89779 9.72737 5.43420
v -9.74488 10.19225 5.75130
v -9.74488 10.19225 5.75130
v -8.89779 9.72737 5.43420
v -10.04997 8.60479 5.46160
v -9.74488 10.19225 5.75130
v -10.04997 8.60479 5.46160
v -10.83421 9.09541 6.19710
v -8.28173 11.18325 6.57670
v -7.75474 10.54661 6.55830
v -8.01798 10.60770 6.04520
v -8.01798 10.60770 6.04520
v -7.75474 10.54661 6.55830
v -8.05978 9.37203 5.88780
v -8.01798 10.60770 6.04520
v -8.05978 9.37203 5.88780
v -8.89779 9.72737 5.43420
v -8.89779 9.72737 5.43420
v -8.05978 9.37203 5.88780
v -8.99130 8.09499 5.58790
v -8.89779 9.72737 5.43420
v -8.99130 8.09499 5.58790
v -10.04997 8.60479 5.46160
v -8.28173 11.18325 6.57670
v -7.88581 10.68646 7.10570
v -7.75474 10.54661 6.55830
v -7.75474 10.54661 6.55830
v -7.88581 10.68646 7.10570
v -7.72178 9.33439 6.84620
v -7.75474 10.54661 6.55830
v -7.72178 9.33439 6.84620
v -8.05978 9.37203 5.88780
v -8.05978 9.37203 5.88780
v -7.72178 9.33439 6.84620
v -8.27833 7.86465 6.50180
v -8.05978 9.37203 5.88780
v -8.27833 7.86465 6.50180
v -8.99130 8.09499 5.58790
v -8.28173 11.18325 6.57670
v -8.33442 10.94534 7.36660
v -7.88581 10.68646 7.10570
v -7.88581 10.68646 7.10570
v -8.33442 10.94534 7.36660
v -8.08174 9.63650 7.74800
v -7.88581 10.68646 7.10570
v -8.08174 9.63650 7.74800
v -7.72178 9.33439 6.84620
v -7.72178 9.33439 6.84620
v -8.08174 9.63650 7.74800
v -8.32873 8.04869 7.66800
v -7.72178 9.33439 6.84620
v -8.32873 8.04869 7.66800
v -8.27833 7.86465 6.50180
v -6.02131 8.98969 5.99300
v -6.34242 8.96949 6.70260
v -5.94074 8.59090 6.65750
v -5.94074 8.59090 6.65750
v -6.34242 8.96949 6.70260
v -6.50910 7.87308 7.29120
v -5.94074 8.59090 6.65750
v -6.50910 7.87308 7.29120
v -6.00723 7.33717 6.65560
v -6.00723 7.33717 6.65560
v -6.50910 7.87308 7.29120
v -7.02448 6.54723 7.33800
v -6.00723 7.33717 6.65560
v -7.02448 6.54723 7.33800
v -6.68456 6.12356 6.34890
v -6.68456 6.12356 6.34890
v -7.02448 6.54723 7.33800
v -7.77290 5.53383 7.06730
v -6.02131 8.98969 5.99300
v -6.73390 9.23514 5.79530
v -6.67095 9.23634 6.34550
v -6.67095 9.23634 6.34550
v -6.73390 9.23514 5.79530
v -7.72837 8.92084 6.49410
v -6.67095 9.23634 6.34550
v -7.72837 8.92084 6.49410
v -7.22201 8.52906 7.22430
v -7.22201 8.52906 7.22430
v -7.72837 8.92084 6.49410
v -8.55465 7.94738 7.12290
v -7.22201 8.52906 7.22430
v -8.55465 7.94738 7.12290
v -7.79910 7.30268 7.65860
v -6.02131 8.98969 5.99300
v -6.49436 8.96659 5.37430
v -6.73390 9.23514 5.79530
v -6.73390 9.23514 5.79530
v -6.49436 8.96659 5.37430
v -7.73155 8.81891 5.52840
v -6.73390 9.23514 5.79530
v -7.73155 8.81891 5.52840
v -7.72837 8.92084 6.49410
v -7.72837 8.92084 6.49410
v -7.73155 8.81891 5.52840
v -8.84852 8.10368 6.04460
v -7.72837 8.92084 6.49410
v -8.84852 8.10368 6.04460
v -8.55465 7.94738 7.12290
v -6.02131 8.98969 5.99300
v -6.09268 8.58801 5.32920
v -6.49436 8.96659 5.37430
v -6.49436 8.96659 5.37430
v -6.09268 8.58801 5.32920
v -7.22968 8.28300 4.89280
v -6.49436 8.96659 5.37430
v -7.22968 8.28300 4.89280
v -7.73155 8.81891 5.52840
v -7.73155 8.81891 5.52840
v -7.22968 8.28300 4.89280
v -8.50858 7.68002 5.05540
v -7.73155 8.81891 5.52840
v -8.50858 7.68002 5.05540
v -8.84852 8.10368 6.04460
v -6.02131 8.98969 5.99300
v -5.76414 8.32115 5.68630
v -6.09268 8.58801 5.32920
v -6.09268 8.58801 5.32920
v -5.76414 8.32115 5.68630
v -6.51675 7.62702 4.95970
v -6.09268 8.58801 5.32920
v -6.51675 7.62702 4.95970
v -7.22968 8.28300 4.89280
v -7.22968 8.28300 4.89280
v -6.51675 7.62702 4.95970
v -7.73399 6.92457 4.73480
v -7.22968 8.28300 4.89280
v -7.73399 6.92457 4.73480
v -8.50858 7.68002 5.05540
v -6.02131 8.98969 5.99300
v -5.70120 8.32235 6.23650
v -5.76414 8.32115 5.68630
v -5.76414 8.32115 5.68630
v -5.70120 8.32235 6.23650
v -6.01039 7.23525 5.68990
v -5.76414 8.32115 5.68630
v -6.01039 7.23525 5.68990
v -6.51675 7.62702 4.95970
v -6.51675 7.62702 4.95970
v -6.01039 7.23525 5.68990
v -6.76403 6.30647 4.81910
v -6.51675 7.62702 4.95970
v -6.76403 6.30647 4.81910
v -7.73399 6.92457 4.73480
v -6.02131 8.98969 5.99300
v -5.94074 8.59090 6.65750
v -5.70120 8.32235 6.23650
v -5.70120 8.32235 6.23650
v -5.94074 8.59090 6.65750
v -6.00723 7.33717 6.65560
v -5.70120 8.32235 6.23650
v -6.00723 7.33717 6.65560
v -6.01039 7.23525 5.68990
v -6.01039 7.23525 5.68990
v -6.00723 7.33717 6.65560
v -6.68456 6.12356 6.34890
v -6.01039 7.23525 5.68990
v -6.68456 6.12356 6.34890
v -6.76403 6.30647 4.81910
v -6.02131 8.98969 5.99300
v -6.67095 9.23634 6.34550
v -6.34242 8.96949 6.70260
v -6.34242 8.96949 6.70260
v -6.67095 9.23634 6.34550
v -7.22201 8.52906 7.22430
v -6.34242 8.96949 6.70260
v -7.22201 8.52906 7.22430
v -6.50910 7.87308 7.29120
v -6.50910 7.87308 7.29120
v -7.22201 8.52906 7.22430
v -7.79910 7.30268 7.65860
v -6.50910 7.87308 7.29120
v -7.79910 7.30268 7.65860
v -7.02448 6.54723 7.33800
v -9.41043 10.47829 8.90910
v -10.25077 10.34676 8.17750
v -10.51290 10.68399 8.87860
v -10.51290 10.68399 8.87860
v -10.25077 10.34676 8.17750
v -11.40758 9.79989 8.51110
v -10.51290 10.68399 8.87860
v -11.40758 9.79989 8.51110
v -11.45011 10.18140 10.01480
v -11.45011 10.18140 10.01480
v -11.40758 9.79989 8.51110
v -12.30262 8.45370 8.75400
v -11.45011 10.18140 10.01480
v -12.30262 8.45370 8.75400
v -12.05238 8.76804 10.69080
v -9.41043 10.47829 8.90910
v -9.58573 9.92219 7.95060
v -10.25077 10.34676 8.17750
v -10.25077 10.34676 8.17750
v -9.58573 9.92219 7.95060
v -10.71440 9.21981 7.50770
v -10.25077 10.34676 8.17750
v -10.71440 9.21981 7.50770
v -11.40758 9.79989 8.51110
v -11.40758 9.79989 8.51110
v -10.71440 9.21981 7.50770
v -10.89863 8.29459 7.40470
v -11.40758 9.79989 8.51110
v -10.89863 8.29459 7.40470
v -12.30262 8.45370 8.75400
v -9.41043 10.47829 8.90910
v -8.61306 9.71136 9.09540
v -8.90739 9.65900 8.33080
v -8.90739 9.65900 8.33080
v -8.61306 9.71136 9.09540
v -8.75184 8.29240 8.32180
v -8.90739 9.65900 8.33080
v -8.75184 8.29240 8.32180
v -9.85864 8.65971 7.47780
v -9.85864 8.65971 7.47780
v -8.75184 8.29240 8.32180
v -9.74812 6.97086 7.95440
v -9.41043 10.47829 8.90910
v -8.87521 10.04860 9.79650
v -8.61306 9.71136 9.09540
v -8.61306 9.71136 9.09540
v -8.87521 10.04860 9.79650
v -8.41702 8.49515 9.70710
v -8.61306 9.71136 9.09540
v -8.41702 8.49515 9.70710
v -8.75184 8.29240 8.32180
v -8.75184 8.29240 8.32180
v -8.41702 8.49515 9.70710
v -8.88249 6.89732 9.38400
v -8.75184 8.29240 8.32180
v -8.88249 6.89732 9.38400
v -9.74812 6.97086 7.95440
v -9.41043 10.47829 8.90910
v -10.51290 10.68399 8.87860
v -10.21859 10.73636 9.64320
v -10.21859 10.73636 9.64320
v -10.51290 10.68399 8.87860
v -11.45011 10.18140 10.01480
v -10.21859 10.73636 9.64320
v -11.45011 10.18140 10.01480
v -10.28082 9.87136 11.01400
v -10.28082 9.87136 11.01400
v -11.45011 10.18140 10.01480
v -12.05238 8.76804 10.69080
v -9.41043 10.47829 8.90910
v -8.90739 9.65900 8.33080
v -9.58573 9.92219 7.95060
v -9.58573 9.92219 7.95060
v -8.90739 9.65900 8.33080
v -9.85864 8.65971 7.47780
v -9.58573 9.92219 7.95060
v -9.85864 8.65971 7.47780
v -10.71440 9.21981 7.50770
v -9.41043 10.47829 8.90910
v -9.54025 10.47317 10.02340
v -8.87521 10.04860 9.79650
v -8.87521 10.04860 9.79650
v -9.54025 10.47317 10.02340
v -9.05035 9.14917 10.82230
v -8.87521 10.04860 9.79650
v -9.05035 9.14917 10.82230
v -8.41702 8.49515 9.70710
v -9.41043 10.47829 8.90910
v -10.21859 10.73636 9.64320
v -9.54025 10.47317 10.02340
v -9.54025 10.47317 10.02340
v -10.21859 10.73636 9.64320
v -10.28082 9.87136 11.01400
v -9.54025 10.47317 10.02340
v -10.28082 9.87136 11.01400
v -9.05035 9.14917 10.82230
v -7.30030 8.37239 7.80020
v -7.38111 8.36920 8.49380
v -6.96716 8.10493 8.35260
v -6.96716 8.10493 8.35260
v -7.38111 8.36920 8.49380
v -7.07618 7.54509 8.99100
v -6.96716 8.10493 8.35260
v -7.07618 7.54509 8.99100
v -6.68199 7.13800 8.29700
v -6.68199 7.13800 8.29700
v -7.07618 7.54509 8.99100
v -7.12007 6.49338 9.06520
v -6.68199 7.13800 8.29700
v -7.12007 6.49338 9.06520
v -6.97167 6.14345 8.09580
v -6.97167 6.14345 8.09580
v -7.12007 6.49338 9.06520
v -7.51229 5.64921 8.92110
v -7.30030 8.37239 7.80020
v -7.82339 8.29052 7.34480
v -7.98654 8.50043 7.78120
v -7.98654 8.50043 7.78120
v -7.82339 8.29052 7.34480
v -8.73939 8.09704 7.72270
v -7.98654 8.50043 7.78120
v -8.73939 8.09704 7.72270
v -8.68258 8.28133 8.73310
v -8.68258 8.28133 8.73310
v -8.73939 8.09704 7.72270
v -9.31793 7.49446 8.36750
v -7.30030 8.37239 7.80020
v -6.80403 7.89502 7.91620
v -6.98719 7.86243 7.44020
v -6.98719 7.86243 7.44020
v -6.80403 7.89502 7.91620
v -6.89038 7.01181 7.43470
v -6.98719 7.86243 7.44020
v -6.89038 7.01181 7.43470
v -7.57929 7.24043 6.90930
v -7.57929 7.24043 6.90930
v -6.89038 7.01181 7.43470
v -7.51051 6.18923 7.20590
v -7.30030 8.37239 7.80020
v -6.96716 8.10493 8.35260
v -6.80403 7.89502 7.91620
v -6.80403 7.89502 7.91620
v -6.96716 8.10493 8.35260
v -6.68199 7.13800 8.29700
v -6.80403 7.89502 7.91620
v -6.68199 7.13800 8.29700
v -6.89038 7.01181 7.43470
v -6.89038 7.01181 7.43470
v -6.68199 7.13800 8.29700
v -6.97167 6.14345 8.09580
v -6.89038 7.01181 7.43470
v -6.97167 6.14345 8.09580
v -7.51051 6.18923 7.20590
v -7.30030 8.37239 7.80020
v -7.80334 8.53302 8.25710
v -7.38111 8.36920 8.49380
v -7.38111 8.36920 8.49380
v -7.80334 8.53302 8.25710
v -7.84210 7.99461 9.11040
v -7.38111 8.36920 8.49380
v -7.84210 7.99461 9.11040
v -7.07618 7.54509 8.99100
v -7.07618 7.54509 8.99100
v -7.84210 7.99461 9.11040
v -7.86874 7.03402 9.54630
v -7.07618 7.54509 8.99100
v -7.86874 7.03402 9.54630
v -7.12007 6.49338 9.06520
v -7.30030 8.37239 7.80020
v -7.98654 8.50043 7.78120
v -7.80334 8.53302 8.25710
v -7.80334 8.53302 8.25710
v -7.98654 8.50043 7.78120
v -8.68258 8.28133 8.73310
v -7.80334 8.53302 8.25710
v -8.68258 8.28133 8.73310
v -7.84210 7.99461 9.11040
v -7.84210 7.99461 9.11040
v -8.68258 8.28133 8.73310
v -8.84107 7.47524 9.29810
v -7.84210 7.99461 9.11040
v -8.84107 7.47524 9.29810
v -7.86874 7.03402 9.54630
v -7.30030 8.37239 7.80020
v -7.40943 8.02625 7.20360
v -7.82339 8.29052 7.34480
v -7.82339 8.29052 7.34480
v -7.40943 8.02625 7.20360
v -8.34518 7.68995 7.02860
v -7.82339 8.29052 7.34480
v -8.34518 7.68995 7.02860
v -8.73939 8.09704 7.72270
v -7.57929 7.24043 6.90930
v -7.40943 8.02625 7.20360
v -6.98719 7.86243 7.44020
v -6.98719 7.86243 7.44020
v -7.40943 8.02625 7.20360
v -7.30030 8.37239 7.80020
v -8.56291 11.89271 12.83000
v -9.31283 11.86312 11.84620
v -9.72762 12.21025 12.55840
v -9.72762 12.21025 12.55840
v -9.31283 11.86312 11.84620
v -11.14369 11.53018 12.11950
v -9.72762 12.21025 12.55840
v -11.14369 11.53018 12.11950
v -11.10987 11.61229 13.68510
v -11.10987 11.61229 13.68510
v -11.14369 11.53018 12.11950
v -12.61025 10.34200 12.91640
v -11.10987 11.61229 13.68510
v -12.61025 10.34200 12.91640
v -12.05486 10.05846 14.62870
v -8.56291 11.89271 12.83000
v -8.59797 11.33998 11.72350
v -9.31283 11.86312 11.84620
v -9.31283 11.86312 11.84620
v -8.59797 11.33998 11.72350
v -10.26742 10.82485 11.02690
v -9.31283 11.86312 11.84620
v -10.26742 10.82485 11.02690
v -11.14369 11.53018 12.11950
v -11.14369 11.53018 12.11950
v -10.26742 10.82485 11.02690
v -12.03301 9.81438 11.27050
v -11.14369 11.53018 12.11950
v -12.03301 9.81438 11.27050
v -12.61025 10.34200 12.91640
v -8.56291 11.89271 12.83000
v -8.00181 10.94727 12.26210
v -8.59797 11.33998 11.72350
v -8.59797 11.33998 11.72350
v -8.00181 10.94727 12.26210
v -8.99438 9.90947 11.04740
v -8.59797 11.33998 11.72350
v -8.99438 9.90947 11.04740
v -10.26742 10.82485 11.02690
v -10.26742 10.82485 11.02690
v -8.99438 9.90947 11.04740
v -10.66125 8.78468 10.65500
v -10.26742 10.82485 11.02690
v -10.66125 8.78468 10.65500
v -12.03301 9.81438 11.27050
v -8.56291 11.89271 12.83000
v -7.87354 10.91505 13.14650
v -8.00181 10.94727 12.26210
v -8.00181 10.94727 12.26210
v -7.87354 10.91505 13.14650
v -8.07028 9.32027 12.16900
v -8.00181 10.94727 12.26210
v -8.07028 9.32027 12.16900
v -8.99438 9.90947 11.04740
v -8.99438 9.90947 11.04740
v -8.07028 9.32027 12.16900
v -9.29853 7.85608 11.43060
v -8.99438 9.90947 11.04740
v -9.29853 7.85608 11.43060
v -10.66125 8.78468 10.65500
v -8.56291 11.89271 12.83000
v -8.28832 11.26217 13.85880
v -7.87354 10.91505 13.14650
v -7.87354 10.91505 13.14650
v -8.28832 11.26217 13.85880
v -8.03646 9.40237 13.73460
v -7.87354 10.91505 13.14650
v -8.03646 9.40237 13.73460
v -8.07028 9.32027 12.16900
v -8.07028 9.32027 12.16900
v -8.03646 9.40237 13.73460
v -8.74313 7.57254 13.14280
v -8.07028 9.32027 12.16900
v -8.74313 7.57254 13.14280
v -9.29853 7.85608 11.43060
v -8.56291 11.89271 12.83000
v -9.00318 11.78533 13.98150
v -8.28832 11.26217 13.85880
v -8.28832 11.26217 13.85880
v -9.00318 11.78533 13.98150
v -8.91271 10.10770 14.82710
v -8.28832 11.26217 13.85880
v -8.91271 10.10770 14.82710
v -8.03646 9.40237 13.73460
v -8.03646 9.40237 13.73460
v -8.91271 10.10770 14.82710
v -9.32037 8.10016 14.78880
v -8.03646 9.40237 13.73460
v -9.32037 8.10016 14.78880
v -8.74313 7.57254 13.14280
v -8.56291 11.89271 12.83000
v -9.59937 12.17802 13.44280
v -9.00318 11.78533 13.98150
v -9.00318 11.78533 13.98150
v -9.59937 12.17802 13.44280
v -10.18579 11.02308 14.80660
v -9.00318 11.78533 13.98150
v -10.18579 11.02308 14.80660
v -8.91271 10.10770 14.82710
v -8.91271 10.10770 14.82710
v -10.18579 11.02308 14.80660
v -10.69215 9.12986 15.40420
v -8.91271 10.10770 14.82710
v -10.69215 9.12986 15.40420
v -9.32037 8.10016 14.78880
v -8.56291 11.89271 12.83000
v -9.72762 12.21025 12.55840
v -9.59937 12.17802 13.44280
v -9.59937 12.17802 13.44280
v -9.72762 12.21025 12.55840
v -11.10987 11.61229 13.68510
v -9.59937 12.17802 13.44280
v -11.10987 11.61229 13.68510
v -10.18579 11.02308 14.80660
v -10.18579 11.02308 14.80660
v -11.10987 11.61229 13.68510
v -12.05486 10.05846 14.62870
v -10.18579 11.02308 14.80660
v -12.05486 10.05846 14.62870
v -10.69215 9.12986 15.40420
v -7.34870 8.09751 9.68850
v -7.45181 8.01662 10.17210
v -7.11985 7.92008 10.09740
v -7.11985 7.92008 10.09740
v -7.45181 8.01662 10.17210
v -7.16326 7.34868 10.56180
v -7.11985 7.92008 10.09740
v -7.16326 7.34868 10.56180
v -6.78768 7.16453 10.10390
v -6.78768 7.16453 10.10390
v -7.16326 7.34868 10.56180
v -7.05622 6.41085 10.65090
v -6.78768 7.16453 10.10390
v -7.05622 6.41085 10.65090
v -6.83959 6.22483 9.98910
v -6.83959 6.22483 9.98910
v -7.05622 6.41085 10.65090
v -7.20335 5.56756 10.56690
v -7.34870 8.09751 9.68850
v -7.74995 8.05235 9.98520
v -7.45181 8.01662 10.17210
v -7.45181 8.01662 10.17210
v -7.74995 8.05235 9.98520
v -7.76235 7.50389 10.60190
v -7.45181 8.01662 10.17210
v -7.76235 7.50389 10.60190
v -7.16326 7.34868 10.56180
v -7.16326 7.34868 10.56180
v -7.76235 7.50389 10.60190
v -7.68057 6.62264 10.94190
v -7.16326 7.34868 10.56180
v -7.68057 6.62264 10.94190
v -7.05622 6.41085 10.65090
v -7.05622 6.41085 10.65090
v -7.68057 6.62264 10.94190
v -7.67033 5.76299 10.96910
v -7.05622 6.41085 10.65090
v -7.67033 5.76299 10.96910
v -7.20335 5.56756 10.56690
v -7.34870 8.09751 9.68850
v -7.03823 7.77328 9.46590
v -7.33637 7.80901 9.27900
v -7.33637 7.80901 9.27900
v -7.03823 7.77328 9.46590
v -7.32722 7.09467 9.09540
v -7.33637 7.80901 9.27900
v -7.32722 7.09467 9.09540
v -7.92631 7.24988 9.13550
v -7.92631 7.24988 9.13550
v -7.32722 7.09467 9.09540
v -7.88804 6.11043 8.91570
v -7.34870 8.09751 9.68850
v -6.94854 7.81929 9.80490
v -7.03823 7.77328 9.46590
v -7.03823 7.77328 9.46590
v -6.94854 7.81929 9.80490
v -6.85560 7.05932 9.49660
v -7.03823 7.77328 9.46590
v -6.85560 7.05932 9.49660
v -7.32722 7.09467 9.09540
v -7.32722 7.09467 9.09540
v -6.85560 7.05932 9.49660
v -7.15754 6.17355 9.34440
v -7.32722 7.09467 9.09540
v -7.15754 6.17355 9.34440
v -7.88804 6.11043 8.91570
v -7.34870 8.09751 9.68850
v -7.11985 7.92008 10.09740
v -6.94854 7.81929 9.80490
v -6.94854 7.81929 9.80490
v -7.11985 7.92008 10.09740
v -6.78768 7.16453 10.10390
v -6.94854 7.81929 9.80490
v -6.78768 7.16453 10.10390
v -6.85560 7.05932 9.49660
v -6.85560 7.05932 9.49660
v -6.78768 7.16453 10.10390
v -6.83959 6.22483 9.98910
v -6.85560 7.05932 9.49660
v -6.83959 6.22483 9.98910
v -7.15754 6.17355 9.34440
v -7.34870 8.09751 9.68850
v -7.83962 8.00634 9.64620
v -7.74995 8.05235 9.98520
v -7.74995 8.05235 9.98520
v -7.83962 8.00634 9.64620
v -8.23399 7.53925 10.20080
v -7.74995 8.05235 9.98520
v -8.23399 7.53925 10.20080
v -7.76235 7.50389 10.60190
v -7.34870 8.09751 9.68850
v -7.66831 7.90554 9.35370
v -7.83962 8.00634 9.64620
v -7.83962 8.00634 9.64620
v -7.66831 7.90554 9.35370
v -8.30189 7.43403 9.59340
v -7.83962 8.00634 9.64620
v -8.30189 7.43403 9.59340
v -8.23399 7.53925 10.20080
v -7.34870 8.09751 9.68850
v -7.33637 7.80901 9.27900
v -7.66831 7.90554 9.35370
v -7.66831 7.90554 9.35370
v -7.33637 7.80901 9.27900
v -7.92631 7.24988 9.13550
v -7.66831 7.90554 9.35370
v -7.92631 7.24988 9.13550
v -8.30189 7.43403 9.59340
v -8.51968 9.73162 10.72020
v -8.09701 9.53085 11.40730
v -7.80023 9.35623 10.90050
v -7.80023 9.35623 10.90050
v -8.09701 9.53085 11.40730
v -7.43452 8.57608 11.34750
v -7.80023 9.35623 10.90050
v -7.43452 8.57608 11.34750
v -7.55218 8.39380 10.29530
v -7.55218 8.39380 10.29530
v -7.43452 8.57608 11.34750
v -7.40467 7.43558 11.05080
v -7.55218 8.39380 10.29530
v -7.40467 7.43558 11.05080
v -8.18301 7.11691 9.30300
v -8.18301 7.11691 9.30300
v -7.40467 7.43558 11.05080
v -7.86712 6.51584 10.86680
v -8.51968 9.73162 10.72020
v -8.67208 9.69810 11.53670
v -8.09701 9.53085 11.40730
v -8.09701 9.53085 11.40730
v -8.67208 9.69810 11.53670
v -8.08521 8.89511 12.14070
v -8.09701 9.53085 11.40730
v -8.08521 8.89511 12.14070
v -7.43452 8.57608 11.34750
v -7.43452 8.57608 11.34750
v -8.08521 8.89511 12.14070
v -7.78002 7.75784 12.19710
v -7.43452 8.57608 11.34750
v -7.78002 7.75784 12.19710
v -7.40467 7.43558 11.05080
v -7.40467 7.43558 11.05080
v -7.78002 7.75784 12.19710
v -7.92376 6.74932 11.96090
v -7.40467 7.43558 11.05080
v -7.92376 6.74932 11.96090
v -7.86712 6.51584 10.86680
v -8.51968 9.73162 10.72020
v -7.80023 9.35623 10.90050
v -7.95559 9.27652 10.31310
v -7.95559 9.27652 10.31310
v -7.80023 9.35623 10.90050
v -7.55218 8.39380 10.29530
v -7.95559 9.27652 10.31310
v -7.55218 8.39380 10.29530
v -8.36926 8.45505 9.60030
v -8.36926 8.45505 9.60030
v -7.55218 8.39380 10.29530
v -8.18301 7.11691 9.30300
v -8.36926 8.45505 9.60030
v -8.18301 7.11691 9.30300
v -9.06782 7.53324 9.19370
v -9.40714 8.72395 9.66980
v -9.04719 9.50567 10.11880
v -8.47209 9.33842 9.98940
v -8.47209 9.33842 9.98940
v -9.04719 9.50567 10.11880
v -8.51968 9.73162 10.72020
v -8.51968 9.73162 10.72020
v -7.95559 9.27652 10.31310
v -8.47209 9.33842 9.98940
v -8.47209 9.33842 9.98940
v -7.95559 9.27652 10.31310
v -8.36926 8.45505 9.60030
v -8.47209 9.33842 9.98940
v -8.36926 8.45505 9.60030
v -9.40714 8.72395 9.66980
v -6.32781 7.31059 11.88980
v -6.15728 6.84700 12.03940
v -6.17661 6.87227 11.66310
v -6.17661 6.87227 11.66310
v -6.15728 6.84700 12.03940
v -6.33727 6.26241 11.61200
v -6.17661 6.87227 11.66310
v -6.33727 6.26241 11.61200
v -6.60562 6.60612 11.11360
v -6.60562 6.60612 11.11360
v -6.33727 6.26241 11.61200
v -6.90652 5.74915 11.25300
v -6.60562 6.60612 11.11360
v -6.90652 5.74915 11.25300
v -7.39877 6.40226 10.73920
v -7.39877 6.40226 10.73920
v -6.90652 5.74915 11.25300
v -7.70321 5.80312 10.95570
v -6.32781 7.31059 11.88980
v -6.58621 7.39607 11.45130
v -6.73655 7.58777 11.73990
v -6.73655 7.58777 11.73990
v -6.58621 7.39607 11.45130
v -7.32022 7.51882 11.50560
v -6.73655 7.58777 11.73990
v -7.32022 7.51882 11.50560
v -7.34788 7.55317 12.16630
v -7.34788 7.55317 12.16630
v -7.32022 7.51882 11.50560
v -8.00352 7.26959 11.78700
v -7.34788 7.55317 12.16630
v -8.00352 7.26959 11.78700
v -8.09149 7.19256 12.71340
v -6.32781 7.31059 11.88980
v -6.35429 7.09971 11.41950
v -6.58621 7.39607 11.45130
v -6.58621 7.39607 11.45130
v -6.35429 7.09971 11.41950
v -7.01275 7.12654 11.06950
v -6.58621 7.39607 11.45130
v -7.01275 7.12654 11.06950
v -7.32022 7.51882 11.50560
v -7.32022 7.51882 11.50560
v -7.01275 7.12654 11.06950
v -7.77821 6.98266 11.10940
v -7.32022 7.51882 11.50560
v -7.77821 6.98266 11.10940
v -8.00352 7.26959 11.78700
v -6.32781 7.31059 11.88980
v -6.17661 6.87227 11.66310
v -6.35429 7.09971 11.41950
v -6.35429 7.09971 11.41950
v -6.17661 6.87227 11.66310
v -6.60562 6.60612 11.11360
v -6.35429 7.09971 11.41950
v -6.60562 6.60612 11.11360
v -7.01275 7.12654 11.06950
v -7.01275 7.12654 11.06950
v -6.60562 6.60612 11.11360
v -7.39877 6.40226 10.73920
v -7.01275 7.12654 11.06950
v -7.39877 6.40226 10.73920
v -7.77821 6.98266 11.10940
v -6.32781 7.31059 11.88980
v -6.53956 7.33506 12.35980
v -6.30763 7.03869 12.32800
v -6.30763 7.03869 12.32800
v -6.53956 7.33506 12.35980
v -6.67239 6.68905 12.70880
v -6.30763 7.03869 12.32800
v -6.67239 6.68905 12.70880
v -6.36492 6.29676 12.27280
v -6.36492 6.29676 12.27280
v -6.67239 6.68905 12.70880
v -7.41322 5.67057 12.85360
v -6.32781 7.31059 11.88980
v -6.71722 7.56249 12.11620
v -6.53956 7.33506 12.35980
v -6.53956 7.33506 12.35980
v -6.71722 7.56249 12.11620
v -7.07954 7.20947 12.66470
v -6.53956 7.33506 12.35980
v -7.07954 7.20947 12.66470
v -6.67239 6.68905 12.70880
v -6.67239 6.68905 12.70880
v -7.07954 7.20947 12.66470
v -7.52206 6.55285 13.05830
v -6.67239 6.68905 12.70880
v -7.52206 6.55285 13.05830
v -7.41322 5.67057 12.85360
v -6.32781 7.31059 11.88980
v -6.73655 7.58777 11.73990
v -6.71722 7.56249 12.11620
v -6.71722 7.56249 12.11620
v -6.73655 7.58777 11.73990
v -7.34788 7.55317 12.16630
v -6.71722 7.56249 12.11620
v -7.34788 7.55317 12.16630
v -7.07954 7.20947 12.66470
v -7.07954 7.20947 12.66470
v -7.34788 7.55317 12.16630
v -8.09149 7.19256 12.71340
v -7.07954 7.20947 12.66470
v -8.09149 7.19256 12.71340
v -7.52206 6.55285 13.05830
v -6.32781 7.31059 11.88980
v -6.30763 7.03869 12.32800
v -6.15728 6.84700 12.03940
v -6.15728 6.84700 12.03940
v -6.30763 7.03869 12.32800
v -6.36492 6.29676 12.27280
v -6.15728 6.84700 12.03940
v -6.36492 6.29676 12.27280
v -6.33727 6.26241 11.61200
v -7.26801 8.78846 14.19370
v -6.76969 8.06735 13.72470
v -7.25817 8.38912 13.28330
v -7.25817 8.38912 13.28330
v -6.76969 8.06735 13.72470
v -7.45487 7.39489 12.71740
v -7.25817 8.38912 13.28330
v -7.45487 7.39489 12.71740
v -8.65510 8.19639 12.45560
v -8.65510 8.19639 12.45560
v -7.45487 7.39489 12.71740
v -8.64439 6.71808 12.37920
v -7.26801 8.78846 14.19370
v -6.66461 8.04095 14.44940
v -6.76969 8.06735 13.72470
v -6.76969 8.06735 13.72470
v -6.66461 8.04095 14.44940
v -6.69770 6.91211 13.63630
v -6.76969 8.06735 13.72470
v -6.69770 6.91211 13.63630
v -7.45487 7.39489 12.71740
v -7.45487 7.39489 12.71740
v -6.69770 6.91211 13.63630
v -7.64413 5.75288 12.77070
v -7.45487 7.39489 12.71740
v -7.64413 5.75288 12.77070
v -8.64439 6.71808 12.37920
v -7.26801 8.78846 14.19370
v -7.00445 8.32537 15.03290
v -6.66461 8.04095 14.44940
v -6.66461 8.04095 14.44940
v -7.00445 8.32537 15.03290
v -6.66999 6.97938 14.91910
v -6.66461 8.04095 14.44940
v -6.66999 6.97938 14.91910
v -6.69770 6.91211 13.63630
v -6.69770 6.91211 13.63630
v -6.66999 6.97938 14.91910
v -7.07273 5.72489 14.41760
v -6.69770 6.91211 13.63630
v -7.07273 5.72489 14.41760
v -7.64413 5.75288 12.77070
v -7.26801 8.78846 14.19370
v -7.59019 8.75402 15.13350
v -7.00445 8.32537 15.03290
v -7.00445 8.32537 15.03290
v -7.59019 8.75402 15.13350
v -7.38799 7.55730 15.81430
v -7.00445 8.32537 15.03290
v -7.38799 7.55730 15.81430
v -6.66999 6.97938 14.91910
v -6.66999 6.97938 14.91910
v -7.38799 7.55730 15.81430
v -7.53411 5.68895 15.81000
v -6.66999 6.97938 14.91910
v -7.53411 5.68895 15.81000
v -7.07273 5.72489 14.41760
v -7.26801 8.78846 14.19370
v -7.84391 8.81776 13.38390
v -8.18379 9.10220 13.96750
v -8.18379 9.10220 13.96750
v -7.84391 8.81776 13.38390
v -9.21598 8.72284 13.59570
v -8.18379 9.10220 13.96750
v -9.21598 8.72284 13.59570
v -9.18827 8.79012 14.87850
v -7.26801 8.78846 14.19370
v -7.25817 8.38912 13.28330
v -7.84391 8.81776 13.38390
v -7.84391 8.81776 13.38390
v -7.25817 8.38912 13.28330
v -8.65510 8.19639 12.45560
v -7.84391 8.81776 13.38390
v -8.65510 8.19639 12.45560
v -9.21598 8.72284 13.59570
v -7.26801 8.78846 14.19370
v -8.07868 9.07579 14.69220
v -7.59019 8.75402 15.13350
v -7.59019 8.75402 15.13350
v -8.07868 9.07579 14.69220
v -8.43109 8.30734 15.79750
v -7.59019 8.75402 15.13350
v -8.43109 8.30734 15.79750
v -7.38799 7.55730 15.81430
v -7.26801 8.78846 14.19370
v -8.18379 9.10220 13.96750
v -8.07868 9.07579 14.69220
v -8.07868 9.07579 14.69220
v -8.18379 9.10220 13.96750
v -9.18827 8.79012 14.87850
v -8.07868 9.07579 14.69220
v -9.18827 8.79012 14.87850
v -8.43109 8.30734 15.79750
v -7.29041 7.20422 16.32730
v -6.92738 6.84485 16.40100
v -7.06697 6.83041 16.05030
v -7.06697 6.83041 16.05030
v -6.92738 6.84485 16.40100
v -7.00379 6.20113 16.03140
v -7.06697 6.83041 16.05030
v -7.00379 6.20113 16.03140
v -7.51493 6.38536 15.65280
v -7.51493 6.38536 15.65280
v -7.00379 6.20113 16.03140
v -7.53411 5.68895 15.81000
v -7.29041 7.20422 16.32730
v -7.34448 7.19115 16.84040
v -7.04234 6.99427 16.72820
v -7.04234 6.99427 16.72820
v -7.34448 7.19115 16.84040
v -7.12316 6.57113 17.19160
v -7.04234 6.99427 16.72820
v -7.12316 6.57113 17.19160
v -6.84153 6.27808 16.66880
v -6.84153 6.27808 16.66880
v -7.12316 6.57113 17.19160
v -7.16683 5.79330 17.53150
v -7.29041 7.20422 16.32730
v -7.68145 7.15630 15.99390
v -7.79640 7.30572 16.32110
v -7.79640 7.30572 16.32110
v -7.68145 7.15630 15.99390
v -8.47344 7.15217 16.12680
v -7.79640 7.30572 16.32110
v -8.47344 7.15217 16.12680
v -8.19486 7.09285 16.91500
v -7.29041 7.20422 16.32730
v -7.37931 6.95942 15.88170
v -7.68145 7.15630 15.99390
v -7.68145 7.15630 15.99390
v -7.37931 6.95942 15.88170
v -8.07551 6.72285 15.75480
v -7.68145 7.15630 15.99390
v -8.07551 6.72285 15.75480
v -8.47344 7.15217 16.12680
v -7.29041 7.20422 16.32730
v -7.06697 6.83041 16.05030
v -7.37931 6.95942 15.88170
v -7.37931 6.95942 15.88170
v -7.06697 6.83041 16.05030
v -7.51493 6.38536 15.65280
v -7.37931 6.95942 15.88170
v -7.51493 6.38536 15.65280
v -8.07551 6.72285 15.75480
v -7.29041 7.20422 16.32730
v -7.04234 6.99427 16.72820
v -6.92738 6.84485 16.40100
v -6.92738 6.84485 16.40100
v -7.04234 6.99427 16.72820
v -6.84153 6.27808 16.66880
v -6.92738 6.84485 16.40100
v -6.84153 6.27808 16.66880
v -7.00379 6.20113 16.03140
v -7.29041 7.20422 16.32730
v -7.65682 7.32016 16.67180
v -7.34448 7.19115 16.84040
v -7.34448 7.19115 16.84040
v -7.65682 7.32016 16.67180
v -7.68376 6.90862 17.29360
v -7.34448 7.19115 16.84040
v -7.68376 6.90862 17.29360
v -7.12316 6.57113 17.19160
v -7.29041 7.20422 16.32730
v -7.79640 7.30572 16.32110
v -7.65682 7.32016 16.67180
v -7.65682 7.32016 16.67180
v -7.79640 7.30572 16.32110
v -8.19486 7.09285 16.91500
v -7.65682 7.32016 16.67180
v -8.19486 7.09285 16.91500
v -7.68376 6.90862 17.29360
v -8.88363 10.38257 15.75890
v -9.69645 10.11686 15.19690
v -9.90179 10.45223 15.83360
v -9.90179 10.45223 15.83360
v -9.69645 10.11686 15.19690
v -10.93015 9.73155 15.92410
v -9.90179 10.45223 15.83360
v -10.93015 9.73155 15.92410
v -10.51766 10.06235 17.12520
v -10.51766 10.06235 17.12520
v -10.93015 9.73155 15.92410
v -11.56333 8.84131 17.02850
v -10.51766 10.06235 17.12520
v -11.56333 8.84131 17.02850
v -10.63861 8.98027 18.23310
v -8.88363 10.38257 15.75890
v -8.26998 10.12042 16.53470
v -8.06465 9.78504 15.89790
v -8.06465 9.78504 15.89790
v -8.26998 10.12042 16.53470
v -7.69787 8.75226 16.51760
v -8.06465 9.78504 15.89790
v -7.69787 8.75226 16.51760
v -8.11033 8.42146 15.31660
v -8.11033 8.42146 15.31660
v -7.69787 8.75226 16.51760
v -8.01861 7.06737 16.01980
v -8.88363 10.38257 15.75890
v -8.89315 10.45475 16.77960
v -8.26998 10.12042 16.53470
v -8.26998 10.12042 16.53470
v -8.89315 10.45475 16.77960
v -8.23211 9.36989 17.54480
v -8.26998 10.12042 16.53470
v -8.23211 9.36989 17.54480
v -7.69787 8.75226 16.51760
v -7.69787 8.75226 16.51760
v -8.23211 9.36989 17.54480
v -8.02624 7.42349 17.89580
v -7.69787 8.75226 16.51760
v -8.02624 7.42349 17.89580
v -8.01861 7.06737 16.01980
v -8.88363 10.38257 15.75890
v -9.56906 10.59219 16.48920
v -8.89315 10.45475 16.77960
v -8.89315 10.45475 16.77960
v -9.56906 10.59219 16.48920
v -9.40013 9.91254 17.79650
v -8.89315 10.45475 16.77960
v -9.40013 9.91254 17.79650
v -8.23211 9.36989 17.54480
v -8.23211 9.36989 17.54480
v -9.40013 9.91254 17.79650
v -9.20468 8.56562 18.54530
v -8.23211 9.36989 17.54480
v -9.20468 8.56562 18.54530
v -8.02624 7.42349 17.89580
v -8.88363 10.38257 15.75890
v -9.90179 10.45223 15.83360
v -9.56906 10.59219 16.48920
v -9.56906 10.59219 16.48920
v -9.90179 10.45223 15.83360
v -10.51766 10.06235 17.12520
v -9.56906 10.59219 16.48920
v -10.51766 10.06235 17.12520
v -9.40013 9.91254 17.79650
v -9.40013 9.91254 17.79650
v -10.51766 10.06235 17.12520
v -10.63861 8.98027 18.23310
v -9.40013 9.91254 17.79650
v -10.63861 8.98027 18.23310
v -9.20468 8.56562 18.54530
v -8.88363 10.38257 15.75890
v -9.07328 9.78253 14.95200
v -9.69645 10.11686 15.19690
v -9.69645 10.11686 15.19690
v -9.07328 9.78253 14.95200
v -10.39591 9.11393 14.89690
v -9.69645 10.11686 15.19690
v -10.39591 9.11393 14.89690
v -10.93015 9.73155 15.92410
v -8.88363 10.38257 15.75890
v -8.39738 9.64508 15.24240
v -9.07328 9.78253 14.95200
v -9.07328 9.78253 14.95200
v -8.39738 9.64508 15.24240
v -9.22791 8.57126 14.64520
v -9.07328 9.78253 14.95200
v -9.22791 8.57126 14.64520
v -10.39591 9.11393 14.89690
v -8.88363 10.38257 15.75890
v -8.06465 9.78504 15.89790
v -8.39738 9.64508 15.24240
v -8.39738 9.64508 15.24240
v -8.06465 9.78504 15.89790
v -8.11033 8.42146 15.31660
v -8.39738 9.64508 15.24240
v -8.11033 8.42146 15.31660
v -9.22791 8.57126 14.64520
v -6.86785 8.18017 17.86260
v -6.45634 7.76462 18.29290
v -6.49409 7.55994 17.81000
v -6.49409 7.55994 17.81000
v -6.45634 7.76462 18.29290
v -6.48983 6.67965 17.99560
v -6.49409 7.55994 17.81000
v -6.48983 6.67965 17.99560
v -7.12316 6.57113 17.19160
v -7.12316 6.57113 17.19160
v -6.48983 6.67965 17.99560
v -7.16683 5.79330 17.53150
v -6.86785 8.18017 17.86260
v -6.73660 8.11018 18.57330
v -6.45634 7.76462 18.29290
v -6.45634 7.76462 18.29290
v -6.73660 8.11018 18.57330
v -6.53970 7.10936 18.96940
v -6.45634 7.76462 18.29290
v -6.53970 7.10936 18.96940
v -6.48983 6.67965 17.99560
v -6.48983 6.67965 17.99560
v -6.53970 7.10936 18.96940
v -6.92027 5.73888 19.08660
v -6.48983 6.67965 17.99560
v -6.92027 5.73888 19.08660
v -7.16683 5.79330 17.53150
v -6.86785 8.18017 17.86260
v -7.22335 8.40293 18.62600
v -6.73660 8.11018 18.57330
v -6.73660 8.11018 18.57330
v -7.22335 8.40293 18.62600
v -7.11347 7.72321 19.34930
v -6.73660 8.11018 18.57330
v -7.11347 7.72321 19.34930
v -6.53970 7.10936 18.96940
v -6.53970 7.10936 18.96940
v -7.11347 7.72321 19.34930
v -7.30064 6.64630 19.80490
v -6.53970 7.10936 18.96940
v -7.30064 6.64630 19.80490
v -6.92027 5.73888 19.08660
v -6.86785 8.18017 17.86260
v -7.65141 8.25780 17.66530
v -7.70495 8.47201 18.17900
v -7.70495 8.47201 18.17900
v -7.65141 8.25780 17.66530
v -8.75524 8.20191 18.23830
v -7.70495 8.47201 18.17900
v -8.75524 8.20191 18.23830
v -7.87589 8.16160 19.07200
v -6.86785 8.18017 17.86260
v -7.39082 7.91149 17.28610
v -7.65141 8.25780 17.66530
v -7.65141 8.25780 17.66530
v -7.39082 7.91149 17.28610
v -8.33128 7.73802 17.48580
v -7.65141 8.25780 17.66530
v -8.33128 7.73802 17.48580
v -8.75524 8.20191 18.23830
v -6.86785 8.18017 17.86260
v -6.91122 7.62164 17.29530
v -7.39082 7.91149 17.28610
v -7.39082 7.91149 17.28610
v -6.91122 7.62164 17.29530
v -8.13037 7.17762 16.79420
v -7.39082 7.91149 17.28610
v -8.13037 7.17762 16.79420
v -8.33128 7.73802 17.48580
v -6.86785 8.18017 17.86260
v -6.49409 7.55994 17.81000
v -6.91122 7.62164 17.29530
v -6.91122 7.62164 17.29530
v -6.49409 7.55994 17.81000
v -7.12316 6.57113 17.19160
v -6.91122 7.62164 17.29530
v -7.12316 6.57113 17.19160
v -8.13037 7.17762 16.79420
v -6.86785 8.18017 17.86260
v -7.70495 8.47201 18.17900
v -7.22335 8.40293 18.62600
v -7.22335 8.40293 18.62600
v -7.70495 8.47201 18.17900
v -7.87589 8.16160 19.07200
v -7.22335 8.40293 18.62600
v -7.87589 8.16160 19.07200
v -7.11347 7.72321 19.34930
v -6.64938 8.20590 21.05080
v -7.18241 8.32938 20.57350
v -7.33409 8.44701 21.06310
v -7.33409 8.44701 21.06310
v -7.18241 8.32938 20.57350
v -8.21458 8.14970 20.88910
v -7.33409 8.44701 21.06310
v -8.21458 8.14970 20.88910
v -8.02960 8.00027 21.78010
v -8.02960 8.00027 21.78010
v -8.21458 8.14970 20.88910
v -9.01304 7.41167 21.35830
v -6.64938 8.20590 21.05080
v -6.80357 8.03152 20.36300
v -7.18241 8.32938 20.57350
v -7.18241 8.32938 20.57350
v -6.80357 8.03152 20.36300
v -7.85038 7.86572 20.09100
v -7.18241 8.32938 20.57350
v -7.85038 7.86572 20.09100
v -8.21458 8.14970 20.88910
v -8.21458 8.14970 20.88910
v -7.85038 7.86572 20.09100
v -8.95323 7.44590 19.82100
v -6.64938 8.20590 21.05080
v -6.41947 7.72790 20.55500
v -6.80357 8.03152 20.36300
v -6.80357 8.03152 20.36300
v -6.41947 7.72790 20.55500
v -7.29904 7.36692 19.45410
v -6.80357 8.03152 20.36300
v -7.29904 7.36692 19.45410
v -7.85038 7.86572 20.09100
v -7.85038 7.86572 20.09100
v -7.29904 7.36692 19.45410
v -8.25987 6.86469 19.39990
v -7.85038 7.86572 20.09100
v -8.25987 6.86469 19.39990
v -8.95323 7.44590 19.82100
v -6.64938 8.20590 21.05080
v -6.25511 7.59638 21.03690
v -6.41947 7.72790 20.55500
v -6.41947 7.72790 20.55500
v -6.25511 7.59638 21.03690
v -6.52442 6.81937 20.31500
v -6.41947 7.72790 20.55500
v -6.52442 6.81937 20.31500
v -7.29904 7.36692 19.45410
v -7.29904 7.36692 19.45410
v -6.52442 6.81937 20.31500
v -7.35462 5.78885 19.69210
v -6.64938 8.20590 21.05080
v -6.40678 7.71401 21.52650
v -6.25511 7.59638 21.03690
v -6.25511 7.59638 21.03690
v -6.40678 7.71401 21.52650
v -6.33943 6.66994 21.20600
v -6.25511 7.59638 21.03690
v -6.33943 6.66994 21.20600
v -6.52442 6.81937 20.31500
v -6.52442 6.81937 20.31500
v -6.33943 6.66994 21.20600
v -6.86894 5.72365 20.73010
v -6.52442 6.81937 20.31500
v -6.86894 5.72365 20.73010
v -7.35462 5.78885 19.69210
v -6.64938 8.20590 21.05080
v -6.78565 8.01188 21.73700
v -6.40678 7.71401 21.52650
v -6.40678 7.71401 21.52650
v -6.78565 8.01188 21.73700
v -6.70367 6.95392 22.00410
v -6.40678 7.71401 21.52650
v -6.70367 6.95392 22.00410
v -6.33943 6.66994 21.20600
v -6.33943 6.66994 21.20600
v -6.70367 6.95392 22.00410
v -7.01037 5.83095 21.78680
v -6.33943 6.66994 21.20600
v -7.01037 5.83095 21.78680
v -6.86894 5.72365 20.73010
v -6.64938 8.20590 21.05080
v -7.16975 8.31549 21.54510
v -6.78565 8.01188 21.73700
v -6.78565 8.01188 21.73700
v -7.16975 8.31549 21.54510
v -7.40374 7.50496 22.24190
v -6.78565 8.01188 21.73700
v -7.40374 7.50496 22.24190
v -6.70367 6.95392 22.00410
v -6.64938 8.20590 21.05080
v -7.33409 8.44701 21.06310
v -7.16975 8.31549 21.54510
v -7.16975 8.31549 21.54510
v -7.33409 8.44701 21.06310
v -8.02960 8.00027 21.78010
v -7.16975 8.31549 21.54510
v -8.02960 8.00027 21.78010
v -7.40374 7.50496 22.24190
v -10.23847 11.17487 19.85870
v -9.40335 10.87450 20.66420
v -9.07832 10.87450 19.83780
v -9.07832 10.87450 19.83780
v -9.40335 10.87450 20.66420
v -8.22181 9.87675 20.12840
v -9.07832 10.87450 19.83780
v -8.22181 9.87675 20.12840
v -8.62174 9.87675 18.62340
v -8.62174 9.87675 18.62340
v -8.22181 9.87675 20.12840
v -7.93376 8.50348 19.33070
v -8.62174 9.87675 18.62340
v -7.93376 8.50348 19.33070
v -8.98211 8.50348 17.85570
v -8.98211 8.50348 17.85570
v -7.93376 8.50348 19.33070
v -8.36439 7.22895 18.86510
v -10.23847 11.17487 19.85870
v -10.21758 10.87450 21.01880
v -9.40335 10.87450 20.66420
v -9.40335 10.87450 20.66420
v -10.21758 10.87450 21.01880
v -9.00323 9.87675 21.47540
v -9.40335 10.87450 20.66420
v -9.00323 9.87675 21.47540
v -8.22181 9.87675 20.12840
v -8.22181 9.87675 20.12840
v -9.00323 9.87675 21.47540
v -8.23547 8.50348 21.11500
v -8.22181 9.87675 20.12840
v -8.23547 8.50348 21.11500
v -7.93376 8.50348 19.33070
v -7.93376 8.50348 19.33070
v -8.23547 8.50348 21.11500
v -8.21070 7.22895 20.48120
v -7.93376 8.50348 19.33070
v -8.21070 7.22895 20.48120
v -8.36439 7.22895 18.86510
v -10.23847 11.17487 19.85870
v -11.04406 10.87450 20.69380
v -10.21758 10.87450 21.01880
v -10.21758 10.87450 21.01880
v -11.04406 10.87450 20.69380
v -10.50822 9.87675 21.87530
v -10.21758 10.87450 21.01880
v -10.50822 9.87675 21.87530
v -9.00323 9.87675 21.47540
v -9.00323 9.87675 21.47540
v -10.50822 9.87675 21.87530
v -9.71052 8.50348 22.16340
v -9.00323 9.87675 21.47540
v -9.71052 8.50348 22.16340
v -8.23547 8.50348 21.11500
v -8.23547 8.50348 21.11500
v -9.71052 8.50348 22.16340
v -9.24488 7.22895 21.73270
v -8.23547 8.50348 21.11500
v -9.24488 7.22895 21.73270
v -8.21070 7.22895 20.48120
v -10.23847 11.17487 19.85870
v -11.39862 10.87450 19.87960
v -11.04406 10.87450 20.69380
v -11.04406 10.87450 20.69380
v -11.39862 10.87450 19.87960
v -11.85520 9.87675 21.09390
v -11.04406 10.87450 20.69380
v -11.85520 9.87675 21.09390
v -10.50822 9.87675 21.87530
v -10.50822 9.87675 21.87530
v -11.85520 9.87675 21.09390
v -11.49483 8.50348 21.86170
v -10.50822 9.87675 21.87530
v -11.49483 8.50348 21.86170
v -9.71052 8.50348 22.16340
v -9.71052 8.50348 22.16340
v -11.49483 8.50348 21.86170
v -10.86108 7.22895 21.88640
v -9.71052 8.50348 22.16340
v -10.86108 7.22895 21.88640
v -9.24488 7.22895 21.73270
v -10.23847 11.17487 19.85870
v -11.07357 10.87450 19.05310
v -11.39862 10.87450 19.87960
v -11.39862 10.87450 19.87960
v -11.07357 10.87450 19.05310
v -12.25514 9.87675 19.58890
v -11.39862 10.87450 19.87960
v -12.25514 9.87675 19.58890
v -11.85520 9.87675 21.09390
v -11.85520 9.87675 21.09390
v -12.25514 9.87675 19.58890
v -12.54321 8.50348 20.38660
v -11.85520 9.87675 21.09390
v -12.54321 8.50348 20.38660
v -11.49483 8.50348 21.86170
v -10.23847 11.17487 19.85870
v -10.25938 10.87450 18.69850
v -11.07357 10.87450 19.05310
v -11.07357 10.87450 19.05310
v -10.25938 10.87450 18.69850
v -11.47373 9.87675 18.24190
v -11.07357 10.87450 19.05310
v -11.47373 9.87675 18.24190
v -12.25514 9.87675 19.58890
v -12.25514 9.87675 19.58890
v -11.47373 9.87675 18.24190
v -12.24147 8.50348 18.60230
v -12.25514 9.87675 19.58890
v -12.24147 8.50348 18.60230
v -12.54321 8.50348 20.38660
v -10.23847 11.17487 19.85870
v -9.43289 10.87450 19.02350
v -10.25938 10.87450 18.69850
v -10.25938 10.87450 18.69850
v -9.43289 10.87450 19.02350
v -9.96871 9.87675 17.84200
v -10.25938 10.87450 18.69850
v -9.96871 9.87675 17.84200
v -11.47373 9.87675 18.24190
v -11.47373 9.87675 18.24190
v -9.96871 9.87675 17.84200
v -10.76641 8.50348 17.55390
v -11.47373 9.87675 18.24190
v -10.76641 8.50348 17.55390
v -12.24147 8.50348 18.60230
v -10.23847 11.17487 19.85870
v -9.07832 10.87450 19.83780
v -9.43289 10.87450 19.02350
v -9.43289 10.87450 19.02350
v -9.07832 10.87450 19.83780
v -8.62174 9.87675 18.62340
v -9.43289 10.87450 19.02350
v -8.62174 9.87675 18.62340
v -9.96871 9.87675 17.84200
v -9.96871 9.87675 17.84200
v -8.62174 9.87675 18.62340
v -8.98211 8.50348 17.85570
v -9.96871 9.87675 17.84200
v -8.98211 8.50348 17.85570
v -10.76641 8.50348 17.55390
v 3.09580 2.45422 19.33930
v 3.10805 2.53303 19.32720
v 3.06544 2.53303 19.22280
v 3.09580 2.45422 19.33930
v 3.06544 2.53303 19.22280
v 3.04821 2.45422 19.22280
v 3.04821 2.45422 19.22280
v 3.06544 2.53303 19.22280
v 3.10912 2.53303 19.11890
v 3.04821 2.45422 19.22280
v 3.10912 2.53303 19.11890
v 3.09699 2.45422 19.10670
v 3.09699 2.45422 19.10670
v 3.10912 2.53303 19.11890
v 3.21348 2.53303 19.07630
v 3.09699 2.45422 19.10670
v 3.21348 2.53303 19.07630
v 3.21357 2.45422 19.05910
v 3.21357 2.45422 19.05910
v 3.21348 2.53303 19.07630
v 3.31742 2.53303 19.12000
v 3.21357 2.45422 19.05910
v 3.31742 2.53303 19.12000
v 3.32967 2.45422 19.10790
v 3.32967 2.45422 19.10790
v 3.31742 2.53303 19.12000
v 3.36002 2.53303 19.22430
v 3.32967 2.45422 19.10790
v 3.36002 2.53303 19.22430
v 3.37726 2.45422 19.22440
v 3.37726 2.45422 19.22440
v 3.36002 2.53303 19.22430
v 3.31635 2.53303 19.32830
v 3.37726 2.45422 19.22440
v 3.31635 2.53303 19.32830
v 3.32848 2.45422 19.34050
v 3.17660 2.64360 19.25940
v 3.17660 2.72409 19.25940
v 3.16190 2.64360 19.22330
v 3.16190 2.64360 19.22330
v 3.17660 2.72409 19.25940
v 3.16190 2.72409 19.22330
v 3.16190 2.64360 19.22330
v 3.16190 2.72409 19.22330
v 3.17696 2.64360 19.18750
v 3.17696 2.64360 19.18750
v 3.16190 2.72409 19.22330
v 3.17696 2.72409 19.18750
v 3.17696 2.64360 19.18750
v 3.17696 2.72409 19.18750
v 3.21299 2.64360 19.17280
v 3.21299 2.64360 19.17280
v 3.17696 2.72409 19.18750
v 3.21299 2.72409 19.17280
v 3.21299 2.64360 19.17280
v 3.21299 2.72409 19.17280
v 3.24886 2.64360 19.18780
v 3.24886 2.64360 19.18780
v 3.21299 2.72409 19.17280
v 3.24886 2.72409 19.18780
v 3.24886 2.64360 19.18780
v 3.24886 2.72409 19.18780
v 3.26359 2.64360 19.22390
v 3.26359 2.64360 19.22390
v 3.24886 2.72409 19.18780
v 3.26359 2.72409 19.22390
v 3.26359 2.64360 19.22390
v 3.26359 2.72409 19.22390
v 3.24850 2.64360 19.25970
v 3.24850 2.64360 19.25970
v 3.26359 2.72409 19.22390
v 3.24850 2.72409 19.25970
v 3.62392 2.90825 19.25850
v 3.62426 2.90825 19.19290
v 3.19228 2.89380 19.20910
v 3.19228 2.89380 19.20910
v 3.62426 2.90825 19.19290
v 3.23333 2.84538 19.21070
v 3.19228 2.89380 19.20910
v 3.23333 2.84538 19.21070
v 3.21274 2.57984 19.22360
v 3.62403 2.83094 19.25850
v 3.23321 2.84538 19.23670
v 3.62436 2.83094 19.19290
v 3.62436 2.83094 19.19290
v 3.23321 2.84538 19.23670
v 3.23333 2.84538 19.21070
v 3.62436 2.83094 19.19290
v 3.23333 2.84538 19.21070
v 3.62426 2.90825 19.19290
v 3.62392 2.90825 19.25850
v 3.19228 2.89380 19.20910
v 3.19213 2.89380 19.23790
v -2.73995 7.82488 2.58480
v -4.64160 7.23822 2.57510
v -2.75595 7.82491 5.80640
v -2.73995 7.82488 2.58480
v -2.75595 7.82491 5.80640
v -1.00631 8.13578 5.81530
v -1.00631 8.13578 5.81530
v -2.75595 7.82491 5.80640
v -1.02250 8.13578 9.03690
v -1.00631 8.13578 5.81530
v -1.02250 8.13578 9.03690
v 0.50776 8.19678 9.04460
v 0.50776 8.19678 9.04460
v -1.02250 8.13578 9.03690
v 0.49138 8.19678 12.26620
v 0.50776 8.19678 9.04460
v 0.49138 8.19678 12.26620
v 2.03803 8.13578 9.05240
v 2.03803 8.13578 9.05240
v 0.49138 8.19678 12.26620
v 2.02149 8.13578 12.27400
v 2.03803 8.13578 9.05240
v 2.02149 8.13578 12.27400
v 3.78745 7.82493 9.06130
v 3.78745 7.82493 9.06130
v 2.02149 8.13578 12.27400
v 3.77070 7.82496 12.28290
v 3.78745 7.82493 9.06130
v 3.77070 7.82496 12.28290
v 5.68908 7.23822 9.07100
v 5.68908 7.23822 9.07100
v 3.77070 7.82496 12.28290
v 5.67234 7.23822 12.29250
v 5.68908 7.23822 9.07100
v 5.67234 7.23822 12.29250
v 8.13276 6.23299 12.30500
v 8.13276 6.23299 12.30500
v 5.67234 7.23822 12.29250
v 5.65635 7.23822 15.51410
v 8.13276 6.23299 12.30500
v 5.65635 7.23822 15.51410
v 8.11490 6.23299 15.52660
v 8.11490 6.23299 15.52660
v 5.65635 7.23822 15.51410
v 5.64019 7.23822 18.73570
v 8.11490 6.23299 15.52660
v 5.64019 7.23822 18.73570
v 8.09775 6.23299 18.74820
v 8.09775 6.23299 18.74820
v 5.64019 7.23822 18.73570
v 5.62438 7.23822 21.95730
v 8.09775 6.23299 18.74820
v 5.62438 7.23822 21.95730
v 8.07906 6.23299 21.96980
v 1.42109 6.60245 20.86210
v 2.52170 6.14312 20.86770
v 2.15156 5.62904 20.86580
v 2.15156 5.62904 20.86580
v 2.52170 6.14312 20.86770
v 3.33431 5.31374 20.87180
v 2.15156 5.62904 20.86580
v 3.33431 5.31374 20.87180
v 3.02769 5.06212 20.87020
v 3.02769 5.06212 20.87020
v 3.33431 5.31374 20.87180
v 3.56508 4.44329 20.87300
v -2.35153 5.31374 3.66060
v -1.53892 6.14312 3.66480
v -2.36268 5.31374 5.80840
v -2.36268 5.31374 5.80840
v -1.53892 6.14312 3.66480
v -1.54984 6.14312 5.81250
v -2.36268 5.31374 5.80840
v -1.54984 6.14312 5.81250
v -2.37821 5.31374 9.03000
v -2.37821 5.31374 9.03000
v -1.54984 6.14312 5.81250
v -1.56452 6.14356 9.03410
v -2.37821 5.31374 9.03000
v -1.56452 6.14356 9.03410
v -2.39434 5.31374 12.25150
v -2.39434 5.31374 12.25150
v -1.56452 6.14356 9.03410
v -1.58090 6.14356 12.25570
v -2.39434 5.31374 12.25150
v -1.58090 6.14356 12.25570
v -1.59725 6.14356 15.47730
v -1.59725 6.14356 15.47730
v -1.58090 6.14356 12.25570
v -0.49835 6.60245 15.48280
v -1.59725 6.14356 15.47730
v -0.49835 6.60245 15.48280
v -0.51472 6.60245 18.70450
v -0.51472 6.60245 18.70450
v -0.49835 6.60245 15.48280
v 0.45865 6.69994 18.70940
v -0.51472 6.60245 18.70450
v 0.45865 6.69994 18.70940
v 0.44773 6.69994 20.85710
v 0.44773 6.69994 20.85710
v 0.45865 6.69994 18.70940
v 1.43201 6.60245 18.71430
v 0.44773 6.69994 20.85710
v 1.43201 6.60245 18.71430
v 1.42109 6.60245 20.86210
v 1.42109 6.60245 20.86210
v 1.43201 6.60245 18.71430
v 2.53263 6.14312 18.71990
v 1.42109 6.60245 20.86210
v 2.53263 6.14312 18.71990
v 2.52170 6.14312 20.86770
v 2.52170 6.14312 20.86770
v 2.53263 6.14312 18.71990
v 3.34519 5.31374 18.72410
v 2.52170 6.14312 20.86770
v 3.34519 5.31374 18.72410
v 3.33431 5.31374 20.87180
v 3.33431 5.31374 20.87180
v 3.34519 5.31374 18.72410
v 3.57601 4.44329 18.72520
v 3.33431 5.31374 20.87180
v 3.57601 4.44329 18.72520
v 3.56508 4.44329 20.87300
v 2.73060 -0.62730 21.94260
v 3.55938 0.90357 21.94680
v 2.74627 -0.62726 18.72100
v 2.74627 -0.62726 18.72100
v 3.55938 0.90357 21.94680
v 3.57148 0.90357 19.56420
v 2.74627 -0.62726 18.72100
v 3.57148 0.90357 19.56420
v 3.57511 0.90357 18.85010
v 3.67344 0.90357 19.56470
v 3.67298 2.33828 19.67290
v 3.67705 0.90357 18.85230
v 3.67705 0.90357 18.85230
v 3.67298 2.33828 19.67290
v 3.67708 2.36010 18.86670
v 3.55961 4.44418 21.94680
v 3.02462 5.06212 21.94410
v 3.56508 4.44329 20.87300
v 3.55961 4.44418 21.94680
v 3.56508 4.44329 20.87300
v 3.55938 0.90357 21.94680
v 3.55938 0.90357 21.94680
v 3.56508 4.44329 20.87300
v 3.57104 2.33828 19.67240
v 3.55938 0.90357 21.94680
v 3.57104 2.33828 19.67240
v 3.57148 0.90357 19.56420
v 3.57104 2.33828 19.67240
v 3.56508 4.44329 20.87300
v 3.57601 4.44329 18.72520
v 3.57104 2.33828 19.67240
v 3.57601 4.44329 18.72520
v 3.57514 2.36010 18.86610
v 3.57514 2.36010 18.86610
v 3.57601 4.44329 18.72520
v 3.57575 0.90357 18.72520
v 3.57514 2.36010 18.86610
v 3.57575 0.90357 18.72520
v 3.57511 0.90357 18.85010
v 3.57148 0.90357 19.56420
v 3.57104 2.33828 19.67240
v 3.67344 0.90357 19.56470
v 3.67344 0.90357 19.56470
v 3.57104 2.33828 19.67240
v 3.67298 2.33828 19.67290
v 3.57511 0.90357 18.85010
v 3.57148 0.90357 19.56420
v 3.67705 0.90357 18.85230
v 3.67705 0.90357 18.85230
v 3.57148 0.90357 19.56420
v 3.67344 0.90357 19.56470
v 3.57104 2.33828 19.67240
v 3.57514 2.36010 18.86610
v 3.67298 2.33828 19.67290
v 3.67298 2.33828 19.67290
v 3.57514 2.36010 18.86610
v 3.67708 2.36010 18.86670
v -2.19691 2.53303 19.30030
v -2.18478 2.45422 19.31250
v -2.15324 2.53303 19.19630
v -2.15324 2.53303 19.19630
v -2.18478 2.45422 19.31250
v -2.13601 2.45422 19.19640
v -2.15324 2.53303 19.19630
v -2.13601 2.45422 19.19640
v -2.19584 2.53303 19.09200
v -2.19584 2.53303 19.09200
v -2.13601 2.45422 19.19640
v -2.18359 2.45422 19.07990
v -2.19584 2.53303 19.09200
v -2.18359 2.45422 19.07990
v -2.29977 2.53303 19.04830
v -2.29977 2.53303 19.04830
v -2.18359 2.45422 19.07990
v -2.29968 2.45422 19.03100
v -2.29977 2.53303 19.04830
v -2.29968 2.45422 19.03100
v -2.40412 2.53303 19.09090
v -2.40412 2.53303 19.09090
v -2.29968 2.45422 19.03100
v -2.41627 2.45422 19.07870
v -2.40412 2.53303 19.09090
v -2.41627 2.45422 19.07870
v -2.44781 2.53303 19.19480
v -2.44781 2.53303 19.19480
v -2.41627 2.45422 19.07870
v -2.46504 2.45422 19.19470
v -2.44781 2.53303 19.19480
v -2.46504 2.45422 19.19470
v -2.40519 2.53303 19.29920
v -2.40519 2.53303 19.29920
v -2.46504 2.45422 19.19470
v -2.41746 2.45422 19.31130
v -2.26475 2.72409 19.23170
v -2.26475 2.64360 19.23170
v -2.24967 2.64360 19.19580
v -2.26475 2.72409 19.23170
v -2.24967 2.64360 19.19580
v -2.24967 2.72409 19.19580
v -2.24967 2.72409 19.19580
v -2.24967 2.64360 19.19580
v -2.26438 2.64360 19.15980
v -2.24967 2.72409 19.19580
v -2.26438 2.64360 19.15980
v -2.26438 2.72409 19.15980
v -2.26438 2.72409 19.15980
v -2.26438 2.64360 19.15980
v -2.30026 2.64360 19.14480
v -2.26438 2.72409 19.15980
v -2.30026 2.64360 19.14480
v -2.30026 2.72409 19.14480
v -2.30026 2.72409 19.14480
v -2.30026 2.64360 19.14480
v -2.33628 2.64360 19.15940
v -2.30026 2.72409 19.14480
v -2.33628 2.64360 19.15940
v -2.33628 2.72409 19.15940
v -2.33628 2.72409 19.15940
v -2.33628 2.64360 19.15940
v -2.35136 2.64360 19.19530
v -2.33628 2.72409 19.15940
v -2.35136 2.64360 19.19530
v -2.35136 2.72409 19.19530
v -2.35136 2.72409 19.19530
v -2.35136 2.64360 19.19530
v -2.33665 2.64360 19.23130
v -2.35136 2.72409 19.19530
v -2.33665 2.64360 19.23130
v -2.33665 2.72409 19.23130
v -2.71182 2.83094 19.16070
v -2.71171 2.90825 19.16070
v -2.32099 2.84538 19.18250
v -2.32099 2.84538 19.18250
v -2.71171 2.90825 19.16070
v -2.27992 2.89380 19.18130
v -2.32099 2.84538 19.18250
v -2.27992 2.89380 19.18130
v -2.30053 2.57984 19.19560
v -2.71215 2.83094 19.22630
v -2.71182 2.83094 19.16070
v -2.32112 2.84538 19.20850
v -2.32112 2.84538 19.20850
v -2.71182 2.83094 19.16070
v -2.32099 2.84538 19.18250
v -2.28007 2.89380 19.21010
v -2.27992 2.89380 19.18130
v -2.71205 2.90825 19.22630
v -2.71205 2.90825 19.22630
v -2.27992 2.89380 19.18130
v -2.71171 2.90825 19.16070
v 0.49138 8.19678 12.26620
v -1.02250 8.13578 9.03690
v -1.03872 8.13578 12.25840
v -1.03872 8.13578 12.25840
v -1.02250 8.13578 9.03690
v -2.77194 7.82493 9.02800
v -1.03872 8.13578 12.25840
v -2.77194 7.82493 9.02800
v -2.78794 7.82496 12.24950
v -2.78794 7.82496 12.24950
v -2.77194 7.82493 9.02800
v -4.67356 7.23822 9.01830
v -2.78794 7.82496 12.24950
v -4.67356 7.23822 9.01830
v -4.68955 7.23822 12.23990
v -4.68955 7.23822 12.23990
v -4.67356 7.23822 9.01830
v -7.14999 6.23299 12.22740
v -4.68955 7.23822 12.23990
v -7.14999 6.23299 12.22740
v -4.70629 7.23822 15.46150
v -4.70629 7.23822 15.46150
v -7.14999 6.23299 12.22740
v -7.16485 6.23299 15.44900
v -4.70629 7.23822 15.46150
v -7.16485 6.23299 15.44900
v -4.72286 7.23822 18.68310
v -4.72286 7.23822 18.68310
v -7.16485 6.23299 15.44900
v -7.18043 6.23299 18.67060
v -4.72286 7.23822 18.68310
v -7.18043 6.23299 18.67060
v -4.73982 7.23822 21.90470
v -4.73982 7.23822 21.90470
v -7.18043 6.23299 18.67060
v -7.19448 6.23299 21.89220
v -1.62625 6.14312 20.84660
v -0.52564 6.60245 20.85220
v -1.25608 5.62904 20.84850
v -1.62625 6.14312 20.84660
v -1.25608 5.62904 20.84850
v -2.43885 5.31374 20.84250
v -2.43885 5.31374 20.84250
v -1.25608 5.62904 20.84850
v -2.13224 5.06212 20.84400
v -2.43885 5.31374 20.84250
v -2.13224 5.06212 20.84400
v -2.66960 4.44329 20.84130
v -2.37821 5.31374 9.03000
v -2.39434 5.31374 12.25150
v -2.62594 4.44329 12.25040
v -2.62594 4.44329 12.25040
v -2.39434 5.31374 12.25150
v -2.41094 5.31374 15.47310
v -2.62594 4.44329 12.25040
v -2.41094 5.31374 15.47310
v -2.64230 4.44329 15.47190
v -2.64230 4.44329 15.47190
v -2.41094 5.31374 15.47310
v -2.42788 5.31374 18.69470
v -2.64230 4.44329 15.47190
v -2.42788 5.31374 18.69470
v -2.65867 4.44329 18.69360
v -2.65867 4.44329 18.69360
v -2.42788 5.31374 18.69470
v -2.43885 5.31374 20.84250
v -2.65867 4.44329 18.69360
v -2.43885 5.31374 20.84250
v -2.66960 4.44329 20.84130
v -2.76119 2.36010 18.83390
v -2.76530 2.33828 19.64020
v -2.76104 0.90357 18.81960
v -2.76104 0.90357 18.81960
v -2.76530 2.33828 19.64020
v -2.76466 0.90357 19.53200
v -2.14005 5.06212 21.91790
v -2.67504 4.44418 21.91520
v -2.66960 4.44329 20.84130
v -2.66960 4.44329 20.84130
v -2.67504 4.44418 21.91520
v -2.67481 0.90357 21.91520
v -2.66960 4.44329 20.84130
v -2.67481 0.90357 21.91520
v -2.66337 2.33828 19.64080
v -2.66337 2.33828 19.64080
v -2.67481 0.90357 21.91520
v -2.66271 0.90357 19.53250
v -2.66960 4.44329 20.84130
v -2.66337 2.33828 19.64080
v -2.65867 4.44329 18.69360
v -2.65867 4.44329 18.69360
v -2.66337 2.33828 19.64080
v -2.65927 2.36010 18.83450
v -2.65867 4.44329 18.69360
v -2.65927 2.36010 18.83450
v -2.65844 0.90357 18.69360
v -2.65844 0.90357 18.69360
v -2.65927 2.36010 18.83450
v -2.65910 0.90357 18.82140
v -2.76530 2.33828 19.64020
v -2.66337 2.33828 19.64080
v -2.76466 0.90357 19.53200
v -2.76466 0.90357 19.53200
v -2.66337 2.33828 19.64080
v -2.66271 0.90357 19.53250
v -2.76466 0.90357 19.53200
v -2.66271 0.90357 19.53250
v -2.76104 0.90357 18.81960
v -2.76104 0.90357 18.81960
v -2.66271 0.90357 19.53250
v -2.65910 0.90357 18.82140
v -2.76119 2.36010 18.83390
v -2.65927 2.36010 18.83450
v -2.76530 2.33828 19.64020
v -2.76530 2.33828 19.64020
v -2.65927 2.36010 18.83450
v -2.66337 2.33828 19.64080
v 3.62485 0.90357 9.06050
v 3.60848 0.90357 12.28200
v 3.60874 4.44329 12.28200
v 3.60874 4.44329 12.28200
v 3.60848 0.90357 12.28200
v 3.59212 0.90357 15.50360
v 3.60874 4.44329 12.28200
v 3.59212 0.90357 15.50360
v 3.59238 4.44329 15.50360
v 3.59238 4.44329 15.50360
v 3.59212 0.90357 15.50360
v 3.57575 0.90357 18.72520
v 3.59238 4.44329 15.50360
v 3.57575 0.90357 18.72520
v 3.57601 4.44329 18.72520
v 3.38772 2.53303 5.28640
v 3.39985 2.45422 5.29860
v 3.43139 2.53303 5.18240
v 3.43139 2.53303 5.18240
v 3.39985 2.45422 5.29860
v 3.44863 2.45422 5.18250
v 3.43139 2.53303 5.18240
v 3.44863 2.45422 5.18250
v 3.38877 2.53303 5.07810
v 3.38877 2.53303 5.07810
v 3.44863 2.45422 5.18250
v 3.40102 2.45422 5.06600
v 3.38877 2.53303 5.07810
v 3.40102 2.45422 5.06600
v 3.28484 2.53303 5.03440
v 3.28484 2.53303 5.03440
v 3.40102 2.45422 5.06600
v 3.28492 2.45422 5.01720
v 3.28484 2.53303 5.03440
v 3.28492 2.45422 5.01720
v 3.18047 2.53303 5.07700
v 3.18047 2.53303 5.07700
v 3.28492 2.45422 5.01720
v 3.16834 2.45422 5.06480
v 3.18047 2.53303 5.07700
v 3.16834 2.45422 5.06480
v 3.13680 2.53303 5.18090
v 3.13680 2.53303 5.18090
v 3.16834 2.45422 5.06480
v 3.11957 2.45422 5.18090
v 3.13680 2.53303 5.18090
v 3.11957 2.45422 5.18090
v 3.17942 2.53303 5.28530
v 3.17942 2.53303 5.28530
v 3.11957 2.45422 5.18090
v 3.16717 2.45422 5.29750
v 3.31986 2.72409 5.21780
v 3.31986 2.64360 5.21780
v 3.33495 2.64360 5.18200
v 3.31986 2.72409 5.21780
v 3.33495 2.64360 5.18200
v 3.33495 2.72409 5.18200
v 3.33495 2.72409 5.18200
v 3.33495 2.64360 5.18200
v 3.32021 2.64360 5.14590
v 3.33495 2.72409 5.18200
v 3.32021 2.64360 5.14590
v 3.32021 2.72409 5.14590
v 3.32021 2.72409 5.14590
v 3.32021 2.64360 5.14590
v 3.28434 2.64360 5.13090
v 3.32021 2.72409 5.14590
v 3.28434 2.64360 5.13090
v 3.28434 2.72409 5.13090
v 3.28434 2.72409 5.13090
v 3.28434 2.64360 5.13090
v 3.24831 2.64360 5.14560
v 3.28434 2.72409 5.13090
v 3.24831 2.64360 5.14560
v 3.24831 2.72409 5.14560
v 3.24831 2.72409 5.14560
v 3.24831 2.64360 5.14560
v 3.23327 2.64360 5.18140
v 3.24831 2.72409 5.14560
v 3.23327 2.64360 5.18140
v 3.23327 2.72409 5.18140
v 3.23327 2.72409 5.18140
v 3.23327 2.64360 5.18140
v 3.24796 2.64360 5.21750
v 3.23327 2.72409 5.18140
v 3.24796 2.64360 5.21750
v 3.24796 2.72409 5.21750
v 3.28411 2.57984 5.18170
v 3.26363 2.89380 5.16720
v 3.30469 2.84538 5.16880
v 3.30469 2.84538 5.16880
v 3.26363 2.89380 5.16720
v 3.69572 2.83094 5.15100
v 3.30469 2.84538 5.16880
v 3.69572 2.83094 5.15100
v 3.69539 2.83094 5.21660
v 3.30456 2.84538 5.19480
v 3.30469 2.84538 5.16880
v 3.69539 2.83094 5.21660
v 3.69572 2.83094 5.15100
v 3.26363 2.89380 5.16720
v 3.69561 2.90825 5.15100
v 3.69561 2.90825 5.15100
v 3.26363 2.89380 5.16720
v 3.26349 2.89380 5.19600
v 3.69561 2.90825 5.15100
v 3.26349 2.89380 5.19600
v 3.69529 2.90825 5.21660
v 2.03803 8.13578 9.05240
v 3.78745 7.82493 9.06130
v 3.80419 7.82491 5.83970
v 3.80419 7.82491 5.83970
v 3.78745 7.82493 9.06130
v 5.70585 7.23822 5.84940
v 3.80419 7.82491 5.83970
v 5.70585 7.23822 5.84940
v 5.72260 7.23822 2.62780
v 5.72260 7.23822 2.62780
v 5.70585 7.23822 5.84940
v 8.16247 6.23299 5.86190
v 5.72260 7.23822 2.62780
v 8.16247 6.23299 5.86190
v 8.17728 6.23299 2.64020
v -1.58090 6.14356 12.25570
v -1.56452 6.14356 9.03410
v -0.46562 6.60245 9.03970
v -0.46562 6.60245 9.03970
v -1.56452 6.14356 9.03410
v -0.44924 6.60245 5.81810
v -0.46562 6.60245 9.03970
v -0.44924 6.60245 5.81810
v 0.52413 6.69994 5.82300
v 0.52413 6.69994 5.82300
v -0.44924 6.60245 5.81810
v 0.53506 6.69994 3.67530
v 0.52413 6.69994 5.82300
v 0.53506 6.69994 3.67530
v 1.49749 6.60245 5.82800
v 1.49749 6.60245 5.82800
v 0.53506 6.69994 3.67530
v 1.50850 6.60245 3.65960
v 1.49749 6.60245 5.82800
v 1.50850 6.60245 3.65960
v 2.59810 6.14312 5.83360
v 2.59810 6.14312 5.83360
v 1.50850 6.60245 3.65960
v 2.60903 6.14312 3.68580
v 2.59810 6.14312 5.83360
v 2.60903 6.14312 3.68580
v 3.41094 5.31374 5.83770
v 3.41094 5.31374 5.83770
v 2.60903 6.14312 3.68580
v 3.42164 5.31374 3.69000
v 3.41094 5.31374 5.83770
v 3.42164 5.31374 3.69000
v 3.64149 4.44329 5.83890
v 3.64149 4.44329 5.83890
v 3.42164 5.31374 3.69000
v 3.65241 4.44329 3.69110
v 3.64149 4.44329 5.83890
v 3.64123 0.90357 5.83890
v 3.62511 4.44329 9.06050
v 3.62511 4.44329 9.06050
v 3.64123 0.90357 5.83890
v 3.62485 0.90357 9.06050
v 3.62511 4.44329 9.06050
v 3.62485 0.90357 9.06050
v 3.60874 4.44329 12.28200
v 3.65783 4.44418 2.61730
v 3.12284 5.06212 2.61460
v 8.17728 6.23299 2.64020
v 3.65783 4.44418 2.61730
v 8.17728 6.23299 2.64020
v 3.65760 0.90357 2.61730
v 3.65760 0.90357 2.61730
v 8.17728 6.23299 2.64020
v 5.44758 -0.62787 2.62640
v 3.65760 0.90357 2.61730
v 5.44758 -0.62787 2.62640
v 2.82882 -0.62730 2.61310
v 3.74399 2.36010 5.69850
v 3.74810 2.33828 4.89220
v 3.74383 0.90357 5.71280
v 3.74383 0.90357 5.71280
v 3.74810 2.33828 4.89220
v 3.74746 0.90357 5.00040
v 3.12284 5.06212 2.61460
v 3.65783 4.44418 2.61730
v 3.65241 4.44329 3.69110
v 3.65241 4.44329 3.69110
v 3.65783 4.44418 2.61730
v 3.65760 0.90357 2.61730
v 3.65241 4.44329 3.69110
v 3.65760 0.90357 2.61730
v 3.64615 2.33828 4.89170
v 3.64615 2.33828 4.89170
v 3.65760 0.90357 2.61730
v 3.64550 0.90357 4.99990
v 3.65241 4.44329 3.69110
v 3.64615 2.33828 4.89170
v 3.64149 4.44329 5.83890
v 3.64149 4.44329 5.83890
v 3.64615 2.33828 4.89170
v 3.64205 2.36010 5.69800
v 3.64149 4.44329 5.83890
v 3.64205 2.36010 5.69800
v 3.64123 0.90357 5.83890
v 3.64123 0.90357 5.83890
v 3.64205 2.36010 5.69800
v 3.64188 0.90357 5.71130
v 3.74746 0.90357 5.00040
v 3.64550 0.90357 4.99990
v 3.74383 0.90357 5.71280
v 3.74383 0.90357 5.71280
v 3.64550 0.90357 4.99990
v 3.64188 0.90357 5.71130
v 3.74383 0.90357 5.71280
v 3.64188 0.90357 5.71130
v 3.74399 2.36010 5.69850
v 3.74399 2.36010 5.69850
v 3.64188 0.90357 5.71130
v 3.64205 2.36010 5.69800
v 3.74399 2.36010 5.69850
v 3.64205 2.36010 5.69800
v 3.74810 2.33828 4.89220
v 3.74810 2.33828 4.89220
v 3.64205 2.36010 5.69800
v 3.64615 2.33828 4.89170
v -2.65867 4.44329 18.69360
v -2.65844 0.90357 18.69360
v -2.64230 4.44329 15.47190
v -2.64230 4.44329 15.47190
v -2.65844 0.90357 18.69360
v -2.64196 0.90441 15.47190
v -2.64230 4.44329 15.47190
v -2.64196 0.90441 15.47190
v -2.62594 4.44329 12.25040
v -2.62594 4.44329 12.25040
v -2.64196 0.90441 15.47190
v -2.62571 0.90357 12.25040
v -2.62594 4.44329 12.25040
v -2.62571 0.90357 12.25040
v -2.60934 0.90357 9.02880
v -2.34609 2.45422 5.26940
v -2.33383 2.53303 5.25730
v -2.37644 2.53303 5.15290
v -2.34609 2.45422 5.26940
v -2.37644 2.53303 5.15290
v -2.39367 2.45422 5.15280
v -2.39367 2.45422 5.15280
v -2.37644 2.53303 5.15290
v -2.33277 2.53303 5.04900
v -2.39367 2.45422 5.15280
v -2.33277 2.53303 5.04900
v -2.34492 2.45422 5.03670
v -2.34492 2.45422 5.03670
v -2.33277 2.53303 5.04900
v -2.22840 2.53303 5.00640
v -2.34492 2.45422 5.03670
v -2.22840 2.53303 5.00640
v -2.22833 2.45422 4.98920
v -2.22833 2.45422 4.98920
v -2.22840 2.53303 5.00640
v -2.12449 2.53303 5.05010
v -2.22833 2.45422 4.98920
v -2.12449 2.53303 5.05010
v -2.11224 2.45422 5.03790
v -2.11224 2.45422 5.03790
v -2.12449 2.53303 5.05010
v -2.08187 2.53303 5.15440
v -2.11224 2.45422 5.03790
v -2.08187 2.53303 5.15440
v -2.06465 2.45422 5.15450
v -2.06465 2.45422 5.15450
v -2.08187 2.53303 5.15440
v -2.12554 2.53303 5.25840
v -2.06465 2.45422 5.15450
v -2.12554 2.53303 5.25840
v -2.11341 2.45422 5.27060
v -2.26528 2.64360 5.18950
v -2.26528 2.72409 5.18950
v -2.27999 2.64360 5.15340
v -2.27999 2.64360 5.15340
v -2.26528 2.72409 5.18950
v -2.27999 2.72409 5.15340
v -2.27999 2.64360 5.15340
v -2.27999 2.72409 5.15340
v -2.26493 2.64360 5.11760
v -2.26493 2.64360 5.11760
v -2.27999 2.72409 5.15340
v -2.26493 2.72409 5.11760
v -2.26493 2.64360 5.11760
v -2.26493 2.72409 5.11760
v -2.22891 2.64360 5.10280
v -2.22891 2.64360 5.10280
v -2.26493 2.72409 5.11760
v -2.22891 2.72409 5.10280
v -2.22891 2.64360 5.10280
v -2.22891 2.72409 5.10280
v -2.19303 2.64360 5.11790
v -2.19303 2.64360 5.11790
v -2.22891 2.72409 5.10280
v -2.19303 2.72409 5.11790
v -2.19303 2.64360 5.11790
v -2.19303 2.72409 5.11790
v -2.17831 2.64360 5.15390
v -2.17831 2.64360 5.15390
v -2.19303 2.72409 5.11790
v -2.17831 2.72409 5.15390
v -2.17831 2.64360 5.15390
v -2.17831 2.72409 5.15390
v -2.19338 2.64360 5.18980
v -2.19338 2.64360 5.18980
v -2.17831 2.72409 5.15390
v -2.19338 2.72409 5.18980
v -2.22917 2.57984 5.15370
v -2.24963 2.84538 5.14060
v -2.20857 2.89380 5.13940
v -2.20857 2.89380 5.13940
v -2.24963 2.84538 5.14060
v -2.64047 2.83094 5.11880
v -2.20857 2.89380 5.13940
v -2.64047 2.83094 5.11880
v -2.64036 2.90825 5.11880
v -2.24977 2.84538 5.16660
v -2.64079 2.83094 5.18440
v -2.24963 2.84538 5.14060
v -2.24963 2.84538 5.14060
v -2.64079 2.83094 5.18440
v -2.64047 2.83094 5.11880
v -2.64068 2.90825 5.18440
v -2.20870 2.89380 5.16820
v -2.64036 2.90825 5.11880
v -2.64036 2.90825 5.11880
v -2.20870 2.89380 5.16820
v -2.20857 2.89380 5.13940
v -7.14999 6.23299 12.22740
v -4.67356 7.23822 9.01830
v -7.13212 6.23299 9.00580
v -7.13212 6.23299 9.00580
v -4.67356 7.23822 9.01830
v -4.65757 7.23822 5.79670
v -7.13212 6.23299 9.00580
v -4.65757 7.23822 5.79670
v -7.11419 6.23299 5.78420
v -7.11419 6.23299 5.78420
v -4.65757 7.23822 5.79670
v -4.64160 7.23822 2.57510
v -7.11419 6.23299 5.78420
v -4.64160 7.23822 2.57510
v -7.09626 6.23299 2.56260
v -2.58228 4.44329 3.65940
v -2.35153 5.31374 3.66060
v -2.59321 4.44329 5.80720
v -2.59321 4.44329 5.80720
v -2.35153 5.31374 3.66060
v -2.36268 5.31374 5.80840
v -2.59321 4.44329 5.80720
v -2.36268 5.31374 5.80840
v -2.60957 4.44329 9.02880
v -2.60957 4.44329 9.02880
v -2.36268 5.31374 5.80840
v -2.37821 5.31374 9.03000
v -2.60957 4.44329 9.02880
v -2.37821 5.31374 9.03000
v -2.62594 4.44329 12.25040
v -2.62594 4.44329 12.25040
v -2.60934 0.90357 9.02880
v -2.60957 4.44329 9.02880
v -2.60957 4.44329 9.02880
v -2.60934 0.90357 9.02880
v -2.59297 0.90357 5.80720
v -2.60957 4.44329 9.02880
v -2.59297 0.90357 5.80720
v -2.59321 4.44329 5.80720
v -1.74783 -0.62730 2.58980
v -2.57659 0.90357 2.58560
v -1.76379 -0.62728 5.81140
v -1.76379 -0.62728 5.81140
v -2.57659 0.90357 2.58560
v -2.58869 0.90357 4.96820
v -1.76379 -0.62728 5.81140
v -2.58869 0.90357 4.96820
v -2.59233 0.90357 5.68080
v -2.04183 5.06212 2.58830
v -2.57682 4.44418 2.58560
v -7.09626 6.23299 2.56260
v -7.09626 6.23299 2.56260
v -2.57682 4.44418 2.58560
v -2.57659 0.90357 2.58560
v -7.09626 6.23299 2.56260
v -2.57659 0.90357 2.58560
v -4.36659 -0.62787 2.57650
v -4.36659 -0.62787 2.57650
v -2.57659 0.90357 2.58560
v -1.74783 -0.62730 2.58980
v -2.69064 0.90357 4.96770
v -2.69018 2.33828 4.85950
v -2.69427 0.90357 5.68010
v -2.69427 0.90357 5.68010
v -2.69018 2.33828 4.85950
v -2.69428 2.36010 5.66580
v -2.57682 4.44418 2.58560
v -2.04183 5.06212 2.58830
v -2.58228 4.44329 3.65940
v -2.57682 4.44418 2.58560
v -2.58228 4.44329 3.65940
v -2.57659 0.90357 2.58560
v -2.57659 0.90357 2.58560
v -2.58228 4.44329 3.65940
v -2.58825 2.33828 4.86000
v -2.57659 0.90357 2.58560
v -2.58825 2.33828 4.86000
v -2.58869 0.90357 4.96820
v -2.58825 2.33828 4.86000
v -2.58228 4.44329 3.65940
v -2.59321 4.44329 5.80720
v -2.58825 2.33828 4.86000
v -2.59321 4.44329 5.80720
v -2.59236 2.36010 5.66630
v -2.59236 2.36010 5.66630
v -2.59321 4.44329 5.80720
v -2.59297 0.90357 5.80720
v -2.59236 2.36010 5.66630
v -2.59297 0.90357 5.80720
v -2.59233 0.90357 5.68080
v -2.59233 0.90357 5.68080
v -2.58869 0.90357 4.96820
v -2.69427 0.90357 5.68010
v -2.69427 0.90357 5.68010
v -2.58869 0.90357 4.96820
v -2.69064 0.90357 4.96770
v -2.59236 2.36010 5.66630
v -2.59233 0.90357 5.68080
v -2.69428 2.36010 5.66580
v -2.69428 2.36010 5.66580
v -2.59233 0.90357 5.68080
v -2.69427 0.90357 5.68010
v -2.58825 2.33828 4.86000
v -2.59236 2.36010 5.66630
v -2.69018 2.33828 4.85950
v -2.69018 2.33828 4.85950
v -2.59236 2.36010 5.66630
v -2.69428 2.36010 5.66580
v 10.27257 9.39733 2.65090
v 10.11274 9.16176 2.65010
v 0.54050 9.39733 2.60140
v 0.54050 9.39733 2.60140
v 10.11274 9.16176 2.65010
v 0.54050 9.16176 2.60140
v 0.54050 9.39733 2.60140
v 0.54050 9.16176 2.60140
v -9.82881 9.16176 2.54870
v 10.27172 9.39733 2.81810
v 10.27257 9.39733 2.65090
v 0.53965 9.39733 2.76870
v 0.53965 9.39733 2.76870
v 10.27257 9.39733 2.65090
v 0.54050 9.39733 2.60140
v 0.53965 9.39733 2.76870
v 0.54050 9.39733 2.60140
v -9.85157 9.39733 2.54860
v 10.11274 9.16176 2.65010
v 10.11188 9.16176 2.81730
v 0.54050 9.16176 2.60140
v 0.54050 9.16176 2.60140
v 10.11188 9.16176 2.81730
v 0.53965 9.16176 2.76870
v 0.54050 9.16176 2.60140
v 0.53965 9.16176 2.76870
v -9.82966 9.16176 2.71600
v 0.54050 9.39733 2.60140
v -9.82881 9.16176 2.54870
v -9.85157 9.39733 2.54860
v 0.53965 9.39733 2.76870
v -9.85157 9.39733 2.54860
v -9.85243 9.39733 2.71590
v 0.54050 9.16176 2.60140
v -9.82966 9.16176 2.71600
v -9.82881 9.16176 2.54870
v 1.53251 -0.00001 18.71530
v 3.12003 -0.00001 18.72330
v 1.54889 -0.00001 15.49190
v 1.54889 -0.00001 15.49190
v 3.12003 -0.00001 18.72330
v 3.13642 -0.00001 15.50000
v 1.54889 -0.00001 15.49190
v 3.13642 -0.00001 15.50000
v 3.15278 -0.00001 12.27970
v 3.16916 -0.00001 9.05680
v 1.58164 -0.00001 9.04870
v 3.15278 -0.00001 12.27970
v 3.15278 -0.00001 12.27970
v 1.58164 -0.00001 9.04870
v 1.56525 -0.00001 12.27170
v 1.61439 -0.00001 2.60560
v 1.60619 -0.00001 4.21630
v 2.68822 -0.00001 2.61100
v 2.68822 -0.00001 2.61100
v 1.60619 -0.00001 4.21630
v 3.19372 -0.00001 4.22440
v 2.68822 -0.00001 2.61100
v 3.19372 -0.00001 4.22440
v 3.98542 -0.00001 2.61760
v -0.54154 -0.00001 4.20540
v 0.53232 -0.00001 4.21090
v 0.54052 -0.00001 2.60010
v 0.54052 -0.00001 2.60010
v 0.53232 -0.00001 4.21090
v 1.60619 -0.00001 4.21630
v 0.54052 -0.00001 2.60010
v 1.60619 -0.00001 4.21630
v 1.61439 -0.00001 2.60560
v 1.58164 -0.00001 9.04870
v 0.50777 -0.00001 9.04330
v 1.56525 -0.00001 12.27170
v 1.56525 -0.00001 12.27170
v 0.50777 -0.00001 9.04330
v 0.49138 -0.00001 12.26620
v 1.54889 -0.00001 15.49190
v 0.47503 -0.00001 15.48640
v 1.53251 -0.00001 18.71530
v 1.53251 -0.00001 18.71530
v 0.47503 -0.00001 15.48640
v 0.45864 -0.00001 18.70980
v 1.60619 -0.00001 4.21630
v 0.53232 -0.00001 4.21090
v 1.59798 -0.00001 5.83240
v 1.59798 -0.00001 5.83240
v 0.53232 -0.00001 4.21090
v 0.52411 -0.00001 5.82690
v 1.59798 -0.00001 5.83240
v 0.52411 -0.00001 5.82690
v 1.58164 -0.00001 9.04870
v 1.58164 -0.00001 9.04870
v 0.52411 -0.00001 5.82690
v 0.50777 -0.00001 9.04330
v 3.16916 -0.00001 9.05680
v 3.18551 -0.00001 5.84040
v 1.58164 -0.00001 9.04870
v 1.58164 -0.00001 9.04870
v 3.18551 -0.00001 5.84040
v 1.59798 -0.00001 5.83240
v 1.56525 -0.00001 12.27170
v 0.49138 -0.00001 12.26620
v 1.54889 -0.00001 15.49190
v 1.54889 -0.00001 15.49190
v 0.49138 -0.00001 12.26620
v 0.47503 -0.00001 15.48640
v 1.54889 -0.00001 15.49190
v 3.15278 -0.00001 12.27970
v 1.56525 -0.00001 12.27170
v 1.53251 -0.00001 18.71530
v 0.45864 -0.00001 18.70980
v 1.52434 -0.00001 20.32430
v 1.52434 -0.00001 20.32430
v 0.45864 -0.00001 18.70980
v 0.45048 -0.00001 20.31880
v 3.11187 -0.00001 20.33240
v 3.12003 -0.00001 18.72330
v 1.52434 -0.00001 20.32430
v 1.52434 -0.00001 20.32430
v 3.12003 -0.00001 18.72330
v 1.53251 -0.00001 18.71530
v -2.16999 -0.00001 12.25270
v -2.18635 -0.00001 15.47290
v -0.59884 -0.00001 15.48100
v -0.59884 -0.00001 15.48100
v -2.18635 -0.00001 15.47290
v -2.20274 -0.00001 18.69630
v -0.59884 -0.00001 15.48100
v -2.20274 -0.00001 18.69630
v -0.61523 -0.00001 18.70440
v -0.58248 -0.00001 12.26080
v -0.56610 -0.00001 9.03780
v -2.16999 -0.00001 12.25270
v -2.16999 -0.00001 12.25270
v -0.56610 -0.00001 9.03780
v -2.15360 -0.00001 9.02980
v -2.90440 -0.00001 2.58260
v -2.12905 -0.00001 4.19740
v -1.60720 -0.00001 2.58920
v -1.60720 -0.00001 2.58920
v -2.12905 -0.00001 4.19740
v -0.54154 -0.00001 4.20540
v -1.60720 -0.00001 2.58920
v -0.54154 -0.00001 4.20540
v -0.53335 -0.00001 2.59460
v -0.54154 -0.00001 4.20540
v 0.54052 -0.00001 2.60010
v -0.53335 -0.00001 2.59460
v 0.49138 -0.00001 12.26620
v 0.50777 -0.00001 9.04330
v -0.58248 -0.00001 12.26080
v -0.58248 -0.00001 12.26080
v 0.50777 -0.00001 9.04330
v -0.56610 -0.00001 9.03780
v 0.45864 -0.00001 18.70980
v 0.47503 -0.00001 15.48640
v -0.61523 -0.00001 18.70440
v -0.61523 -0.00001 18.70440
v 0.47503 -0.00001 15.48640
v -0.59884 -0.00001 15.48100
v -0.54154 -0.00001 4.20540
v -0.54975 -0.00001 5.82150
v 0.52411 -0.00001 5.82690
v 0.52411 -0.00001 5.82690
v -0.54975 -0.00001 5.82150
v -0.56610 -0.00001 9.03780
v 0.52411 -0.00001 5.82690
v -0.56610 -0.00001 9.03780
v 0.50777 -0.00001 9.04330
v -0.54975 -0.00001 5.82150
v -2.13726 -0.00001 5.81340
v -0.56610 -0.00001 9.03780
v -0.56610 -0.00001 9.03780
v -2.13726 -0.00001 5.81340
v -2.15360 -0.00001 9.02980
v 0.47503 -0.00001 15.48640
v 0.49138 -0.00001 12.26620
v -0.59884 -0.00001 15.48100
v -0.59884 -0.00001 15.48100
v 0.49138 -0.00001 12.26620
v -0.58248 -0.00001 12.26080
v -0.58248 -0.00001 12.26080
v -2.16999 -0.00001 12.25270
v -0.59884 -0.00001 15.48100
v 0.45048 -0.00001 20.31880
v 0.45864 -0.00001 18.70980
v -0.62339 -0.00001 20.31340
v -0.62339 -0.00001 20.31340
v 0.45864 -0.00001 18.70980
v -0.61523 -0.00001 18.70440
v -0.61523 -0.00001 18.70440
v -2.20274 -0.00001 18.69630
v -0.62339 -0.00001 20.31340
v -0.62339 -0.00001 20.31340
v -2.20274 -0.00001 18.69630
v -2.21089 -0.00001 20.30530
v 1.24619 -0.00001 4.85880
v -0.18807 -0.00001 4.85160
v 1.20212 0.06595 4.85860
v 1.20212 0.06595 4.85860
v -0.18807 -0.00001 4.85160
v -0.14399 0.06595 4.85180
v 1.20212 0.06595 4.85860
v -0.14399 0.06595 4.85180
v 1.20048 0.06595 5.18080
v 1.20048 0.06595 5.18080
v -0.14399 0.06595 4.85180
v -0.14564 0.06595 5.17390
v 1.24454 -0.00001 5.18100
v 1.24619 -0.00001 4.85880
v 1.20048 0.06595 5.18080
v 1.20048 0.06595 5.18080
v 1.24619 -0.00001 4.85880
v 1.20212 0.06595 4.85860
v -0.18807 -0.00001 4.85160
v -0.18972 -0.00001 5.17370
v -0.14399 0.06595 4.85180
v -0.14399 0.06595 4.85180
v -0.18972 -0.00001 5.17370
v -0.14564 0.06595 5.17390
v 1.25437 -0.00001 3.24810
v -0.17990 -0.00001 3.24080
v 1.21030 0.06595 3.24780
v 1.21030 0.06595 3.24780
v -0.17990 -0.00001 3.24080
v -0.13581 0.06595 3.24100
v 1.21030 0.06595 3.24780
v -0.13581 0.06595 3.24100
v 1.20867 0.06595 3.57000
v 1.20867 0.06595 3.57000
v -0.13581 0.06595 3.24100
v -0.13745 0.06595 3.56320
v 1.25274 -0.00001 3.57020
v 1.25437 -0.00001 3.24810
v 1.20867 0.06595 3.57000
v 1.20867 0.06595 3.57000
v 1.25437 -0.00001 3.24810
v 1.21030 0.06595 3.24780
v -0.17990 -0.00001 3.24080
v -0.18153 -0.00001 3.56290
v -0.13581 0.06595 3.24100
v -0.13581 0.06595 3.24100
v -0.18153 -0.00001 3.56290
v -0.13745 0.06595 3.56320
v 0.85959 0.15672 21.93310
v 0.85959 0.07384 21.93310
v 0.87597 0.15672 18.71150
v 0.87597 0.15672 18.71150
v 0.85959 0.07384 21.93310
v 0.87597 0.07384 18.71150
v 0.87597 0.15672 18.71150
v 0.87597 0.07384 18.71150
v 0.89234 0.15672 15.48990
v 0.89234 0.15672 15.48990
v 0.87597 0.07384 18.71150
v 0.89234 0.07384 15.48990
v 0.89234 0.15672 15.48990
v 0.89234 0.07384 15.48990
v 0.90870 0.15672 12.26830
v 0.90870 0.15672 12.26830
v 0.89234 0.07384 15.48990
v 0.90870 0.07384 12.26830
v 0.90870 0.15672 12.26830
v 0.90870 0.07384 12.26830
v 0.92507 0.15672 9.04670
v 0.92507 0.15672 9.04670
v 0.90870 0.07384 12.26830
v 0.92507 0.07384 9.04670
v 0.92507 0.15672 9.04670
v 0.92507 0.07384 9.04670
v 0.94144 0.15672 5.82520
v 0.94144 0.15672 5.82520
v 0.92507 0.07384 9.04670
v 0.94144 0.07384 5.82520
v 0.94144 0.15672 5.82520
v 0.94144 0.07384 5.82520
v 0.95782 0.15672 2.60360
v 0.95782 0.15672 2.60360
v 0.94144 0.07384 5.82520
v 0.95782 0.07384 2.60360
v 0.16791 0.15672 21.92960
v 0.16791 0.07384 21.92960
v 0.18429 0.15672 18.70800
v 0.18429 0.15672 18.70800
v 0.16791 0.07384 21.92960
v 0.18429 0.07384 18.70800
v 0.18429 0.15672 18.70800
v 0.18429 0.07384 18.70800
v 0.20066 0.15672 15.48640
v 0.20066 0.15672 15.48640
v 0.18429 0.07384 18.70800
v 0.20066 0.07384 15.48640
v 0.20066 0.15672 15.48640
v 0.20066 0.07384 15.48640
v 0.21702 0.15672 12.26480
v 0.21702 0.15672 12.26480
v 0.20066 0.07384 15.48640
v 0.21702 0.07384 12.26480
v 0.21702 0.15672 12.26480
v 0.21702 0.07384 12.26480
v 0.23339 0.15672 9.04320
v 0.23339 0.15672 9.04320
v 0.21702 0.07384 12.26480
v 0.23339 0.07384 9.04320
v 0.23339 0.15672 9.04320
v 0.23339 0.07384 9.04320
v 0.24976 0.15672 5.82160
v 0.24976 0.15672 5.82160
v 0.23339 0.07384 9.04320
v 0.24976 0.07384 5.82160
v 0.24976 0.15672 5.82160
v 0.24976 0.07384 5.82160
v 0.26613 0.15672 2.60000
v 0.26613 0.15672 2.60000
v 0.24976 0.07384 5.82160
v 0.26613 0.07384 2.60000
v 1.22982 -0.00001 8.08040
v -0.20445 -0.00001 8.07310
v 1.18575 0.06595 8.08020
v 1.18575 0.06595 8.08020
v -0.20445 -0.00001 8.07310
v -0.16036 0.06595 8.07340
v 1.18575 0.06595 8.08020
v -0.16036 0.06595 8.07340
v 1.18410 0.06595 8.40240
v 1.18410 0.06595 8.40240
v -0.16036 0.06595 8.07340
v -0.16201 0.06595 8.39550
v 1.22817 -0.00001 8.40260
v 1.22982 -0.00001 8.08040
v 1.18410 0.06595 8.40240
v 1.18410 0.06595 8.40240
v 1.22982 -0.00001 8.08040
v 1.18575 0.06595 8.08020
v -0.20445 -0.00001 8.07310
v -0.20609 -0.00001 8.39530
v -0.16036 0.06595 8.07340
v -0.16036 0.06595 8.07340
v -0.20609 -0.00001 8.39530
v -0.16201 0.06595 8.39550
v 1.23800 -0.00001 6.46960
v -0.19627 -0.00001 6.46230
v 1.19393 0.06595 6.46940
v 1.19393 0.06595 6.46940
v -0.19627 -0.00001 6.46230
v -0.15219 0.06595 6.46260
v 1.19393 0.06595 6.46940
v -0.15219 0.06595 6.46260
v 1.19230 0.06595 6.79160
v 1.19230 0.06595 6.79160
v -0.15219 0.06595 6.46260
v -0.15382 0.06595 6.78470
v 1.23636 -0.00001 6.79180
v 1.23800 -0.00001 6.46960
v 1.19230 0.06595 6.79160
v 1.19230 0.06595 6.79160
v 1.23800 -0.00001 6.46960
v 1.19393 0.06595 6.46940
v -0.19627 -0.00001 6.46230
v -0.19790 -0.00001 6.78450
v -0.15219 0.06595 6.46260
v -0.15219 0.06595 6.46260
v -0.19790 -0.00001 6.78450
v -0.15382 0.06595 6.78470
v 1.21345 -0.00001 11.30200
v -0.22082 -0.00001 11.29470
v 1.16939 0.06595 11.30180
v 1.16939 0.06595 11.30180
v -0.22082 -0.00001 11.29470
v -0.17674 0.06595 11.29500
v 1.16939 0.06595 11.30180
v -0.17674 0.06595 11.29500
v 1.16775 0.06595 11.62400
v 1.16775 0.06595 11.62400
v -0.17674 0.06595 11.29500
v -0.17838 0.06595 11.61710
v 1.21180 -0.00001 11.62420
v 1.21345 -0.00001 11.30200
v 1.16775 0.06595 11.62400
v 1.16775 0.06595 11.62400
v 1.21345 -0.00001 11.30200
v 1.16939 0.06595 11.30180
v -0.22082 -0.00001 11.29470
v -0.22247 -0.00001 11.61690
v -0.17674 0.06595 11.29500
v -0.17674 0.06595 11.29500
v -0.22247 -0.00001 11.61690
v -0.17838 0.06595 11.61710
v 1.22162 -0.00001 9.69120
v -0.21264 -0.00001 9.68400
v 1.17757 0.06595 9.69100
v 1.17757 0.06595 9.69100
v -0.21264 -0.00001 9.68400
v -0.16856 0.06595 9.68420
v 1.17757 0.06595 9.69100
v -0.16856 0.06595 9.68420
v 1.17594 0.06595 10.01320
v 1.17594 0.06595 10.01320
v -0.16856 0.06595 9.68420
v -0.17019 0.06595 10.00630
v 1.21999 -0.00001 10.01340
v 1.22162 -0.00001 9.69120
v 1.17594 0.06595 10.01320
v 1.17594 0.06595 10.01320
v 1.22162 -0.00001 9.69120
v 1.17757 0.06595 9.69100
v -0.21264 -0.00001 9.68400
v -0.21427 -0.00001 10.00610
v -0.16856 0.06595 9.68420
v -0.16856 0.06595 9.68420
v -0.21427 -0.00001 10.00610
v -0.17019 0.06595 10.00630
v 1.19707 -0.00001 14.52360
v -0.23718 -0.00001 14.51630
v 1.15302 0.06595 14.52340
v 1.15302 0.06595 14.52340
v -0.23718 -0.00001 14.51630
v -0.19311 0.06595 14.51660
v 1.15302 0.06595 14.52340
v -0.19311 0.06595 14.51660
v 1.15139 0.06595 14.84560
v 1.15139 0.06595 14.84560
v -0.19311 0.06595 14.51660
v -0.19474 0.06595 14.83870
v 1.19544 -0.00001 14.84580
v 1.19707 -0.00001 14.52360
v 1.15139 0.06595 14.84560
v 1.15139 0.06595 14.84560
v 1.19707 -0.00001 14.52360
v 1.15302 0.06595 14.52340
v -0.23718 -0.00001 14.51630
v -0.23881 -0.00001 14.83850
v -0.19311 0.06595 14.51660
v -0.19311 0.06595 14.51660
v -0.23881 -0.00001 14.83850
v -0.19474 0.06595 14.83870
v 1.20525 -0.00001 12.91280
v -0.22900 -0.00001 12.90550
v 1.16120 0.06595 12.91260
v 1.16120 0.06595 12.91260
v -0.22900 -0.00001 12.90550
v -0.18493 0.06595 12.90580
v 1.16120 0.06595 12.91260
v -0.18493 0.06595 12.90580
v 1.15957 0.06595 13.23480
v 1.15957 0.06595 13.23480
v -0.18493 0.06595 12.90580
v -0.18656 0.06595 13.22790
v 1.20362 -0.00001 13.23500
v 1.20525 -0.00001 12.91280
v 1.15957 0.06595 13.23480
v 1.15957 0.06595 13.23480
v 1.20525 -0.00001 12.91280
v 1.16120 0.06595 12.91260
v -0.22900 -0.00001 12.90550
v -0.23063 -0.00001 13.22770
v -0.18493 0.06595 12.90580
v -0.18493 0.06595 12.90580
v -0.23063 -0.00001 13.22770
v -0.18656 0.06595 13.22790
v 1.18070 -0.00001 17.74520
v -0.25355 -0.00001 17.73790
v 1.13665 0.06595 17.74500
v 1.13665 0.06595 17.74500
v -0.25355 -0.00001 17.73790
v -0.20948 0.06595 17.73820
v 1.13665 0.06595 17.74500
v -0.20948 0.06595 17.73820
v 1.13502 0.06595 18.06710
v 1.13502 0.06595 18.06710
v -0.20948 0.06595 17.73820
v -0.21111 0.06595 18.06030
v 1.17907 -0.00001 18.06740
v 1.18070 -0.00001 17.74520
v 1.13502 0.06595 18.06710
v 1.13502 0.06595 18.06710
v 1.18070 -0.00001 17.74520
v 1.13665 0.06595 17.74500
v -0.25355 -0.00001 17.73790
v -0.25518 -0.00001 18.06010
v -0.20948 0.06595 17.73820
v -0.20948 0.06595 17.73820
v -0.25518 -0.00001 18.06010
v -0.21111 0.06595 18.06030
v 1.18888 -0.00001 16.13440
v -0.24537 -0.00001 16.12710
v 1.14483 0.06595 16.13420
v 1.14483 0.06595 16.13420
v -0.24537 -0.00001 16.12710
v -0.20130 0.06595 16.12740
v 1.14483 0.06595 16.13420
v -0.20130 0.06595 16.12740
v 1.14319 0.06595 16.45640
v 1.14319 0.06595 16.45640
v -0.20130 0.06595 16.12740
v -0.20294 0.06595 16.44950
v 1.18725 -0.00001 16.45660
v 1.18888 -0.00001 16.13440
v 1.14319 0.06595 16.45640
v 1.14319 0.06595 16.45640
v 1.18888 -0.00001 16.13440
v 1.14483 0.06595 16.13420
v -0.24537 -0.00001 16.12710
v -0.24700 -0.00001 16.44930
v -0.20130 0.06595 16.12740
v -0.20130 0.06595 16.12740
v -0.24700 -0.00001 16.44930
v -0.20294 0.06595 16.44950
v 1.16433 -0.00001 20.96680
v -0.26992 -0.00001 20.95950
v 1.12028 0.06595 20.96660
v 1.12028 0.06595 20.96660
v -0.26992 -0.00001 20.95950
v -0.22585 0.06595 20.95980
v 1.12028 0.06595 20.96660
v -0.22585 0.06595 20.95980
v 1.11864 0.06595 21.28870
v 1.11864 0.06595 21.28870
v -0.22585 0.06595 20.95980
v -0.22749 0.06595 21.28190
v 1.16270 -0.00001 21.28900
v 1.16433 -0.00001 20.96680
v 1.11864 0.06595 21.28870
v 1.11864 0.06595 21.28870
v 1.16433 -0.00001 20.96680
v 1.12028 0.06595 20.96660
v -0.26992 -0.00001 20.95950
v -0.27155 -0.00001 21.28170
v -0.22585 0.06595 20.95980
v -0.22585 0.06595 20.95980
v -0.27155 -0.00001 21.28170
v -0.22749 0.06595 21.28190
v 1.17251 -0.00001 19.35600
v -0.26174 -0.00001 19.34870
v 1.12845 0.06595 19.35580
v 1.12845 0.06595 19.35580
v -0.26174 -0.00001 19.34870
v -0.21768 0.06595 19.34890
v 1.12845 0.06595 19.35580
v -0.21768 0.06595 19.34890
v 1.12682 0.06595 19.67790
v 1.12682 0.06595 19.67790
v -0.21768 0.06595 19.34890
v -0.21931 0.06595 19.67110
v 1.17087 -0.00001 19.67820
v 1.17251 -0.00001 19.35600
v 1.12682 0.06595 19.67790
v 1.12682 0.06595 19.67790
v 1.17251 -0.00001 19.35600
v 1.12845 0.06595 19.35580
v -0.26174 -0.00001 19.34870
v -0.26338 -0.00001 19.67090
v -0.21768 0.06595 19.34890
v -0.21768 0.06595 19.34890
v -0.26338 -0.00001 19.67090
v -0.21931 0.06595 19.67110
v 0.81486 0.15672 2.60280
v 0.81486 0.07384 2.60280
v 0.79848 0.15672 5.82440
v 0.79848 0.15672 5.82440
v 0.81486 0.07384 2.60280
v 0.79848 0.07384 5.82440
v 0.79848 0.15672 5.82440
v 0.79848 0.07384 5.82440
v 0.78211 0.15672 9.04600
v 0.78211 0.15672 9.04600
v 0.79848 0.07384 5.82440
v 0.78211 0.07384 9.04600
v 0.78211 0.15672 9.04600
v 0.78211 0.07384 9.04600
v 0.76574 0.15672 12.26760
v 0.76574 0.15672 12.26760
v 0.78211 0.07384 9.04600
v 0.76574 0.07384 12.26760
v 0.76574 0.15672 12.26760
v 0.76574 0.07384 12.26760
v 0.74938 0.15672 15.48920
v 0.74938 0.15672 15.48920
v 0.76574 0.07384 12.26760
v 0.74938 0.07384 15.48920
v 0.74938 0.15672 15.48920
v 0.74938 0.07384 15.48920
v 0.73301 0.15672 18.71080
v 0.73301 0.15672 18.71080
v 0.74938 0.07384 15.48920
v 0.73301 0.07384 18.71080
v 0.73301 0.15672 18.71080
v 0.73301 0.07384 18.71080
v 0.71663 0.15672 21.93240
v 0.71663 0.15672 21.93240
v 0.73301 0.07384 18.71080
v 0.71663 0.07384 21.93240
v 0.12319 0.15672 2.59930
v 0.12319 0.07384 2.59930
v 0.10682 0.15672 5.82090
v 0.10682 0.15672 5.82090
v 0.12319 0.07384 2.59930
v 0.10682 0.07384 5.82090
v 0.10682 0.15672 5.82090
v 0.10682 0.07384 5.82090
v 0.09044 0.15672 9.04250
v 0.09044 0.15672 9.04250
v 0.10682 0.07384 5.82090
v 0.09044 0.07384 9.04250
v 0.09044 0.15672 9.04250
v 0.09044 0.07384 9.04250
v 0.07407 0.15672 12.26410
v 0.07407 0.15672 12.26410
v 0.09044 0.07384 9.04250
v 0.07407 0.07384 12.26410
v 0.07407 0.15672 12.26410
v 0.07407 0.07384 12.26410
v 0.05771 0.15672 15.48570
v 0.05771 0.15672 15.48570
v 0.07407 0.07384 12.26410
v 0.05771 0.07384 15.48570
v 0.05771 0.15672 15.48570
v 0.05771 0.07384 15.48570
v 0.04134 0.15672 18.70730
v 0.04134 0.15672 18.70730
v 0.05771 0.07384 15.48570
v 0.04134 0.07384 18.70730
v 0.04134 0.15672 18.70730
v 0.04134 0.07384 18.70730
v 0.02497 0.15672 21.92890
v 0.02497 0.15672 21.92890
v 0.04134 0.07384 18.70730
v 0.02497 0.07384 21.92890
v 3.19372 -0.00001 4.22440
v 1.60619 -0.00001 4.21630
v 3.18551 -0.00001 5.84040
v 3.18551 -0.00001 5.84040
v 1.60619 -0.00001 4.21630
v 1.59798 -0.00001 5.83240
v 0.53232 -0.00001 4.21090
v -0.54154 -0.00001 4.20540
v 0.52411 -0.00001 5.82690
v -0.54154 -0.00001 4.20540
v -2.12905 -0.00001 4.19740
v -0.54975 -0.00001 5.82150
v -0.54975 -0.00001 5.82150
v -2.12905 -0.00001 4.19740
v -2.13726 -0.00001 5.81340
v 3.88718 -0.00001 21.94720
v 3.11187 -0.00001 20.33240
v 2.59000 -0.00001 21.94060
v 2.59000 -0.00001 21.94060
v 3.11187 -0.00001 20.33240
v 1.52434 -0.00001 20.32430
v 2.59000 -0.00001 21.94060
v 1.52434 -0.00001 20.32430
v 1.51615 -0.00001 21.93510
v -0.62339 -0.00001 20.31340
v -0.63159 -0.00001 21.92420
v 0.44228 -0.00001 21.92960
v -0.62339 -0.00001 20.31340
v 0.44228 -0.00001 21.92960
v 0.45048 -0.00001 20.31880
v 0.45048 -0.00001 20.31880
v 0.44228 -0.00001 21.92960
v 1.51615 -0.00001 21.93510
v 0.45048 -0.00001 20.31880
v 1.51615 -0.00001 21.93510
v 1.52434 -0.00001 20.32430
v -0.63159 -0.00001 21.92420
v -0.62339 -0.00001 20.31340
v -1.70544 -0.00001 21.91870
v -1.70544 -0.00001 21.91870
v -0.62339 -0.00001 20.31340
v -2.21089 -0.00001 20.30530
v -1.70544 -0.00001 21.91870
v -2.21089 -0.00001 20.30530
v -3.00262 -0.00001 21.91210
v 3.64188 0.90357 5.71130
v 3.64550 0.90357 4.99990
v 2.81205 -0.62728 5.83470
v 2.81205 -0.62728 5.83470
v 3.64550 0.90357 4.99990
v 3.65760 0.90357 2.61730
v 2.81205 -0.62728 5.83470
v 3.65760 0.90357 2.61730
v 2.82882 -0.62730 2.61310
v -2.65910 0.90357 18.82140
v -2.66271 0.90357 19.53250
v -1.82896 -0.62726 18.69780
v -1.82896 -0.62726 18.69780
v -2.66271 0.90357 19.53250
v -2.67481 0.90357 21.91520
v -1.82896 -0.62726 18.69780
v -2.67481 0.90357 21.91520
v -1.84605 -0.62730 21.91940
v 3.29342 2.59167 19.30510
v 3.31635 2.53303 19.32830
v 3.32743 2.59167 19.22420
v 3.32743 2.59167 19.22420
v 3.31635 2.53303 19.32830
v 3.36002 2.53303 19.22430
v 3.32743 2.59167 19.22420
v 3.36002 2.53303 19.22430
v 3.29424 2.59167 19.14290
v 3.29424 2.59167 19.14290
v 3.36002 2.53303 19.22430
v 3.31742 2.53303 19.12000
v 3.29424 2.59167 19.14290
v 3.31742 2.53303 19.12000
v 3.21331 2.59167 19.10890
v 3.21331 2.59167 19.10890
v 3.31742 2.53303 19.12000
v 3.21348 2.53303 19.07630
v 3.21331 2.59167 19.10890
v 3.21348 2.53303 19.07630
v 3.13204 2.59167 19.14210
v 3.13204 2.59167 19.14210
v 3.21348 2.53303 19.07630
v 3.10912 2.53303 19.11890
v 3.13204 2.59167 19.14210
v 3.10912 2.53303 19.11890
v 3.09804 2.59167 19.22300
v 3.09804 2.59167 19.22300
v 3.10912 2.53303 19.11890
v 3.06544 2.53303 19.22280
v 3.09804 2.59167 19.22300
v 3.06544 2.53303 19.22280
v 3.13122 2.59167 19.30430
v 3.13122 2.59167 19.30430
v 3.06544 2.53303 19.22280
v 3.10805 2.53303 19.32720
v 3.24850 2.64360 19.25970
v 3.29342 2.59167 19.30510
v 3.26359 2.64360 19.22390
v 3.26359 2.64360 19.22390
v 3.29342 2.59167 19.30510
v 3.32743 2.59167 19.22420
v 3.26359 2.64360 19.22390
v 3.32743 2.59167 19.22420
v 3.24886 2.64360 19.18780
v 3.24886 2.64360 19.18780
v 3.32743 2.59167 19.22420
v 3.29424 2.59167 19.14290
v 3.24886 2.64360 19.18780
v 3.29424 2.59167 19.14290
v 3.21299 2.64360 19.17280
v 3.21299 2.64360 19.17280
v 3.29424 2.59167 19.14290
v 3.21331 2.59167 19.10890
v 3.21299 2.64360 19.17280
v 3.21331 2.59167 19.10890
v 3.17696 2.64360 19.18750
v 3.17696 2.64360 19.18750
v 3.21331 2.59167 19.10890
v 3.13204 2.59167 19.14210
v 3.17696 2.64360 19.18750
v 3.13204 2.59167 19.14210
v 3.16190 2.64360 19.22330
v 3.16190 2.64360 19.22330
v 3.13204 2.59167 19.14210
v 3.09804 2.59167 19.22300
v 3.16190 2.64360 19.22330
v 3.09804 2.59167 19.22300
v 3.17660 2.64360 19.25940
v 3.17660 2.64360 19.25940
v 3.09804 2.59167 19.22300
v 3.13122 2.59167 19.30430
v 3.24886 2.72409 19.18780
v 3.21299 2.72409 19.17280
v 3.21273 2.73214 19.22360
v 3.21273 2.73214 19.22360
v 3.21299 2.72409 19.17280
v 3.17696 2.72409 19.18750
v 3.21273 2.73214 19.22360
v 3.17696 2.72409 19.18750
v 3.16190 2.72409 19.22330
v 3.16190 2.72409 19.22330
v 3.17660 2.72409 19.25940
v 3.21273 2.73214 19.22360
v 3.21273 2.73214 19.22360
v 3.17660 2.72409 19.25940
v 3.21247 2.72409 19.27450
v 3.21273 2.73214 19.22360
v 3.21247 2.72409 19.27450
v 3.24850 2.72409 19.25970
v 3.24886 2.72409 19.18780
v 3.21273 2.73214 19.22360
v 3.26359 2.72409 19.22390
v 3.26359 2.72409 19.22390
v 3.21273 2.73214 19.22360
v 3.24850 2.72409 19.25970
v 3.21357 2.45422 19.05910
v 3.32967 2.45422 19.10790
v 3.21274 2.57984 19.22360
v 3.21274 2.57984 19.22360
v 3.32967 2.45422 19.10790
v 3.37726 2.45422 19.22440
v 3.21274 2.57984 19.22360
v 3.37726 2.45422 19.22440
v 3.32848 2.45422 19.34050
v 3.09580 2.45422 19.33930
v 3.04821 2.45422 19.22280
v 3.21274 2.57984 19.22360
v 3.21274 2.57984 19.22360
v 3.04821 2.45422 19.22280
v 3.09699 2.45422 19.10670
v 3.21274 2.57984 19.22360
v 3.09699 2.45422 19.10670
v 3.21357 2.45422 19.05910
v 3.09580 2.45422 19.33930
v 3.21274 2.57984 19.22360
v 3.21189 2.45422 19.38810
v 3.21189 2.45422 19.38810
v 3.21274 2.57984 19.22360
v 3.32848 2.45422 19.34050
v -4.68955 7.23822 12.23990
v -4.70629 7.23822 15.46150
v -2.78794 7.82496 12.24950
v -2.78794 7.82496 12.24950
v -4.70629 7.23822 15.46150
v -2.80467 7.82493 15.47110
v -2.78794 7.82496 12.24950
v -2.80467 7.82493 15.47110
v -1.03872 8.13578 12.25840
v -1.03872 8.13578 12.25840
v -2.80467 7.82493 15.47110
v -1.05523 8.13578 15.48000
v -1.03872 8.13578 12.25840
v -1.05523 8.13578 15.48000
v 0.49138 8.19678 12.26620
v 0.49138 8.19678 12.26620
v -1.05523 8.13578 15.48000
v 0.47503 8.19678 15.48780
v 0.49138 8.19678 12.26620
v 0.47503 8.19678 15.48780
v 2.00530 8.13578 15.49560
v 2.00530 8.13578 15.49560
v 0.47503 8.19678 15.48780
v 1.98902 8.13578 18.71720
v 2.00530 8.13578 15.49560
v 1.98902 8.13578 18.71720
v 3.73853 7.82492 18.72610
v 3.73853 7.82492 18.72610
v 1.98902 8.13578 18.71720
v 3.72274 7.82488 21.94770
v 3.73853 7.82492 18.72610
v 3.72274 7.82488 21.94770
v 5.62438 7.23822 21.95730
v -4.70629 7.23822 15.46150
v -4.72286 7.23822 18.68310
v -2.80467 7.82493 15.47110
v -2.80467 7.82493 15.47110
v -4.72286 7.23822 18.68310
v -2.82124 7.82492 18.69270
v -2.80467 7.82493 15.47110
v -2.82124 7.82492 18.69270
v -1.05523 8.13578 15.48000
v -1.05523 8.13578 15.48000
v -2.82124 7.82492 18.69270
v -1.07170 8.13578 18.70160
v -1.05523 8.13578 15.48000
v -1.07170 8.13578 18.70160
v 0.47503 8.19678 15.48780
v 0.47503 8.19678 15.48780
v -1.07170 8.13578 18.70160
v 0.45865 8.19678 18.70940
v 0.47503 8.19678 15.48780
v 0.45865 8.19678 18.70940
v 1.98902 8.13578 18.71720
v 1.98902 8.13578 18.71720
v 0.45865 8.19678 18.70940
v 1.97289 8.13578 21.93880
v 1.98902 8.13578 18.71720
v 1.97289 8.13578 21.93880
v 3.72274 7.82488 21.94770
v -4.72286 7.23822 18.68310
v -4.73982 7.23822 21.90470
v -2.82124 7.82492 18.69270
v -2.82124 7.82492 18.69270
v -4.73982 7.23822 21.90470
v -2.83817 7.82488 21.91430
v -2.82124 7.82492 18.69270
v -2.83817 7.82488 21.91430
v -1.07170 8.13578 18.70160
v -1.07170 8.13578 18.70160
v -2.83817 7.82488 21.91430
v -1.08831 8.13578 21.92320
v -1.07170 8.13578 18.70160
v -1.08831 8.13578 21.92320
v 0.45865 8.19678 18.70940
v 0.45865 8.19678 18.70940
v -1.08831 8.13578 21.92320
v 0.44228 8.19678 21.93100
v 0.45865 8.19678 18.70940
v 0.44228 8.19678 21.93100
v 1.97289 8.13578 21.93880
v 3.02769 5.06212 20.87020
v 3.56508 4.44329 20.87300
v 3.02462 5.06212 21.94410
v 3.02769 5.06212 20.87020
v 3.02462 5.06212 21.94410
v 2.15156 5.62904 20.86580
v 2.15156 5.62904 20.86580
v 3.02462 5.06212 21.94410
v 2.14652 5.62586 21.93970
v 2.15156 5.62904 20.86580
v 2.14652 5.62586 21.93970
v 1.17417 5.91418 20.86080
v 1.17417 5.91418 20.86080
v 2.14652 5.62586 21.93970
v 1.16584 5.91418 21.93470
v 1.17417 5.91418 20.86080
v 1.16584 5.91418 21.93470
v 0.44228 5.98775 21.93100
v -0.28127 5.91418 21.92730
v -1.26196 5.62586 21.92230
v -0.27871 5.91418 20.85340
v -0.28127 5.91418 21.92730
v -0.27871 5.91418 20.85340
v 0.44228 5.98775 21.93100
v 0.44228 5.98775 21.93100
v -0.27871 5.91418 20.85340
v 0.44773 5.98775 20.85710
v 0.44228 5.98775 21.93100
v 0.44773 5.98775 20.85710
v 1.17417 5.91418 20.86080
v 2.15156 5.62904 20.86580
v 1.17417 5.91418 20.86080
v 1.42109 6.60245 20.86210
v 1.42109 6.60245 20.86210
v 1.17417 5.91418 20.86080
v 0.44773 5.98775 20.85710
v 1.42109 6.60245 20.86210
v 0.44773 5.98775 20.85710
v 0.44773 6.69994 20.85710
v 0.44773 6.69994 20.85710
v 0.44773 5.98775 20.85710
v -0.52564 6.60245 20.85220
v -2.40519 2.53303 19.29920
v -2.38203 2.59167 19.27630
v -2.41522 2.59167 19.19500
v -2.40519 2.53303 19.29920
v -2.41522 2.59167 19.19500
v -2.44781 2.53303 19.19480
v -2.44781 2.53303 19.19480
v -2.41522 2.59167 19.19500
v -2.38120 2.59167 19.11410
v -2.44781 2.53303 19.19480
v -2.38120 2.59167 19.11410
v -2.40412 2.53303 19.09090
v -2.40412 2.53303 19.09090
v -2.38120 2.59167 19.11410
v -2.29994 2.59167 19.08090
v -2.40412 2.53303 19.09090
v -2.29994 2.59167 19.08090
v -2.29977 2.53303 19.04830
v -2.29977 2.53303 19.04830
v -2.29994 2.59167 19.08090
v -2.21900 2.59167 19.11490
v -2.29977 2.53303 19.04830
v -2.21900 2.59167 19.11490
v -2.19584 2.53303 19.09200
v -2.19584 2.53303 19.09200
v -2.21900 2.59167 19.11490
v -2.18583 2.59167 19.19620
v -2.19584 2.53303 19.09200
v -2.18583 2.59167 19.19620
v -2.15324 2.53303 19.19630
v -2.15324 2.53303 19.19630
v -2.18583 2.59167 19.19620
v -2.21983 2.59167 19.27710
v -2.15324 2.53303 19.19630
v -2.21983 2.59167 19.27710
v -2.19691 2.53303 19.30030
v -2.38203 2.59167 19.27630
v -2.33665 2.64360 19.23130
v -2.35136 2.64360 19.19530
v -2.38203 2.59167 19.27630
v -2.35136 2.64360 19.19530
v -2.41522 2.59167 19.19500
v -2.41522 2.59167 19.19500
v -2.35136 2.64360 19.19530
v -2.33628 2.64360 19.15940
v -2.41522 2.59167 19.19500
v -2.33628 2.64360 19.15940
v -2.38120 2.59167 19.11410
v -2.38120 2.59167 19.11410
v -2.33628 2.64360 19.15940
v -2.30026 2.64360 19.14480
v -2.38120 2.59167 19.11410
v -2.30026 2.64360 19.14480
v -2.29994 2.59167 19.08090
v -2.29994 2.59167 19.08090
v -2.30026 2.64360 19.14480
v -2.26438 2.64360 19.15980
v -2.29994 2.59167 19.08090
v -2.26438 2.64360 19.15980
v -2.21900 2.59167 19.11490
v -2.21900 2.59167 19.11490
v -2.26438 2.64360 19.15980
v -2.24967 2.64360 19.19580
v -2.21900 2.59167 19.11490
v -2.24967 2.64360 19.19580
v -2.18583 2.59167 19.19620
v -2.18583 2.59167 19.19620
v -2.24967 2.64360 19.19580
v -2.26475 2.64360 19.23170
v -2.18583 2.59167 19.19620
v -2.26475 2.64360 19.23170
v -2.21983 2.59167 19.27710
v -2.26438 2.72409 19.15980
v -2.30026 2.72409 19.14480
v -2.30052 2.73214 19.19560
v -2.30052 2.73214 19.19560
v -2.30026 2.72409 19.14480
v -2.33628 2.72409 19.15940
v -2.30052 2.73214 19.19560
v -2.33628 2.72409 19.15940
v -2.35136 2.72409 19.19530
v -2.30078 2.72409 19.24640
v -2.26475 2.72409 19.23170
v -2.30052 2.73214 19.19560
v -2.30052 2.73214 19.19560
v -2.26475 2.72409 19.23170
v -2.24967 2.72409 19.19580
v -2.30052 2.73214 19.19560
v -2.24967 2.72409 19.19580
v -2.26438 2.72409 19.15980
v -2.35136 2.72409 19.19530
v -2.33665 2.72409 19.23130
v -2.30052 2.73214 19.19560
v -2.30052 2.73214 19.19560
v -2.33665 2.72409 19.23130
v -2.30078 2.72409 19.24640
v -2.46504 2.45422 19.19470
v -2.41627 2.45422 19.07870
v -2.30053 2.57984 19.19560
v -2.30053 2.57984 19.19560
v -2.41627 2.45422 19.07870
v -2.29968 2.45422 19.03100
v -2.30053 2.57984 19.19560
v -2.29968 2.45422 19.03100
v -2.18359 2.45422 19.07990
v -2.18359 2.45422 19.07990
v -2.13601 2.45422 19.19640
v -2.30053 2.57984 19.19560
v -2.30053 2.57984 19.19560
v -2.13601 2.45422 19.19640
v -2.18478 2.45422 19.31250
v -2.30053 2.57984 19.19560
v -2.18478 2.45422 19.31250
v -2.30136 2.45422 19.36010
v -2.30136 2.45422 19.36010
v -2.41746 2.45422 19.31130
v -2.30053 2.57984 19.19560
v -2.30053 2.57984 19.19560
v -2.41746 2.45422 19.31130
v -2.46504 2.45422 19.19470
v -2.66960 4.44329 20.84130
v -2.13224 5.06212 20.84400
v -2.14005 5.06212 21.91790
v -2.14005 5.06212 21.91790
v -2.13224 5.06212 20.84400
v -1.25608 5.62904 20.84850
v -2.14005 5.06212 21.91790
v -1.25608 5.62904 20.84850
v -1.26196 5.62586 21.92230
v -1.26196 5.62586 21.92230
v -1.25608 5.62904 20.84850
v -0.27871 5.91418 20.85340
v -1.25608 5.62904 20.84850
v -0.52564 6.60245 20.85220
v -0.27871 5.91418 20.85340
v -0.27871 5.91418 20.85340
v -0.52564 6.60245 20.85220
v 0.44773 5.98775 20.85710
v 0.44773 6.69994 20.85710
v -0.52564 6.60245 20.85220
v -0.51472 6.60245 18.70450
v -0.51472 6.60245 18.70450
v -0.52564 6.60245 20.85220
v -1.61532 6.14312 18.69890
v -0.51472 6.60245 18.70450
v -1.61532 6.14312 18.69890
v -1.59725 6.14356 15.47730
v -1.59725 6.14356 15.47730
v -1.61532 6.14312 18.69890
v -2.41094 5.31374 15.47310
v -1.59725 6.14356 15.47730
v -2.41094 5.31374 15.47310
v -2.39434 5.31374 12.25150
v -0.52564 6.60245 20.85220
v -1.62625 6.14312 20.84660
v -1.61532 6.14312 18.69890
v -1.61532 6.14312 18.69890
v -1.62625 6.14312 20.84660
v -2.42788 5.31374 18.69470
v -1.61532 6.14312 18.69890
v -2.42788 5.31374 18.69470
v -2.41094 5.31374 15.47310
v -2.42788 5.31374 18.69470
v -1.62625 6.14312 20.84660
v -2.43885 5.31374 20.84250
v -1.79531 -0.62721 12.25460
v -1.77954 -0.62725 9.03300
v -2.62571 0.90357 12.25040
v -1.79531 -0.62721 12.25460
v -2.62571 0.90357 12.25040
v -1.81227 -0.62725 15.47620
v -1.81227 -0.62725 15.47620
v -2.62571 0.90357 12.25040
v -2.64196 0.90441 15.47190
v -1.81227 -0.62725 15.47620
v -2.64196 0.90441 15.47190
v -1.82896 -0.62726 18.69780
v -1.82896 -0.62726 18.69780
v -2.64196 0.90441 15.47190
v -2.65844 0.90357 18.69360
v -1.82896 -0.62726 18.69780
v -2.65844 0.90357 18.69360
v -2.65910 0.90357 18.82140
v -0.46562 6.60245 9.03970
v 0.52413 6.69994 5.82300
v 0.50776 6.69994 9.04460
v -0.46562 6.60245 9.03970
v 0.50776 6.69994 9.04460
v -0.48199 6.60245 12.26130
v -0.48199 6.60245 12.26130
v 0.50776 6.69994 9.04460
v 0.49138 6.69994 12.26620
v -0.48199 6.60245 12.26130
v 0.49138 6.69994 12.26620
v 0.47503 6.69994 15.48780
v 0.47503 6.69994 15.48780
v 0.49138 6.69994 12.26620
v 1.46474 6.60245 12.27120
v 0.47503 6.69994 15.48780
v 1.46474 6.60245 12.27120
v 1.44839 6.60245 15.49270
v 1.44839 6.60245 15.49270
v 1.46474 6.60245 12.27120
v 2.56368 6.14356 12.27670
v 1.44839 6.60245 15.49270
v 2.56368 6.14356 12.27670
v 2.54732 6.14356 15.49830
v 2.54732 6.14356 15.49830
v 2.56368 6.14356 12.27670
v 3.37713 5.31374 12.28090
v 2.54732 6.14356 15.49830
v 3.37713 5.31374 12.28090
v 3.36100 5.31374 15.50240
v 3.36100 5.31374 15.50240
v 3.37713 5.31374 12.28090
v 3.60874 4.44329 12.28200
v 3.36100 5.31374 15.50240
v 3.60874 4.44329 12.28200
v 3.59238 4.44329 15.50360
v -1.58090 6.14356 12.25570
v -0.46562 6.60245 9.03970
v -0.48199 6.60245 12.26130
v -1.58090 6.14356 12.25570
v -0.48199 6.60245 12.26130
v -0.49835 6.60245 15.48280
v -0.49835 6.60245 15.48280
v -0.48199 6.60245 12.26130
v 0.47503 6.69994 15.48780
v -0.49835 6.60245 15.48280
v 0.47503 6.69994 15.48780
v 0.45865 6.69994 18.70940
v 0.45865 6.69994 18.70940
v 0.47503 6.69994 15.48780
v 1.44839 6.60245 15.49270
v 0.45865 6.69994 18.70940
v 1.44839 6.60245 15.49270
v 1.43201 6.60245 18.71430
v 1.43201 6.60245 18.71430
v 1.44839 6.60245 15.49270
v 2.54732 6.14356 15.49830
v 1.43201 6.60245 18.71430
v 2.54732 6.14356 15.49830
v 2.53263 6.14312 18.71990
v 2.53263 6.14312 18.71990
v 2.54732 6.14356 15.49830
v 3.36100 5.31374 15.50240
v 2.53263 6.14312 18.71990
v 3.36100 5.31374 15.50240
v 3.34519 5.31374 18.72410
v 3.34519 5.31374 18.72410
v 3.36100 5.31374 15.50240
v 3.59238 4.44329 15.50360
v 3.34519 5.31374 18.72410
v 3.59238 4.44329 15.50360
v 3.57601 4.44329 18.72520
v 2.79505 -0.62725 9.05630
v 2.77807 -0.62721 12.27780
v 3.60848 0.90357 12.28200
v 3.60848 0.90357 12.28200
v 2.77807 -0.62721 12.27780
v 2.76232 -0.62725 15.49940
v 3.60848 0.90357 12.28200
v 2.76232 -0.62725 15.49940
v 3.59212 0.90357 15.50360
v 3.59212 0.90357 15.50360
v 2.76232 -0.62725 15.49940
v 2.74627 -0.62726 18.72100
v 3.59212 0.90357 15.50360
v 2.74627 -0.62726 18.72100
v 3.57575 0.90357 18.72520
v 3.57575 0.90357 18.72520
v 2.74627 -0.62726 18.72100
v 3.57511 0.90357 18.85010
v 3.36478 2.59167 5.26320
v 3.38772 2.53303 5.28640
v 3.43139 2.53303 5.18240
v 3.36478 2.59167 5.26320
v 3.43139 2.53303 5.18240
v 3.39879 2.59167 5.18230
v 3.39879 2.59167 5.18230
v 3.43139 2.53303 5.18240
v 3.38877 2.53303 5.07810
v 3.39879 2.59167 5.18230
v 3.38877 2.53303 5.07810
v 3.36561 2.59167 5.10100
v 3.36561 2.59167 5.10100
v 3.38877 2.53303 5.07810
v 3.28484 2.53303 5.03440
v 3.36561 2.59167 5.10100
v 3.28484 2.53303 5.03440
v 3.28467 2.59167 5.06700
v 3.28467 2.59167 5.06700
v 3.28484 2.53303 5.03440
v 3.18047 2.53303 5.07700
v 3.28467 2.59167 5.06700
v 3.18047 2.53303 5.07700
v 3.20341 2.59167 5.10020
v 3.20341 2.59167 5.10020
v 3.18047 2.53303 5.07700
v 3.13680 2.53303 5.18090
v 3.20341 2.59167 5.10020
v 3.13680 2.53303 5.18090
v 3.16941 2.59167 5.18110
v 3.16941 2.59167 5.18110
v 3.13680 2.53303 5.18090
v 3.17942 2.53303 5.28530
v 3.16941 2.59167 5.18110
v 3.17942 2.53303 5.28530
v 3.20258 2.59167 5.26240
v 3.31986 2.64360 5.21780
v 3.36478 2.59167 5.26320
v 3.39879 2.59167 5.18230
v 3.31986 2.64360 5.21780
v 3.39879 2.59167 5.18230
v 3.33495 2.64360 5.18200
v 3.33495 2.64360 5.18200
v 3.39879 2.59167 5.18230
v 3.36561 2.59167 5.10100
v 3.33495 2.64360 5.18200
v 3.36561 2.59167 5.10100
v 3.32021 2.64360 5.14590
v 3.32021 2.64360 5.14590
v 3.36561 2.59167 5.10100
v 3.28467 2.59167 5.06700
v 3.32021 2.64360 5.14590
v 3.28467 2.59167 5.06700
v 3.28434 2.64360 5.13090
v 3.28434 2.64360 5.13090
v 3.28467 2.59167 5.06700
v 3.20341 2.59167 5.10020
v 3.28434 2.64360 5.13090
v 3.20341 2.59167 5.10020
v 3.24831 2.64360 5.14560
v 3.24831 2.64360 5.14560
v 3.20341 2.59167 5.10020
v 3.16941 2.59167 5.18110
v 3.24831 2.64360 5.14560
v 3.16941 2.59167 5.18110
v 3.23327 2.64360 5.18140
v 3.23327 2.64360 5.18140
v 3.16941 2.59167 5.18110
v 3.20258 2.59167 5.26240
v 3.23327 2.64360 5.18140
v 3.20258 2.59167 5.26240
v 3.24796 2.64360 5.21750
v 3.24796 2.72409 5.21750
v 3.28383 2.72409 5.23250
v 3.28409 2.73214 5.18170
v 3.28409 2.73214 5.18170
v 3.28383 2.72409 5.23250
v 3.31986 2.72409 5.21780
v 3.28409 2.73214 5.18170
v 3.31986 2.72409 5.21780
v 3.33495 2.72409 5.18200
v 3.28434 2.72409 5.13090
v 3.24831 2.72409 5.14560
v 3.28409 2.73214 5.18170
v 3.28409 2.73214 5.18170
v 3.24831 2.72409 5.14560
v 3.23327 2.72409 5.18140
v 3.28409 2.73214 5.18170
v 3.23327 2.72409 5.18140
v 3.24796 2.72409 5.21750
v 3.33495 2.72409 5.18200
v 3.32021 2.72409 5.14590
v 3.28409 2.73214 5.18170
v 3.28409 2.73214 5.18170
v 3.32021 2.72409 5.14590
v 3.28434 2.72409 5.13090
v 3.44863 2.45422 5.18250
v 3.39985 2.45422 5.29860
v 3.28411 2.57984 5.18170
v 3.28411 2.57984 5.18170
v 3.39985 2.45422 5.29860
v 3.28325 2.45422 5.34620
v 3.28411 2.57984 5.18170
v 3.28325 2.45422 5.34620
v 3.16717 2.45422 5.29750
v 3.16717 2.45422 5.29750
v 3.11957 2.45422 5.18090
v 3.28411 2.57984 5.18170
v 3.28411 2.57984 5.18170
v 3.11957 2.45422 5.18090
v 3.16834 2.45422 5.06480
v 3.28411 2.57984 5.18170
v 3.16834 2.45422 5.06480
v 3.28492 2.45422 5.01720
v 3.28492 2.45422 5.01720
v 3.40102 2.45422 5.06600
v 3.28411 2.57984 5.18170
v 3.28411 2.57984 5.18170
v 3.40102 2.45422 5.06600
v 3.44863 2.45422 5.18250
v 2.07111 8.13578 2.60920
v 3.82096 7.82488 2.61810
v 1.26406 5.91418 2.60510
v 2.07111 8.13578 2.60920
v 1.26406 5.91418 2.60510
v 0.54050 8.19678 2.60140
v 0.54050 8.19678 2.60140
v 1.26406 5.91418 2.60510
v 0.54050 5.98775 2.60140
v 0.54050 8.19678 2.60140
v 0.54050 5.98775 2.60140
v -0.18305 5.91418 2.59780
v 5.72260 7.23822 2.62780
v 8.17728 6.23299 2.64020
v 3.12284 5.06212 2.61460
v 5.72260 7.23822 2.62780
v 3.12284 5.06212 2.61460
v 3.82096 7.82488 2.61810
v 3.82096 7.82488 2.61810
v 3.12284 5.06212 2.61460
v 2.24474 5.62586 2.61010
v 3.82096 7.82488 2.61810
v 2.24474 5.62586 2.61010
v 1.26406 5.91418 2.60510
v 0.54050 8.19678 2.60140
v -0.99009 8.13578 2.59370
v 0.52413 8.19678 5.82300
v 0.54050 8.19678 2.60140
v 0.52413 8.19678 5.82300
v 2.07111 8.13578 2.60920
v 2.07111 8.13578 2.60920
v 0.52413 8.19678 5.82300
v 2.05457 8.13578 5.83080
v 2.07111 8.13578 2.60920
v 2.05457 8.13578 5.83080
v 3.82096 7.82488 2.61810
v 3.82096 7.82488 2.61810
v 2.05457 8.13578 5.83080
v 3.80419 7.82491 5.83970
v 3.82096 7.82488 2.61810
v 3.80419 7.82491 5.83970
v 5.72260 7.23822 2.62780
v 0.53506 5.98775 3.67530
v -0.19139 5.91418 3.67160
v 0.54050 5.98775 2.60140
v 0.53506 5.98775 3.67530
v 0.54050 5.98775 2.60140
v 1.26150 5.91418 3.67900
v 1.26150 5.91418 3.67900
v 0.54050 5.98775 2.60140
v 1.26406 5.91418 2.60510
v 1.26150 5.91418 3.67900
v 1.26406 5.91418 2.60510
v 2.24474 5.62586 2.61010
v 3.65241 4.44329 3.69110
v 3.11501 5.06212 3.68840
v 3.12284 5.06212 2.61460
v 3.12284 5.06212 2.61460
v 3.11501 5.06212 3.68840
v 2.23887 5.62904 3.68400
v 3.12284 5.06212 2.61460
v 2.23887 5.62904 3.68400
v 2.24474 5.62586 2.61010
v 2.24474 5.62586 2.61010
v 2.23887 5.62904 3.68400
v 1.26150 5.91418 3.67900
v 8.13276 6.23299 12.30500
v 8.14763 6.23299 9.08350
v 5.68908 7.23822 9.07100
v 5.68908 7.23822 9.07100
v 8.14763 6.23299 9.08350
v 5.70585 7.23822 5.84940
v 5.68908 7.23822 9.07100
v 5.70585 7.23822 5.84940
v 3.78745 7.82493 9.06130
v 0.49138 6.69994 12.26620
v 0.50776 6.69994 9.04460
v 1.46474 6.60245 12.27120
v 1.46474 6.60245 12.27120
v 0.50776 6.69994 9.04460
v 1.48112 6.60245 9.04960
v 1.46474 6.60245 12.27120
v 1.48112 6.60245 9.04960
v 2.56368 6.14356 12.27670
v 2.56368 6.14356 12.27670
v 1.48112 6.60245 9.04960
v 2.58005 6.14356 9.05520
v 2.56368 6.14356 12.27670
v 2.58005 6.14356 9.05520
v 3.37713 5.31374 12.28090
v 3.37713 5.31374 12.28090
v 2.58005 6.14356 9.05520
v 3.39373 5.31374 9.05930
v 3.37713 5.31374 12.28090
v 3.39373 5.31374 9.05930
v 3.60874 4.44329 12.28200
v 3.60874 4.44329 12.28200
v 3.39373 5.31374 9.05930
v 3.62511 4.44329 9.06050
v 5.70585 7.23822 5.84940
v 8.14763 6.23299 9.08350
v 8.16247 6.23299 5.86190
v 0.50776 6.69994 9.04460
v 0.52413 6.69994 5.82300
v 1.48112 6.60245 9.04960
v 1.48112 6.60245 9.04960
v 0.52413 6.69994 5.82300
v 1.49749 6.60245 5.82800
v 1.48112 6.60245 9.04960
v 1.49749 6.60245 5.82800
v 2.58005 6.14356 9.05520
v 2.58005 6.14356 9.05520
v 1.49749 6.60245 5.82800
v 2.59810 6.14312 5.83360
v 2.58005 6.14356 9.05520
v 2.59810 6.14312 5.83360
v 3.39373 5.31374 9.05930
v 3.39373 5.31374 9.05930
v 2.59810 6.14312 5.83360
v 3.41094 5.31374 5.83770
v 3.39373 5.31374 9.05930
v 3.41094 5.31374 5.83770
v 3.62511 4.44329 9.06050
v 3.62511 4.44329 9.06050
v 3.41094 5.31374 5.83770
v 3.64149 4.44329 5.83890
v 3.64123 0.90357 5.83890
v 3.64188 0.90357 5.71130
v 2.81205 -0.62728 5.83470
v 3.64123 0.90357 5.83890
v 2.81205 -0.62728 5.83470
v 3.62485 0.90357 9.06050
v 3.62485 0.90357 9.06050
v 2.81205 -0.62728 5.83470
v 2.79505 -0.62725 9.05630
v 3.62485 0.90357 9.06050
v 2.79505 -0.62725 9.05630
v 3.60848 0.90357 12.28200
v -2.33383 2.53303 5.25730
v -2.31068 2.59167 5.23440
v -2.37644 2.53303 5.15290
v -2.37644 2.53303 5.15290
v -2.31068 2.59167 5.23440
v -2.34385 2.59167 5.15310
v -2.37644 2.53303 5.15290
v -2.34385 2.59167 5.15310
v -2.33277 2.53303 5.04900
v -2.33277 2.53303 5.04900
v -2.34385 2.59167 5.15310
v -2.30984 2.59167 5.07220
v -2.33277 2.53303 5.04900
v -2.30984 2.59167 5.07220
v -2.22840 2.53303 5.00640
v -2.22840 2.53303 5.00640
v -2.30984 2.59167 5.07220
v -2.22857 2.59167 5.03900
v -2.22840 2.53303 5.00640
v -2.22857 2.59167 5.03900
v -2.12449 2.53303 5.05010
v -2.12449 2.53303 5.05010
v -2.22857 2.59167 5.03900
v -2.14764 2.59167 5.07300
v -2.12449 2.53303 5.05010
v -2.14764 2.59167 5.07300
v -2.08187 2.53303 5.15440
v -2.08187 2.53303 5.15440
v -2.14764 2.59167 5.07300
v -2.11447 2.59167 5.15430
v -2.08187 2.53303 5.15440
v -2.11447 2.59167 5.15430
v -2.12554 2.53303 5.25840
v -2.12554 2.53303 5.25840
v -2.11447 2.59167 5.15430
v -2.14848 2.59167 5.23520
v -2.31068 2.59167 5.23440
v -2.26528 2.64360 5.18950
v -2.34385 2.59167 5.15310
v -2.34385 2.59167 5.15310
v -2.26528 2.64360 5.18950
v -2.27999 2.64360 5.15340
v -2.34385 2.59167 5.15310
v -2.27999 2.64360 5.15340
v -2.30984 2.59167 5.07220
v -2.30984 2.59167 5.07220
v -2.27999 2.64360 5.15340
v -2.26493 2.64360 5.11760
v -2.30984 2.59167 5.07220
v -2.26493 2.64360 5.11760
v -2.22857 2.59167 5.03900
v -2.22857 2.59167 5.03900
v -2.26493 2.64360 5.11760
v -2.22891 2.64360 5.10280
v -2.22857 2.59167 5.03900
v -2.22891 2.64360 5.10280
v -2.14764 2.59167 5.07300
v -2.14764 2.59167 5.07300
v -2.22891 2.64360 5.10280
v -2.19303 2.64360 5.11790
v -2.14764 2.59167 5.07300
v -2.19303 2.64360 5.11790
v -2.11447 2.59167 5.15430
v -2.11447 2.59167 5.15430
v -2.19303 2.64360 5.11790
v -2.17831 2.64360 5.15390
v -2.11447 2.59167 5.15430
v -2.17831 2.64360 5.15390
v -2.14848 2.59167 5.23520
v -2.14848 2.59167 5.23520
v -2.17831 2.64360 5.15390
v -2.19338 2.64360 5.18980
v -2.26528 2.72409 5.18950
v -2.22941 2.72409 5.20450
v -2.22915 2.73214 5.15370
v -2.22915 2.73214 5.15370
v -2.22941 2.72409 5.20450
v -2.19338 2.72409 5.18980
v -2.22915 2.73214 5.15370
v -2.19338 2.72409 5.18980
v -2.17831 2.72409 5.15390
v -2.17831 2.72409 5.15390
v -2.19303 2.72409 5.11790
v -2.22915 2.73214 5.15370
v -2.22915 2.73214 5.15370
v -2.19303 2.72409 5.11790
v -2.22891 2.72409 5.10280
v -2.22915 2.73214 5.15370
v -2.22891 2.72409 5.10280
v -2.26493 2.72409 5.11760
v -2.26528 2.72409 5.18950
v -2.22915 2.73214 5.15370
v -2.27999 2.72409 5.15340
v -2.27999 2.72409 5.15340
v -2.22915 2.73214 5.15370
v -2.26493 2.72409 5.11760
v -2.22999 2.45422 5.31820
v -2.34609 2.45422 5.26940
v -2.22917 2.57984 5.15370
v -2.22917 2.57984 5.15370
v -2.34609 2.45422 5.26940
v -2.39367 2.45422 5.15280
v -2.22917 2.57984 5.15370
v -2.39367 2.45422 5.15280
v -2.34492 2.45422 5.03670
v -2.11224 2.45422 5.03790
v -2.06465 2.45422 5.15450
v -2.22917 2.57984 5.15370
v -2.22917 2.57984 5.15370
v -2.06465 2.45422 5.15450
v -2.11341 2.45422 5.27060
v -2.22917 2.57984 5.15370
v -2.11341 2.45422 5.27060
v -2.22999 2.45422 5.31820
v -2.11224 2.45422 5.03790
v -2.22917 2.57984 5.15370
v -2.22833 2.45422 4.98920
v -2.22833 2.45422 4.98920
v -2.22917 2.57984 5.15370
v -2.34492 2.45422 5.03670
v -1.16374 5.62586 2.59280
v -2.04183 5.06212 2.58830
v -2.73995 7.82488 2.58480
v -1.16374 5.62586 2.59280
v -2.73995 7.82488 2.58480
v -0.18305 5.91418 2.59780
v -0.18305 5.91418 2.59780
v -2.73995 7.82488 2.58480
v -0.99009 8.13578 2.59370
v -0.18305 5.91418 2.59780
v -0.99009 8.13578 2.59370
v 0.54050 8.19678 2.60140
v -7.09626 6.23299 2.56260
v -4.64160 7.23822 2.57510
v -2.04183 5.06212 2.58830
v -2.04183 5.06212 2.58830
v -4.64160 7.23822 2.57510
v -2.73995 7.82488 2.58480
v 2.03803 8.13578 9.05240
v 3.80419 7.82491 5.83970
v 2.05457 8.13578 5.83080
v 2.03803 8.13578 9.05240
v 2.05457 8.13578 5.83080
v 0.50776 8.19678 9.04460
v 0.50776 8.19678 9.04460
v 2.05457 8.13578 5.83080
v 0.52413 8.19678 5.82300
v 0.50776 8.19678 9.04460
v 0.52413 8.19678 5.82300
v -1.00631 8.13578 5.81530
v -1.00631 8.13578 5.81530
v 0.52413 8.19678 5.82300
v -0.99009 8.13578 2.59370
v -1.00631 8.13578 5.81530
v -0.99009 8.13578 2.59370
v -2.73995 7.82488 2.58480
v -2.04492 5.06212 3.66220
v -2.58228 4.44329 3.65940
v -2.04183 5.06212 2.58830
v -2.04492 5.06212 3.66220
v -2.04183 5.06212 2.58830
v -1.16876 5.62904 3.66660
v -1.16876 5.62904 3.66660
v -2.04183 5.06212 2.58830
v -1.16374 5.62586 2.59280
v -1.16876 5.62904 3.66660
v -1.16374 5.62586 2.59280
v -0.19139 5.91418 3.67160
v -0.19139 5.91418 3.67160
v -1.16374 5.62586 2.59280
v -0.18305 5.91418 2.59780
v -0.19139 5.91418 3.67160
v -0.18305 5.91418 2.59780
v 0.54050 5.98775 2.60140
v 0.53506 6.69994 3.67530
v -0.44924 6.60245 5.81810
v -0.43823 6.60245 3.64970
v -0.43823 6.60245 3.64970
v -0.44924 6.60245 5.81810
v -1.54984 6.14312 5.81250
v -0.43823 6.60245 3.64970
v -1.54984 6.14312 5.81250
v -1.53892 6.14312 3.66480
v -2.59233 0.90357 5.68080
v -2.59297 0.90357 5.80720
v -1.76379 -0.62728 5.81140
v -1.76379 -0.62728 5.81140
v -2.59297 0.90357 5.80720
v -2.60934 0.90357 9.02880
v -1.76379 -0.62728 5.81140
v -2.60934 0.90357 9.02880
v -1.77954 -0.62725 9.03300
v -1.77954 -0.62725 9.03300
v -2.60934 0.90357 9.02880
v -2.62571 0.90357 12.25040
v 0.88592 9.16935 2.68680
v 0.99331 9.11900 2.68740
v 0.94007 9.11900 2.59410
v 0.94007 9.11900 2.59410
v 0.99331 9.11900 2.68740
v 0.99331 8.85995 2.68740
v 0.94007 9.11900 2.59410
v 0.99331 8.85995 2.68740
v 0.94007 8.85995 2.59410
v 0.94007 8.85995 2.59410
v 0.99331 8.85995 2.68740
v 0.88592 8.79897 2.68680
v 0.94007 8.85995 2.59410
v 0.88592 8.79897 2.68680
v 0.83269 8.85995 2.59360
v 0.83269 8.85995 2.59360
v 0.88592 8.79897 2.68680
v 0.77851 8.85995 2.68630
v 0.83269 8.85995 2.59360
v 0.77851 8.85995 2.68630
v 0.77851 9.11900 2.68630
v 0.94007 8.85995 2.59410
v 0.83269 8.85995 2.59360
v 0.83269 9.11900 2.59360
v 0.83269 9.11900 2.59360
v 0.83269 8.85995 2.59360
v 0.77851 9.11900 2.68630
v 0.83269 9.11900 2.59360
v 0.77851 9.11900 2.68630
v 0.88592 9.16935 2.68680
v 0.78812 8.92626 21.93270
v 0.74074 8.95361 21.93250
v 0.80448 8.64841 18.71220
v 0.78812 8.92626 21.93270
v 0.80448 8.64841 18.71220
v 0.80448 8.70311 18.71220
v 0.80448 8.70311 18.71220
v 0.80448 8.64841 18.71220
v 0.82084 8.51164 15.49380
v 0.80448 8.70311 18.71220
v 0.82084 8.51164 15.49380
v 0.77346 8.48429 15.49350
v 0.77346 8.48429 15.49350
v 0.82084 8.51164 15.49380
v 0.78985 8.37907 12.26770
v 0.77346 8.48429 15.49350
v 0.78985 8.37907 12.26770
v 0.83723 8.35172 12.26800
v 0.83723 8.35172 12.26800
v 0.78985 8.37907 12.26770
v 0.80622 8.48408 9.04860
v 0.83723 8.35172 12.26800
v 0.80622 8.48408 9.04860
v 0.85360 8.45673 9.04880
v 0.85360 8.45673 9.04880
v 0.80622 8.48408 9.04860
v 0.82255 8.67930 5.83370
v 0.85360 8.45673 9.04880
v 0.82255 8.67930 5.83370
v 0.86992 8.65196 5.83390
v 0.86992 8.65196 5.83390
v 0.82255 8.67930 5.83370
v 0.88558 8.92626 2.75310
v 0.86992 8.65196 5.83390
v 0.88558 8.92626 2.75310
v 0.88558 8.98096 2.75310
v 0.74074 8.95361 21.93250
v 0.78812 8.98096 21.93270
v 0.75710 8.67576 18.71200
v 0.74074 8.95361 21.93250
v 0.75710 8.67576 18.71200
v 0.80448 8.64841 18.71220
v 0.80448 8.64841 18.71220
v 0.75710 8.67576 18.71200
v 0.82084 8.45694 15.49380
v 0.80448 8.64841 18.71220
v 0.82084 8.45694 15.49380
v 0.82084 8.51164 15.49380
v 0.82084 8.51164 15.49380
v 0.82084 8.45694 15.49380
v 0.83723 8.40642 12.26800
v 0.82084 8.51164 15.49380
v 0.83723 8.40642 12.26800
v 0.78985 8.37907 12.26770
v 0.78985 8.37907 12.26770
v 0.83723 8.40642 12.26800
v 0.85360 8.51142 9.04880
v 0.78985 8.37907 12.26770
v 0.85360 8.51142 9.04880
v 0.80622 8.48408 9.04860
v 0.80622 8.48408 9.04860
v 0.85360 8.51142 9.04880
v 0.86992 8.70665 5.83390
v 0.80622 8.48408 9.04860
v 0.86992 8.70665 5.83390
v 0.82255 8.67930 5.83370
v 0.82255 8.67930 5.83370
v 0.86992 8.70665 5.83390
v 0.83820 8.95361 2.75290
v 0.82255 8.67930 5.83370
v 0.83820 8.95361 2.75290
v 0.88558 8.92626 2.75310
v 0.78812 8.98096 21.93270
v 0.78812 8.92626 21.93270
v 0.80448 8.70311 18.71220
v 0.78812 8.98096 21.93270
v 0.80448 8.70311 18.71220
v 0.75710 8.67576 18.71200
v 0.75710 8.67576 18.71200
v 0.80448 8.70311 18.71220
v 0.77346 8.48429 15.49350
v 0.75710 8.67576 18.71200
v 0.77346 8.48429 15.49350
v 0.82084 8.45694 15.49380
v 0.82084 8.45694 15.49380
v 0.77346 8.48429 15.49350
v 0.83723 8.35172 12.26800
v 0.82084 8.45694 15.49380
v 0.83723 8.35172 12.26800
v 0.83723 8.40642 12.26800
v 0.83723 8.40642 12.26800
v 0.83723 8.35172 12.26800
v 0.85360 8.45673 9.04880
v 0.83723 8.40642 12.26800
v 0.85360 8.45673 9.04880
v 0.85360 8.51142 9.04880
v 0.85360 8.51142 9.04880
v 0.85360 8.45673 9.04880
v 0.86992 8.65196 5.83390
v 0.85360 8.51142 9.04880
v 0.86992 8.65196 5.83390
v 0.86992 8.70665 5.83390
v 0.86992 8.70665 5.83390
v 0.86992 8.65196 5.83390
v 0.88558 8.98096 2.75310
v 0.86992 8.70665 5.83390
v 0.88558 8.98096 2.75310
v 0.83820 8.95361 2.75290
v 0.19425 9.16935 2.68330
v 0.30163 9.11900 2.68390
v 0.24840 9.11900 2.59060
v 0.24840 9.11900 2.59060
v 0.30163 9.11900 2.68390
v 0.30163 8.85995 2.68390
v 0.24840 9.11900 2.59060
v 0.30163 8.85995 2.68390
v 0.24840 8.85995 2.59060
v 0.24840 8.85995 2.59060
v 0.30163 8.85995 2.68390
v 0.19425 8.79897 2.68330
v 0.24840 8.85995 2.59060
v 0.19425 8.79897 2.68330
v 0.14103 8.85995 2.59000
v 0.14103 8.85995 2.59000
v 0.19425 8.79897 2.68330
v 0.08686 8.85995 2.68280
v 0.14103 8.85995 2.59000
v 0.08686 8.85995 2.68280
v 0.08686 9.11900 2.68280
v 0.24840 8.85995 2.59060
v 0.14103 8.85995 2.59000
v 0.14103 9.11900 2.59000
v 0.14103 9.11900 2.59000
v 0.14103 8.85995 2.59000
v 0.08686 9.11900 2.68280
v 0.14103 9.11900 2.59000
v 0.08686 9.11900 2.68280
v 0.19425 9.16935 2.68330
v 0.09646 8.92626 21.92920
v 0.04909 8.95361 21.92900
v 0.11281 8.64841 18.70870
v 0.09646 8.92626 21.92920
v 0.11281 8.64841 18.70870
v 0.11281 8.70311 18.70870
v 0.11281 8.70311 18.70870
v 0.11281 8.64841 18.70870
v 0.12917 8.51164 15.49030
v 0.11281 8.70311 18.70870
v 0.12917 8.51164 15.49030
v 0.08181 8.48429 15.49000
v 0.08181 8.48429 15.49000
v 0.12917 8.51164 15.49030
v 0.09820 8.37907 12.26420
v 0.08181 8.48429 15.49000
v 0.09820 8.37907 12.26420
v 0.14556 8.35172 12.26450
v 0.14556 8.35172 12.26450
v 0.09820 8.37907 12.26420
v 0.11457 8.48408 9.04500
v 0.14556 8.35172 12.26450
v 0.11457 8.48408 9.04500
v 0.16193 8.45673 9.04530
v 0.16193 8.45673 9.04530
v 0.11457 8.48408 9.04500
v 0.13090 8.67930 5.83020
v 0.16193 8.45673 9.04530
v 0.13090 8.67930 5.83020
v 0.17826 8.65196 5.83040
v 0.17826 8.65196 5.83040
v 0.13090 8.67930 5.83020
v 0.19391 8.92626 2.74960
v 0.17826 8.65196 5.83040
v 0.19391 8.92626 2.74960
v 0.19391 8.98096 2.74960
v 0.04909 8.95361 21.92900
v 0.09646 8.98096 21.92920
v 0.06545 8.67576 18.70850
v 0.04909 8.95361 21.92900
v 0.06545 8.67576 18.70850
v 0.11281 8.64841 18.70870
v 0.11281 8.64841 18.70870
v 0.06545 8.67576 18.70850
v 0.12917 8.45694 15.49030
v 0.11281 8.64841 18.70870
v 0.12917 8.45694 15.49030
v 0.12917 8.51164 15.49030
v 0.12917 8.51164 15.49030
v 0.12917 8.45694 15.49030
v 0.14556 8.40642 12.26450
v 0.12917 8.51164 15.49030
v 0.14556 8.40642 12.26450
v 0.09820 8.37907 12.26420
v 0.09820 8.37907 12.26420
v 0.14556 8.40642 12.26450
v 0.16193 8.51142 9.04530
v 0.09820 8.37907 12.26420
v 0.16193 8.51142 9.04530
v 0.11457 8.48408 9.04500
v 0.11457 8.48408 9.04500
v 0.16193 8.51142 9.04530
v 0.17826 8.70665 5.83040
v 0.11457 8.48408 9.04500
v 0.17826 8.70665 5.83040
v 0.13090 8.67930 5.83020
v 0.13090 8.67930 5.83020
v 0.17826 8.70665 5.83040
v 0.14655 8.95361 2.74930
v 0.13090 8.67930 5.83020
v 0.14655 8.95361 2.74930
v 0.19391 8.92626 2.74960
v 0.09646 8.98096 21.92920
v 0.09646 8.92626 21.92920
v 0.11281 8.70311 18.70870
v 0.09646 8.98096 21.92920
v 0.11281 8.70311 18.70870
v 0.06545 8.67576 18.70850
v 0.06545 8.67576 18.70850
v 0.11281 8.70311 18.70870
v 0.08181 8.48429 15.49000
v 0.06545 8.67576 18.70850
v 0.08181 8.48429 15.49000
v 0.12917 8.45694 15.49030
v 0.12917 8.45694 15.49030
v 0.08181 8.48429 15.49000
v 0.14556 8.35172 12.26450
v 0.12917 8.45694 15.49030
v 0.14556 8.35172 12.26450
v 0.14556 8.40642 12.26450
v 0.14556 8.40642 12.26450
v 0.14556 8.35172 12.26450
v 0.16193 8.45673 9.04530
v 0.14556 8.40642 12.26450
v 0.16193 8.45673 9.04530
v 0.16193 8.51142 9.04530
v 0.16193 8.51142 9.04530
v 0.16193 8.45673 9.04530
v 0.17826 8.65196 5.83040
v 0.16193 8.51142 9.04530
v 0.17826 8.65196 5.83040
v 0.17826 8.70665 5.83040
v 0.17826 8.70665 5.83040
v 0.17826 8.65196 5.83040
v 0.19391 8.98096 2.74960
v 0.17826 8.70665 5.83040
v 0.19391 8.98096 2.74960
v 0.14655 8.95361 2.74930
v -1.26182 9.16935 2.67590
v -1.15443 9.11900 2.67650
v -1.20765 9.11900 2.58320
v -1.20765 9.11900 2.58320
v -1.15443 9.11900 2.67650
v -1.15443 8.85995 2.67650
v -1.20765 9.11900 2.58320
v -1.15443 8.85995 2.67650
v -1.20765 8.85995 2.58320
v -1.20765 8.85995 2.58320
v -1.15443 8.85995 2.67650
v -1.26182 8.79897 2.67590
v -1.20765 8.85995 2.58320
v -1.26182 8.79897 2.67590
v -1.31504 8.85995 2.58260
v -1.31504 8.85995 2.58260
v -1.26182 8.79897 2.67590
v -1.36920 8.85995 2.67540
v -1.31504 8.85995 2.58260
v -1.36920 8.85995 2.67540
v -1.36920 9.11900 2.67540
v -1.20765 8.85995 2.58320
v -1.31504 8.85995 2.58260
v -1.31504 9.11900 2.58260
v -1.31504 9.11900 2.58260
v -1.31504 8.85995 2.58260
v -1.36920 9.11900 2.67540
v -1.31504 9.11900 2.58260
v -1.36920 9.11900 2.67540
v -1.26182 9.16935 2.67590
v -1.35961 8.92626 21.92180
v -1.40698 8.95361 21.92160
v -1.34326 8.64841 18.70130
v -1.35961 8.92626 21.92180
v -1.34326 8.64841 18.70130
v -1.34326 8.70311 18.70130
v -1.34326 8.70311 18.70130
v -1.34326 8.64841 18.70130
v -1.32690 8.51164 15.48290
v -1.34326 8.70311 18.70130
v -1.32690 8.51164 15.48290
v -1.37426 8.48429 15.48260
v -1.37426 8.48429 15.48260
v -1.32690 8.51164 15.48290
v -1.35787 8.37907 12.25680
v -1.37426 8.48429 15.48260
v -1.35787 8.37907 12.25680
v -1.31051 8.35172 12.25710
v -1.31051 8.35172 12.25710
v -1.35787 8.37907 12.25680
v -1.34150 8.48408 9.03760
v -1.31051 8.35172 12.25710
v -1.34150 8.48408 9.03760
v -1.29414 8.45673 9.03790
v -1.29414 8.45673 9.03790
v -1.34150 8.48408 9.03760
v -1.32517 8.67930 5.82280
v -1.29414 8.45673 9.03790
v -1.32517 8.67930 5.82280
v -1.27781 8.65196 5.82300
v -1.27781 8.65196 5.82300
v -1.32517 8.67930 5.82280
v -1.26216 8.92626 2.74220
v -1.27781 8.65196 5.82300
v -1.26216 8.92626 2.74220
v -1.26216 8.98096 2.74220
v -1.40698 8.95361 21.92160
v -1.35961 8.98096 21.92180
v -1.39062 8.67576 18.70110
v -1.40698 8.95361 21.92160
v -1.39062 8.67576 18.70110
v -1.34326 8.64841 18.70130
v -1.34326 8.64841 18.70130
v -1.39062 8.67576 18.70110
v -1.32690 8.45694 15.48290
v -1.34326 8.64841 18.70130
v -1.32690 8.45694 15.48290
v -1.32690 8.51164 15.48290
v -1.32690 8.51164 15.48290
v -1.32690 8.45694 15.48290
v -1.31051 8.40642 12.25710
v -1.32690 8.51164 15.48290
v -1.31051 8.40642 12.25710
v -1.35787 8.37907 12.25680
v -1.35787 8.37907 12.25680
v -1.31051 8.40642 12.25710
v -1.29414 8.51142 9.03790
v -1.35787 8.37907 12.25680
v -1.29414 8.51142 9.03790
v -1.34150 8.48408 9.03760
v -1.34150 8.48408 9.03760
v -1.29414 8.51142 9.03790
v -1.27781 8.70665 5.82300
v -1.34150 8.48408 9.03760
v -1.27781 8.70665 5.82300
v -1.32517 8.67930 5.82280
v -1.32517 8.67930 5.82280
v -1.27781 8.70665 5.82300
v -1.30952 8.95361 2.74190
v -1.32517 8.67930 5.82280
v -1.30952 8.95361 2.74190
v -1.26216 8.92626 2.74220
v -1.35961 8.98096 21.92180
v -1.35961 8.92626 21.92180
v -1.34326 8.70311 18.70130
v -1.35961 8.98096 21.92180
v -1.34326 8.70311 18.70130
v -1.39062 8.67576 18.70110
v -1.39062 8.67576 18.70110
v -1.34326 8.70311 18.70130
v -1.37426 8.48429 15.48260
v -1.39062 8.67576 18.70110
v -1.37426 8.48429 15.48260
v -1.32690 8.45694 15.48290
v -1.32690 8.45694 15.48290
v -1.37426 8.48429 15.48260
v -1.31051 8.35172 12.25710
v -1.32690 8.45694 15.48290
v -1.31051 8.35172 12.25710
v -1.31051 8.40642 12.25710
v -1.31051 8.40642 12.25710
v -1.31051 8.35172 12.25710
v -1.29414 8.45673 9.03790
v -1.31051 8.40642 12.25710
v -1.29414 8.45673 9.03790
v -1.29414 8.51142 9.03790
v -1.29414 8.51142 9.03790
v -1.29414 8.45673 9.03790
v -1.27781 8.65196 5.82300
v -1.29414 8.51142 9.03790
v -1.27781 8.65196 5.82300
v -1.27781 8.70665 5.82300
v -1.27781 8.70665 5.82300
v -1.27781 8.65196 5.82300
v -1.26216 8.98096 2.74220
v -1.27781 8.70665 5.82300
v -1.26216 8.98096 2.74220
v -1.30952 8.95361 2.74190
v -1.95349 9.16935 2.67240
v -1.84611 9.11900 2.67290
v -1.89932 9.11900 2.57970
v -1.89932 9.11900 2.57970
v -1.84611 9.11900 2.67290
v -1.84611 8.85995 2.67290
v -1.89932 9.11900 2.57970
v -1.84611 8.85995 2.67290
v -1.89932 8.85995 2.57970
v -1.89932 8.85995 2.57970
v -1.84611 8.85995 2.67290
v -1.95349 8.79897 2.67240
v -1.89932 8.85995 2.57970
v -1.95349 8.79897 2.67240
v -2.00672 8.85995 2.57910
v -2.00672 8.85995 2.57910
v -1.95349 8.79897 2.67240
v -2.06088 8.85995 2.67190
v -2.00672 8.85995 2.57910
v -2.06088 8.85995 2.67190
v -2.00672 9.11900 2.57910
v -2.00672 9.11900 2.57910
v -2.06088 8.85995 2.67190
v -2.06088 9.11900 2.67190
v -2.00672 9.11900 2.57910
v -2.06088 9.11900 2.67190
v -1.95349 9.16935 2.67240
v -2.05128 8.92626 21.91830
v -2.09864 8.95361 21.91810
v -2.03492 8.64841 18.69780
v -2.05128 8.92626 21.91830
v -2.03492 8.64841 18.69780
v -2.03492 8.70311 18.69780
v -2.03492 8.70311 18.69780
v -2.03492 8.64841 18.69780
v -2.01856 8.51164 15.47930
v -2.03492 8.70311 18.69780
v -2.01856 8.51164 15.47930
v -2.06593 8.48429 15.47910
v -2.06593 8.48429 15.47910
v -2.01856 8.51164 15.47930
v -2.04954 8.37907 12.25330
v -2.06593 8.48429 15.47910
v -2.04954 8.37907 12.25330
v -2.00218 8.35172 12.25350
v -2.00218 8.35172 12.25350
v -2.04954 8.37907 12.25330
v -2.03317 8.48408 9.03410
v -2.00218 8.35172 12.25350
v -2.03317 8.48408 9.03410
v -1.98580 8.45673 9.03440
v -1.98580 8.45673 9.03440
v -2.03317 8.48408 9.03410
v -2.01686 8.67930 5.81930
v -1.98580 8.45673 9.03440
v -2.01686 8.67930 5.81930
v -1.96948 8.65196 5.81950
v -1.96948 8.65196 5.81950
v -2.01686 8.67930 5.81930
v -1.95382 8.92626 2.73870
v -1.96948 8.65196 5.81950
v -1.95382 8.92626 2.73870
v -1.95382 8.98096 2.73870
v -2.09864 8.95361 21.91810
v -2.05128 8.98096 21.91830
v -2.08228 8.67576 18.69760
v -2.09864 8.95361 21.91810
v -2.08228 8.67576 18.69760
v -2.03492 8.64841 18.69780
v -2.03492 8.64841 18.69780
v -2.08228 8.67576 18.69760
v -2.01856 8.45694 15.47930
v -2.03492 8.64841 18.69780
v -2.01856 8.45694 15.47930
v -2.01856 8.51164 15.47930
v -2.01856 8.51164 15.47930
v -2.01856 8.45694 15.47930
v -2.00218 8.40642 12.25350
v -2.01856 8.51164 15.47930
v -2.00218 8.40642 12.25350
v -2.04954 8.37907 12.25330
v -2.04954 8.37907 12.25330
v -2.00218 8.40642 12.25350
v -1.98580 8.51142 9.03440
v -2.04954 8.37907 12.25330
v -1.98580 8.51142 9.03440
v -2.03317 8.48408 9.03410
v -2.03317 8.48408 9.03410
v -1.98580 8.51142 9.03440
v -1.96948 8.70665 5.81950
v -2.03317 8.48408 9.03410
v -1.96948 8.70665 5.81950
v -2.01686 8.67930 5.81930
v -2.01686 8.67930 5.81930
v -1.96948 8.70665 5.81950
v -2.00120 8.95361 2.73840
v -2.01686 8.67930 5.81930
v -2.00120 8.95361 2.73840
v -1.95382 8.92626 2.73870
v -2.05128 8.98096 21.91830
v -2.05128 8.92626 21.91830
v -2.03492 8.70311 18.69780
v -2.05128 8.98096 21.91830
v -2.03492 8.70311 18.69780
v -2.08228 8.67576 18.69760
v -2.08228 8.67576 18.69760
v -2.03492 8.70311 18.69780
v -2.06593 8.48429 15.47910
v -2.08228 8.67576 18.69760
v -2.06593 8.48429 15.47910
v -2.01856 8.45694 15.47930
v -2.01856 8.45694 15.47930
v -2.06593 8.48429 15.47910
v -2.00218 8.35172 12.25350
v -2.01856 8.45694 15.47930
v -2.00218 8.35172 12.25350
v -2.00218 8.40642 12.25350
v -2.00218 8.40642 12.25350
v -2.00218 8.35172 12.25350
v -1.98580 8.45673 9.03440
v -2.00218 8.40642 12.25350
v -1.98580 8.45673 9.03440
v -1.98580 8.51142 9.03440
v -1.98580 8.51142 9.03440
v -1.98580 8.45673 9.03440
v -1.96948 8.65196 5.81950
v -1.98580 8.51142 9.03440
v -1.96948 8.65196 5.81950
v -1.96948 8.70665 5.81950
v -1.96948 8.70665 5.81950
v -1.96948 8.65196 5.81950
v -1.95382 8.98096 2.73870
v -1.96948 8.70665 5.81950
v -1.95382 8.98096 2.73870
v -2.00120 8.95361 2.73840
v 3.03362 9.16935 2.69770
v 3.14101 9.11900 2.69830
v 3.08780 9.11900 2.60500
v 3.08780 9.11900 2.60500
v 3.14101 9.11900 2.69830
v 3.14101 8.85995 2.69830
v 3.08780 9.11900 2.60500
v 3.14101 8.85995 2.69830
v 3.08780 8.85995 2.60500
v 3.08780 8.85995 2.60500
v 3.14101 8.85995 2.69830
v 3.03362 8.79897 2.69770
v 3.08780 8.85995 2.60500
v 3.03362 8.79897 2.69770
v 2.98041 8.85995 2.60450
v 2.98041 8.85995 2.60450
v 3.03362 8.79897 2.69770
v 2.92624 8.85995 2.69720
v 2.98041 8.85995 2.60450
v 2.92624 8.85995 2.69720
v 2.92624 9.11900 2.69720
v 3.08780 8.85995 2.60500
v 2.98041 8.85995 2.60450
v 2.98041 9.11900 2.60450
v 2.98041 9.11900 2.60450
v 2.98041 8.85995 2.60450
v 2.92624 9.11900 2.69720
v 2.98041 9.11900 2.60450
v 2.92624 9.11900 2.69720
v 3.03362 9.16935 2.69770
v 2.93583 8.92626 21.94370
v 2.88846 8.95361 21.94340
v 2.95218 8.64841 18.72320
v 2.93583 8.92626 21.94370
v 2.95218 8.64841 18.72320
v 2.95218 8.70311 18.72320
v 2.95218 8.70311 18.72320
v 2.95218 8.64841 18.72320
v 2.96854 8.51164 15.50470
v 2.95218 8.70311 18.72320
v 2.96854 8.51164 15.50470
v 2.92118 8.48429 15.50440
v 2.92118 8.48429 15.50440
v 2.96854 8.51164 15.50470
v 2.93757 8.37907 12.27860
v 2.92118 8.48429 15.50440
v 2.93757 8.37907 12.27860
v 2.98493 8.35172 12.27890
v 2.98493 8.35172 12.27890
v 2.93757 8.37907 12.27860
v 2.95394 8.48408 9.05950
v 2.98493 8.35172 12.27890
v 2.95394 8.48408 9.05950
v 3.00130 8.45673 9.05970
v 3.00130 8.45673 9.05970
v 2.95394 8.48408 9.05950
v 2.97027 8.67930 5.84460
v 3.00130 8.45673 9.05970
v 2.97027 8.67930 5.84460
v 3.01763 8.65196 5.84490
v 3.01763 8.65196 5.84490
v 2.97027 8.67930 5.84460
v 3.03329 8.92626 2.76400
v 3.01763 8.65196 5.84490
v 3.03329 8.92626 2.76400
v 3.03329 8.98096 2.76400
v 2.88846 8.95361 21.94340
v 2.93583 8.98096 21.94370
v 2.90482 8.67576 18.72290
v 2.88846 8.95361 21.94340
v 2.90482 8.67576 18.72290
v 2.95218 8.64841 18.72320
v 2.95218 8.64841 18.72320
v 2.90482 8.67576 18.72290
v 2.96854 8.45694 15.50470
v 2.95218 8.64841 18.72320
v 2.96854 8.45694 15.50470
v 2.96854 8.51164 15.50470
v 2.96854 8.51164 15.50470
v 2.96854 8.45694 15.50470
v 2.98493 8.40642 12.27890
v 2.96854 8.51164 15.50470
v 2.98493 8.40642 12.27890
v 2.93757 8.37907 12.27860
v 2.93757 8.37907 12.27860
v 2.98493 8.40642 12.27890
v 3.00130 8.51142 9.05970
v 2.93757 8.37907 12.27860
v 3.00130 8.51142 9.05970
v 2.95394 8.48408 9.05950
v 2.95394 8.48408 9.05950
v 3.00130 8.51142 9.05970
v 3.01763 8.70665 5.84490
v 2.95394 8.48408 9.05950
v 3.01763 8.70665 5.84490
v 2.97027 8.67930 5.84460
v 2.97027 8.67930 5.84460
v 3.01763 8.70665 5.84490
v 2.98592 8.95361 2.76380
v 2.97027 8.67930 5.84460
v 2.98592 8.95361 2.76380
v 3.03329 8.92626 2.76400
v 2.93583 8.98096 21.94370
v 2.93583 8.92626 21.94370
v 2.95218 8.70311 18.72320
v 2.93583 8.98096 21.94370
v 2.95218 8.70311 18.72320
v 2.90482 8.67576 18.72290
v 2.90482 8.67576 18.72290
v 2.95218 8.70311 18.72320
v 2.92118 8.48429 15.50440
v 2.90482 8.67576 18.72290
v 2.92118 8.48429 15.50440
v 2.96854 8.45694 15.50470
v 2.96854 8.45694 15.50470
v 2.92118 8.48429 15.50440
v 2.98493 8.35172 12.27890
v 2.96854 8.45694 15.50470
v 2.98493 8.35172 12.27890
v 2.98493 8.40642 12.27890
v 2.98493 8.40642 12.27890
v 2.98493 8.35172 12.27890
v 3.00130 8.45673 9.05970
v 2.98493 8.40642 12.27890
v 3.00130 8.45673 9.05970
v 3.00130 8.51142 9.05970
v 3.00130 8.51142 9.05970
v 3.00130 8.45673 9.05970
v 3.01763 8.65196 5.84490
v 3.00130 8.51142 9.05970
v 3.01763 8.65196 5.84490
v 3.01763 8.70665 5.84490
v 3.01763 8.70665 5.84490
v 3.01763 8.65196 5.84490
v 3.03329 8.98096 2.76400
v 3.01763 8.70665 5.84490
v 3.03329 8.98096 2.76400
v 2.98592 8.95361 2.76380
v 2.34197 9.16935 2.69420
v 2.44936 9.11900 2.69480
v 2.39614 9.11900 2.60150
v 2.39614 9.11900 2.60150
v 2.44936 9.11900 2.69480
v 2.44936 8.85995 2.69480
v 2.39614 9.11900 2.60150
v 2.44936 8.85995 2.69480
v 2.39614 8.85995 2.60150
v 2.39614 8.85995 2.60150
v 2.44936 8.85995 2.69480
v 2.34197 8.79897 2.69420
v 2.39614 8.85995 2.60150
v 2.34197 8.79897 2.69420
v 2.28875 8.85995 2.60100
v 2.28875 8.85995 2.60100
v 2.34197 8.79897 2.69420
v 2.23458 8.85995 2.69370
v 2.28875 8.85995 2.60100
v 2.23458 8.85995 2.69370
v 2.23458 9.11900 2.69370
v 2.39614 8.85995 2.60150
v 2.28875 8.85995 2.60100
v 2.28875 9.11900 2.60100
v 2.28875 9.11900 2.60100
v 2.28875 8.85995 2.60100
v 2.23458 9.11900 2.69370
v 2.28875 9.11900 2.60100
v 2.23458 9.11900 2.69370
v 2.34197 9.16935 2.69420
v 2.24418 8.92626 21.94010
v 2.19681 8.95361 21.93990
v 2.26053 8.64841 18.71960
v 2.24418 8.92626 21.94010
v 2.26053 8.64841 18.71960
v 2.26053 8.70311 18.71960
v 2.26053 8.70311 18.71960
v 2.26053 8.64841 18.71960
v 2.27689 8.51164 15.50120
v 2.26053 8.70311 18.71960
v 2.27689 8.51164 15.50120
v 2.22953 8.48429 15.50090
v 2.22953 8.48429 15.50090
v 2.27689 8.51164 15.50120
v 2.24592 8.37907 12.27510
v 2.22953 8.48429 15.50090
v 2.24592 8.37907 12.27510
v 2.29328 8.35172 12.27540
v 2.29328 8.35172 12.27540
v 2.24592 8.37907 12.27510
v 2.26229 8.48408 9.05600
v 2.29328 8.35172 12.27540
v 2.26229 8.48408 9.05600
v 2.30965 8.45673 9.05620
v 2.30965 8.45673 9.05620
v 2.26229 8.48408 9.05600
v 2.27860 8.67930 5.84110
v 2.30965 8.45673 9.05620
v 2.27860 8.67930 5.84110
v 2.32598 8.65196 5.84130
v 2.32598 8.65196 5.84130
v 2.27860 8.67930 5.84110
v 2.34163 8.92626 2.76050
v 2.32598 8.65196 5.84130
v 2.34163 8.92626 2.76050
v 2.34163 8.98096 2.76050
v 2.19681 8.95361 21.93990
v 2.24418 8.98096 21.94010
v 2.21317 8.67576 18.71940
v 2.19681 8.95361 21.93990
v 2.21317 8.67576 18.71940
v 2.26053 8.64841 18.71960
v 2.26053 8.64841 18.71960
v 2.21317 8.67576 18.71940
v 2.27689 8.45694 15.50120
v 2.26053 8.64841 18.71960
v 2.27689 8.45694 15.50120
v 2.27689 8.51164 15.50120
v 2.27689 8.51164 15.50120
v 2.27689 8.45694 15.50120
v 2.29328 8.40642 12.27540
v 2.27689 8.51164 15.50120
v 2.29328 8.40642 12.27540
v 2.24592 8.37907 12.27510
v 2.24592 8.37907 12.27510
v 2.29328 8.40642 12.27540
v 2.30965 8.51142 9.05620
v 2.24592 8.37907 12.27510
v 2.30965 8.51142 9.05620
v 2.26229 8.48408 9.05600
v 2.26229 8.48408 9.05600
v 2.30965 8.51142 9.05620
v 2.32598 8.70665 5.84130
v 2.26229 8.48408 9.05600
v 2.32598 8.70665 5.84130
v 2.27860 8.67930 5.84110
v 2.27860 8.67930 5.84110
v 2.32598 8.70665 5.84130
v 2.29426 8.95361 2.76030
v 2.27860 8.67930 5.84110
v 2.29426 8.95361 2.76030
v 2.34163 8.92626 2.76050
v 2.24418 8.98096 21.94010
v 2.24418 8.92626 21.94010
v 2.26053 8.70311 18.71960
v 2.24418 8.98096 21.94010
v 2.26053 8.70311 18.71960
v 2.21317 8.67576 18.71940
v 2.21317 8.67576 18.71940
v 2.26053 8.70311 18.71960
v 2.22953 8.48429 15.50090
v 2.21317 8.67576 18.71940
v 2.22953 8.48429 15.50090
v 2.27689 8.45694 15.50120
v 2.27689 8.45694 15.50120
v 2.22953 8.48429 15.50090
v 2.29328 8.35172 12.27540
v 2.27689 8.45694 15.50120
v 2.29328 8.35172 12.27540
v 2.29328 8.40642 12.27540
v 2.29328 8.40642 12.27540
v 2.29328 8.35172 12.27540
v 2.30965 8.45673 9.05620
v 2.29328 8.40642 12.27540
v 2.30965 8.45673 9.05620
v 2.30965 8.51142 9.05620
v 2.30965 8.51142 9.05620
v 2.30965 8.45673 9.05620
v 2.32598 8.65196 5.84130
v 2.30965 8.51142 9.05620
v 2.32598 8.65196 5.84130
v 2.32598 8.70665 5.84130
v 2.32598 8.70665 5.84130
v 2.32598 8.65196 5.84130
v 2.34163 8.98096 2.76050
v 2.32598 8.70665 5.84130
v 2.34163 8.98096 2.76050
v 2.29426 8.95361 2.76030
v 0.71663 0.15672 21.93240
v 0.78812 0.15207 21.93270
v 0.73301 0.15672 18.71080
v 0.73301 0.15672 18.71080
v 0.78812 0.15207 21.93270
v 0.80449 0.15207 18.71120
v 0.73301 0.15672 18.71080
v 0.80449 0.15207 18.71120
v 0.74938 0.15672 15.48920
v 0.74938 0.15672 15.48920
v 0.80449 0.15207 18.71120
v 0.82087 0.15207 15.48950
v 0.74938 0.15672 15.48920
v 0.82087 0.15207 15.48950
v 0.76574 0.15672 12.26760
v 0.76574 0.15672 12.26760
v 0.82087 0.15207 15.48950
v 0.83723 0.15207 12.26800
v 0.76574 0.15672 12.26760
v 0.83723 0.15207 12.26800
v 0.78211 0.15672 9.04600
v 0.78211 0.15672 9.04600
v 0.83723 0.15207 12.26800
v 0.85360 0.15207 9.04640
v 0.78211 0.15672 9.04600
v 0.85360 0.15207 9.04640
v 0.79848 0.15672 5.82440
v 0.79848 0.15672 5.82440
v 0.85360 0.15207 9.04640
v 0.86997 0.15207 5.82480
v 0.79848 0.15672 5.82440
v 0.86997 0.15207 5.82480
v 0.81486 0.15672 2.60280
v 0.81486 0.15672 2.60280
v 0.86997 0.15207 5.82480
v 0.88634 0.15207 2.60320
v 0.02497 0.15672 21.92890
v 0.09646 0.15206 21.92920
v 0.04134 0.15672 18.70730
v 0.04134 0.15672 18.70730
v 0.09646 0.15206 21.92920
v 0.11283 0.15207 18.70760
v 0.04134 0.15672 18.70730
v 0.11283 0.15207 18.70760
v 0.05771 0.15672 15.48570
v 0.05771 0.15672 15.48570
v 0.11283 0.15207 18.70760
v 0.12920 0.15207 15.48600
v 0.05771 0.15672 15.48570
v 0.12920 0.15207 15.48600
v 0.07407 0.15672 12.26410
v 0.07407 0.15672 12.26410
v 0.12920 0.15207 15.48600
v 0.14556 0.15207 12.26450
v 0.07407 0.15672 12.26410
v 0.14556 0.15207 12.26450
v 0.09044 0.15672 9.04250
v 0.09044 0.15672 9.04250
v 0.14556 0.15207 12.26450
v 0.16193 0.15207 9.04290
v 0.09044 0.15672 9.04250
v 0.16193 0.15207 9.04290
v 0.10682 0.15672 5.82090
v 0.10682 0.15672 5.82090
v 0.16193 0.15207 9.04290
v 0.17830 0.15207 5.82130
v 0.10682 0.15672 5.82090
v 0.17830 0.15207 5.82130
v 0.12319 0.15672 2.59930
v 0.12319 0.15672 2.59930
v 0.17830 0.15207 5.82130
v 0.19468 0.15207 2.59970
v 0.78812 0.15207 21.93270
v 0.85959 0.15672 21.93310
v 0.80449 0.15207 18.71120
v 0.80449 0.15207 18.71120
v 0.85959 0.15672 21.93310
v 0.87597 0.15672 18.71150
v 0.80449 0.15207 18.71120
v 0.87597 0.15672 18.71150
v 0.82087 0.15207 15.48950
v 0.82087 0.15207 15.48950
v 0.87597 0.15672 18.71150
v 0.89234 0.15672 15.48990
v 0.82087 0.15207 15.48950
v 0.89234 0.15672 15.48990
v 0.83723 0.15207 12.26800
v 0.83723 0.15207 12.26800
v 0.89234 0.15672 15.48990
v 0.90870 0.15672 12.26830
v 0.83723 0.15207 12.26800
v 0.90870 0.15672 12.26830
v 0.85360 0.15207 9.04640
v 0.85360 0.15207 9.04640
v 0.90870 0.15672 12.26830
v 0.92507 0.15672 9.04670
v 0.85360 0.15207 9.04640
v 0.92507 0.15672 9.04670
v 0.86997 0.15207 5.82480
v 0.86997 0.15207 5.82480
v 0.92507 0.15672 9.04670
v 0.94144 0.15672 5.82520
v 0.86997 0.15207 5.82480
v 0.94144 0.15672 5.82520
v 0.88634 0.15207 2.60320
v 0.88634 0.15207 2.60320
v 0.94144 0.15672 5.82520
v 0.95782 0.15672 2.60360
v 0.09646 0.15206 21.92920
v 0.16791 0.15672 21.92960
v 0.11283 0.15207 18.70760
v 0.11283 0.15207 18.70760
v 0.16791 0.15672 21.92960
v 0.18429 0.15672 18.70800
v 0.11283 0.15207 18.70760
v 0.18429 0.15672 18.70800
v 0.12920 0.15207 15.48600
v 0.12920 0.15207 15.48600
v 0.18429 0.15672 18.70800
v 0.20066 0.15672 15.48640
v 0.12920 0.15207 15.48600
v 0.20066 0.15672 15.48640
v 0.14556 0.15207 12.26450
v 0.14556 0.15207 12.26450
v 0.20066 0.15672 15.48640
v 0.21702 0.15672 12.26480
v 0.14556 0.15207 12.26450
v 0.21702 0.15672 12.26480
v 0.16193 0.15207 9.04290
v 0.16193 0.15207 9.04290
v 0.21702 0.15672 12.26480
v 0.23339 0.15672 9.04320
v 0.16193 0.15207 9.04290
v 0.23339 0.15672 9.04320
v 0.17830 0.15207 5.82130
v 0.17830 0.15207 5.82130
v 0.23339 0.15672 9.04320
v 0.24976 0.15672 5.82160
v 0.17830 0.15207 5.82130
v 0.24976 0.15672 5.82160
v 0.19468 0.15207 2.59970
v 0.19468 0.15207 2.59970
v 0.24976 0.15672 5.82160
v 0.26613 0.15672 2.60000
v 5.67234 7.23822 12.29250
v 3.77070 7.82496 12.28290
v 5.65635 7.23822 15.51410
v 5.65635 7.23822 15.51410
v 3.77070 7.82496 12.28290
v 3.75472 7.82493 15.50450
v 5.65635 7.23822 15.51410
v 3.75472 7.82493 15.50450
v 5.64019 7.23822 18.73570
v 5.64019 7.23822 18.73570
v 3.75472 7.82493 15.50450
v 3.73853 7.82492 18.72610
v 5.64019 7.23822 18.73570
v 3.73853 7.82492 18.72610
v 5.62438 7.23822 21.95730
v 3.73853 7.82492 18.72610
v 3.75472 7.82493 15.50450
v 2.00530 8.13578 15.49560
v 2.00530 8.13578 15.49560
v 3.75472 7.82493 15.50450
v 2.02149 8.13578 12.27400
v 2.00530 8.13578 15.49560
v 2.02149 8.13578 12.27400
v 0.49138 8.19678 12.26620
v 3.77070 7.82496 12.28290
v 2.02149 8.13578 12.27400
v 3.75472 7.82493 15.50450
v -4.67356 7.23822 9.01830
v -2.77194 7.82493 9.02800
v -4.65757 7.23822 5.79670
v -4.65757 7.23822 5.79670
v -2.77194 7.82493 9.02800
v -2.75595 7.82491 5.80640
v -4.65757 7.23822 5.79670
v -2.75595 7.82491 5.80640
v -4.64160 7.23822 2.57510
v -2.77194 7.82493 9.02800
v -1.02250 8.13578 9.03690
v -2.75595 7.82491 5.80640
v -1.54984 6.14312 5.81250
v -0.44924 6.60245 5.81810
v -1.56452 6.14356 9.03410
v 0.88592 9.16935 2.68680
v 0.94007 9.11900 2.59410
v 0.83269 9.11900 2.59360
v 0.83269 9.11900 2.59360
v 0.94007 9.11900 2.59410
v 0.94007 8.85995 2.59410
v 0.19425 9.16935 2.68330
v 0.24840 9.11900 2.59060
v 0.14103 9.11900 2.59000
v 0.14103 9.11900 2.59000
v 0.24840 9.11900 2.59060
v 0.24840 8.85995 2.59060
v -1.26182 9.16935 2.67590
v -1.20765 9.11900 2.58320
v -1.31504 9.11900 2.58260
v -1.31504 9.11900 2.58260
v -1.20765 9.11900 2.58320
v -1.20765 8.85995 2.58320
v -1.95349 9.16935 2.67240
v -1.89932 9.11900 2.57970
v -2.00672 9.11900 2.57910
v -2.00672 9.11900 2.57910
v -1.89932 9.11900 2.57970
v -1.89932 8.85995 2.57970
v -2.00672 9.11900 2.57910
v -1.89932 8.85995 2.57970
v -2.00672 8.85995 2.57910
v 3.03362 9.16935 2.69770
v 3.08780 9.11900 2.60500
v 2.98041 9.11900 2.60450
v 2.98041 9.11900 2.60450
v 3.08780 9.11900 2.60500
v 3.08780 8.85995 2.60500
v 2.34197 9.16935 2.69420
v 2.39614 9.11900 2.60150
v 2.28875 9.11900 2.60100
v 2.28875 9.11900 2.60100
v 2.39614 9.11900 2.60150
v 2.39614 8.85995 2.60150
vt 0.17209 0.98485
vt 0.31029 0.98485
vt 0.31029 0.83529
vt 0.17209 0.98485
vt 0.31029 0.83529
vt 0.17209 0.78186
vt 0.17209 0.78186
vt 0.31029 0.83529
vt 0.31110 0.79022
vt 0.17209 0.78186
vt 0.31110 0.79022
vt 0.31029 0.78186
vt 0.06549 0.51470
vt 0.06549 0.56190
vt 0.07581 0.51470
vt 0.07581 0.51470
vt 0.06549 0.56190
vt 0.07581 0.56190
vt 0.07581 0.51470
vt 0.07581 0.56190
vt 0.07537 0.56190
vt 0.07537 0.56190
vt 0.07581 0.56190
vt 0.07537 0.60798
vt 0.07537 0.56190
vt 0.07537 0.60798
vt 0.07581 0.60798
vt 0.07581 0.60798
vt 0.07537 0.60798
vt 0.07581 0.61902
vt 0.07581 0.60798
vt 0.07581 0.61902
vt 0.07537 0.60798
vt 0.07537 0.60798
vt 0.07581 0.61902
vt 0.07537 0.61902
vt 0.07537 0.60798
vt 0.07537 0.61902
vt 0.07581 0.60798
vt 0.07581 0.60798
vt 0.07537 0.61902
vt 0.07581 0.61902
vt 0.07581 0.60798
vt 0.07581 0.61902
vt 0.06549 0.61902
vt 0.31029 0.98485
vt 0.17209 0.98485
vt 0.31029 0.83529
vt 0.31029 0.83529
vt 0.17209 0.98485
vt 0.17209 0.78186
vt 0.31029 0.83529
vt 0.17209 0.78186
vt 0.31110 0.79022
vt 0.31110 0.79022
vt 0.17209 0.78186
vt 0.31029 0.78186
vt 0.06549 0.61902
vt 0.07581 0.61902
vt 0.07581 0.60798
vt 0.07581 0.60798
vt 0.07581 0.61902
vt 0.07537 0.61902
vt 0.07581 0.60798
vt 0.07537 0.61902
vt 0.07537 0.60798
vt 0.07537 0.60798
vt 0.07537 0.61902
vt 0.07581 0.61902
vt 0.07537 0.60798
vt 0.07581 0.61902
vt 0.07581 0.60798
vt 0.07581 0.60798
vt 0.07581 0.61902
vt 0.07537 0.60798
vt 0.07581 0.60798
vt 0.07537 0.60798
vt 0.07537 0.56190
vt 0.07537 0.56190
vt 0.07537 0.60798
vt 0.07581 0.56190
vt 0.07537 0.56190
vt 0.07581 0.56190
vt 0.07581 0.51470
vt 0.07581 0.51470
vt 0.07581 0.56190
vt 0.06549 0.56190
vt 0.07581 0.51470
vt 0.06549 0.56190
vt 0.06549 0.51470
vt 0.17209 0.78186
vt 0.17209 0.98497
vt 0.31029 0.78186
vt 0.31029 0.78186
vt 0.17209 0.98497
vt 0.31029 0.98497
vt 0.17209 0.98497
vt 0.17209 0.78186
vt 0.31029 0.78186
vt 0.31029 0.78186
vt 0.17209 0.78186
vt 0.17209 0.98497
vt 0.31029 0.78186
vt 0.17209 0.98497
vt 0.31029 0.98497
vt 0.31029 0.98485
vt 0.17209 0.98485
vt 0.31029 0.83529
vt 0.31029 0.83529
vt 0.17209 0.98485
vt 0.17209 0.78186
vt 0.31029 0.83529
vt 0.17209 0.78186
vt 0.31110 0.79022
vt 0.31110 0.79022
vt 0.17209 0.78186
vt 0.31029 0.78186
vt 0.13822 0.59132
vt 0.16996 0.61751
vt 0.20648 0.60231
vt 0.20648 0.60231
vt 0.16996 0.61751
vt 0.16298 0.67587
vt 0.20648 0.60231
vt 0.16298 0.67587
vt 0.17240 0.67956
vt 0.31029 0.98497
vt 0.17209 0.98497
vt 0.31029 0.78186
vt 0.31029 0.78186
vt 0.17209 0.98497
vt 0.17209 0.78186
vt 0.31029 0.98497
vt 0.17209 0.98497
vt 0.31029 0.78186
vt 0.07581 0.60798
vt 0.07537 0.60798
vt 0.07537 0.56190
vt 0.07537 0.56190
vt 0.07537 0.60798
vt 0.07581 0.56190
vt 0.07537 0.56190
vt 0.07581 0.56190
vt 0.07581 0.51470
vt 0.07581 0.51470
vt 0.07581 0.56190
vt 0.06549 0.56190
vt 0.07581 0.51470
vt 0.06549 0.56190
vt 0.06549 0.51470
vt 0.31029 0.98497
vt 0.17209 0.98497
vt 0.31029 0.78186
vt 0.31029 0.78186
vt 0.17209 0.98497
vt 0.17209 0.78186
vt 0.31029 0.98497
vt 0.17209 0.98497
vt 0.31029 0.78186
vt 0.31029 0.78186
vt 0.17209 0.98497
vt 0.17209 0.78186
vt 0.31029 0.78186
vt 0.17209 0.78186
vt 0.17209 0.98497
vt 0.17209 0.98485
vt 0.31029 0.98485
vt 0.31029 0.83529
vt 0.17209 0.98485
vt 0.31029 0.83529
vt 0.17209 0.78186
vt 0.17209 0.78186
vt 0.31029 0.83529
vt 0.31110 0.79022
vt 0.17209 0.78186
vt 0.31110 0.79022
vt 0.31029 0.78186
vt 0.17240 0.67956
vt 0.16298 0.67587
vt 0.20648 0.60231
vt 0.20648 0.60231
vt 0.16298 0.67587
vt 0.16996 0.61751
vt 0.20648 0.60231
vt 0.16996 0.61751
vt 0.13822 0.59132
vt 0.17209 0.78186
vt 0.17209 0.98497
vt 0.31029 0.78186
vt 0.31029 0.78186
vt 0.17209 0.98497
vt 0.31029 0.98497
vt 0.31029 0.78186
vt 0.17209 0.98497
vt 0.31029 0.98497
vt 0.06549 0.61902
vt 0.07581 0.60798
vt 0.06549 0.60798
vt 0.06549 0.60798
vt 0.07581 0.60798
vt 0.07581 0.56190
vt 0.06549 0.60798
vt 0.07581 0.56190
vt 0.06549 0.56190
vt 0.06549 0.56190
vt 0.07581 0.56190
vt 0.07581 0.51470
vt 0.06549 0.56190
vt 0.07581 0.51470
vt 0.06549 0.51470
vt 0.06549 0.61902
vt 0.07581 0.61902
vt 0.07581 0.60798
vt 0.06549 0.61902
vt 0.07581 0.60798
vt 0.06549 0.60798
vt 0.06549 0.60798
vt 0.07581 0.60798
vt 0.07581 0.56190
vt 0.06549 0.60798
vt 0.07581 0.56190
vt 0.06549 0.56190
vt 0.06549 0.56190
vt 0.07581 0.56190
vt 0.06549 0.60798
vt 0.06549 0.60798
vt 0.07581 0.56190
vt 0.07581 0.60798
vt 0.06549 0.60798
vt 0.07581 0.60798
vt 0.06549 0.61902
vt 0.06549 0.61902
vt 0.07581 0.60798
vt 0.07581 0.61902
vt 0.07581 0.61902
vt 0.07537 0.60798
vt 0.07537 0.61902
vt 0.07537 0.61902
vt 0.07537 0.60798
vt 0.07581 0.60798
vt 0.07537 0.61902
vt 0.07581 0.60798
vt 0.07581 0.61902
vt 0.07537 0.51470
vt 0.07581 0.51470
vt 0.07581 0.56190
vt 0.07581 0.56190
vt 0.07581 0.51470
vt 0.07537 0.51470
vt 0.07581 0.56190
vt 0.07537 0.51470
vt 0.07537 0.56190
vt 0.07537 0.56190
vt 0.07537 0.51470
vt 0.07581 0.51470
vt 0.06549 0.61902
vt 0.06549 0.60798
vt 0.07581 0.60798
vt 0.07581 0.60798
vt 0.06549 0.60798
vt 0.07581 0.56190
vt 0.07581 0.60798
vt 0.07581 0.56190
vt 0.07537 0.60798
vt 0.07581 0.56190
vt 0.06549 0.60798
vt 0.06549 0.56190
vt 0.07537 0.56190
vt 0.07581 0.60798
vt 0.07581 0.56190
vt 0.07581 0.56190
vt 0.07581 0.60798
vt 0.07537 0.56190
vt 0.07581 0.56190
vt 0.07537 0.56190
vt 0.07537 0.51470
vt 0.07537 0.51470
vt 0.07537 0.56190
vt 0.07581 0.51470
vt 0.07581 0.56190
vt 0.07537 0.60798
vt 0.07581 0.60798
vt 0.07581 0.60798
vt 0.07537 0.60798
vt 0.07537 0.61902
vt 0.07581 0.60798
vt 0.07537 0.61902
vt 0.07581 0.61902
vt 0.07537 0.61902
vt 0.07537 0.60798
vt 0.07581 0.61902
vt 0.07537 0.51470
vt 0.07581 0.51470
vt 0.07581 0.56190
vt 0.07581 0.56190
vt 0.07581 0.51470
vt 0.07537 0.51470
vt 0.07581 0.56190
vt 0.07537 0.51470
vt 0.07537 0.56190
vt 0.07537 0.56190
vt 0.07537 0.51470
vt 0.07581 0.51470
vt 0.07537 0.56190
vt 0.07581 0.51470
vt 0.07581 0.56190
vt 0.07581 0.51470
vt 0.07537 0.51470
vt 0.07537 0.56190
vt 0.07537 0.56190
vt 0.07537 0.51470
vt 0.07581 0.56190
vt 0.07537 0.56190
vt 0.07581 0.56190
vt 0.07581 0.60798
vt 0.07581 0.60798
vt 0.07581 0.56190
vt 0.07537 0.56190
vt 0.07581 0.60798
vt 0.07537 0.56190
vt 0.07537 0.60798
vt 0.07537 0.60798
vt 0.07537 0.56190
vt 0.07581 0.56190
vt 0.07537 0.60798
vt 0.07581 0.56190
vt 0.07581 0.60798
vt 0.07537 0.60798
vt 0.07581 0.56190
vt 0.07581 0.60798
vt 0.81635 0.38093
vt 0.91291 0.36130
vt 0.90253 0.38651
vt 0.85536 0.42002
vt 0.88926 0.41678
vt 0.87687 0.44376
vt 0.85536 0.42002
vt 0.88926 0.41678
vt 0.87687 0.44376
vt 0.85536 0.42002
vt 0.88926 0.41678
vt 0.87687 0.44376
vt 0.81635 0.38093
vt 0.90253 0.38651
vt 0.83153 0.39633
vt 0.85536 0.42002
vt 0.88926 0.41678
vt 0.87687 0.44376
vt 0.89341 0.41833
vt 0.91166 0.44510
vt 0.88166 0.44722
vt 0.89341 0.41833
vt 0.91166 0.44510
vt 0.88166 0.44722
vt 0.89341 0.41833
vt 0.91166 0.44510
vt 0.88166 0.44722
vt 0.85536 0.42002
vt 0.88926 0.41678
vt 0.87687 0.44376
vt 0.85536 0.42002
vt 0.88926 0.41678
vt 0.87687 0.44376
vt 0.85536 0.42002
vt 0.88926 0.41678
vt 0.87687 0.44376
vt 0.85536 0.42002
vt 0.88926 0.41678
vt 0.87687 0.44376
vt 0.89341 0.41833
vt 0.91166 0.44510
vt 0.88166 0.44722
vt 0.81635 0.38093
vt 0.91291 0.36130
vt 0.90253 0.38651
vt 0.85536 0.42002
vt 0.88926 0.41678
vt 0.87687 0.44376
vt 0.85536 0.42002
vt 0.88926 0.41678
vt 0.87687 0.44376
vt 0.85536 0.42002
vt 0.88926 0.41678
vt 0.87687 0.44376
vt 0.55432 0.73581
vt 0.55393 0.72582
vt 0.54917 0.73465
vt 0.55432 0.73581
vt 0.55393 0.72582
vt 0.54917 0.73465
vt 0.54917 0.73465
vt 0.55393 0.72582
vt 0.55432 0.73581
vt 0.54917 0.73465
vt 0.55393 0.72582
vt 0.55432 0.73581
vt 0.54917 0.73465
vt 0.55393 0.72582
vt 0.55432 0.73581
vt 0.54917 0.73465
vt 0.55393 0.72582
vt 0.55432 0.73581
vt 0.55432 0.73581
vt 0.55393 0.72582
vt 0.54917 0.73465
vt 0.55432 0.73581
vt 0.55393 0.72582
vt 0.54917 0.73465
vt 0.88166 0.44722
vt 0.89341 0.41833
vt 0.91166 0.44510
vt 0.91166 0.44510
vt 0.89341 0.41833
vt 0.90631 0.38640
vt 0.91166 0.44510
vt 0.90631 0.38640
vt 0.94453 0.44168
vt 0.94453 0.44168
vt 0.90631 0.38640
vt 0.91626 0.36176
vt 0.88166 0.44722
vt 0.89341 0.41833
vt 0.91166 0.44510
vt 0.91166 0.44510
vt 0.89341 0.41833
vt 0.90631 0.38640
vt 0.91166 0.44510
vt 0.90631 0.38640
vt 0.94453 0.44168
vt 0.94453 0.44168
vt 0.90631 0.38640
vt 0.91626 0.36176
vt 0.94453 0.44168
vt 0.91626 0.36176
vt 0.97158 0.43825
vt 0.88166 0.44722
vt 0.89341 0.41833
vt 0.91166 0.44510
vt 0.91166 0.44510
vt 0.89341 0.41833
vt 0.90631 0.38640
vt 0.91166 0.44510
vt 0.90631 0.38640
vt 0.94453 0.44168
vt 0.94453 0.44168
vt 0.90631 0.38640
vt 0.91626 0.36176
vt 0.94453 0.44168
vt 0.91626 0.36176
vt 0.97158 0.43825
vt 0.88166 0.44722
vt 0.89341 0.41833
vt 0.91166 0.44510
vt 0.91166 0.44510
vt 0.89341 0.41833
vt 0.90631 0.38640
vt 0.91166 0.44510
vt 0.90631 0.38640
vt 0.94453 0.44168
vt 0.88166 0.44722
vt 0.89341 0.41833
vt 0.91166 0.44510
vt 0.91166 0.44510
vt 0.89341 0.41833
vt 0.90631 0.38640
vt 0.91166 0.44510
vt 0.90631 0.38640
vt 0.94453 0.44168
vt 0.88166 0.44722
vt 0.89341 0.41833
vt 0.91166 0.44510
vt 0.91166 0.44510
vt 0.89341 0.41833
vt 0.90631 0.38640
vt 0.91166 0.44510
vt 0.90631 0.38640
vt 0.94453 0.44168
vt 0.88166 0.44722
vt 0.89341 0.41833
vt 0.91166 0.44510
vt 0.91166 0.44510
vt 0.89341 0.41833
vt 0.90631 0.38640
vt 0.91166 0.44510
vt 0.90631 0.38640
vt 0.94453 0.44168
vt 0.88166 0.44722
vt 0.89341 0.41833
vt 0.91166 0.44510
vt 0.91166 0.44510
vt 0.89341 0.41833
vt 0.90631 0.38640
vt 0.91166 0.44510
vt 0.90631 0.38640
vt 0.94453 0.44168
vt 0.88166 0.44722
vt 0.89341 0.41833
vt 0.91166 0.44510
vt 0.91166 0.44510
vt 0.89341 0.41833
vt 0.90631 0.38640
vt 0.91166 0.44510
vt 0.90631 0.38640
vt 0.94453 0.44168
vt 0.94453 0.44168
vt 0.90631 0.38640
vt 0.91626 0.36176
vt 0.94453 0.44168
vt 0.91626 0.36176
vt 0.97158 0.43825
vt 0.88166 0.44722
vt 0.89341 0.41833
vt 0.91166 0.44510
vt 0.91166 0.44510
vt 0.89341 0.41833
vt 0.90631 0.38640
vt 0.91166 0.44510
vt 0.90631 0.38640
vt 0.94453 0.44168
vt 0.94453 0.44168
vt 0.90631 0.38640
vt 0.91626 0.36176
vt 0.88166 0.44722
vt 0.89341 0.41833
vt 0.91166 0.44510
vt 0.91166 0.44510
vt 0.89341 0.41833
vt 0.90631 0.38640
vt 0.91166 0.44510
vt 0.90631 0.38640
vt 0.94453 0.44168
vt 0.94453 0.44168
vt 0.90631 0.38640
vt 0.91626 0.36176
vt 0.94453 0.44168
vt 0.91626 0.36176
vt 0.97158 0.43825
vt 0.88166 0.44722
vt 0.89341 0.41833
vt 0.91166 0.44510
vt 0.91166 0.44510
vt 0.89341 0.41833
vt 0.90631 0.38640
vt 0.91166 0.44510
vt 0.90631 0.38640
vt 0.94453 0.44168
vt 0.94453 0.44168
vt 0.90631 0.38640
vt 0.91626 0.36176
vt 0.94453 0.44168
vt 0.91626 0.36176
vt 0.97158 0.43825
vt 0.88166 0.44722
vt 0.89341 0.41833
vt 0.91166 0.44510
vt 0.91166 0.44510
vt 0.89341 0.41833
vt 0.90631 0.38640
vt 0.91166 0.44510
vt 0.90631 0.38640
vt 0.94453 0.44168
vt 0.94453 0.44168
vt 0.90631 0.38640
vt 0.91626 0.36176
vt 0.94453 0.44168
vt 0.91626 0.36176
vt 0.97158 0.43825
vt 0.88166 0.44722
vt 0.89341 0.41833
vt 0.91166 0.44510
vt 0.91166 0.44510
vt 0.89341 0.41833
vt 0.90631 0.38640
vt 0.91166 0.44510
vt 0.90631 0.38640
vt 0.94453 0.44168
vt 0.94453 0.44168
vt 0.90631 0.38640
vt 0.91626 0.36176
vt 0.94453 0.44168
vt 0.91626 0.36176
vt 0.97158 0.43825
vt 0.88166 0.44722
vt 0.89341 0.41833
vt 0.91166 0.44510
vt 0.91166 0.44510
vt 0.89341 0.41833
vt 0.90631 0.38640
vt 0.91166 0.44510
vt 0.90631 0.38640
vt 0.94453 0.44168
vt 0.88166 0.44722
vt 0.89341 0.41833
vt 0.91166 0.44510
vt 0.91166 0.44510
vt 0.89341 0.41833
vt 0.90631 0.38640
vt 0.91166 0.44510
vt 0.90631 0.38640
vt 0.94453 0.44168
vt 0.87687 0.44376
vt 0.85536 0.42002
vt 0.88926 0.41678
vt 0.88926 0.41678
vt 0.85536 0.42002
vt 0.83153 0.39633
vt 0.88926 0.41678
vt 0.83153 0.39633
vt 0.90253 0.38651
vt 0.90253 0.38651
vt 0.83153 0.39633
vt 0.81635 0.38093
vt 0.87687 0.44376
vt 0.85536 0.42002
vt 0.88926 0.41678
vt 0.88926 0.41678
vt 0.85536 0.42002
vt 0.83153 0.39633
vt 0.88926 0.41678
vt 0.83153 0.39633
vt 0.90253 0.38651
vt 0.90253 0.38651
vt 0.83153 0.39633
vt 0.81635 0.38093
vt 0.90253 0.38651
vt 0.81635 0.38093
vt 0.91291 0.36130
vt 0.87687 0.44376
vt 0.85536 0.42002
vt 0.88926 0.41678
vt 0.88926 0.41678
vt 0.85536 0.42002
vt 0.83153 0.39633
vt 0.88926 0.41678
vt 0.83153 0.39633
vt 0.90253 0.38651
vt 0.90253 0.38651
vt 0.83153 0.39633
vt 0.81635 0.38093
vt 0.90253 0.38651
vt 0.81635 0.38093
vt 0.91291 0.36130
vt 0.87687 0.44376
vt 0.85536 0.42002
vt 0.88926 0.41678
vt 0.88926 0.41678
vt 0.85536 0.42002
vt 0.83153 0.39633
vt 0.88926 0.41678
vt 0.83153 0.39633
vt 0.90253 0.38651
vt 0.90253 0.38651
vt 0.83153 0.39633
vt 0.81635 0.38093
vt 0.90253 0.38651
vt 0.81635 0.38093
vt 0.91291 0.36130
vt 0.87687 0.44376
vt 0.85536 0.42002
vt 0.88926 0.41678
vt 0.88926 0.41678
vt 0.85536 0.42002
vt 0.83153 0.39633
vt 0.88926 0.41678
vt 0.83153 0.39633
vt 0.90253 0.38651
vt 0.90253 0.38651
vt 0.83153 0.39633
vt 0.81635 0.38093
vt 0.90253 0.38651
vt 0.81635 0.38093
vt 0.91291 0.36130
vt 0.87687 0.44376
vt 0.85536 0.42002
vt 0.88926 0.41678
vt 0.88926 0.41678
vt 0.85536 0.42002
vt 0.83153 0.39633
vt 0.88926 0.41678
vt 0.83153 0.39633
vt 0.90253 0.38651
vt 0.87687 0.44376
vt 0.85536 0.42002
vt 0.88926 0.41678
vt 0.88926 0.41678
vt 0.85536 0.42002
vt 0.83153 0.39633
vt 0.88926 0.41678
vt 0.83153 0.39633
vt 0.90253 0.38651
vt 0.87687 0.44376
vt 0.85536 0.42002
vt 0.88926 0.41678
vt 0.88926 0.41678
vt 0.85536 0.42002
vt 0.83153 0.39633
vt 0.88926 0.41678
vt 0.83153 0.39633
vt 0.90253 0.38651
vt 0.87687 0.44376
vt 0.85536 0.42002
vt 0.88926 0.41678
vt 0.88926 0.41678
vt 0.85536 0.42002
vt 0.83153 0.39633
vt 0.88926 0.41678
vt 0.83153 0.39633
vt 0.90253 0.38651
vt 0.90253 0.38651
vt 0.83153 0.39633
vt 0.81635 0.38093
vt 0.90253 0.38651
vt 0.81635 0.38093
vt 0.91291 0.36130
vt 0.91291 0.36130
vt 0.81635 0.38093
vt 0.79475 0.36002
vt 0.87687 0.44376
vt 0.85536 0.42002
vt 0.88926 0.41678
vt 0.88926 0.41678
vt 0.85536 0.42002
vt 0.83153 0.39633
vt 0.88926 0.41678
vt 0.83153 0.39633
vt 0.90253 0.38651
vt 0.90253 0.38651
vt 0.83153 0.39633
vt 0.81635 0.38093
vt 0.83153 0.39633
vt 0.88926 0.41678
vt 0.85536 0.42002
vt 0.85536 0.42002
vt 0.88926 0.41678
vt 0.87687 0.44376
vt 0.87687 0.44376
vt 0.85536 0.42002
vt 0.88926 0.41678
vt 0.88926 0.41678
vt 0.85536 0.42002
vt 0.83153 0.39633
vt 0.88926 0.41678
vt 0.83153 0.39633
vt 0.90253 0.38651
vt 0.83153 0.39633
vt 0.88926 0.41678
vt 0.85536 0.42002
vt 0.85536 0.42002
vt 0.88926 0.41678
vt 0.87687 0.44376
vt 0.87687 0.44376
vt 0.85536 0.42002
vt 0.88926 0.41678
vt 0.88926 0.41678
vt 0.85536 0.42002
vt 0.83153 0.39633
vt 0.88926 0.41678
vt 0.83153 0.39633
vt 0.90253 0.38651
vt 0.90253 0.38651
vt 0.83153 0.39633
vt 0.81635 0.38093
vt 0.87687 0.44376
vt 0.85536 0.42002
vt 0.88926 0.41678
vt 0.88926 0.41678
vt 0.85536 0.42002
vt 0.83153 0.39633
vt 0.88926 0.41678
vt 0.83153 0.39633
vt 0.90253 0.38651
vt 0.90253 0.38651
vt 0.83153 0.39633
vt 0.81635 0.38093
vt 0.87687 0.44376
vt 0.85536 0.42002
vt 0.88926 0.41678
vt 0.88926 0.41678
vt 0.85536 0.42002
vt 0.83153 0.39633
vt 0.88926 0.41678
vt 0.83153 0.39633
vt 0.90253 0.38651
vt 0.87687 0.44376
vt 0.85536 0.42002
vt 0.88926 0.41678
vt 0.88926 0.41678
vt 0.85536 0.42002
vt 0.83153 0.39633
vt 0.88926 0.41678
vt 0.83153 0.39633
vt 0.90253 0.38651
vt 0.87687 0.44376
vt 0.85536 0.42002
vt 0.88926 0.41678
vt 0.88926 0.41678
vt 0.85536 0.42002
vt 0.83153 0.39633
vt 0.88926 0.41678
vt 0.83153 0.39633
vt 0.90253 0.38651
vt 0.87687 0.44376
vt 0.85536 0.42002
vt 0.88926 0.41678
vt 0.88926 0.41678
vt 0.85536 0.42002
vt 0.83153 0.39633
vt 0.88926 0.41678
vt 0.83153 0.39633
vt 0.90253 0.38651
vt 0.87687 0.44376
vt 0.85536 0.42002
vt 0.88926 0.41678
vt 0.88926 0.41678
vt 0.85536 0.42002
vt 0.83153 0.39633
vt 0.88926 0.41678
vt 0.83153 0.39633
vt 0.90253 0.38651
vt 0.87687 0.44376
vt 0.85536 0.42002
vt 0.88926 0.41678
vt 0.88926 0.41678
vt 0.85536 0.42002
vt 0.83153 0.39633
vt 0.88926 0.41678
vt 0.83153 0.39633
vt 0.90253 0.38651
vt 0.87687 0.44376
vt 0.85536 0.42002
vt 0.88926 0.41678
vt 0.88926 0.41678
vt 0.85536 0.42002
vt 0.83153 0.39633
vt 0.88926 0.41678
vt 0.83153 0.39633
vt 0.90253 0.38651
vt 0.90253 0.38651
vt 0.83153 0.39633
vt 0.81635 0.38093
vt 0.90253 0.38651
vt 0.81635 0.38093
vt 0.91291 0.36130
vt 0.87687 0.44376
vt 0.85536 0.42002
vt 0.88926 0.41678
vt 0.88926 0.41678
vt 0.85536 0.42002
vt 0.83153 0.39633
vt 0.88926 0.41678
vt 0.83153 0.39633
vt 0.90253 0.38651
vt 0.90253 0.38651
vt 0.83153 0.39633
vt 0.81635 0.38093
vt 0.90253 0.38651
vt 0.81635 0.38093
vt 0.91291 0.36130
vt 0.87687 0.44376
vt 0.85536 0.42002
vt 0.88926 0.41678
vt 0.88926 0.41678
vt 0.85536 0.42002
vt 0.83153 0.39633
vt 0.88926 0.41678
vt 0.83153 0.39633
vt 0.90253 0.38651
vt 0.90253 0.38651
vt 0.83153 0.39633
vt 0.81635 0.38093
vt 0.90253 0.38651
vt 0.81635 0.38093
vt 0.91291 0.36130
vt 0.87687 0.44376
vt 0.85536 0.42002
vt 0.88926 0.41678
vt 0.88926 0.41678
vt 0.85536 0.42002
vt 0.83153 0.39633
vt 0.88926 0.41678
vt 0.83153 0.39633
vt 0.90253 0.38651
vt 0.83153 0.39633
vt 0.88926 0.41678
vt 0.85536 0.42002
vt 0.85536 0.42002
vt 0.88926 0.41678
vt 0.87687 0.44376
vt 0.87687 0.44376
vt 0.85536 0.42002
vt 0.88926 0.41678
vt 0.88926 0.41678
vt 0.85536 0.42002
vt 0.83153 0.39633
vt 0.88926 0.41678
vt 0.83153 0.39633
vt 0.90253 0.38651
vt 0.87687 0.44376
vt 0.85536 0.42002
vt 0.88926 0.41678
vt 0.88926 0.41678
vt 0.85536 0.42002
vt 0.83153 0.39633
vt 0.88926 0.41678
vt 0.83153 0.39633
vt 0.90253 0.38651
vt 0.88166 0.44722
vt 0.89341 0.41833
vt 0.91166 0.44510
vt 0.91166 0.44510
vt 0.89341 0.41833
vt 0.90631 0.38640
vt 0.91166 0.44510
vt 0.90631 0.38640
vt 0.94453 0.44168
vt 0.94453 0.44168
vt 0.90631 0.38640
vt 0.91626 0.36176
vt 0.94453 0.44168
vt 0.91626 0.36176
vt 0.97158 0.43825
vt 0.88166 0.44722
vt 0.89341 0.41833
vt 0.91166 0.44510
vt 0.91166 0.44510
vt 0.89341 0.41833
vt 0.90631 0.38640
vt 0.91166 0.44510
vt 0.90631 0.38640
vt 0.94453 0.44168
vt 0.94453 0.44168
vt 0.90631 0.38640
vt 0.91626 0.36176
vt 0.94453 0.44168
vt 0.91626 0.36176
vt 0.97158 0.43825
vt 0.88166 0.44722
vt 0.89341 0.41833
vt 0.91166 0.44510
vt 0.91166 0.44510
vt 0.89341 0.41833
vt 0.90631 0.38640
vt 0.91166 0.44510
vt 0.90631 0.38640
vt 0.94453 0.44168
vt 0.94453 0.44168
vt 0.90631 0.38640
vt 0.91626 0.36176
vt 0.88166 0.44722
vt 0.89341 0.41833
vt 0.91166 0.44510
vt 0.91166 0.44510
vt 0.89341 0.41833
vt 0.90631 0.38640
vt 0.91166 0.44510
vt 0.90631 0.38640
vt 0.94453 0.44168
vt 0.94453 0.44168
vt 0.90631 0.38640
vt 0.91626 0.36176
vt 0.94453 0.44168
vt 0.91626 0.36176
vt 0.97158 0.43825
vt 0.88166 0.44722
vt 0.89341 0.41833
vt 0.91166 0.44510
vt 0.91166 0.44510
vt 0.89341 0.41833
vt 0.90631 0.38640
vt 0.91166 0.44510
vt 0.90631 0.38640
vt 0.94453 0.44168
vt 0.94453 0.44168
vt 0.90631 0.38640
vt 0.91626 0.36176
vt 0.94453 0.44168
vt 0.91626 0.36176
vt 0.97158 0.43825
vt 0.88166 0.44722
vt 0.89341 0.41833
vt 0.91166 0.44510
vt 0.91166 0.44510
vt 0.89341 0.41833
vt 0.90631 0.38640
vt 0.91166 0.44510
vt 0.90631 0.38640
vt 0.94453 0.44168
vt 0.94453 0.44168
vt 0.90631 0.38640
vt 0.91626 0.36176
vt 0.94453 0.44168
vt 0.91626 0.36176
vt 0.97158 0.43825
vt 0.90631 0.38640
vt 0.91166 0.44510
vt 0.89341 0.41833
vt 0.89341 0.41833
vt 0.91166 0.44510
vt 0.88166 0.44722
vt 0.87687 0.44376
vt 0.85536 0.42002
vt 0.88926 0.41678
vt 0.88926 0.41678
vt 0.85536 0.42002
vt 0.83153 0.39633
vt 0.88926 0.41678
vt 0.83153 0.39633
vt 0.90253 0.38651
vt 0.90253 0.38651
vt 0.83153 0.39633
vt 0.81635 0.38093
vt 0.90253 0.38651
vt 0.81635 0.38093
vt 0.91291 0.36130
vt 0.87687 0.44376
vt 0.85536 0.42002
vt 0.88926 0.41678
vt 0.88926 0.41678
vt 0.85536 0.42002
vt 0.83153 0.39633
vt 0.88926 0.41678
vt 0.83153 0.39633
vt 0.90253 0.38651
vt 0.90253 0.38651
vt 0.83153 0.39633
vt 0.81635 0.38093
vt 0.90253 0.38651
vt 0.81635 0.38093
vt 0.91291 0.36130
vt 0.87687 0.44376
vt 0.85536 0.42002
vt 0.88926 0.41678
vt 0.88926 0.41678
vt 0.85536 0.42002
vt 0.83153 0.39633
vt 0.88926 0.41678
vt 0.83153 0.39633
vt 0.90253 0.38651
vt 0.90253 0.38651
vt 0.83153 0.39633
vt 0.81635 0.38093
vt 0.87687 0.44376
vt 0.85536 0.42002
vt 0.88926 0.41678
vt 0.88926 0.41678
vt 0.85536 0.42002
vt 0.83153 0.39633
vt 0.88926 0.41678
vt 0.83153 0.39633
vt 0.90253 0.38651
vt 0.90253 0.38651
vt 0.83153 0.39633
vt 0.81635 0.38093
vt 0.90253 0.38651
vt 0.81635 0.38093
vt 0.91291 0.36130
vt 0.87687 0.44376
vt 0.85536 0.42002
vt 0.88926 0.41678
vt 0.88926 0.41678
vt 0.85536 0.42002
vt 0.83153 0.39633
vt 0.88926 0.41678
vt 0.83153 0.39633
vt 0.90253 0.38651
vt 0.90253 0.38651
vt 0.83153 0.39633
vt 0.81635 0.38093
vt 0.90253 0.38651
vt 0.81635 0.38093
vt 0.91291 0.36130
vt 0.87687 0.44376
vt 0.85536 0.42002
vt 0.88926 0.41678
vt 0.88926 0.41678
vt 0.85536 0.42002
vt 0.83153 0.39633
vt 0.88926 0.41678
vt 0.83153 0.39633
vt 0.90253 0.38651
vt 0.87687 0.44376
vt 0.85536 0.42002
vt 0.88926 0.41678
vt 0.88926 0.41678
vt 0.85536 0.42002
vt 0.83153 0.39633
vt 0.88926 0.41678
vt 0.83153 0.39633
vt 0.90253 0.38651
vt 0.87687 0.44376
vt 0.85536 0.42002
vt 0.88926 0.41678
vt 0.88926 0.41678
vt 0.85536 0.42002
vt 0.83153 0.39633
vt 0.88926 0.41678
vt 0.83153 0.39633
vt 0.90253 0.38651
vt 0.87687 0.44376
vt 0.85536 0.42002
vt 0.88926 0.41678
vt 0.88926 0.41678
vt 0.85536 0.42002
vt 0.83153 0.39633
vt 0.88926 0.41678
vt 0.83153 0.39633
vt 0.90253 0.38651
vt 0.90253 0.38651
vt 0.83153 0.39633
vt 0.81635 0.38093
vt 0.90253 0.38651
vt 0.81635 0.38093
vt 0.91291 0.36130
vt 0.91291 0.36130
vt 0.81635 0.38093
vt 0.79475 0.36002
vt 0.87687 0.44376
vt 0.85536 0.42002
vt 0.88926 0.41678
vt 0.88926 0.41678
vt 0.85536 0.42002
vt 0.83153 0.39633
vt 0.88926 0.41678
vt 0.83153 0.39633
vt 0.90253 0.38651
vt 0.90253 0.38651
vt 0.83153 0.39633
vt 0.81635 0.38093
vt 0.90253 0.38651
vt 0.81635 0.38093
vt 0.91291 0.36130
vt 0.91291 0.36130
vt 0.81635 0.38093
vt 0.79475 0.36002
vt 0.87687 0.44376
vt 0.85536 0.42002
vt 0.88926 0.41678
vt 0.88926 0.41678
vt 0.85536 0.42002
vt 0.83153 0.39633
vt 0.88926 0.41678
vt 0.83153 0.39633
vt 0.90253 0.38651
vt 0.90253 0.38651
vt 0.83153 0.39633
vt 0.81635 0.38093
vt 0.90253 0.38651
vt 0.81635 0.38093
vt 0.91291 0.36130
vt 0.87687 0.44376
vt 0.85536 0.42002
vt 0.88926 0.41678
vt 0.88926 0.41678
vt 0.85536 0.42002
vt 0.83153 0.39633
vt 0.88926 0.41678
vt 0.83153 0.39633
vt 0.90253 0.38651
vt 0.90253 0.38651
vt 0.83153 0.39633
vt 0.81635 0.38093
vt 0.90253 0.38651
vt 0.81635 0.38093
vt 0.91291 0.36130
vt 0.87687 0.44376
vt 0.85536 0.42002
vt 0.88926 0.41678
vt 0.88926 0.41678
vt 0.85536 0.42002
vt 0.83153 0.39633
vt 0.88926 0.41678
vt 0.83153 0.39633
vt 0.90253 0.38651
vt 0.90253 0.38651
vt 0.83153 0.39633
vt 0.81635 0.38093
vt 0.90253 0.38651
vt 0.81635 0.38093
vt 0.91291 0.36130
vt 0.87687 0.44376
vt 0.85536 0.42002
vt 0.88926 0.41678
vt 0.88926 0.41678
vt 0.85536 0.42002
vt 0.83153 0.39633
vt 0.88926 0.41678
vt 0.83153 0.39633
vt 0.90253 0.38651
vt 0.90253 0.38651
vt 0.83153 0.39633
vt 0.81635 0.38093
vt 0.90253 0.38651
vt 0.81635 0.38093
vt 0.91291 0.36130
vt 0.87687 0.44376
vt 0.85536 0.42002
vt 0.88926 0.41678
vt 0.88926 0.41678
vt 0.85536 0.42002
vt 0.83153 0.39633
vt 0.88926 0.41678
vt 0.83153 0.39633
vt 0.90253 0.38651
vt 0.87687 0.44376
vt 0.85536 0.42002
vt 0.88926 0.41678
vt 0.88926 0.41678
vt 0.85536 0.42002
vt 0.83153 0.39633
vt 0.88926 0.41678
vt 0.83153 0.39633
vt 0.90253 0.38651
vt 0.88166 0.44722
vt 0.89341 0.41833
vt 0.91166 0.44510
vt 0.91166 0.44510
vt 0.89341 0.41833
vt 0.90631 0.38640
vt 0.91166 0.44510
vt 0.90631 0.38640
vt 0.94453 0.44168
vt 0.94453 0.44168
vt 0.90631 0.38640
vt 0.91626 0.36176
vt 0.94453 0.44168
vt 0.91626 0.36176
vt 0.97158 0.43825
vt 0.88166 0.44722
vt 0.89341 0.41833
vt 0.91166 0.44510
vt 0.91166 0.44510
vt 0.89341 0.41833
vt 0.90631 0.38640
vt 0.91166 0.44510
vt 0.90631 0.38640
vt 0.94453 0.44168
vt 0.94453 0.44168
vt 0.90631 0.38640
vt 0.91626 0.36176
vt 0.88166 0.44722
vt 0.89341 0.41833
vt 0.91166 0.44510
vt 0.91166 0.44510
vt 0.89341 0.41833
vt 0.90631 0.38640
vt 0.91166 0.44510
vt 0.90631 0.38640
vt 0.94453 0.44168
vt 0.94453 0.44168
vt 0.90631 0.38640
vt 0.91626 0.36176
vt 0.88166 0.44722
vt 0.89341 0.41833
vt 0.91166 0.44510
vt 0.91166 0.44510
vt 0.89341 0.41833
vt 0.90631 0.38640
vt 0.91166 0.44510
vt 0.90631 0.38640
vt 0.94453 0.44168
vt 0.90631 0.38640
vt 0.91166 0.44510
vt 0.89341 0.41833
vt 0.89341 0.41833
vt 0.91166 0.44510
vt 0.88166 0.44722
vt 0.88166 0.44722
vt 0.89341 0.41833
vt 0.91166 0.44510
vt 0.91166 0.44510
vt 0.89341 0.41833
vt 0.90631 0.38640
vt 0.91166 0.44510
vt 0.90631 0.38640
vt 0.94453 0.44168
vt 0.88166 0.44722
vt 0.89341 0.41833
vt 0.91166 0.44510
vt 0.91166 0.44510
vt 0.89341 0.41833
vt 0.90631 0.38640
vt 0.91166 0.44510
vt 0.90631 0.38640
vt 0.94453 0.44168
vt 0.88166 0.44722
vt 0.89341 0.41833
vt 0.91166 0.44510
vt 0.91166 0.44510
vt 0.89341 0.41833
vt 0.90631 0.38640
vt 0.91166 0.44510
vt 0.90631 0.38640
vt 0.94453 0.44168
vt 0.88166 0.44722
vt 0.89341 0.41833
vt 0.91166 0.44510
vt 0.91166 0.44510
vt 0.89341 0.41833
vt 0.90631 0.38640
vt 0.91166 0.44510
vt 0.90631 0.38640
vt 0.94453 0.44168
vt 0.94453 0.44168
vt 0.90631 0.38640
vt 0.91626 0.36176
vt 0.94453 0.44168
vt 0.91626 0.36176
vt 0.97158 0.43825
vt 0.97158 0.43825
vt 0.91626 0.36176
vt 0.92622 0.33711
vt 0.88166 0.44722
vt 0.89341 0.41833
vt 0.91166 0.44510
vt 0.91166 0.44510
vt 0.89341 0.41833
vt 0.90631 0.38640
vt 0.91166 0.44510
vt 0.90631 0.38640
vt 0.94453 0.44168
vt 0.94453 0.44168
vt 0.90631 0.38640
vt 0.91626 0.36176
vt 0.94453 0.44168
vt 0.91626 0.36176
vt 0.97158 0.43825
vt 0.97158 0.43825
vt 0.91626 0.36176
vt 0.92622 0.33711
vt 0.97158 0.43825
vt 0.92622 0.33711
vt 0.99916 0.43435
vt 0.88166 0.44722
vt 0.89341 0.41833
vt 0.91166 0.44510
vt 0.91166 0.44510
vt 0.89341 0.41833
vt 0.90631 0.38640
vt 0.91166 0.44510
vt 0.90631 0.38640
vt 0.94453 0.44168
vt 0.94453 0.44168
vt 0.90631 0.38640
vt 0.91626 0.36176
vt 0.94453 0.44168
vt 0.91626 0.36176
vt 0.97158 0.43825
vt 0.88166 0.44722
vt 0.89341 0.41833
vt 0.91166 0.44510
vt 0.91166 0.44510
vt 0.89341 0.41833
vt 0.90631 0.38640
vt 0.91166 0.44510
vt 0.90631 0.38640
vt 0.94453 0.44168
vt 0.94453 0.44168
vt 0.90631 0.38640
vt 0.91626 0.36176
vt 0.94453 0.44168
vt 0.91626 0.36176
vt 0.97158 0.43825
vt 0.88166 0.44722
vt 0.89341 0.41833
vt 0.91166 0.44510
vt 0.91166 0.44510
vt 0.89341 0.41833
vt 0.90631 0.38640
vt 0.91166 0.44510
vt 0.90631 0.38640
vt 0.94453 0.44168
vt 0.90631 0.38640
vt 0.91166 0.44510
vt 0.89341 0.41833
vt 0.89341 0.41833
vt 0.91166 0.44510
vt 0.88166 0.44722
vt 0.87687 0.44376
vt 0.85536 0.42002
vt 0.88926 0.41678
vt 0.88926 0.41678
vt 0.85536 0.42002
vt 0.83153 0.39633
vt 0.88926 0.41678
vt 0.83153 0.39633
vt 0.90253 0.38651
vt 0.90253 0.38651
vt 0.83153 0.39633
vt 0.81635 0.38093
vt 0.90253 0.38651
vt 0.81635 0.38093
vt 0.91291 0.36130
vt 0.87687 0.44376
vt 0.85536 0.42002
vt 0.88926 0.41678
vt 0.88926 0.41678
vt 0.85536 0.42002
vt 0.83153 0.39633
vt 0.88926 0.41678
vt 0.83153 0.39633
vt 0.90253 0.38651
vt 0.90253 0.38651
vt 0.83153 0.39633
vt 0.81635 0.38093
vt 0.90253 0.38651
vt 0.81635 0.38093
vt 0.91291 0.36130
vt 0.87687 0.44376
vt 0.85536 0.42002
vt 0.88926 0.41678
vt 0.88926 0.41678
vt 0.85536 0.42002
vt 0.83153 0.39633
vt 0.88926 0.41678
vt 0.83153 0.39633
vt 0.90253 0.38651
vt 0.90253 0.38651
vt 0.83153 0.39633
vt 0.81635 0.38093
vt 0.90253 0.38651
vt 0.81635 0.38093
vt 0.91291 0.36130
vt 0.87687 0.44376
vt 0.85536 0.42002
vt 0.88926 0.41678
vt 0.88926 0.41678
vt 0.85536 0.42002
vt 0.83153 0.39633
vt 0.88926 0.41678
vt 0.83153 0.39633
vt 0.90253 0.38651
vt 0.90253 0.38651
vt 0.83153 0.39633
vt 0.81635 0.38093
vt 0.87687 0.44376
vt 0.85536 0.42002
vt 0.88926 0.41678
vt 0.88926 0.41678
vt 0.85536 0.42002
vt 0.83153 0.39633
vt 0.88926 0.41678
vt 0.83153 0.39633
vt 0.90253 0.38651
vt 0.90253 0.38651
vt 0.83153 0.39633
vt 0.81635 0.38093
vt 0.90253 0.38651
vt 0.81635 0.38093
vt 0.91291 0.36130
vt 0.87687 0.44376
vt 0.85536 0.42002
vt 0.88926 0.41678
vt 0.88926 0.41678
vt 0.85536 0.42002
vt 0.83153 0.39633
vt 0.88926 0.41678
vt 0.83153 0.39633
vt 0.90253 0.38651
vt 0.90253 0.38651
vt 0.83153 0.39633
vt 0.81635 0.38093
vt 0.90253 0.38651
vt 0.81635 0.38093
vt 0.91291 0.36130
vt 0.87687 0.44376
vt 0.85536 0.42002
vt 0.88926 0.41678
vt 0.88926 0.41678
vt 0.85536 0.42002
vt 0.83153 0.39633
vt 0.88926 0.41678
vt 0.83153 0.39633
vt 0.90253 0.38651
vt 0.87687 0.44376
vt 0.85536 0.42002
vt 0.88926 0.41678
vt 0.88926 0.41678
vt 0.85536 0.42002
vt 0.83153 0.39633
vt 0.88926 0.41678
vt 0.83153 0.39633
vt 0.90253 0.38651
vt 0.87687 0.44376
vt 0.85536 0.42002
vt 0.88926 0.41678
vt 0.88926 0.41678
vt 0.85536 0.42002
vt 0.83153 0.39633
vt 0.88926 0.41678
vt 0.83153 0.39633
vt 0.90253 0.38651
vt 0.90253 0.38651
vt 0.83153 0.39633
vt 0.81635 0.38093
vt 0.90253 0.38651
vt 0.81635 0.38093
vt 0.91291 0.36130
vt 0.91291 0.36130
vt 0.81635 0.38093
vt 0.79475 0.36002
vt 0.87687 0.44376
vt 0.85536 0.42002
vt 0.88926 0.41678
vt 0.88926 0.41678
vt 0.85536 0.42002
vt 0.83153 0.39633
vt 0.88926 0.41678
vt 0.83153 0.39633
vt 0.90253 0.38651
vt 0.90253 0.38651
vt 0.83153 0.39633
vt 0.81635 0.38093
vt 0.90253 0.38651
vt 0.81635 0.38093
vt 0.91291 0.36130
vt 0.91291 0.36130
vt 0.81635 0.38093
vt 0.79475 0.36002
vt 0.91291 0.36130
vt 0.79475 0.36002
vt 0.92316 0.33540
vt 0.87687 0.44376
vt 0.85536 0.42002
vt 0.88926 0.41678
vt 0.88926 0.41678
vt 0.85536 0.42002
vt 0.83153 0.39633
vt 0.88926 0.41678
vt 0.83153 0.39633
vt 0.90253 0.38651
vt 0.90253 0.38651
vt 0.83153 0.39633
vt 0.81635 0.38093
vt 0.87687 0.44376
vt 0.85536 0.42002
vt 0.88926 0.41678
vt 0.88926 0.41678
vt 0.85536 0.42002
vt 0.83153 0.39633
vt 0.88926 0.41678
vt 0.83153 0.39633
vt 0.90253 0.38651
vt 0.90253 0.38651
vt 0.83153 0.39633
vt 0.81635 0.38093
vt 0.90253 0.38651
vt 0.81635 0.38093
vt 0.91291 0.36130
vt 0.83153 0.39633
vt 0.88926 0.41678
vt 0.85536 0.42002
vt 0.85536 0.42002
vt 0.88926 0.41678
vt 0.87687 0.44376
vt 0.87687 0.44376
vt 0.85536 0.42002
vt 0.88926 0.41678
vt 0.88926 0.41678
vt 0.85536 0.42002
vt 0.83153 0.39633
vt 0.88926 0.41678
vt 0.83153 0.39633
vt 0.90253 0.38651
vt 0.87687 0.44376
vt 0.85536 0.42002
vt 0.88926 0.41678
vt 0.88926 0.41678
vt 0.85536 0.42002
vt 0.83153 0.39633
vt 0.88926 0.41678
vt 0.83153 0.39633
vt 0.90253 0.38651
vt 0.87687 0.44376
vt 0.85536 0.42002
vt 0.88926 0.41678
vt 0.88926 0.41678
vt 0.85536 0.42002
vt 0.83153 0.39633
vt 0.88926 0.41678
vt 0.83153 0.39633
vt 0.90253 0.38651
vt 0.90253 0.38651
vt 0.83153 0.39633
vt 0.81635 0.38093
vt 0.90253 0.38651
vt 0.81635 0.38093
vt 0.91291 0.36130
vt 0.91291 0.36130
vt 0.81635 0.38093
vt 0.79475 0.36002
vt 0.87687 0.44376
vt 0.85536 0.42002
vt 0.88926 0.41678
vt 0.88926 0.41678
vt 0.85536 0.42002
vt 0.83153 0.39633
vt 0.88926 0.41678
vt 0.83153 0.39633
vt 0.90253 0.38651
vt 0.90253 0.38651
vt 0.83153 0.39633
vt 0.81635 0.38093
vt 0.87687 0.44376
vt 0.85536 0.42002
vt 0.88926 0.41678
vt 0.88926 0.41678
vt 0.85536 0.42002
vt 0.83153 0.39633
vt 0.88926 0.41678
vt 0.83153 0.39633
vt 0.90253 0.38651
vt 0.90253 0.38651
vt 0.83153 0.39633
vt 0.81635 0.38093
vt 0.90253 0.38651
vt 0.81635 0.38093
vt 0.91291 0.36130
vt 0.88926 0.41678
vt 0.83153 0.39633
vt 0.90253 0.38651
vt 0.90253 0.38651
vt 0.83153 0.39633
vt 0.81635 0.38093
vt 0.90253 0.38651
vt 0.81635 0.38093
vt 0.91291 0.36130
vt 0.83153 0.39633
vt 0.88926 0.41678
vt 0.85536 0.42002
vt 0.85536 0.42002
vt 0.88926 0.41678
vt 0.87687 0.44376
vt 0.87687 0.44376
vt 0.85536 0.42002
vt 0.88926 0.41678
vt 0.88926 0.41678
vt 0.85536 0.42002
vt 0.83153 0.39633
vt 0.88926 0.41678
vt 0.83153 0.39633
vt 0.90253 0.38651
vt 0.88166 0.44722
vt 0.89341 0.41833
vt 0.91166 0.44510
vt 0.91166 0.44510
vt 0.89341 0.41833
vt 0.90631 0.38640
vt 0.91166 0.44510
vt 0.90631 0.38640
vt 0.94453 0.44168
vt 0.94453 0.44168
vt 0.90631 0.38640
vt 0.91626 0.36176
vt 0.94453 0.44168
vt 0.91626 0.36176
vt 0.97158 0.43825
vt 0.97158 0.43825
vt 0.91626 0.36176
vt 0.92622 0.33711
vt 0.88166 0.44722
vt 0.89341 0.41833
vt 0.91166 0.44510
vt 0.91166 0.44510
vt 0.89341 0.41833
vt 0.90631 0.38640
vt 0.91166 0.44510
vt 0.90631 0.38640
vt 0.94453 0.44168
vt 0.94453 0.44168
vt 0.90631 0.38640
vt 0.91626 0.36176
vt 0.94453 0.44168
vt 0.91626 0.36176
vt 0.97158 0.43825
vt 0.97158 0.43825
vt 0.91626 0.36176
vt 0.92622 0.33711
vt 0.88166 0.44722
vt 0.89341 0.41833
vt 0.91166 0.44510
vt 0.91166 0.44510
vt 0.89341 0.41833
vt 0.90631 0.38640
vt 0.91166 0.44510
vt 0.90631 0.38640
vt 0.94453 0.44168
vt 0.94453 0.44168
vt 0.90631 0.38640
vt 0.91626 0.36176
vt 0.94453 0.44168
vt 0.91626 0.36176
vt 0.97158 0.43825
vt 0.88166 0.44722
vt 0.89341 0.41833
vt 0.91166 0.44510
vt 0.91166 0.44510
vt 0.89341 0.41833
vt 0.90631 0.38640
vt 0.91166 0.44510
vt 0.90631 0.38640
vt 0.94453 0.44168
vt 0.94453 0.44168
vt 0.90631 0.38640
vt 0.91626 0.36176
vt 0.94453 0.44168
vt 0.91626 0.36176
vt 0.97158 0.43825
vt 0.88166 0.44722
vt 0.89341 0.41833
vt 0.91166 0.44510
vt 0.91166 0.44510
vt 0.89341 0.41833
vt 0.90631 0.38640
vt 0.91166 0.44510
vt 0.90631 0.38640
vt 0.94453 0.44168
vt 0.94453 0.44168
vt 0.90631 0.38640
vt 0.91626 0.36176
vt 0.94453 0.44168
vt 0.91626 0.36176
vt 0.97158 0.43825
vt 0.88166 0.44722
vt 0.89341 0.41833
vt 0.91166 0.44510
vt 0.91166 0.44510
vt 0.89341 0.41833
vt 0.90631 0.38640
vt 0.91166 0.44510
vt 0.90631 0.38640
vt 0.94453 0.44168
vt 0.94453 0.44168
vt 0.90631 0.38640
vt 0.91626 0.36176
vt 0.88166 0.44722
vt 0.89341 0.41833
vt 0.91166 0.44510
vt 0.91166 0.44510
vt 0.89341 0.41833
vt 0.90631 0.38640
vt 0.91166 0.44510
vt 0.90631 0.38640
vt 0.94453 0.44168
vt 0.94453 0.44168
vt 0.90631 0.38640
vt 0.91626 0.36176
vt 0.94453 0.44168
vt 0.91626 0.36176
vt 0.97158 0.43825
vt 0.88166 0.44722
vt 0.89341 0.41833
vt 0.91166 0.44510
vt 0.91166 0.44510
vt 0.89341 0.41833
vt 0.90631 0.38640
vt 0.91166 0.44510
vt 0.90631 0.38640
vt 0.94453 0.44168
vt 0.87687 0.44376
vt 0.85536 0.42002
vt 0.88926 0.41678
vt 0.88926 0.41678
vt 0.85536 0.42002
vt 0.83153 0.39633
vt 0.88926 0.41678
vt 0.83153 0.39633
vt 0.90253 0.38651
vt 0.90253 0.38651
vt 0.83153 0.39633
vt 0.81635 0.38093
vt 0.87687 0.44376
vt 0.85536 0.42002
vt 0.88926 0.41678
vt 0.88926 0.41678
vt 0.85536 0.42002
vt 0.83153 0.39633
vt 0.88926 0.41678
vt 0.83153 0.39633
vt 0.90253 0.38651
vt 0.90253 0.38651
vt 0.83153 0.39633
vt 0.81635 0.38093
vt 0.90253 0.38651
vt 0.81635 0.38093
vt 0.91291 0.36130
vt 0.87687 0.44376
vt 0.85536 0.42002
vt 0.88926 0.41678
vt 0.88926 0.41678
vt 0.85536 0.42002
vt 0.83153 0.39633
vt 0.88926 0.41678
vt 0.83153 0.39633
vt 0.90253 0.38651
vt 0.90253 0.38651
vt 0.83153 0.39633
vt 0.81635 0.38093
vt 0.90253 0.38651
vt 0.81635 0.38093
vt 0.91291 0.36130
vt 0.87687 0.44376
vt 0.85536 0.42002
vt 0.88926 0.41678
vt 0.88926 0.41678
vt 0.85536 0.42002
vt 0.83153 0.39633
vt 0.88926 0.41678
vt 0.83153 0.39633
vt 0.90253 0.38651
vt 0.90253 0.38651
vt 0.83153 0.39633
vt 0.81635 0.38093
vt 0.90253 0.38651
vt 0.81635 0.38093
vt 0.91291 0.36130
vt 0.87687 0.44376
vt 0.85536 0.42002
vt 0.88926 0.41678
vt 0.88926 0.41678
vt 0.85536 0.42002
vt 0.83153 0.39633
vt 0.88926 0.41678
vt 0.83153 0.39633
vt 0.90253 0.38651
vt 0.87687 0.44376
vt 0.85536 0.42002
vt 0.88926 0.41678
vt 0.88926 0.41678
vt 0.85536 0.42002
vt 0.83153 0.39633
vt 0.88926 0.41678
vt 0.83153 0.39633
vt 0.90253 0.38651
vt 0.87687 0.44376
vt 0.85536 0.42002
vt 0.88926 0.41678
vt 0.88926 0.41678
vt 0.85536 0.42002
vt 0.83153 0.39633
vt 0.88926 0.41678
vt 0.83153 0.39633
vt 0.90253 0.38651
vt 0.87687 0.44376
vt 0.85536 0.42002
vt 0.88926 0.41678
vt 0.88926 0.41678
vt 0.85536 0.42002
vt 0.83153 0.39633
vt 0.88926 0.41678
vt 0.83153 0.39633
vt 0.90253 0.38651
vt 0.88166 0.44722
vt 0.89341 0.41833
vt 0.91166 0.44510
vt 0.91166 0.44510
vt 0.89341 0.41833
vt 0.90631 0.38640
vt 0.91166 0.44510
vt 0.90631 0.38640
vt 0.94453 0.44168
vt 0.94453 0.44168
vt 0.90631 0.38640
vt 0.91626 0.36176
vt 0.88166 0.44722
vt 0.89341 0.41833
vt 0.91166 0.44510
vt 0.91166 0.44510
vt 0.89341 0.41833
vt 0.90631 0.38640
vt 0.91166 0.44510
vt 0.90631 0.38640
vt 0.94453 0.44168
vt 0.94453 0.44168
vt 0.90631 0.38640
vt 0.91626 0.36176
vt 0.88166 0.44722
vt 0.89341 0.41833
vt 0.91166 0.44510
vt 0.91166 0.44510
vt 0.89341 0.41833
vt 0.90631 0.38640
vt 0.91166 0.44510
vt 0.90631 0.38640
vt 0.94453 0.44168
vt 0.94453 0.44168
vt 0.90631 0.38640
vt 0.91626 0.36176
vt 0.94453 0.44168
vt 0.91626 0.36176
vt 0.97158 0.43825
vt 0.88166 0.44722
vt 0.89341 0.41833
vt 0.91166 0.44510
vt 0.91166 0.44510
vt 0.89341 0.41833
vt 0.90631 0.38640
vt 0.91166 0.44510
vt 0.90631 0.38640
vt 0.94453 0.44168
vt 0.94453 0.44168
vt 0.90631 0.38640
vt 0.91626 0.36176
vt 0.88166 0.44722
vt 0.89341 0.41833
vt 0.91166 0.44510
vt 0.91166 0.44510
vt 0.89341 0.41833
vt 0.90631 0.38640
vt 0.91166 0.44510
vt 0.90631 0.38640
vt 0.94453 0.44168
vt 0.90631 0.38640
vt 0.91166 0.44510
vt 0.89341 0.41833
vt 0.89341 0.41833
vt 0.91166 0.44510
vt 0.88166 0.44722
vt 0.88166 0.44722
vt 0.89341 0.41833
vt 0.91166 0.44510
vt 0.91166 0.44510
vt 0.89341 0.41833
vt 0.90631 0.38640
vt 0.91166 0.44510
vt 0.90631 0.38640
vt 0.94453 0.44168
vt 0.88166 0.44722
vt 0.89341 0.41833
vt 0.91166 0.44510
vt 0.91166 0.44510
vt 0.89341 0.41833
vt 0.90631 0.38640
vt 0.91166 0.44510
vt 0.90631 0.38640
vt 0.94453 0.44168
vt 0.94453 0.44168
vt 0.90631 0.38640
vt 0.91626 0.36176
vt 0.94453 0.44168
vt 0.91626 0.36176
vt 0.97158 0.43825
vt 0.97158 0.43825
vt 0.91626 0.36176
vt 0.92622 0.33711
vt 0.88166 0.44722
vt 0.89341 0.41833
vt 0.91166 0.44510
vt 0.91166 0.44510
vt 0.89341 0.41833
vt 0.90631 0.38640
vt 0.91166 0.44510
vt 0.90631 0.38640
vt 0.94453 0.44168
vt 0.94453 0.44168
vt 0.90631 0.38640
vt 0.91626 0.36176
vt 0.94453 0.44168
vt 0.91626 0.36176
vt 0.97158 0.43825
vt 0.97158 0.43825
vt 0.91626 0.36176
vt 0.92622 0.33711
vt 0.88166 0.44722
vt 0.89341 0.41833
vt 0.91166 0.44510
vt 0.91166 0.44510
vt 0.89341 0.41833
vt 0.90631 0.38640
vt 0.91166 0.44510
vt 0.90631 0.38640
vt 0.94453 0.44168
vt 0.94453 0.44168
vt 0.90631 0.38640
vt 0.91626 0.36176
vt 0.88166 0.44722
vt 0.89341 0.41833
vt 0.91166 0.44510
vt 0.91166 0.44510
vt 0.89341 0.41833
vt 0.90631 0.38640
vt 0.91166 0.44510
vt 0.90631 0.38640
vt 0.94453 0.44168
vt 0.94453 0.44168
vt 0.90631 0.38640
vt 0.91626 0.36176
vt 0.94453 0.44168
vt 0.91626 0.36176
vt 0.97158 0.43825
vt 0.88166 0.44722
vt 0.89341 0.41833
vt 0.91166 0.44510
vt 0.91166 0.44510
vt 0.89341 0.41833
vt 0.90631 0.38640
vt 0.91166 0.44510
vt 0.90631 0.38640
vt 0.94453 0.44168
vt 0.88166 0.44722
vt 0.89341 0.41833
vt 0.91166 0.44510
vt 0.91166 0.44510
vt 0.89341 0.41833
vt 0.90631 0.38640
vt 0.91166 0.44510
vt 0.90631 0.38640
vt 0.94453 0.44168
vt 0.90631 0.38640
vt 0.91166 0.44510
vt 0.89341 0.41833
vt 0.89341 0.41833
vt 0.91166 0.44510
vt 0.88166 0.44722
vt 0.88166 0.44722
vt 0.89341 0.41833
vt 0.91166 0.44510
vt 0.91166 0.44510
vt 0.89341 0.41833
vt 0.90631 0.38640
vt 0.91166 0.44510
vt 0.90631 0.38640
vt 0.94453 0.44168
vt 0.87687 0.44376
vt 0.85536 0.42002
vt 0.88926 0.41678
vt 0.88926 0.41678
vt 0.85536 0.42002
vt 0.83153 0.39633
vt 0.88926 0.41678
vt 0.83153 0.39633
vt 0.90253 0.38651
vt 0.90253 0.38651
vt 0.83153 0.39633
vt 0.81635 0.38093
vt 0.90253 0.38651
vt 0.81635 0.38093
vt 0.91291 0.36130
vt 0.91291 0.36130
vt 0.81635 0.38093
vt 0.79475 0.36002
vt 0.87687 0.44376
vt 0.85536 0.42002
vt 0.88926 0.41678
vt 0.88926 0.41678
vt 0.85536 0.42002
vt 0.83153 0.39633
vt 0.88926 0.41678
vt 0.83153 0.39633
vt 0.90253 0.38651
vt 0.90253 0.38651
vt 0.83153 0.39633
vt 0.81635 0.38093
vt 0.90253 0.38651
vt 0.81635 0.38093
vt 0.91291 0.36130
vt 0.91291 0.36130
vt 0.81635 0.38093
vt 0.79475 0.36002
vt 0.91291 0.36130
vt 0.79475 0.36002
vt 0.92316 0.33540
vt 0.87687 0.44376
vt 0.85536 0.42002
vt 0.88926 0.41678
vt 0.88926 0.41678
vt 0.85536 0.42002
vt 0.83153 0.39633
vt 0.88926 0.41678
vt 0.83153 0.39633
vt 0.90253 0.38651
vt 0.90253 0.38651
vt 0.83153 0.39633
vt 0.81635 0.38093
vt 0.90253 0.38651
vt 0.81635 0.38093
vt 0.91291 0.36130
vt 0.87687 0.44376
vt 0.85536 0.42002
vt 0.88926 0.41678
vt 0.88926 0.41678
vt 0.85536 0.42002
vt 0.83153 0.39633
vt 0.88926 0.41678
vt 0.83153 0.39633
vt 0.90253 0.38651
vt 0.90253 0.38651
vt 0.83153 0.39633
vt 0.81635 0.38093
vt 0.87687 0.44376
vt 0.85536 0.42002
vt 0.88926 0.41678
vt 0.88926 0.41678
vt 0.85536 0.42002
vt 0.83153 0.39633
vt 0.88926 0.41678
vt 0.83153 0.39633
vt 0.90253 0.38651
vt 0.90253 0.38651
vt 0.83153 0.39633
vt 0.81635 0.38093
vt 0.90253 0.38651
vt 0.81635 0.38093
vt 0.91291 0.36130
vt 0.87687 0.44376
vt 0.85536 0.42002
vt 0.88926 0.41678
vt 0.88926 0.41678
vt 0.85536 0.42002
vt 0.83153 0.39633
vt 0.88926 0.41678
vt 0.83153 0.39633
vt 0.90253 0.38651
vt 0.90253 0.38651
vt 0.83153 0.39633
vt 0.81635 0.38093
vt 0.90253 0.38651
vt 0.81635 0.38093
vt 0.91291 0.36130
vt 0.87687 0.44376
vt 0.85536 0.42002
vt 0.88926 0.41678
vt 0.88926 0.41678
vt 0.85536 0.42002
vt 0.83153 0.39633
vt 0.88926 0.41678
vt 0.83153 0.39633
vt 0.90253 0.38651
vt 0.87687 0.44376
vt 0.85536 0.42002
vt 0.88926 0.41678
vt 0.88926 0.41678
vt 0.85536 0.42002
vt 0.83153 0.39633
vt 0.88926 0.41678
vt 0.83153 0.39633
vt 0.90253 0.38651
vt 0.87687 0.44376
vt 0.85536 0.42002
vt 0.88926 0.41678
vt 0.88926 0.41678
vt 0.85536 0.42002
vt 0.83153 0.39633
vt 0.88926 0.41678
vt 0.83153 0.39633
vt 0.90253 0.38651
vt 0.90253 0.38651
vt 0.83153 0.39633
vt 0.81635 0.38093
vt 0.90253 0.38651
vt 0.81635 0.38093
vt 0.91291 0.36130
vt 0.91291 0.36130
vt 0.81635 0.38093
vt 0.79475 0.36002
vt 0.87687 0.44376
vt 0.85536 0.42002
vt 0.88926 0.41678
vt 0.88926 0.41678
vt 0.85536 0.42002
vt 0.83153 0.39633
vt 0.88926 0.41678
vt 0.83153 0.39633
vt 0.90253 0.38651
vt 0.90253 0.38651
vt 0.83153 0.39633
vt 0.81635 0.38093
vt 0.90253 0.38651
vt 0.81635 0.38093
vt 0.91291 0.36130
vt 0.91291 0.36130
vt 0.81635 0.38093
vt 0.79475 0.36002
vt 0.91291 0.36130
vt 0.79475 0.36002
vt 0.92316 0.33540
vt 0.87687 0.44376
vt 0.85536 0.42002
vt 0.88926 0.41678
vt 0.88926 0.41678
vt 0.85536 0.42002
vt 0.83153 0.39633
vt 0.88926 0.41678
vt 0.83153 0.39633
vt 0.90253 0.38651
vt 0.90253 0.38651
vt 0.83153 0.39633
vt 0.81635 0.38093
vt 0.90253 0.38651
vt 0.81635 0.38093
vt 0.91291 0.36130
vt 0.87687 0.44376
vt 0.85536 0.42002
vt 0.88926 0.41678
vt 0.88926 0.41678
vt 0.85536 0.42002
vt 0.83153 0.39633
vt 0.88926 0.41678
vt 0.83153 0.39633
vt 0.90253 0.38651
vt 0.90253 0.38651
vt 0.83153 0.39633
vt 0.81635 0.38093
vt 0.90253 0.38651
vt 0.81635 0.38093
vt 0.91291 0.36130
vt 0.87687 0.44376
vt 0.85536 0.42002
vt 0.88926 0.41678
vt 0.88926 0.41678
vt 0.85536 0.42002
vt 0.83153 0.39633
vt 0.88926 0.41678
vt 0.83153 0.39633
vt 0.90253 0.38651
vt 0.90253 0.38651
vt 0.83153 0.39633
vt 0.81635 0.38093
vt 0.90253 0.38651
vt 0.81635 0.38093
vt 0.91291 0.36130
vt 0.87687 0.44376
vt 0.85536 0.42002
vt 0.88926 0.41678
vt 0.88926 0.41678
vt 0.85536 0.42002
vt 0.83153 0.39633
vt 0.88926 0.41678
vt 0.83153 0.39633
vt 0.90253 0.38651
vt 0.90253 0.38651
vt 0.83153 0.39633
vt 0.81635 0.38093
vt 0.90253 0.38651
vt 0.81635 0.38093
vt 0.91291 0.36130
vt 0.87687 0.44376
vt 0.85536 0.42002
vt 0.88926 0.41678
vt 0.88926 0.41678
vt 0.85536 0.42002
vt 0.83153 0.39633
vt 0.88926 0.41678
vt 0.83153 0.39633
vt 0.90253 0.38651
vt 0.90253 0.38651
vt 0.83153 0.39633
vt 0.81635 0.38093
vt 0.90253 0.38651
vt 0.81635 0.38093
vt 0.91291 0.36130
vt 0.87687 0.44376
vt 0.85536 0.42002
vt 0.88926 0.41678
vt 0.88926 0.41678
vt 0.85536 0.42002
vt 0.83153 0.39633
vt 0.88926 0.41678
vt 0.83153 0.39633
vt 0.90253 0.38651
vt 0.90253 0.38651
vt 0.83153 0.39633
vt 0.81635 0.38093
vt 0.90253 0.38651
vt 0.81635 0.38093
vt 0.91291 0.36130
vt 0.87687 0.44376
vt 0.85536 0.42002
vt 0.88926 0.41678
vt 0.88926 0.41678
vt 0.85536 0.42002
vt 0.83153 0.39633
vt 0.88926 0.41678
vt 0.83153 0.39633
vt 0.90253 0.38651
vt 0.90253 0.38651
vt 0.83153 0.39633
vt 0.81635 0.38093
vt 0.90253 0.38651
vt 0.81635 0.38093
vt 0.91291 0.36130
vt 0.91291 0.36130
vt 0.81635 0.38093
vt 0.79475 0.36002
vt 0.87687 0.44376
vt 0.85536 0.42002
vt 0.88926 0.41678
vt 0.88926 0.41678
vt 0.85536 0.42002
vt 0.83153 0.39633
vt 0.88926 0.41678
vt 0.83153 0.39633
vt 0.90253 0.38651
vt 0.90253 0.38651
vt 0.83153 0.39633
vt 0.81635 0.38093
vt 0.90253 0.38651
vt 0.81635 0.38093
vt 0.91291 0.36130
vt 0.91291 0.36130
vt 0.81635 0.38093
vt 0.79475 0.36002
vt 0.91291 0.36130
vt 0.79475 0.36002
vt 0.92316 0.33540
vt 0.87687 0.44376
vt 0.85536 0.42002
vt 0.88926 0.41678
vt 0.88926 0.41678
vt 0.85536 0.42002
vt 0.83153 0.39633
vt 0.88926 0.41678
vt 0.83153 0.39633
vt 0.90253 0.38651
vt 0.90253 0.38651
vt 0.83153 0.39633
vt 0.81635 0.38093
vt 0.90253 0.38651
vt 0.81635 0.38093
vt 0.91291 0.36130
vt 0.91291 0.36130
vt 0.81635 0.38093
vt 0.79475 0.36002
vt 0.87687 0.44376
vt 0.85536 0.42002
vt 0.88926 0.41678
vt 0.88926 0.41678
vt 0.85536 0.42002
vt 0.83153 0.39633
vt 0.88926 0.41678
vt 0.83153 0.39633
vt 0.90253 0.38651
vt 0.90253 0.38651
vt 0.83153 0.39633
vt 0.81635 0.38093
vt 0.90253 0.38651
vt 0.81635 0.38093
vt 0.91291 0.36130
vt 0.87687 0.44376
vt 0.85536 0.42002
vt 0.88926 0.41678
vt 0.88926 0.41678
vt 0.85536 0.42002
vt 0.83153 0.39633
vt 0.88926 0.41678
vt 0.83153 0.39633
vt 0.90253 0.38651
vt 0.90253 0.38651
vt 0.83153 0.39633
vt 0.81635 0.38093
vt 0.87687 0.44376
vt 0.85536 0.42002
vt 0.88926 0.41678
vt 0.88926 0.41678
vt 0.85536 0.42002
vt 0.83153 0.39633
vt 0.88926 0.41678
vt 0.83153 0.39633
vt 0.90253 0.38651
vt 0.90253 0.38651
vt 0.83153 0.39633
vt 0.81635 0.38093
vt 0.90253 0.38651
vt 0.81635 0.38093
vt 0.91291 0.36130
vt 0.87687 0.44376
vt 0.85536 0.42002
vt 0.88926 0.41678
vt 0.88926 0.41678
vt 0.85536 0.42002
vt 0.83153 0.39633
vt 0.88926 0.41678
vt 0.83153 0.39633
vt 0.90253 0.38651
vt 0.87687 0.44376
vt 0.85536 0.42002
vt 0.88926 0.41678
vt 0.88926 0.41678
vt 0.85536 0.42002
vt 0.83153 0.39633
vt 0.88926 0.41678
vt 0.83153 0.39633
vt 0.90253 0.38651
vt 0.87687 0.44376
vt 0.85536 0.42002
vt 0.88926 0.41678
vt 0.88926 0.41678
vt 0.85536 0.42002
vt 0.83153 0.39633
vt 0.88926 0.41678
vt 0.83153 0.39633
vt 0.90253 0.38651
vt 0.90253 0.38651
vt 0.83153 0.39633
vt 0.81635 0.38093
vt 0.87687 0.44376
vt 0.85536 0.42002
vt 0.88926 0.41678
vt 0.88926 0.41678
vt 0.85536 0.42002
vt 0.83153 0.39633
vt 0.88926 0.41678
vt 0.83153 0.39633
vt 0.90253 0.38651
vt 0.90253 0.38651
vt 0.83153 0.39633
vt 0.81635 0.38093
vt 0.90253 0.38651
vt 0.81635 0.38093
vt 0.91291 0.36130
vt 0.87687 0.44376
vt 0.85536 0.42002
vt 0.88926 0.41678
vt 0.88926 0.41678
vt 0.85536 0.42002
vt 0.83153 0.39633
vt 0.88926 0.41678
vt 0.83153 0.39633
vt 0.90253 0.38651
vt 0.90253 0.38651
vt 0.83153 0.39633
vt 0.81635 0.38093
vt 0.90253 0.38651
vt 0.81635 0.38093
vt 0.91291 0.36130
vt 0.87687 0.44376
vt 0.85536 0.42002
vt 0.88926 0.41678
vt 0.88926 0.41678
vt 0.85536 0.42002
vt 0.83153 0.39633
vt 0.88926 0.41678
vt 0.83153 0.39633
vt 0.90253 0.38651
vt 0.90253 0.38651
vt 0.83153 0.39633
vt 0.81635 0.38093
vt 0.90253 0.38651
vt 0.81635 0.38093
vt 0.91291 0.36130
vt 0.87687 0.44376
vt 0.85536 0.42002
vt 0.88926 0.41678
vt 0.88926 0.41678
vt 0.85536 0.42002
vt 0.83153 0.39633
vt 0.88926 0.41678
vt 0.83153 0.39633
vt 0.90253 0.38651
vt 0.90253 0.38651
vt 0.83153 0.39633
vt 0.81635 0.38093
vt 0.87687 0.44376
vt 0.85536 0.42002
vt 0.88926 0.41678
vt 0.88926 0.41678
vt 0.85536 0.42002
vt 0.83153 0.39633
vt 0.88926 0.41678
vt 0.83153 0.39633
vt 0.90253 0.38651
vt 0.87687 0.44376
vt 0.85536 0.42002
vt 0.88926 0.41678
vt 0.88926 0.41678
vt 0.85536 0.42002
vt 0.83153 0.39633
vt 0.88926 0.41678
vt 0.83153 0.39633
vt 0.90253 0.38651
vt 0.87687 0.44376
vt 0.85536 0.42002
vt 0.88926 0.41678
vt 0.88926 0.41678
vt 0.85536 0.42002
vt 0.83153 0.39633
vt 0.88926 0.41678
vt 0.83153 0.39633
vt 0.90253 0.38651
vt 0.87687 0.44376
vt 0.85536 0.42002
vt 0.88926 0.41678
vt 0.88926 0.41678
vt 0.85536 0.42002
vt 0.83153 0.39633
vt 0.88926 0.41678
vt 0.83153 0.39633
vt 0.90253 0.38651
vt 0.90253 0.38651
vt 0.83153 0.39633
vt 0.81635 0.38093
vt 0.87687 0.44376
vt 0.85536 0.42002
vt 0.88926 0.41678
vt 0.88926 0.41678
vt 0.85536 0.42002
vt 0.83153 0.39633
vt 0.88926 0.41678
vt 0.83153 0.39633
vt 0.90253 0.38651
vt 0.90253 0.38651
vt 0.83153 0.39633
vt 0.81635 0.38093
vt 0.90253 0.38651
vt 0.81635 0.38093
vt 0.91291 0.36130
vt 0.87687 0.44376
vt 0.85536 0.42002
vt 0.88926 0.41678
vt 0.88926 0.41678
vt 0.85536 0.42002
vt 0.83153 0.39633
vt 0.88926 0.41678
vt 0.83153 0.39633
vt 0.90253 0.38651
vt 0.87687 0.44376
vt 0.85536 0.42002
vt 0.88926 0.41678
vt 0.88926 0.41678
vt 0.85536 0.42002
vt 0.83153 0.39633
vt 0.88926 0.41678
vt 0.83153 0.39633
vt 0.90253 0.38651
vt 0.87687 0.44376
vt 0.85536 0.42002
vt 0.88926 0.41678
vt 0.88926 0.41678
vt 0.85536 0.42002
vt 0.83153 0.39633
vt 0.88926 0.41678
vt 0.83153 0.39633
vt 0.90253 0.38651
vt 0.87687 0.44376
vt 0.85536 0.42002
vt 0.88926 0.41678
vt 0.88926 0.41678
vt 0.85536 0.42002
vt 0.83153 0.39633
vt 0.88926 0.41678
vt 0.83153 0.39633
vt 0.90253 0.38651
vt 0.87687 0.44376
vt 0.85536 0.42002
vt 0.88926 0.41678
vt 0.88926 0.41678
vt 0.85536 0.42002
vt 0.83153 0.39633
vt 0.88926 0.41678
vt 0.83153 0.39633
vt 0.90253 0.38651
vt 0.87687 0.44376
vt 0.85536 0.42002
vt 0.88926 0.41678
vt 0.88926 0.41678
vt 0.85536 0.42002
vt 0.83153 0.39633
vt 0.88926 0.41678
vt 0.83153 0.39633
vt 0.90253 0.38651
vt 0.88166 0.44722
vt 0.89341 0.41833
vt 0.91166 0.44510
vt 0.91166 0.44510
vt 0.89341 0.41833
vt 0.90631 0.38640
vt 0.91166 0.44510
vt 0.90631 0.38640
vt 0.94453 0.44168
vt 0.94453 0.44168
vt 0.90631 0.38640
vt 0.91626 0.36176
vt 0.94453 0.44168
vt 0.91626 0.36176
vt 0.97158 0.43825
vt 0.88166 0.44722
vt 0.89341 0.41833
vt 0.91166 0.44510
vt 0.91166 0.44510
vt 0.89341 0.41833
vt 0.90631 0.38640
vt 0.91166 0.44510
vt 0.90631 0.38640
vt 0.94453 0.44168
vt 0.94453 0.44168
vt 0.90631 0.38640
vt 0.91626 0.36176
vt 0.94453 0.44168
vt 0.91626 0.36176
vt 0.97158 0.43825
vt 0.88166 0.44722
vt 0.89341 0.41833
vt 0.91166 0.44510
vt 0.91166 0.44510
vt 0.89341 0.41833
vt 0.90631 0.38640
vt 0.91166 0.44510
vt 0.90631 0.38640
vt 0.94453 0.44168
vt 0.94453 0.44168
vt 0.90631 0.38640
vt 0.91626 0.36176
vt 0.94453 0.44168
vt 0.91626 0.36176
vt 0.97158 0.43825
vt 0.88166 0.44722
vt 0.89341 0.41833
vt 0.91166 0.44510
vt 0.91166 0.44510
vt 0.89341 0.41833
vt 0.90631 0.38640
vt 0.91166 0.44510
vt 0.90631 0.38640
vt 0.94453 0.44168
vt 0.94453 0.44168
vt 0.90631 0.38640
vt 0.91626 0.36176
vt 0.94453 0.44168
vt 0.91626 0.36176
vt 0.97158 0.43825
vt 0.88166 0.44722
vt 0.89341 0.41833
vt 0.91166 0.44510
vt 0.91166 0.44510
vt 0.89341 0.41833
vt 0.90631 0.38640
vt 0.91166 0.44510
vt 0.90631 0.38640
vt 0.94453 0.44168
vt 0.94453 0.44168
vt 0.90631 0.38640
vt 0.91626 0.36176
vt 0.94453 0.44168
vt 0.91626 0.36176
vt 0.97158 0.43825
vt 0.88166 0.44722
vt 0.89341 0.41833
vt 0.91166 0.44510
vt 0.91166 0.44510
vt 0.89341 0.41833
vt 0.90631 0.38640
vt 0.91166 0.44510
vt 0.90631 0.38640
vt 0.94453 0.44168
vt 0.94453 0.44168
vt 0.90631 0.38640
vt 0.91626 0.36176
vt 0.94453 0.44168
vt 0.91626 0.36176
vt 0.97158 0.43825
vt 0.88166 0.44722
vt 0.89341 0.41833
vt 0.91166 0.44510
vt 0.91166 0.44510
vt 0.89341 0.41833
vt 0.90631 0.38640
vt 0.91166 0.44510
vt 0.90631 0.38640
vt 0.94453 0.44168
vt 0.94453 0.44168
vt 0.90631 0.38640
vt 0.91626 0.36176
vt 0.94453 0.44168
vt 0.91626 0.36176
vt 0.97158 0.43825
vt 0.88166 0.44722
vt 0.89341 0.41833
vt 0.91166 0.44510
vt 0.91166 0.44510
vt 0.89341 0.41833
vt 0.90631 0.38640
vt 0.91166 0.44510
vt 0.90631 0.38640
vt 0.94453 0.44168
vt 0.94453 0.44168
vt 0.90631 0.38640
vt 0.91626 0.36176
vt 0.94453 0.44168
vt 0.91626 0.36176
vt 0.97158 0.43825
vt 0.87687 0.44376
vt 0.85536 0.42002
vt 0.88926 0.41678
vt 0.88926 0.41678
vt 0.85536 0.42002
vt 0.83153 0.39633
vt 0.88926 0.41678
vt 0.83153 0.39633
vt 0.90253 0.38651
vt 0.90253 0.38651
vt 0.83153 0.39633
vt 0.81635 0.38093
vt 0.90253 0.38651
vt 0.81635 0.38093
vt 0.91291 0.36130
vt 0.91291 0.36130
vt 0.81635 0.38093
vt 0.79475 0.36002
vt 0.87687 0.44376
vt 0.85536 0.42002
vt 0.88926 0.41678
vt 0.88926 0.41678
vt 0.85536 0.42002
vt 0.83153 0.39633
vt 0.88926 0.41678
vt 0.83153 0.39633
vt 0.90253 0.38651
vt 0.90253 0.38651
vt 0.83153 0.39633
vt 0.81635 0.38093
vt 0.90253 0.38651
vt 0.81635 0.38093
vt 0.91291 0.36130
vt 0.87687 0.44376
vt 0.85536 0.42002
vt 0.88926 0.41678
vt 0.88926 0.41678
vt 0.85536 0.42002
vt 0.83153 0.39633
vt 0.88926 0.41678
vt 0.83153 0.39633
vt 0.90253 0.38651
vt 0.90253 0.38651
vt 0.83153 0.39633
vt 0.81635 0.38093
vt 0.90253 0.38651
vt 0.81635 0.38093
vt 0.91291 0.36130
vt 0.87687 0.44376
vt 0.85536 0.42002
vt 0.88926 0.41678
vt 0.88926 0.41678
vt 0.85536 0.42002
vt 0.83153 0.39633
vt 0.88926 0.41678
vt 0.83153 0.39633
vt 0.90253 0.38651
vt 0.90253 0.38651
vt 0.83153 0.39633
vt 0.81635 0.38093
vt 0.90253 0.38651
vt 0.81635 0.38093
vt 0.91291 0.36130
vt 0.87687 0.44376
vt 0.85536 0.42002
vt 0.88926 0.41678
vt 0.88926 0.41678
vt 0.85536 0.42002
vt 0.83153 0.39633
vt 0.88926 0.41678
vt 0.83153 0.39633
vt 0.90253 0.38651
vt 0.90253 0.38651
vt 0.83153 0.39633
vt 0.81635 0.38093
vt 0.90253 0.38651
vt 0.81635 0.38093
vt 0.91291 0.36130
vt 0.87687 0.44376
vt 0.85536 0.42002
vt 0.88926 0.41678
vt 0.88926 0.41678
vt 0.85536 0.42002
vt 0.83153 0.39633
vt 0.88926 0.41678
vt 0.83153 0.39633
vt 0.90253 0.38651
vt 0.90253 0.38651
vt 0.83153 0.39633
vt 0.81635 0.38093
vt 0.90253 0.38651
vt 0.81635 0.38093
vt 0.91291 0.36130
vt 0.87687 0.44376
vt 0.85536 0.42002
vt 0.88926 0.41678
vt 0.88926 0.41678
vt 0.85536 0.42002
vt 0.83153 0.39633
vt 0.88926 0.41678
vt 0.83153 0.39633
vt 0.90253 0.38651
vt 0.90253 0.38651
vt 0.83153 0.39633
vt 0.81635 0.38093
vt 0.90253 0.38651
vt 0.81635 0.38093
vt 0.91291 0.36130
vt 0.87687 0.44376
vt 0.85536 0.42002
vt 0.88926 0.41678
vt 0.88926 0.41678
vt 0.85536 0.42002
vt 0.83153 0.39633
vt 0.88926 0.41678
vt 0.83153 0.39633
vt 0.90253 0.38651
vt 0.90253 0.38651
vt 0.83153 0.39633
vt 0.81635 0.38093
vt 0.90253 0.38651
vt 0.81635 0.38093
vt 0.91291 0.36130
vt 0.87687 0.44376
vt 0.85536 0.42002
vt 0.88926 0.41678
vt 0.88926 0.41678
vt 0.85536 0.42002
vt 0.83153 0.39633
vt 0.88926 0.41678
vt 0.83153 0.39633
vt 0.90253 0.38651
vt 0.90253 0.38651
vt 0.83153 0.39633
vt 0.81635 0.38093
vt 0.90253 0.38651
vt 0.81635 0.38093
vt 0.91291 0.36130
vt 0.91291 0.36130
vt 0.81635 0.38093
vt 0.79475 0.36002
vt 0.87687 0.44376
vt 0.85536 0.42002
vt 0.88926 0.41678
vt 0.88926 0.41678
vt 0.85536 0.42002
vt 0.83153 0.39633
vt 0.88926 0.41678
vt 0.83153 0.39633
vt 0.90253 0.38651
vt 0.90253 0.38651
vt 0.83153 0.39633
vt 0.81635 0.38093
vt 0.90253 0.38651
vt 0.81635 0.38093
vt 0.91291 0.36130
vt 0.87687 0.44376
vt 0.85536 0.42002
vt 0.88926 0.41678
vt 0.88926 0.41678
vt 0.85536 0.42002
vt 0.83153 0.39633
vt 0.88926 0.41678
vt 0.83153 0.39633
vt 0.90253 0.38651
vt 0.90253 0.38651
vt 0.83153 0.39633
vt 0.81635 0.38093
vt 0.90253 0.38651
vt 0.81635 0.38093
vt 0.91291 0.36130
vt 0.87687 0.44376
vt 0.85536 0.42002
vt 0.88926 0.41678
vt 0.88926 0.41678
vt 0.85536 0.42002
vt 0.83153 0.39633
vt 0.88926 0.41678
vt 0.83153 0.39633
vt 0.90253 0.38651
vt 0.90253 0.38651
vt 0.83153 0.39633
vt 0.81635 0.38093
vt 0.90253 0.38651
vt 0.81635 0.38093
vt 0.91291 0.36130
vt 0.87687 0.44376
vt 0.85536 0.42002
vt 0.88926 0.41678
vt 0.88926 0.41678
vt 0.85536 0.42002
vt 0.83153 0.39633
vt 0.88926 0.41678
vt 0.83153 0.39633
vt 0.90253 0.38651
vt 0.90253 0.38651
vt 0.83153 0.39633
vt 0.81635 0.38093
vt 0.90253 0.38651
vt 0.81635 0.38093
vt 0.91291 0.36130
vt 0.87687 0.44376
vt 0.85536 0.42002
vt 0.88926 0.41678
vt 0.88926 0.41678
vt 0.85536 0.42002
vt 0.83153 0.39633
vt 0.88926 0.41678
vt 0.83153 0.39633
vt 0.90253 0.38651
vt 0.90253 0.38651
vt 0.83153 0.39633
vt 0.81635 0.38093
vt 0.90253 0.38651
vt 0.81635 0.38093
vt 0.91291 0.36130
vt 0.87687 0.44376
vt 0.85536 0.42002
vt 0.88926 0.41678
vt 0.88926 0.41678
vt 0.85536 0.42002
vt 0.83153 0.39633
vt 0.88926 0.41678
vt 0.83153 0.39633
vt 0.90253 0.38651
vt 0.90253 0.38651
vt 0.83153 0.39633
vt 0.81635 0.38093
vt 0.90253 0.38651
vt 0.81635 0.38093
vt 0.91291 0.36130
vt 0.87687 0.44376
vt 0.85536 0.42002
vt 0.88926 0.41678
vt 0.88926 0.41678
vt 0.85536 0.42002
vt 0.83153 0.39633
vt 0.88926 0.41678
vt 0.83153 0.39633
vt 0.90253 0.38651
vt 0.90253 0.38651
vt 0.83153 0.39633
vt 0.81635 0.38093
vt 0.90253 0.38651
vt 0.81635 0.38093
vt 0.91291 0.36130
vt 0.88166 0.44722
vt 0.89341 0.41833
vt 0.91166 0.44510
vt 0.91166 0.44510
vt 0.89341 0.41833
vt 0.90631 0.38640
vt 0.91166 0.44510
vt 0.90631 0.38640
vt 0.94453 0.44168
vt 0.94453 0.44168
vt 0.90631 0.38640
vt 0.91626 0.36176
vt 0.94453 0.44168
vt 0.91626 0.36176
vt 0.97158 0.43825
vt 0.88166 0.44722
vt 0.89341 0.41833
vt 0.91166 0.44510
vt 0.91166 0.44510
vt 0.89341 0.41833
vt 0.90631 0.38640
vt 0.91166 0.44510
vt 0.90631 0.38640
vt 0.94453 0.44168
vt 0.94453 0.44168
vt 0.90631 0.38640
vt 0.91626 0.36176
vt 0.94453 0.44168
vt 0.91626 0.36176
vt 0.97158 0.43825
vt 0.88166 0.44722
vt 0.89341 0.41833
vt 0.91166 0.44510
vt 0.91166 0.44510
vt 0.89341 0.41833
vt 0.90631 0.38640
vt 0.91166 0.44510
vt 0.90631 0.38640
vt 0.94453 0.44168
vt 0.94453 0.44168
vt 0.90631 0.38640
vt 0.91626 0.36176
vt 0.88166 0.44722
vt 0.89341 0.41833
vt 0.91166 0.44510
vt 0.91166 0.44510
vt 0.89341 0.41833
vt 0.90631 0.38640
vt 0.91166 0.44510
vt 0.90631 0.38640
vt 0.94453 0.44168
vt 0.94453 0.44168
vt 0.90631 0.38640
vt 0.91626 0.36176
vt 0.94453 0.44168
vt 0.91626 0.36176
vt 0.97158 0.43825
vt 0.88166 0.44722
vt 0.89341 0.41833
vt 0.91166 0.44510
vt 0.91166 0.44510
vt 0.89341 0.41833
vt 0.90631 0.38640
vt 0.91166 0.44510
vt 0.90631 0.38640
vt 0.94453 0.44168
vt 0.94453 0.44168
vt 0.90631 0.38640
vt 0.91626 0.36176
vt 0.88166 0.44722
vt 0.89341 0.41833
vt 0.91166 0.44510
vt 0.91166 0.44510
vt 0.89341 0.41833
vt 0.90631 0.38640
vt 0.91166 0.44510
vt 0.90631 0.38640
vt 0.94453 0.44168
vt 0.88166 0.44722
vt 0.89341 0.41833
vt 0.91166 0.44510
vt 0.91166 0.44510
vt 0.89341 0.41833
vt 0.90631 0.38640
vt 0.91166 0.44510
vt 0.90631 0.38640
vt 0.94453 0.44168
vt 0.88166 0.44722
vt 0.89341 0.41833
vt 0.91166 0.44510
vt 0.91166 0.44510
vt 0.89341 0.41833
vt 0.90631 0.38640
vt 0.91166 0.44510
vt 0.90631 0.38640
vt 0.94453 0.44168
vt 0.88166 0.44722
vt 0.89341 0.41833
vt 0.91166 0.44510
vt 0.91166 0.44510
vt 0.89341 0.41833
vt 0.90631 0.38640
vt 0.91166 0.44510
vt 0.90631 0.38640
vt 0.94453 0.44168
vt 0.94453 0.44168
vt 0.90631 0.38640
vt 0.91626 0.36176
vt 0.94453 0.44168
vt 0.91626 0.36176
vt 0.97158 0.43825
vt 0.97158 0.43825
vt 0.91626 0.36176
vt 0.92622 0.33711
vt 0.88166 0.44722
vt 0.89341 0.41833
vt 0.91166 0.44510
vt 0.91166 0.44510
vt 0.89341 0.41833
vt 0.90631 0.38640
vt 0.91166 0.44510
vt 0.90631 0.38640
vt 0.94453 0.44168
vt 0.94453 0.44168
vt 0.90631 0.38640
vt 0.91626 0.36176
vt 0.88166 0.44722
vt 0.89341 0.41833
vt 0.91166 0.44510
vt 0.91166 0.44510
vt 0.89341 0.41833
vt 0.90631 0.38640
vt 0.91166 0.44510
vt 0.90631 0.38640
vt 0.94453 0.44168
vt 0.94453 0.44168
vt 0.90631 0.38640
vt 0.91626 0.36176
vt 0.88166 0.44722
vt 0.89341 0.41833
vt 0.91166 0.44510
vt 0.91166 0.44510
vt 0.89341 0.41833
vt 0.90631 0.38640
vt 0.91166 0.44510
vt 0.90631 0.38640
vt 0.94453 0.44168
vt 0.94453 0.44168
vt 0.90631 0.38640
vt 0.91626 0.36176
vt 0.94453 0.44168
vt 0.91626 0.36176
vt 0.97158 0.43825
vt 0.88166 0.44722
vt 0.89341 0.41833
vt 0.91166 0.44510
vt 0.91166 0.44510
vt 0.89341 0.41833
vt 0.90631 0.38640
vt 0.91166 0.44510
vt 0.90631 0.38640
vt 0.94453 0.44168
vt 0.94453 0.44168
vt 0.90631 0.38640
vt 0.91626 0.36176
vt 0.94453 0.44168
vt 0.91626 0.36176
vt 0.97158 0.43825
vt 0.88166 0.44722
vt 0.89341 0.41833
vt 0.91166 0.44510
vt 0.91166 0.44510
vt 0.89341 0.41833
vt 0.90631 0.38640
vt 0.91166 0.44510
vt 0.90631 0.38640
vt 0.94453 0.44168
vt 0.94453 0.44168
vt 0.90631 0.38640
vt 0.91626 0.36176
vt 0.94453 0.44168
vt 0.91626 0.36176
vt 0.97158 0.43825
vt 0.88166 0.44722
vt 0.89341 0.41833
vt 0.91166 0.44510
vt 0.91166 0.44510
vt 0.89341 0.41833
vt 0.90631 0.38640
vt 0.91166 0.44510
vt 0.90631 0.38640
vt 0.94453 0.44168
vt 0.90631 0.38640
vt 0.91166 0.44510
vt 0.89341 0.41833
vt 0.89341 0.41833
vt 0.91166 0.44510
vt 0.88166 0.44722
vt 0.87687 0.44376
vt 0.85536 0.42002
vt 0.88926 0.41678
vt 0.88926 0.41678
vt 0.85536 0.42002
vt 0.83153 0.39633
vt 0.88926 0.41678
vt 0.83153 0.39633
vt 0.90253 0.38651
vt 0.90253 0.38651
vt 0.83153 0.39633
vt 0.81635 0.38093
vt 0.90253 0.38651
vt 0.81635 0.38093
vt 0.91291 0.36130
vt 0.87687 0.44376
vt 0.85536 0.42002
vt 0.88926 0.41678
vt 0.88926 0.41678
vt 0.85536 0.42002
vt 0.83153 0.39633
vt 0.88926 0.41678
vt 0.83153 0.39633
vt 0.90253 0.38651
vt 0.90253 0.38651
vt 0.83153 0.39633
vt 0.81635 0.38093
vt 0.90253 0.38651
vt 0.81635 0.38093
vt 0.91291 0.36130
vt 0.87687 0.44376
vt 0.85536 0.42002
vt 0.88926 0.41678
vt 0.88926 0.41678
vt 0.85536 0.42002
vt 0.83153 0.39633
vt 0.88926 0.41678
vt 0.83153 0.39633
vt 0.90253 0.38651
vt 0.90253 0.38651
vt 0.83153 0.39633
vt 0.81635 0.38093
vt 0.90253 0.38651
vt 0.81635 0.38093
vt 0.91291 0.36130
vt 0.87687 0.44376
vt 0.85536 0.42002
vt 0.88926 0.41678
vt 0.88926 0.41678
vt 0.85536 0.42002
vt 0.83153 0.39633
vt 0.88926 0.41678
vt 0.83153 0.39633
vt 0.90253 0.38651
vt 0.90253 0.38651
vt 0.83153 0.39633
vt 0.81635 0.38093
vt 0.90253 0.38651
vt 0.81635 0.38093
vt 0.91291 0.36130
vt 0.87687 0.44376
vt 0.85536 0.42002
vt 0.88926 0.41678
vt 0.88926 0.41678
vt 0.85536 0.42002
vt 0.83153 0.39633
vt 0.88926 0.41678
vt 0.83153 0.39633
vt 0.90253 0.38651
vt 0.90253 0.38651
vt 0.83153 0.39633
vt 0.81635 0.38093
vt 0.90253 0.38651
vt 0.81635 0.38093
vt 0.91291 0.36130
vt 0.87687 0.44376
vt 0.85536 0.42002
vt 0.88926 0.41678
vt 0.88926 0.41678
vt 0.85536 0.42002
vt 0.83153 0.39633
vt 0.88926 0.41678
vt 0.83153 0.39633
vt 0.90253 0.38651
vt 0.90253 0.38651
vt 0.83153 0.39633
vt 0.81635 0.38093
vt 0.90253 0.38651
vt 0.81635 0.38093
vt 0.91291 0.36130
vt 0.87687 0.44376
vt 0.85536 0.42002
vt 0.88926 0.41678
vt 0.88926 0.41678
vt 0.85536 0.42002
vt 0.83153 0.39633
vt 0.88926 0.41678
vt 0.83153 0.39633
vt 0.90253 0.38651
vt 0.90253 0.38651
vt 0.83153 0.39633
vt 0.81635 0.38093
vt 0.90253 0.38651
vt 0.81635 0.38093
vt 0.91291 0.36130
vt 0.87687 0.44376
vt 0.85536 0.42002
vt 0.88926 0.41678
vt 0.88926 0.41678
vt 0.85536 0.42002
vt 0.83153 0.39633
vt 0.88926 0.41678
vt 0.83153 0.39633
vt 0.90253 0.38651
vt 0.90253 0.38651
vt 0.83153 0.39633
vt 0.81635 0.38093
vt 0.90253 0.38651
vt 0.81635 0.38093
vt 0.91291 0.36130
vt 0.87687 0.44376
vt 0.85536 0.42002
vt 0.88926 0.41678
vt 0.88926 0.41678
vt 0.85536 0.42002
vt 0.83153 0.39633
vt 0.88926 0.41678
vt 0.83153 0.39633
vt 0.90253 0.38651
vt 0.90253 0.38651
vt 0.83153 0.39633
vt 0.81635 0.38093
vt 0.90253 0.38651
vt 0.81635 0.38093
vt 0.91291 0.36130
vt 0.91291 0.36130
vt 0.81635 0.38093
vt 0.79475 0.36002
vt 0.87687 0.44376
vt 0.85536 0.42002
vt 0.88926 0.41678
vt 0.88926 0.41678
vt 0.85536 0.42002
vt 0.83153 0.39633
vt 0.88926 0.41678
vt 0.83153 0.39633
vt 0.90253 0.38651
vt 0.90253 0.38651
vt 0.83153 0.39633
vt 0.81635 0.38093
vt 0.90253 0.38651
vt 0.81635 0.38093
vt 0.91291 0.36130
vt 0.91291 0.36130
vt 0.81635 0.38093
vt 0.79475 0.36002
vt 0.91291 0.36130
vt 0.79475 0.36002
vt 0.92316 0.33540
vt 0.87687 0.44376
vt 0.85536 0.42002
vt 0.88926 0.41678
vt 0.88926 0.41678
vt 0.85536 0.42002
vt 0.83153 0.39633
vt 0.88926 0.41678
vt 0.83153 0.39633
vt 0.90253 0.38651
vt 0.90253 0.38651
vt 0.83153 0.39633
vt 0.81635 0.38093
vt 0.87687 0.44376
vt 0.85536 0.42002
vt 0.88926 0.41678
vt 0.88926 0.41678
vt 0.85536 0.42002
vt 0.83153 0.39633
vt 0.88926 0.41678
vt 0.83153 0.39633
vt 0.90253 0.38651
vt 0.90253 0.38651
vt 0.83153 0.39633
vt 0.81635 0.38093
vt 0.90253 0.38651
vt 0.81635 0.38093
vt 0.91291 0.36130
vt 0.87687 0.44376
vt 0.85536 0.42002
vt 0.88926 0.41678
vt 0.88926 0.41678
vt 0.85536 0.42002
vt 0.83153 0.39633
vt 0.88926 0.41678
vt 0.83153 0.39633
vt 0.90253 0.38651
vt 0.90253 0.38651
vt 0.83153 0.39633
vt 0.81635 0.38093
vt 0.90253 0.38651
vt 0.81635 0.38093
vt 0.91291 0.36130
vt 0.87687 0.44376
vt 0.85536 0.42002
vt 0.88926 0.41678
vt 0.88926 0.41678
vt 0.85536 0.42002
vt 0.83153 0.39633
vt 0.88926 0.41678
vt 0.83153 0.39633
vt 0.90253 0.38651
vt 0.87687 0.44376
vt 0.85536 0.42002
vt 0.88926 0.41678
vt 0.88926 0.41678
vt 0.85536 0.42002
vt 0.83153 0.39633
vt 0.88926 0.41678
vt 0.83153 0.39633
vt 0.90253 0.38651
vt 0.87687 0.44376
vt 0.85536 0.42002
vt 0.88926 0.41678
vt 0.88926 0.41678
vt 0.85536 0.42002
vt 0.83153 0.39633
vt 0.88926 0.41678
vt 0.83153 0.39633
vt 0.90253 0.38651
vt 0.87687 0.44376
vt 0.85536 0.42002
vt 0.88926 0.41678
vt 0.88926 0.41678
vt 0.85536 0.42002
vt 0.83153 0.39633
vt 0.88926 0.41678
vt 0.83153 0.39633
vt 0.90253 0.38651
vt 0.90253 0.38651
vt 0.83153 0.39633
vt 0.81635 0.38093
vt 0.90253 0.38651
vt 0.81635 0.38093
vt 0.91291 0.36130
vt 0.91291 0.36130
vt 0.81635 0.38093
vt 0.79475 0.36002
vt 0.87687 0.44376
vt 0.85536 0.42002
vt 0.88926 0.41678
vt 0.88926 0.41678
vt 0.85536 0.42002
vt 0.83153 0.39633
vt 0.88926 0.41678
vt 0.83153 0.39633
vt 0.90253 0.38651
vt 0.90253 0.38651
vt 0.83153 0.39633
vt 0.81635 0.38093
vt 0.90253 0.38651
vt 0.81635 0.38093
vt 0.91291 0.36130
vt 0.91291 0.36130
vt 0.81635 0.38093
vt 0.79475 0.36002
vt 0.91291 0.36130
vt 0.79475 0.36002
vt 0.92316 0.33540
vt 0.87687 0.44376
vt 0.85536 0.42002
vt 0.88926 0.41678
vt 0.88926 0.41678
vt 0.85536 0.42002
vt 0.83153 0.39633
vt 0.88926 0.41678
vt 0.83153 0.39633
vt 0.90253 0.38651
vt 0.90253 0.38651
vt 0.83153 0.39633
vt 0.81635 0.38093
vt 0.90253 0.38651
vt 0.81635 0.38093
vt 0.91291 0.36130
vt 0.83153 0.39633
vt 0.88926 0.41678
vt 0.85536 0.42002
vt 0.85536 0.42002
vt 0.88926 0.41678
vt 0.87687 0.44376
vt 0.87687 0.44376
vt 0.85536 0.42002
vt 0.88926 0.41678
vt 0.88926 0.41678
vt 0.85536 0.42002
vt 0.83153 0.39633
vt 0.88926 0.41678
vt 0.83153 0.39633
vt 0.90253 0.38651
vt 0.88166 0.44722
vt 0.89341 0.41833
vt 0.91166 0.44510
vt 0.91166 0.44510
vt 0.89341 0.41833
vt 0.90631 0.38640
vt 0.91166 0.44510
vt 0.90631 0.38640
vt 0.94453 0.44168
vt 0.94453 0.44168
vt 0.90631 0.38640
vt 0.91626 0.36176
vt 0.94453 0.44168
vt 0.91626 0.36176
vt 0.97158 0.43825
vt 0.97158 0.43825
vt 0.91626 0.36176
vt 0.92622 0.33711
vt 0.88166 0.44722
vt 0.89341 0.41833
vt 0.91166 0.44510
vt 0.91166 0.44510
vt 0.89341 0.41833
vt 0.90631 0.38640
vt 0.91166 0.44510
vt 0.90631 0.38640
vt 0.94453 0.44168
vt 0.94453 0.44168
vt 0.90631 0.38640
vt 0.91626 0.36176
vt 0.94453 0.44168
vt 0.91626 0.36176
vt 0.97158 0.43825
vt 0.88166 0.44722
vt 0.89341 0.41833
vt 0.91166 0.44510
vt 0.91166 0.44510
vt 0.89341 0.41833
vt 0.90631 0.38640
vt 0.91166 0.44510
vt 0.90631 0.38640
vt 0.94453 0.44168
vt 0.94453 0.44168
vt 0.90631 0.38640
vt 0.91626 0.36176
vt 0.94453 0.44168
vt 0.91626 0.36176
vt 0.97158 0.43825
vt 0.88166 0.44722
vt 0.89341 0.41833
vt 0.91166 0.44510
vt 0.91166 0.44510
vt 0.89341 0.41833
vt 0.90631 0.38640
vt 0.91166 0.44510
vt 0.90631 0.38640
vt 0.94453 0.44168
vt 0.94453 0.44168
vt 0.90631 0.38640
vt 0.91626 0.36176
vt 0.94453 0.44168
vt 0.91626 0.36176
vt 0.97158 0.43825
vt 0.88166 0.44722
vt 0.89341 0.41833
vt 0.91166 0.44510
vt 0.91166 0.44510
vt 0.89341 0.41833
vt 0.90631 0.38640
vt 0.91166 0.44510
vt 0.90631 0.38640
vt 0.94453 0.44168
vt 0.94453 0.44168
vt 0.90631 0.38640
vt 0.91626 0.36176
vt 0.88166 0.44722
vt 0.89341 0.41833
vt 0.91166 0.44510
vt 0.91166 0.44510
vt 0.89341 0.41833
vt 0.90631 0.38640
vt 0.91166 0.44510
vt 0.90631 0.38640
vt 0.94453 0.44168
vt 0.94453 0.44168
vt 0.90631 0.38640
vt 0.91626 0.36176
vt 0.94453 0.44168
vt 0.91626 0.36176
vt 0.97158 0.43825
vt 0.88166 0.44722
vt 0.89341 0.41833
vt 0.91166 0.44510
vt 0.91166 0.44510
vt 0.89341 0.41833
vt 0.90631 0.38640
vt 0.91166 0.44510
vt 0.90631 0.38640
vt 0.94453 0.44168
vt 0.94453 0.44168
vt 0.90631 0.38640
vt 0.91626 0.36176
vt 0.94453 0.44168
vt 0.91626 0.36176
vt 0.97158 0.43825
vt 0.88166 0.44722
vt 0.89341 0.41833
vt 0.91166 0.44510
vt 0.91166 0.44510
vt 0.89341 0.41833
vt 0.90631 0.38640
vt 0.91166 0.44510
vt 0.90631 0.38640
vt 0.94453 0.44168
vt 0.87687 0.44376
vt 0.85536 0.42002
vt 0.88926 0.41678
vt 0.88926 0.41678
vt 0.85536 0.42002
vt 0.83153 0.39633
vt 0.88926 0.41678
vt 0.83153 0.39633
vt 0.90253 0.38651
vt 0.90253 0.38651
vt 0.83153 0.39633
vt 0.81635 0.38093
vt 0.87687 0.44376
vt 0.85536 0.42002
vt 0.88926 0.41678
vt 0.88926 0.41678
vt 0.85536 0.42002
vt 0.83153 0.39633
vt 0.88926 0.41678
vt 0.83153 0.39633
vt 0.90253 0.38651
vt 0.90253 0.38651
vt 0.83153 0.39633
vt 0.81635 0.38093
vt 0.90253 0.38651
vt 0.81635 0.38093
vt 0.91291 0.36130
vt 0.87687 0.44376
vt 0.85536 0.42002
vt 0.88926 0.41678
vt 0.88926 0.41678
vt 0.85536 0.42002
vt 0.83153 0.39633
vt 0.88926 0.41678
vt 0.83153 0.39633
vt 0.90253 0.38651
vt 0.90253 0.38651
vt 0.83153 0.39633
vt 0.81635 0.38093
vt 0.90253 0.38651
vt 0.81635 0.38093
vt 0.91291 0.36130
vt 0.87687 0.44376
vt 0.85536 0.42002
vt 0.88926 0.41678
vt 0.88926 0.41678
vt 0.85536 0.42002
vt 0.83153 0.39633
vt 0.88926 0.41678
vt 0.83153 0.39633
vt 0.90253 0.38651
vt 0.90253 0.38651
vt 0.83153 0.39633
vt 0.81635 0.38093
vt 0.90253 0.38651
vt 0.81635 0.38093
vt 0.91291 0.36130
vt 0.87687 0.44376
vt 0.85536 0.42002
vt 0.88926 0.41678
vt 0.88926 0.41678
vt 0.85536 0.42002
vt 0.83153 0.39633
vt 0.88926 0.41678
vt 0.83153 0.39633
vt 0.90253 0.38651
vt 0.87687 0.44376
vt 0.85536 0.42002
vt 0.88926 0.41678
vt 0.88926 0.41678
vt 0.85536 0.42002
vt 0.83153 0.39633
vt 0.88926 0.41678
vt 0.83153 0.39633
vt 0.90253 0.38651
vt 0.87687 0.44376
vt 0.85536 0.42002
vt 0.88926 0.41678
vt 0.88926 0.41678
vt 0.85536 0.42002
vt 0.83153 0.39633
vt 0.88926 0.41678
vt 0.83153 0.39633
vt 0.90253 0.38651
vt 0.87687 0.44376
vt 0.85536 0.42002
vt 0.88926 0.41678
vt 0.88926 0.41678
vt 0.85536 0.42002
vt 0.83153 0.39633
vt 0.88926 0.41678
vt 0.83153 0.39633
vt 0.90253 0.38651
vt 0.88166 0.44722
vt 0.89341 0.41833
vt 0.91166 0.44510
vt 0.91166 0.44510
vt 0.89341 0.41833
vt 0.90631 0.38640
vt 0.91166 0.44510
vt 0.90631 0.38640
vt 0.94453 0.44168
vt 0.94453 0.44168
vt 0.90631 0.38640
vt 0.91626 0.36176
vt 0.88166 0.44722
vt 0.89341 0.41833
vt 0.91166 0.44510
vt 0.91166 0.44510
vt 0.89341 0.41833
vt 0.90631 0.38640
vt 0.91166 0.44510
vt 0.90631 0.38640
vt 0.94453 0.44168
vt 0.94453 0.44168
vt 0.90631 0.38640
vt 0.91626 0.36176
vt 0.88166 0.44722
vt 0.89341 0.41833
vt 0.91166 0.44510
vt 0.91166 0.44510
vt 0.89341 0.41833
vt 0.90631 0.38640
vt 0.91166 0.44510
vt 0.90631 0.38640
vt 0.94453 0.44168
vt 0.88166 0.44722
vt 0.89341 0.41833
vt 0.91166 0.44510
vt 0.91166 0.44510
vt 0.89341 0.41833
vt 0.90631 0.38640
vt 0.91166 0.44510
vt 0.90631 0.38640
vt 0.94453 0.44168
vt 0.88166 0.44722
vt 0.89341 0.41833
vt 0.91166 0.44510
vt 0.91166 0.44510
vt 0.89341 0.41833
vt 0.90631 0.38640
vt 0.91166 0.44510
vt 0.90631 0.38640
vt 0.94453 0.44168
vt 0.88166 0.44722
vt 0.89341 0.41833
vt 0.91166 0.44510
vt 0.91166 0.44510
vt 0.89341 0.41833
vt 0.90631 0.38640
vt 0.91166 0.44510
vt 0.90631 0.38640
vt 0.94453 0.44168
vt 0.88166 0.44722
vt 0.89341 0.41833
vt 0.91166 0.44510
vt 0.91166 0.44510
vt 0.89341 0.41833
vt 0.90631 0.38640
vt 0.91166 0.44510
vt 0.90631 0.38640
vt 0.94453 0.44168
vt 0.88166 0.44722
vt 0.89341 0.41833
vt 0.91166 0.44510
vt 0.91166 0.44510
vt 0.89341 0.41833
vt 0.90631 0.38640
vt 0.91166 0.44510
vt 0.90631 0.38640
vt 0.94453 0.44168
vt 0.88166 0.44722
vt 0.89341 0.41833
vt 0.91166 0.44510
vt 0.91166 0.44510
vt 0.89341 0.41833
vt 0.90631 0.38640
vt 0.91166 0.44510
vt 0.90631 0.38640
vt 0.94453 0.44168
vt 0.94453 0.44168
vt 0.90631 0.38640
vt 0.91626 0.36176
vt 0.94453 0.44168
vt 0.91626 0.36176
vt 0.97158 0.43825
vt 0.88166 0.44722
vt 0.89341 0.41833
vt 0.91166 0.44510
vt 0.91166 0.44510
vt 0.89341 0.41833
vt 0.90631 0.38640
vt 0.91166 0.44510
vt 0.90631 0.38640
vt 0.94453 0.44168
vt 0.94453 0.44168
vt 0.90631 0.38640
vt 0.91626 0.36176
vt 0.88166 0.44722
vt 0.89341 0.41833
vt 0.91166 0.44510
vt 0.91166 0.44510
vt 0.89341 0.41833
vt 0.90631 0.38640
vt 0.91166 0.44510
vt 0.90631 0.38640
vt 0.94453 0.44168
vt 0.94453 0.44168
vt 0.90631 0.38640
vt 0.91626 0.36176
vt 0.94453 0.44168
vt 0.91626 0.36176
vt 0.97158 0.43825
vt 0.88166 0.44722
vt 0.89341 0.41833
vt 0.91166 0.44510
vt 0.91166 0.44510
vt 0.89341 0.41833
vt 0.90631 0.38640
vt 0.91166 0.44510
vt 0.90631 0.38640
vt 0.94453 0.44168
vt 0.94453 0.44168
vt 0.90631 0.38640
vt 0.91626 0.36176
vt 0.94453 0.44168
vt 0.91626 0.36176
vt 0.97158 0.43825
vt 0.88166 0.44722
vt 0.89341 0.41833
vt 0.91166 0.44510
vt 0.91166 0.44510
vt 0.89341 0.41833
vt 0.90631 0.38640
vt 0.91166 0.44510
vt 0.90631 0.38640
vt 0.94453 0.44168
vt 0.94453 0.44168
vt 0.90631 0.38640
vt 0.91626 0.36176
vt 0.94453 0.44168
vt 0.91626 0.36176
vt 0.97158 0.43825
vt 0.88166 0.44722
vt 0.89341 0.41833
vt 0.91166 0.44510
vt 0.91166 0.44510
vt 0.89341 0.41833
vt 0.90631 0.38640
vt 0.91166 0.44510
vt 0.90631 0.38640
vt 0.94453 0.44168
vt 0.88166 0.44722
vt 0.89341 0.41833
vt 0.91166 0.44510
vt 0.91166 0.44510
vt 0.89341 0.41833
vt 0.90631 0.38640
vt 0.91166 0.44510
vt 0.90631 0.38640
vt 0.94453 0.44168
vt 0.88166 0.44722
vt 0.89341 0.41833
vt 0.91166 0.44510
vt 0.91166 0.44510
vt 0.89341 0.41833
vt 0.90631 0.38640
vt 0.91166 0.44510
vt 0.90631 0.38640
vt 0.94453 0.44168
vt 0.87687 0.44376
vt 0.85536 0.42002
vt 0.88926 0.41678
vt 0.88926 0.41678
vt 0.85536 0.42002
vt 0.83153 0.39633
vt 0.88926 0.41678
vt 0.83153 0.39633
vt 0.90253 0.38651
vt 0.90253 0.38651
vt 0.83153 0.39633
vt 0.81635 0.38093
vt 0.87687 0.44376
vt 0.85536 0.42002
vt 0.88926 0.41678
vt 0.88926 0.41678
vt 0.85536 0.42002
vt 0.83153 0.39633
vt 0.88926 0.41678
vt 0.83153 0.39633
vt 0.90253 0.38651
vt 0.90253 0.38651
vt 0.83153 0.39633
vt 0.81635 0.38093
vt 0.90253 0.38651
vt 0.81635 0.38093
vt 0.91291 0.36130
vt 0.87687 0.44376
vt 0.85536 0.42002
vt 0.88926 0.41678
vt 0.88926 0.41678
vt 0.85536 0.42002
vt 0.83153 0.39633
vt 0.88926 0.41678
vt 0.83153 0.39633
vt 0.90253 0.38651
vt 0.90253 0.38651
vt 0.83153 0.39633
vt 0.81635 0.38093
vt 0.90253 0.38651
vt 0.81635 0.38093
vt 0.91291 0.36130
vt 0.87687 0.44376
vt 0.85536 0.42002
vt 0.88926 0.41678
vt 0.88926 0.41678
vt 0.85536 0.42002
vt 0.83153 0.39633
vt 0.88926 0.41678
vt 0.83153 0.39633
vt 0.90253 0.38651
vt 0.87687 0.44376
vt 0.85536 0.42002
vt 0.88926 0.41678
vt 0.88926 0.41678
vt 0.85536 0.42002
vt 0.83153 0.39633
vt 0.88926 0.41678
vt 0.83153 0.39633
vt 0.90253 0.38651
vt 0.87687 0.44376
vt 0.85536 0.42002
vt 0.88926 0.41678
vt 0.88926 0.41678
vt 0.85536 0.42002
vt 0.83153 0.39633
vt 0.88926 0.41678
vt 0.83153 0.39633
vt 0.90253 0.38651
vt 0.87687 0.44376
vt 0.85536 0.42002
vt 0.88926 0.41678
vt 0.88926 0.41678
vt 0.85536 0.42002
vt 0.83153 0.39633
vt 0.88926 0.41678
vt 0.83153 0.39633
vt 0.90253 0.38651
vt 0.87687 0.44376
vt 0.85536 0.42002
vt 0.88926 0.41678
vt 0.88926 0.41678
vt 0.85536 0.42002
vt 0.83153 0.39633
vt 0.88926 0.41678
vt 0.83153 0.39633
vt 0.90253 0.38651
vt 0.87687 0.44376
vt 0.85536 0.42002
vt 0.88926 0.41678
vt 0.88926 0.41678
vt 0.85536 0.42002
vt 0.83153 0.39633
vt 0.88926 0.41678
vt 0.83153 0.39633
vt 0.90253 0.38651
vt 0.90253 0.38651
vt 0.83153 0.39633
vt 0.81635 0.38093
vt 0.87687 0.44376
vt 0.85536 0.42002
vt 0.88926 0.41678
vt 0.88926 0.41678
vt 0.85536 0.42002
vt 0.83153 0.39633
vt 0.88926 0.41678
vt 0.83153 0.39633
vt 0.90253 0.38651
vt 0.90253 0.38651
vt 0.83153 0.39633
vt 0.81635 0.38093
vt 0.87687 0.44376
vt 0.85536 0.42002
vt 0.88926 0.41678
vt 0.88926 0.41678
vt 0.85536 0.42002
vt 0.83153 0.39633
vt 0.88926 0.41678
vt 0.83153 0.39633
vt 0.90253 0.38651
vt 0.90253 0.38651
vt 0.83153 0.39633
vt 0.81635 0.38093
vt 0.90253 0.38651
vt 0.81635 0.38093
vt 0.91291 0.36130
vt 0.87687 0.44376
vt 0.85536 0.42002
vt 0.88926 0.41678
vt 0.88926 0.41678
vt 0.85536 0.42002
vt 0.83153 0.39633
vt 0.88926 0.41678
vt 0.83153 0.39633
vt 0.90253 0.38651
vt 0.90253 0.38651
vt 0.83153 0.39633
vt 0.81635 0.38093
vt 0.87687 0.44376
vt 0.85536 0.42002
vt 0.88926 0.41678
vt 0.88926 0.41678
vt 0.85536 0.42002
vt 0.83153 0.39633
vt 0.88926 0.41678
vt 0.83153 0.39633
vt 0.90253 0.38651
vt 0.90253 0.38651
vt 0.83153 0.39633
vt 0.81635 0.38093
vt 0.90253 0.38651
vt 0.81635 0.38093
vt 0.91291 0.36130
vt 0.87687 0.44376
vt 0.85536 0.42002
vt 0.88926 0.41678
vt 0.88926 0.41678
vt 0.85536 0.42002
vt 0.83153 0.39633
vt 0.88926 0.41678
vt 0.83153 0.39633
vt 0.90253 0.38651
vt 0.90253 0.38651
vt 0.83153 0.39633
vt 0.81635 0.38093
vt 0.90253 0.38651
vt 0.81635 0.38093
vt 0.91291 0.36130
vt 0.87687 0.44376
vt 0.85536 0.42002
vt 0.88926 0.41678
vt 0.88926 0.41678
vt 0.85536 0.42002
vt 0.83153 0.39633
vt 0.88926 0.41678
vt 0.83153 0.39633
vt 0.90253 0.38651
vt 0.87687 0.44376
vt 0.85536 0.42002
vt 0.88926 0.41678
vt 0.88926 0.41678
vt 0.85536 0.42002
vt 0.83153 0.39633
vt 0.88926 0.41678
vt 0.83153 0.39633
vt 0.90253 0.38651
vt 0.87687 0.44376
vt 0.85536 0.42002
vt 0.88926 0.41678
vt 0.88926 0.41678
vt 0.85536 0.42002
vt 0.83153 0.39633
vt 0.88926 0.41678
vt 0.83153 0.39633
vt 0.90253 0.38651
vt 0.90253 0.38651
vt 0.83153 0.39633
vt 0.81635 0.38093
vt 0.90253 0.38651
vt 0.81635 0.38093
vt 0.91291 0.36130
vt 0.91291 0.36130
vt 0.81635 0.38093
vt 0.79475 0.36002
vt 0.87687 0.44376
vt 0.85536 0.42002
vt 0.88926 0.41678
vt 0.88926 0.41678
vt 0.85536 0.42002
vt 0.83153 0.39633
vt 0.88926 0.41678
vt 0.83153 0.39633
vt 0.90253 0.38651
vt 0.90253 0.38651
vt 0.83153 0.39633
vt 0.81635 0.38093
vt 0.90253 0.38651
vt 0.81635 0.38093
vt 0.91291 0.36130
vt 0.91291 0.36130
vt 0.81635 0.38093
vt 0.79475 0.36002
vt 0.91291 0.36130
vt 0.79475 0.36002
vt 0.92316 0.33540
vt 0.87687 0.44376
vt 0.85536 0.42002
vt 0.88926 0.41678
vt 0.88926 0.41678
vt 0.85536 0.42002
vt 0.83153 0.39633
vt 0.88926 0.41678
vt 0.83153 0.39633
vt 0.90253 0.38651
vt 0.90253 0.38651
vt 0.83153 0.39633
vt 0.81635 0.38093
vt 0.90253 0.38651
vt 0.81635 0.38093
vt 0.91291 0.36130
vt 0.91291 0.36130
vt 0.81635 0.38093
vt 0.79475 0.36002
vt 0.91291 0.36130
vt 0.79475 0.36002
vt 0.92316 0.33540
vt 0.87687 0.44376
vt 0.85536 0.42002
vt 0.88926 0.41678
vt 0.88926 0.41678
vt 0.85536 0.42002
vt 0.83153 0.39633
vt 0.88926 0.41678
vt 0.83153 0.39633
vt 0.90253 0.38651
vt 0.90253 0.38651
vt 0.83153 0.39633
vt 0.81635 0.38093
vt 0.90253 0.38651
vt 0.81635 0.38093
vt 0.91291 0.36130
vt 0.91291 0.36130
vt 0.81635 0.38093
vt 0.79475 0.36002
vt 0.91291 0.36130
vt 0.79475 0.36002
vt 0.92316 0.33540
vt 0.87687 0.44376
vt 0.85536 0.42002
vt 0.88926 0.41678
vt 0.88926 0.41678
vt 0.85536 0.42002
vt 0.83153 0.39633
vt 0.88926 0.41678
vt 0.83153 0.39633
vt 0.90253 0.38651
vt 0.90253 0.38651
vt 0.83153 0.39633
vt 0.81635 0.38093
vt 0.90253 0.38651
vt 0.81635 0.38093
vt 0.91291 0.36130
vt 0.87687 0.44376
vt 0.85536 0.42002
vt 0.88926 0.41678
vt 0.88926 0.41678
vt 0.85536 0.42002
vt 0.83153 0.39633
vt 0.88926 0.41678
vt 0.83153 0.39633
vt 0.90253 0.38651
vt 0.90253 0.38651
vt 0.83153 0.39633
vt 0.81635 0.38093
vt 0.90253 0.38651
vt 0.81635 0.38093
vt 0.91291 0.36130
vt 0.87687 0.44376
vt 0.85536 0.42002
vt 0.88926 0.41678
vt 0.88926 0.41678
vt 0.85536 0.42002
vt 0.83153 0.39633
vt 0.88926 0.41678
vt 0.83153 0.39633
vt 0.90253 0.38651
vt 0.90253 0.38651
vt 0.83153 0.39633
vt 0.81635 0.38093
vt 0.90253 0.38651
vt 0.81635 0.38093
vt 0.91291 0.36130
vt 0.87687 0.44376
vt 0.85536 0.42002
vt 0.88926 0.41678
vt 0.88926 0.41678
vt 0.85536 0.42002
vt 0.83153 0.39633
vt 0.88926 0.41678
vt 0.83153 0.39633
vt 0.90253 0.38651
vt 0.90253 0.38651
vt 0.83153 0.39633
vt 0.81635 0.38093
vt 0.90253 0.38651
vt 0.81635 0.38093
vt 0.91291 0.36130
vt 0.55051 0.74246
vt 0.55051 0.72831
vt 0.55443 0.72831
vt 0.55051 0.74246
vt 0.55443 0.72831
vt 0.55443 0.74246
vt 0.55443 0.74246
vt 0.55443 0.72831
vt 0.55051 0.72811
vt 0.55443 0.74246
vt 0.55051 0.72811
vt 0.55051 0.74226
vt 0.55051 0.74226
vt 0.55051 0.72811
vt 0.55440 0.72811
vt 0.55051 0.74226
vt 0.55440 0.72811
vt 0.55440 0.74226
vt 0.55440 0.74226
vt 0.55440 0.72811
vt 0.55051 0.72831
vt 0.55440 0.74226
vt 0.55051 0.72831
vt 0.55051 0.74231
vt 0.55051 0.74231
vt 0.55051 0.72831
vt 0.55438 0.72816
vt 0.55051 0.74231
vt 0.55438 0.72816
vt 0.55438 0.74231
vt 0.55438 0.74231
vt 0.55438 0.72816
vt 0.55051 0.72831
vt 0.55438 0.74231
vt 0.55051 0.72831
vt 0.55051 0.74231
vt 0.55051 0.71331
vt 0.55051 0.74065
vt 0.55443 0.71331
vt 0.55443 0.71331
vt 0.55051 0.74065
vt 0.55443 0.74065
vt 0.55443 0.71331
vt 0.55443 0.74065
vt 0.55051 0.71311
vt 0.55051 0.71311
vt 0.55443 0.74065
vt 0.55051 0.74045
vt 0.55051 0.71311
vt 0.55051 0.74045
vt 0.55440 0.71311
vt 0.55440 0.71311
vt 0.55051 0.74045
vt 0.55440 0.74045
vt 0.55440 0.71311
vt 0.55440 0.74045
vt 0.55051 0.71316
vt 0.55051 0.71316
vt 0.55440 0.74045
vt 0.55051 0.74049
vt 0.55051 0.71316
vt 0.55051 0.74049
vt 0.55438 0.71316
vt 0.55438 0.71316
vt 0.55051 0.74049
vt 0.55438 0.74049
vt 0.55438 0.71316
vt 0.55438 0.74049
vt 0.55051 0.71316
vt 0.55051 0.71316
vt 0.55438 0.74049
vt 0.55051 0.74049
vt 0.54917 0.73465
vt 0.54917 0.73465
vt 0.55096 0.72398
vt 0.55096 0.72398
vt 0.54917 0.73465
vt 0.55393 0.72582
vt 0.55096 0.72398
vt 0.55393 0.72582
vt 0.55318 0.71720
vt 0.55432 0.73581
vt 0.55393 0.72582
vt 0.55432 0.73581
vt 0.55432 0.73581
vt 0.55393 0.72582
vt 0.55393 0.72582
vt 0.55432 0.73581
vt 0.55393 0.72582
vt 0.54917 0.73465
vt 0.54917 0.73465
vt 0.55096 0.72398
vt 0.55096 0.72398
vt 0.18503 0.71390
vt 0.18503 0.72907
vt 0.17228 0.71390
vt 0.18503 0.71390
vt 0.17228 0.71390
vt 0.17228 0.70136
vt 0.17228 0.70136
vt 0.17228 0.71390
vt 0.17421 0.70136
vt 0.17228 0.70136
vt 0.17421 0.70136
vt 0.17421 0.68693
vt 0.17421 0.68693
vt 0.17421 0.70136
vt 0.17228 0.68693
vt 0.17421 0.68693
vt 0.17228 0.68693
vt 0.17421 0.70136
vt 0.17421 0.70136
vt 0.17228 0.68693
vt 0.17228 0.70136
vt 0.17421 0.70136
vt 0.17228 0.70136
vt 0.17421 0.71389
vt 0.17421 0.71389
vt 0.17228 0.70136
vt 0.17228 0.71389
vt 0.17421 0.71389
vt 0.17228 0.71389
vt 0.17421 0.72906
vt 0.17421 0.72906
vt 0.17228 0.71389
vt 0.17228 0.72906
vt 0.17421 0.72906
vt 0.17228 0.72906
vt 0.17228 0.74351
vt 0.17228 0.74351
vt 0.17228 0.72906
vt 0.17421 0.72906
vt 0.17228 0.74351
vt 0.17421 0.72906
vt 0.17421 0.74350
vt 0.17421 0.74350
vt 0.17421 0.72906
vt 0.17228 0.72906
vt 0.17421 0.74350
vt 0.17228 0.72906
vt 0.17228 0.74349
vt 0.17228 0.74349
vt 0.17228 0.72906
vt 0.18503 0.72907
vt 0.17228 0.74349
vt 0.18503 0.72907
vt 0.18503 0.74347
vt 0.09630 0.58715
vt 0.10915 0.54891
vt 0.12142 0.55541
vt 0.12142 0.55541
vt 0.10915 0.54891
vt 0.12862 0.51584
vt 0.12142 0.55541
vt 0.12862 0.51584
vt 0.13544 0.52187
vt 0.13544 0.52187
vt 0.12862 0.51584
vt 0.15268 0.50075
vt 0.07525 0.62402
vt 0.10083 0.62402
vt 0.07525 0.64012
vt 0.07525 0.64012
vt 0.10083 0.62402
vt 0.10083 0.64012
vt 0.07525 0.64012
vt 0.10083 0.64012
vt 0.07525 0.64012
vt 0.07525 0.64012
vt 0.10083 0.64012
vt 0.10083 0.64012
vt 0.07525 0.64012
vt 0.10083 0.64012
vt 0.07525 0.64012
vt 0.07525 0.64012
vt 0.10083 0.64012
vt 0.10083 0.64012
vt 0.07525 0.64012
vt 0.10083 0.64012
vt 0.10083 0.64012
vt 0.10083 0.64012
vt 0.10083 0.64012
vt 0.12536 0.64012
vt 0.10083 0.64012
vt 0.12536 0.64012
vt 0.12536 0.64012
vt 0.12536 0.64012
vt 0.12536 0.64012
vt 0.14955 0.64012
vt 0.12536 0.64012
vt 0.14955 0.64012
vt 0.14955 0.62402
vt 0.14955 0.62402
vt 0.14955 0.64012
vt 0.12536 0.64012
vt 0.14955 0.62402
vt 0.12536 0.64012
vt 0.12536 0.62402
vt 0.12536 0.62402
vt 0.12536 0.64012
vt 0.10083 0.64012
vt 0.12536 0.62402
vt 0.10083 0.64012
vt 0.10083 0.62402
vt 0.10083 0.62402
vt 0.10083 0.64012
vt 0.07525 0.64012
vt 0.10083 0.62402
vt 0.07525 0.64012
vt 0.07525 0.62402
vt 0.07525 0.62402
vt 0.07525 0.64012
vt 0.06369 0.64012
vt 0.07525 0.62402
vt 0.06369 0.64012
vt 0.06369 0.62402
vt 0.06549 0.51501
vt 0.06549 0.47498
vt 0.07581 0.51501
vt 0.07581 0.51501
vt 0.06549 0.47498
vt 0.07313 0.47498
vt 0.07581 0.51501
vt 0.07313 0.47498
vt 0.07542 0.47498
vt 0.12203 0.94620
vt 0.11787 0.84182
vt 0.15437 0.94620
vt 0.15437 0.94620
vt 0.11787 0.84182
vt 0.15427 0.84023
vt 0.01316 0.68441
vt 0.01325 0.64229
vt 0.05878 0.68441
vt 0.01316 0.68441
vt 0.05878 0.68441
vt 0.01307 0.94742
vt 0.01307 0.94742
vt 0.05878 0.68441
vt 0.11642 0.84063
vt 0.01307 0.94742
vt 0.11642 0.84063
vt 0.12091 0.94742
vt 0.11642 0.84063
vt 0.05878 0.68441
vt 0.16202 0.68441
vt 0.11642 0.84063
vt 0.16202 0.68441
vt 0.15572 0.83901
vt 0.15572 0.83901
vt 0.16202 0.68441
vt 0.16202 0.94742
vt 0.15572 0.83901
vt 0.16202 0.94742
vt 0.15582 0.94742
vt 0.48895 0.76560
vt 0.48895 0.84611
vt 0.49731 0.76560
vt 0.49731 0.76560
vt 0.48895 0.84611
vt 0.49731 0.84611
vt 0.30996 0.79138
vt 0.30996 0.84249
vt 0.31039 0.79138
vt 0.31039 0.79138
vt 0.30996 0.84249
vt 0.31039 0.84249
vt 0.48177 0.84623
vt 0.46503 0.84623
vt 0.48177 0.83798
vt 0.48177 0.83798
vt 0.46503 0.84623
vt 0.46503 0.83798
vt 0.55051 0.72831
vt 0.55051 0.74246
vt 0.55443 0.72831
vt 0.55443 0.72831
vt 0.55051 0.74246
vt 0.55443 0.74246
vt 0.55443 0.72831
vt 0.55443 0.74246
vt 0.55051 0.72811
vt 0.55051 0.72811
vt 0.55443 0.74246
vt 0.55051 0.74226
vt 0.55051 0.72811
vt 0.55051 0.74226
vt 0.55440 0.72811
vt 0.55440 0.72811
vt 0.55051 0.74226
vt 0.55440 0.74226
vt 0.55440 0.72811
vt 0.55440 0.74226
vt 0.55051 0.72831
vt 0.55051 0.72831
vt 0.55440 0.74226
vt 0.55051 0.74231
vt 0.55051 0.72831
vt 0.55051 0.74231
vt 0.55438 0.72816
vt 0.55438 0.72816
vt 0.55051 0.74231
vt 0.55438 0.74231
vt 0.55438 0.72816
vt 0.55438 0.74231
vt 0.55051 0.72831
vt 0.55051 0.72831
vt 0.55438 0.74231
vt 0.55051 0.74231
vt 0.55051 0.74065
vt 0.55051 0.71331
vt 0.55443 0.71331
vt 0.55051 0.74065
vt 0.55443 0.71331
vt 0.55443 0.74065
vt 0.55443 0.74065
vt 0.55443 0.71331
vt 0.55051 0.71311
vt 0.55443 0.74065
vt 0.55051 0.71311
vt 0.55051 0.74045
vt 0.55051 0.74045
vt 0.55051 0.71311
vt 0.55440 0.71311
vt 0.55051 0.74045
vt 0.55440 0.71311
vt 0.55440 0.74045
vt 0.55440 0.74045
vt 0.55440 0.71311
vt 0.55051 0.71316
vt 0.55440 0.74045
vt 0.55051 0.71316
vt 0.55051 0.74049
vt 0.55051 0.74049
vt 0.55051 0.71316
vt 0.55438 0.71316
vt 0.55051 0.74049
vt 0.55438 0.71316
vt 0.55438 0.74049
vt 0.55438 0.74049
vt 0.55438 0.71316
vt 0.55051 0.71316
vt 0.55438 0.74049
vt 0.55051 0.71316
vt 0.55051 0.74049
vt 0.55432 0.73581
vt 0.54917 0.73465
vt 0.55393 0.72582
vt 0.55393 0.72582
vt 0.54917 0.73465
vt 0.55096 0.72398
vt 0.55393 0.72582
vt 0.55096 0.72398
vt 0.55318 0.71720
vt 0.55432 0.73581
vt 0.55432 0.73581
vt 0.55393 0.72582
vt 0.55393 0.72582
vt 0.55432 0.73581
vt 0.55393 0.72582
vt 0.55096 0.72398
vt 0.55096 0.72398
vt 0.54917 0.73465
vt 0.54917 0.73465
vt 0.55096 0.72398
vt 0.54917 0.73465
vt 0.17228 0.68693
vt 0.17421 0.70136
vt 0.17228 0.70136
vt 0.17228 0.70136
vt 0.17421 0.70136
vt 0.17421 0.71389
vt 0.17228 0.70136
vt 0.17421 0.71389
vt 0.17228 0.71389
vt 0.17228 0.71389
vt 0.17421 0.71389
vt 0.17421 0.72906
vt 0.17228 0.71389
vt 0.17421 0.72906
vt 0.17228 0.72906
vt 0.17228 0.72906
vt 0.17421 0.72906
vt 0.17228 0.74351
vt 0.17228 0.72906
vt 0.17228 0.74351
vt 0.17421 0.72906
vt 0.17421 0.72906
vt 0.17228 0.74351
vt 0.17421 0.74350
vt 0.17421 0.72906
vt 0.17421 0.74350
vt 0.17228 0.72906
vt 0.17228 0.72906
vt 0.17421 0.74350
vt 0.17228 0.74349
vt 0.17228 0.72906
vt 0.17228 0.74349
vt 0.18503 0.72907
vt 0.18503 0.72907
vt 0.17228 0.74349
vt 0.18503 0.74347
vt 0.10915 0.54891
vt 0.09630 0.58715
vt 0.12142 0.55541
vt 0.10915 0.54891
vt 0.12142 0.55541
vt 0.12862 0.51584
vt 0.12862 0.51584
vt 0.12142 0.55541
vt 0.13544 0.52187
vt 0.12862 0.51584
vt 0.13544 0.52187
vt 0.15268 0.50075
vt 0.07525 0.64012
vt 0.07525 0.64012
vt 0.06369 0.64012
vt 0.06369 0.64012
vt 0.07525 0.64012
vt 0.07525 0.64012
vt 0.06369 0.64012
vt 0.07525 0.64012
vt 0.06369 0.64012
vt 0.06369 0.64012
vt 0.07525 0.64012
vt 0.07525 0.64012
vt 0.06369 0.64012
vt 0.07525 0.64012
vt 0.06369 0.64012
vt 0.06369 0.64012
vt 0.07525 0.64012
vt 0.07525 0.62402
vt 0.06369 0.64012
vt 0.07525 0.62402
vt 0.06369 0.62402
vt 0.15427 0.84023
vt 0.11787 0.84182
vt 0.15437 0.94620
vt 0.15437 0.94620
vt 0.11787 0.84182
vt 0.12203 0.94620
vt 0.01325 0.64229
vt 0.01316 0.68441
vt 0.05878 0.68441
vt 0.05878 0.68441
vt 0.01316 0.68441
vt 0.01307 0.94742
vt 0.05878 0.68441
vt 0.01307 0.94742
vt 0.11642 0.84063
vt 0.11642 0.84063
vt 0.01307 0.94742
vt 0.12091 0.94742
vt 0.05878 0.68441
vt 0.11642 0.84063
vt 0.16202 0.68441
vt 0.16202 0.68441
vt 0.11642 0.84063
vt 0.15572 0.83901
vt 0.16202 0.68441
vt 0.15572 0.83901
vt 0.16202 0.94742
vt 0.16202 0.94742
vt 0.15572 0.83901
vt 0.15582 0.94742
vt 0.49731 0.84611
vt 0.48895 0.84611
vt 0.49731 0.76560
vt 0.49731 0.76560
vt 0.48895 0.84611
vt 0.48895 0.76560
vt 0.31039 0.84249
vt 0.30996 0.84249
vt 0.31039 0.79138
vt 0.31039 0.79138
vt 0.30996 0.84249
vt 0.30996 0.79138
vt 0.46503 0.83798
vt 0.46503 0.84623
vt 0.48177 0.83798
vt 0.48177 0.83798
vt 0.46503 0.84623
vt 0.48177 0.84623
vt 0.01420 0.94742
vt 0.09328 0.94742
vt 0.09328 0.68441
vt 0.09328 0.68441
vt 0.09328 0.94742
vt 0.01420 0.94742
vt 0.09328 0.68441
vt 0.01420 0.94742
vt 0.01420 0.68441
vt 0.01420 0.68441
vt 0.01420 0.94742
vt 0.09328 0.94742
vt 0.01420 0.68441
vt 0.09328 0.94742
vt 0.09328 0.68441
vt 0.55051 0.72816
vt 0.55051 0.74231
vt 0.55438 0.72816
vt 0.55438 0.72816
vt 0.55051 0.74231
vt 0.55438 0.74231
vt 0.55438 0.72816
vt 0.55438 0.74231
vt 0.55051 0.72823
vt 0.55051 0.72823
vt 0.55438 0.74231
vt 0.55051 0.74237
vt 0.55051 0.72823
vt 0.55051 0.74237
vt 0.55439 0.72823
vt 0.55439 0.72823
vt 0.55051 0.74237
vt 0.55439 0.74237
vt 0.55439 0.72823
vt 0.55439 0.74237
vt 0.55051 0.72831
vt 0.55051 0.72831
vt 0.55439 0.74237
vt 0.55051 0.74246
vt 0.55051 0.72831
vt 0.55051 0.74246
vt 0.55443 0.72831
vt 0.55443 0.72831
vt 0.55051 0.74246
vt 0.55443 0.74246
vt 0.55443 0.72831
vt 0.55443 0.74246
vt 0.55051 0.72831
vt 0.55051 0.72831
vt 0.55443 0.74246
vt 0.55051 0.74231
vt 0.55051 0.74049
vt 0.55051 0.71316
vt 0.55438 0.71316
vt 0.55051 0.74049
vt 0.55438 0.71316
vt 0.55438 0.74049
vt 0.55438 0.74049
vt 0.55438 0.71316
vt 0.55051 0.71323
vt 0.55438 0.74049
vt 0.55051 0.71323
vt 0.55051 0.74056
vt 0.55051 0.74056
vt 0.55051 0.71323
vt 0.55439 0.71323
vt 0.55051 0.74056
vt 0.55439 0.71323
vt 0.55439 0.74056
vt 0.55439 0.74056
vt 0.55439 0.71323
vt 0.55051 0.71331
vt 0.55439 0.74056
vt 0.55051 0.71331
vt 0.55051 0.74065
vt 0.55051 0.74065
vt 0.55051 0.71331
vt 0.55443 0.71331
vt 0.55051 0.74065
vt 0.55443 0.71331
vt 0.55443 0.74065
vt 0.55443 0.74065
vt 0.55443 0.71331
vt 0.55051 0.71316
vt 0.55443 0.74065
vt 0.55051 0.71316
vt 0.55051 0.74049
vt 0.55318 0.71720
vt 0.55096 0.72398
vt 0.55393 0.72582
vt 0.55393 0.72582
vt 0.55096 0.72398
vt 0.55432 0.73581
vt 0.55393 0.72582
vt 0.55432 0.73581
vt 0.55432 0.73581
vt 0.55393 0.72582
vt 0.55393 0.72582
vt 0.55432 0.73581
vt 0.55432 0.73581
vt 0.55096 0.72398
vt 0.54917 0.73465
vt 0.54917 0.73465
vt 0.55096 0.72398
vt 0.55096 0.72398
vt 0.54917 0.73465
vt 0.55096 0.72398
vt 0.54917 0.73465
vt 0.17421 0.70136
vt 0.17421 0.71389
vt 0.17228 0.71390
vt 0.17228 0.71390
vt 0.17421 0.71389
vt 0.17228 0.72906
vt 0.17228 0.71390
vt 0.17228 0.72906
vt 0.18503 0.72907
vt 0.18503 0.72907
vt 0.17228 0.72906
vt 0.17228 0.74349
vt 0.18503 0.72907
vt 0.17228 0.74349
vt 0.18503 0.74347
vt 0.10083 0.64012
vt 0.10083 0.64012
vt 0.12536 0.64012
vt 0.12536 0.64012
vt 0.10083 0.64012
vt 0.12536 0.64012
vt 0.12536 0.64012
vt 0.12536 0.64012
vt 0.14955 0.64012
vt 0.14955 0.64012
vt 0.12536 0.64012
vt 0.14955 0.62402
vt 0.14955 0.64012
vt 0.14955 0.62402
vt 0.12536 0.64012
vt 0.12536 0.64012
vt 0.14955 0.62402
vt 0.12536 0.62402
vt 0.12536 0.64012
vt 0.12536 0.62402
vt 0.10083 0.64012
vt 0.10083 0.64012
vt 0.12536 0.62402
vt 0.10083 0.62402
vt 0.10083 0.64012
vt 0.10083 0.62402
vt 0.07525 0.64012
vt 0.07525 0.64012
vt 0.10083 0.62402
vt 0.07525 0.62402
vt 0.07525 0.64012
vt 0.07525 0.62402
vt 0.06369 0.64012
vt 0.06369 0.64012
vt 0.07525 0.62402
vt 0.06369 0.62402
vt 0.09328 0.68441
vt 0.09328 0.94742
vt 0.01420 0.68441
vt 0.01420 0.68441
vt 0.09328 0.94742
vt 0.01420 0.94742
vt 0.01420 0.68441
vt 0.01420 0.94742
vt 0.09328 0.68441
vt 0.34972 0.65890
vt 0.36629 0.68920
vt 0.49496 0.50140
vt 0.34972 0.65890
vt 0.49496 0.50140
vt 0.20648 0.60231
vt 0.20648 0.60231
vt 0.49496 0.50140
vt 0.17232 0.50398
vt 0.20648 0.60231
vt 0.17232 0.50398
vt 0.13822 0.59132
vt 0.15427 0.84023
vt 0.11787 0.84182
vt 0.15437 0.94620
vt 0.15437 0.94620
vt 0.11787 0.84182
vt 0.12203 0.94620
vt 0.01325 0.64229
vt 0.01316 0.68441
vt 0.05878 0.68441
vt 0.05878 0.68441
vt 0.01316 0.68441
vt 0.01307 0.94742
vt 0.05878 0.68441
vt 0.01307 0.94742
vt 0.11642 0.84063
vt 0.11642 0.84063
vt 0.01307 0.94742
vt 0.12091 0.94742
vt 0.05878 0.68441
vt 0.11642 0.84063
vt 0.16202 0.68441
vt 0.16202 0.68441
vt 0.11642 0.84063
vt 0.15572 0.83901
vt 0.16202 0.68441
vt 0.15572 0.83901
vt 0.16202 0.94742
vt 0.16202 0.94742
vt 0.15572 0.83901
vt 0.15582 0.94742
vt 0.31039 0.84249
vt 0.30996 0.84249
vt 0.31039 0.79138
vt 0.31039 0.79138
vt 0.30996 0.84249
vt 0.30996 0.79138
vt 0.49731 0.84611
vt 0.48895 0.84611
vt 0.49731 0.76560
vt 0.49731 0.76560
vt 0.48895 0.84611
vt 0.48895 0.76560
vt 0.46503 0.83798
vt 0.46503 0.84623
vt 0.48177 0.83798
vt 0.48177 0.83798
vt 0.46503 0.84623
vt 0.48177 0.84623
vt 0.09328 0.68441
vt 0.09328 0.94742
vt 0.01420 0.68441
vt 0.01420 0.68441
vt 0.09328 0.94742
vt 0.01420 0.94742
vt 0.01420 0.68441
vt 0.01420 0.94742
vt 0.09328 0.68441
vt 0.09328 0.68441
vt 0.01420 0.94742
vt 0.09328 0.94742
vt 0.09328 0.68441
vt 0.09328 0.94742
vt 0.01420 0.94742
vt 0.55051 0.74231
vt 0.55051 0.72816
vt 0.55438 0.72816
vt 0.55051 0.74231
vt 0.55438 0.72816
vt 0.55438 0.74231
vt 0.55438 0.74231
vt 0.55438 0.72816
vt 0.55051 0.72823
vt 0.55438 0.74231
vt 0.55051 0.72823
vt 0.55051 0.74237
vt 0.55051 0.74237
vt 0.55051 0.72823
vt 0.55439 0.72823
vt 0.55051 0.74237
vt 0.55439 0.72823
vt 0.55439 0.74237
vt 0.55439 0.74237
vt 0.55439 0.72823
vt 0.55051 0.72831
vt 0.55439 0.74237
vt 0.55051 0.72831
vt 0.55051 0.74246
vt 0.55051 0.74246
vt 0.55051 0.72831
vt 0.55443 0.72831
vt 0.55051 0.74246
vt 0.55443 0.72831
vt 0.55443 0.74246
vt 0.55443 0.74246
vt 0.55443 0.72831
vt 0.55051 0.72831
vt 0.55443 0.74246
vt 0.55051 0.72831
vt 0.55051 0.74231
vt 0.55051 0.71316
vt 0.55051 0.74049
vt 0.55438 0.71316
vt 0.55438 0.71316
vt 0.55051 0.74049
vt 0.55438 0.74049
vt 0.55438 0.71316
vt 0.55438 0.74049
vt 0.55051 0.71323
vt 0.55051 0.71323
vt 0.55438 0.74049
vt 0.55051 0.74056
vt 0.55051 0.71323
vt 0.55051 0.74056
vt 0.55439 0.71323
vt 0.55439 0.71323
vt 0.55051 0.74056
vt 0.55439 0.74056
vt 0.55439 0.71323
vt 0.55439 0.74056
vt 0.55051 0.71331
vt 0.55051 0.71331
vt 0.55439 0.74056
vt 0.55051 0.74065
vt 0.55051 0.71331
vt 0.55051 0.74065
vt 0.55443 0.71331
vt 0.55443 0.71331
vt 0.55051 0.74065
vt 0.55443 0.74065
vt 0.55443 0.71331
vt 0.55443 0.74065
vt 0.55051 0.71316
vt 0.55051 0.71316
vt 0.55443 0.74065
vt 0.55051 0.74049
vt 0.55318 0.71720
vt 0.55393 0.72582
vt 0.55096 0.72398
vt 0.55096 0.72398
vt 0.55393 0.72582
vt 0.55432 0.73581
vt 0.55096 0.72398
vt 0.55432 0.73581
vt 0.54917 0.73465
vt 0.55393 0.72582
vt 0.55432 0.73581
vt 0.55393 0.72582
vt 0.55393 0.72582
vt 0.55432 0.73581
vt 0.55432 0.73581
vt 0.54917 0.73465
vt 0.55096 0.72398
vt 0.54917 0.73465
vt 0.54917 0.73465
vt 0.55096 0.72398
vt 0.55096 0.72398
vt 0.17228 0.74351
vt 0.17421 0.72906
vt 0.17421 0.74350
vt 0.17421 0.74350
vt 0.17421 0.72906
vt 0.17228 0.72906
vt 0.17421 0.74350
vt 0.17228 0.72906
vt 0.17228 0.74349
vt 0.17228 0.74349
vt 0.17228 0.72906
vt 0.18503 0.72907
vt 0.17228 0.74349
vt 0.18503 0.72907
vt 0.18503 0.74347
vt 0.06369 0.62402
vt 0.07525 0.62402
vt 0.06369 0.64012
vt 0.06369 0.64012
vt 0.07525 0.62402
vt 0.07525 0.64012
vt 0.06369 0.64012
vt 0.07525 0.64012
vt 0.06369 0.64012
vt 0.06369 0.64012
vt 0.07525 0.64012
vt 0.07525 0.64012
vt 0.06369 0.64012
vt 0.07525 0.64012
vt 0.06369 0.64012
vt 0.09328 0.68441
vt 0.01420 0.94742
vt 0.01420 0.68441
vt 0.01420 0.68441
vt 0.01420 0.94742
vt 0.09328 0.94742
vt 0.01420 0.68441
vt 0.09328 0.94742
vt 0.09328 0.68441
vt 0.06549 0.51501
vt 0.06549 0.47498
vt 0.07581 0.51501
vt 0.07581 0.51501
vt 0.06549 0.47498
vt 0.07313 0.47498
vt 0.07581 0.51501
vt 0.07313 0.47498
vt 0.07541 0.47498
vt 0.36629 0.68920
vt 0.34972 0.65890
vt 0.49496 0.50140
vt 0.49496 0.50140
vt 0.34972 0.65890
vt 0.20648 0.60231
vt 0.49496 0.50140
vt 0.20648 0.60231
vt 0.17232 0.50398
vt 0.17232 0.50398
vt 0.20648 0.60231
vt 0.13822 0.59132
vt 0.12203 0.94620
vt 0.11787 0.84182
vt 0.15437 0.94620
vt 0.15437 0.94620
vt 0.11787 0.84182
vt 0.15427 0.84023
vt 0.01316 0.68441
vt 0.01325 0.64229
vt 0.05878 0.68441
vt 0.01316 0.68441
vt 0.05878 0.68441
vt 0.01307 0.94742
vt 0.01307 0.94742
vt 0.05878 0.68441
vt 0.11642 0.84063
vt 0.01307 0.94742
vt 0.11642 0.84063
vt 0.12091 0.94742
vt 0.11642 0.84063
vt 0.05878 0.68441
vt 0.16202 0.68441
vt 0.11642 0.84063
vt 0.16202 0.68441
vt 0.15572 0.83901
vt 0.15572 0.83901
vt 0.16202 0.68441
vt 0.16202 0.94742
vt 0.15572 0.83901
vt 0.16202 0.94742
vt 0.15582 0.94742
vt 0.30996 0.79138
vt 0.30996 0.84249
vt 0.31039 0.79138
vt 0.31039 0.79138
vt 0.30996 0.84249
vt 0.31039 0.84249
vt 0.48895 0.76560
vt 0.48895 0.84611
vt 0.49731 0.76560
vt 0.49731 0.76560
vt 0.48895 0.84611
vt 0.49731 0.84611
vt 0.48177 0.84623
vt 0.46503 0.84623
vt 0.48177 0.83798
vt 0.48177 0.83798
vt 0.46503 0.84623
vt 0.46503 0.83798
vt 0.43667 0.85273
vt 0.45254 0.85273
vt 0.43667 0.90025
vt 0.43667 0.90025
vt 0.45254 0.85273
vt 0.45254 0.90025
vt 0.43667 0.90025
vt 0.45254 0.90025
vt 0.45254 0.85273
vt 0.45275 0.85273
vt 0.43667 0.85273
vt 0.45275 0.95786
vt 0.45275 0.95786
vt 0.43667 0.85273
vt 0.43667 0.95786
vt 0.45275 0.95786
vt 0.43667 0.95786
vt 0.43667 0.85273
vt 0.45254 0.85273
vt 0.43667 0.85273
vt 0.45275 0.95786
vt 0.45275 0.95786
vt 0.43667 0.85273
vt 0.43667 0.95786
vt 0.45275 0.95786
vt 0.43667 0.95786
vt 0.43667 0.85273
vt 0.43667 0.90025
vt 0.45254 0.85273
vt 0.43667 0.85273
vt 0.45275 0.95786
vt 0.43667 0.85273
vt 0.45275 0.85273
vt 0.45275 0.95786
vt 0.43667 0.85273
vt 0.45254 0.85273
vt 0.21735 0.24851
vt 0.28159 0.24851
vt 0.21735 0.49319
vt 0.21735 0.49319
vt 0.28159 0.24851
vt 0.28159 0.49319
vt 0.21735 0.49319
vt 0.28159 0.49319
vt 0.28159 0.24851
vt 0.28159 0.24851
vt 0.21735 0.24851
vt 0.28159 0.49319
vt 0.28159 0.49319
vt 0.21735 0.24851
vt 0.21735 0.49319
vt 0.28753 0.40819
vt 0.40825 0.40819
vt 0.28753 0.36217
vt 0.28753 0.36217
vt 0.40825 0.40819
vt 0.40825 0.34395
vt 0.28753 0.36217
vt 0.40825 0.34395
vt 0.28753 0.31049
vt 0.40825 0.31898
vt 0.40825 0.25474
vt 0.28753 0.25474
vt 0.28753 0.25474
vt 0.40825 0.25474
vt 0.40825 0.31898
vt 0.28753 0.25474
vt 0.40825 0.31898
vt 0.28753 0.31898
vt 0.21735 0.00363
vt 0.28159 0.00363
vt 0.21735 0.24672
vt 0.21735 0.24672
vt 0.28159 0.00363
vt 0.28159 0.24672
vt 0.21735 0.00363
vt 0.28159 0.00363
vt 0.21735 0.24672
vt 0.21735 0.24672
vt 0.28159 0.00363
vt 0.28159 0.24672
vt 0.21735 0.12460
vt 0.28159 0.12460
vt 0.21735 0.00363
vt 0.21735 0.00363
vt 0.28159 0.12460
vt 0.28159 0.00363
vt 0.21735 0.00363
vt 0.28159 0.00363
vt 0.21735 0.24672
vt 0.21735 0.24672
vt 0.28159 0.00363
vt 0.28159 0.24672
vt 0.28159 0.49319
vt 0.28159 0.24851
vt 0.21735 0.49319
vt 0.21735 0.49319
vt 0.28159 0.24851
vt 0.21735 0.24851
vt 0.21735 0.00363
vt 0.28159 0.00363
vt 0.21735 0.24672
vt 0.21735 0.24672
vt 0.28159 0.00363
vt 0.28159 0.24672
vt 0.21735 0.49319
vt 0.28159 0.24851
vt 0.21735 0.24851
vt 0.21735 0.00363
vt 0.28159 0.00363
vt 0.21735 0.12460
vt 0.21735 0.12460
vt 0.28159 0.00363
vt 0.28159 0.12460
vt 0.28159 0.37168
vt 0.28159 0.49319
vt 0.21735 0.37168
vt 0.21735 0.37168
vt 0.28159 0.49319
vt 0.21735 0.49319
vt 0.28159 0.49319
vt 0.28159 0.24851
vt 0.21735 0.24851
vt 0.21735 0.24851
vt 0.28159 0.24851
vt 0.28159 0.49319
vt 0.21735 0.24851
vt 0.28159 0.49319
vt 0.21735 0.49319
vt 0.21735 0.24851
vt 0.21735 0.49319
vt 0.28159 0.24851
vt 0.28159 0.24851
vt 0.21735 0.49319
vt 0.28159 0.49319
vt 0.28753 0.31049
vt 0.40825 0.34395
vt 0.28753 0.36217
vt 0.28753 0.36217
vt 0.40825 0.34395
vt 0.40825 0.40819
vt 0.28753 0.36217
vt 0.40825 0.40819
vt 0.28753 0.40819
vt 0.40825 0.31898
vt 0.28753 0.25474
vt 0.28753 0.31898
vt 0.28159 0.00363
vt 0.28159 0.24672
vt 0.21735 0.00363
vt 0.21735 0.00363
vt 0.28159 0.24672
vt 0.21735 0.24672
vt 0.28159 0.00363
vt 0.28159 0.24672
vt 0.21735 0.00363
vt 0.21735 0.00363
vt 0.28159 0.24672
vt 0.21735 0.24672
vt 0.21735 0.12460
vt 0.21735 0.24672
vt 0.28159 0.24672
vt 0.28159 0.24672
vt 0.21735 0.24672
vt 0.21735 0.00363
vt 0.28159 0.24672
vt 0.21735 0.00363
vt 0.28159 0.00363
vt 0.21735 0.49319
vt 0.28159 0.49319
vt 0.21735 0.24851
vt 0.21735 0.24851
vt 0.28159 0.49319
vt 0.28159 0.24851
vt 0.28159 0.00363
vt 0.28159 0.24672
vt 0.21735 0.00363
vt 0.21735 0.00363
vt 0.28159 0.24672
vt 0.21735 0.24672
vt 0.21735 0.49319
vt 0.28159 0.49319
vt 0.21735 0.24851
vt 0.28159 0.12460
vt 0.28159 0.24672
vt 0.21735 0.12460
vt 0.21735 0.12460
vt 0.28159 0.24672
vt 0.21735 0.24672
vt 0.21735 0.24851
vt 0.28159 0.24851
vt 0.21735 0.37161
vt 0.21735 0.37161
vt 0.28159 0.24851
vt 0.28159 0.37161
vt 0.39827 0.43363
vt 0.39827 0.46716
vt 0.40858 0.43573
vt 0.40858 0.43573
vt 0.39827 0.46716
vt 0.40858 0.46507
vt 0.39658 0.43480
vt 0.28753 0.43480
vt 0.39658 0.46257
vt 0.39658 0.46257
vt 0.28753 0.43480
vt 0.28753 0.46257
vt 0.39827 0.43363
vt 0.39827 0.46716
vt 0.40858 0.43573
vt 0.40858 0.43573
vt 0.39827 0.46716
vt 0.40858 0.46507
vt 0.39827 0.43363
vt 0.39827 0.46716
vt 0.40858 0.43573
vt 0.40858 0.43573
vt 0.39827 0.46716
vt 0.40858 0.46507
vt 0.18261 0.38469
vt 0.18261 0.43874
vt 0.19922 0.38806
vt 0.19922 0.38806
vt 0.18261 0.43874
vt 0.19922 0.43537
vt 0.00257 0.38656
vt 0.17988 0.38656
vt 0.00257 0.43134
vt 0.00257 0.43134
vt 0.17988 0.38656
vt 0.17988 0.43134
vt 0.18261 0.38469
vt 0.18261 0.43874
vt 0.19922 0.38806
vt 0.19922 0.38806
vt 0.18261 0.43874
vt 0.19922 0.43537
vt 0.18261 0.38469
vt 0.18261 0.43874
vt 0.19922 0.38806
vt 0.19922 0.38806
vt 0.18261 0.43874
vt 0.19922 0.43537
vt 0.19728 0.48035
vt 0.19728 0.43974
vt 0.19157 0.48035
vt 0.19157 0.48035
vt 0.19728 0.43974
vt 0.19157 0.43974
vt 0.19157 0.48035
vt 0.19157 0.43974
vt 0.19157 0.48035
vt 0.19157 0.48035
vt 0.19157 0.43974
vt 0.19157 0.43974
vt 0.19157 0.48035
vt 0.19157 0.43974
vt 0.19157 0.48035
vt 0.19157 0.48035
vt 0.19157 0.43974
vt 0.19157 0.43974
vt 0.19157 0.48035
vt 0.19157 0.43974
vt 0.19157 0.48035
vt 0.19157 0.48035
vt 0.19157 0.43974
vt 0.19157 0.43974
vt 0.19157 0.48035
vt 0.19157 0.43974
vt 0.19157 0.48035
vt 0.19157 0.48035
vt 0.19157 0.43974
vt 0.19157 0.43974
vt 0.19157 0.48035
vt 0.19157 0.43974
vt 0.19634 0.48035
vt 0.19634 0.48035
vt 0.19157 0.43974
vt 0.19634 0.43974
vt 0.19728 0.48033
vt 0.19728 0.43972
vt 0.19157 0.48033
vt 0.19157 0.48033
vt 0.19728 0.43972
vt 0.19157 0.43972
vt 0.19157 0.48033
vt 0.19157 0.43972
vt 0.19157 0.48033
vt 0.19157 0.48033
vt 0.19157 0.43972
vt 0.19157 0.43972
vt 0.19157 0.48033
vt 0.19157 0.43972
vt 0.19157 0.48033
vt 0.19157 0.48033
vt 0.19157 0.43972
vt 0.19157 0.43972
vt 0.19157 0.48033
vt 0.19157 0.43972
vt 0.19157 0.48033
vt 0.19157 0.48033
vt 0.19157 0.43972
vt 0.19157 0.43972
vt 0.19157 0.48033
vt 0.19157 0.43972
vt 0.19157 0.48033
vt 0.19157 0.48033
vt 0.19157 0.43972
vt 0.19157 0.43972
vt 0.19157 0.48033
vt 0.19157 0.43972
vt 0.19634 0.48033
vt 0.19634 0.48033
vt 0.19157 0.43972
vt 0.19634 0.43972
vt 0.39827 0.43363
vt 0.39827 0.46716
vt 0.40858 0.43573
vt 0.40858 0.43573
vt 0.39827 0.46716
vt 0.40858 0.46507
vt 0.39658 0.43480
vt 0.28753 0.43480
vt 0.39658 0.46257
vt 0.39658 0.46257
vt 0.28753 0.43480
vt 0.28753 0.46257
vt 0.39827 0.43363
vt 0.39827 0.46716
vt 0.40858 0.43573
vt 0.40858 0.43573
vt 0.39827 0.46716
vt 0.40858 0.46507
vt 0.39827 0.43363
vt 0.39827 0.46716
vt 0.40858 0.43573
vt 0.40858 0.43573
vt 0.39827 0.46716
vt 0.40858 0.46507
vt 0.39827 0.43363
vt 0.39827 0.46716
vt 0.40858 0.43573
vt 0.40858 0.43573
vt 0.39827 0.46716
vt 0.40858 0.46507
vt 0.28753 0.43480
vt 0.39658 0.43480
vt 0.28753 0.46257
vt 0.28753 0.46257
vt 0.39658 0.43480
vt 0.39658 0.46257
vt 0.39827 0.43363
vt 0.39827 0.46716
vt 0.40858 0.43573
vt 0.40858 0.43573
vt 0.39827 0.46716
vt 0.40858 0.46507
vt 0.39827 0.43363
vt 0.39827 0.46716
vt 0.40858 0.43573
vt 0.40858 0.43573
vt 0.39827 0.46716
vt 0.40858 0.46507
vt 0.39827 0.43363
vt 0.39827 0.46716
vt 0.40858 0.43573
vt 0.40858 0.43573
vt 0.39827 0.46716
vt 0.40858 0.46507
vt 0.39658 0.43480
vt 0.28753 0.43480
vt 0.39658 0.46257
vt 0.39658 0.46257
vt 0.28753 0.43480
vt 0.28753 0.46257
vt 0.39827 0.43363
vt 0.39827 0.46716
vt 0.40858 0.43573
vt 0.40858 0.43573
vt 0.39827 0.46716
vt 0.40858 0.46507
vt 0.39827 0.43363
vt 0.39827 0.46716
vt 0.40858 0.43573
vt 0.40858 0.43573
vt 0.39827 0.46716
vt 0.40858 0.46507
vt 0.39827 0.43363
vt 0.39827 0.46716
vt 0.40858 0.43573
vt 0.40858 0.43573
vt 0.39827 0.46716
vt 0.40858 0.46507
vt 0.28753 0.43480
vt 0.39658 0.43480
vt 0.28753 0.46257
vt 0.28753 0.46257
vt 0.39658 0.43480
vt 0.39658 0.46257
vt 0.39827 0.43363
vt 0.39827 0.46716
vt 0.40858 0.43573
vt 0.40858 0.43573
vt 0.39827 0.46716
vt 0.40858 0.46507
vt 0.39827 0.43363
vt 0.39827 0.46716
vt 0.40858 0.43573
vt 0.40858 0.43573
vt 0.39827 0.46716
vt 0.40858 0.46507
vt 0.39827 0.43363
vt 0.39827 0.46716
vt 0.40858 0.43573
vt 0.40858 0.43573
vt 0.39827 0.46716
vt 0.40858 0.46507
vt 0.39658 0.43480
vt 0.28753 0.43480
vt 0.39658 0.46257
vt 0.39658 0.46257
vt 0.28753 0.43480
vt 0.28753 0.46257
vt 0.39827 0.43363
vt 0.39827 0.46716
vt 0.40858 0.43573
vt 0.40858 0.43573
vt 0.39827 0.46716
vt 0.40858 0.46507
vt 0.39827 0.43363
vt 0.39827 0.46716
vt 0.40858 0.43573
vt 0.40858 0.43573
vt 0.39827 0.46716
vt 0.40858 0.46507
vt 0.39827 0.43363
vt 0.39827 0.46716
vt 0.40858 0.43573
vt 0.40858 0.43573
vt 0.39827 0.46716
vt 0.40858 0.46507
vt 0.28753 0.43480
vt 0.39658 0.43480
vt 0.28753 0.46257
vt 0.28753 0.46257
vt 0.39658 0.43480
vt 0.39658 0.46257
vt 0.39827 0.43363
vt 0.39827 0.46716
vt 0.40858 0.43573
vt 0.40858 0.43573
vt 0.39827 0.46716
vt 0.40858 0.46507
vt 0.39827 0.43363
vt 0.39827 0.46716
vt 0.40858 0.43573
vt 0.40858 0.43573
vt 0.39827 0.46716
vt 0.40858 0.46507
vt 0.39827 0.43363
vt 0.39827 0.46716
vt 0.40858 0.43573
vt 0.40858 0.43573
vt 0.39827 0.46716
vt 0.40858 0.46507
vt 0.39658 0.43480
vt 0.28753 0.43480
vt 0.39658 0.46257
vt 0.39658 0.46257
vt 0.28753 0.43480
vt 0.28753 0.46257
vt 0.39827 0.43363
vt 0.39827 0.46716
vt 0.40858 0.43573
vt 0.40858 0.43573
vt 0.39827 0.46716
vt 0.40858 0.46507
vt 0.39827 0.43363
vt 0.39827 0.46716
vt 0.40858 0.43573
vt 0.40858 0.43573
vt 0.39827 0.46716
vt 0.40858 0.46507
vt 0.39827 0.43363
vt 0.39827 0.46716
vt 0.40858 0.43573
vt 0.40858 0.43573
vt 0.39827 0.46716
vt 0.40858 0.46507
vt 0.28753 0.43480
vt 0.39658 0.43480
vt 0.28753 0.46257
vt 0.28753 0.46257
vt 0.39658 0.43480
vt 0.39658 0.46257
vt 0.39827 0.43363
vt 0.39827 0.46716
vt 0.40858 0.43573
vt 0.40858 0.43573
vt 0.39827 0.46716
vt 0.40858 0.46507
vt 0.39827 0.43363
vt 0.39827 0.46716
vt 0.40858 0.43573
vt 0.40858 0.43573
vt 0.39827 0.46716
vt 0.40858 0.46507
vt 0.18261 0.38469
vt 0.18261 0.43874
vt 0.19922 0.38806
vt 0.19922 0.38806
vt 0.18261 0.43874
vt 0.19922 0.43537
vt 0.17988 0.38656
vt 0.00257 0.38656
vt 0.17988 0.43134
vt 0.17988 0.43134
vt 0.00257 0.38656
vt 0.00257 0.43134
vt 0.18261 0.38469
vt 0.18261 0.43874
vt 0.19922 0.38806
vt 0.19922 0.38806
vt 0.18261 0.43874
vt 0.19922 0.43537
vt 0.18261 0.38469
vt 0.18261 0.43874
vt 0.19922 0.38806
vt 0.19922 0.38806
vt 0.18261 0.43874
vt 0.19922 0.43537
vt 0.39827 0.43363
vt 0.39827 0.46716
vt 0.40858 0.43573
vt 0.40858 0.43573
vt 0.39827 0.46716
vt 0.40858 0.46507
vt 0.28753 0.43480
vt 0.39658 0.43480
vt 0.28753 0.46257
vt 0.28753 0.46257
vt 0.39658 0.43480
vt 0.39658 0.46257
vt 0.39827 0.43363
vt 0.39827 0.46716
vt 0.40858 0.43573
vt 0.40858 0.43573
vt 0.39827 0.46716
vt 0.40858 0.46507
vt 0.39827 0.43363
vt 0.39827 0.46716
vt 0.40858 0.43573
vt 0.40858 0.43573
vt 0.39827 0.46716
vt 0.40858 0.46507
vt 0.19634 0.48033
vt 0.19634 0.43972
vt 0.19157 0.48033
vt 0.19157 0.48033
vt 0.19634 0.43972
vt 0.19157 0.43972
vt 0.19157 0.48033
vt 0.19157 0.43972
vt 0.19157 0.48033
vt 0.19157 0.48033
vt 0.19157 0.43972
vt 0.19157 0.43972
vt 0.19157 0.48033
vt 0.19157 0.43972
vt 0.19157 0.48033
vt 0.19157 0.48033
vt 0.19157 0.43972
vt 0.19157 0.43972
vt 0.19157 0.48033
vt 0.19157 0.43972
vt 0.19157 0.48033
vt 0.19157 0.48033
vt 0.19157 0.43972
vt 0.19157 0.43972
vt 0.19157 0.48033
vt 0.19157 0.43972
vt 0.19157 0.48033
vt 0.19157 0.48033
vt 0.19157 0.43972
vt 0.19157 0.43972
vt 0.19157 0.48033
vt 0.19157 0.43972
vt 0.19728 0.48033
vt 0.19728 0.48033
vt 0.19157 0.43972
vt 0.19728 0.43972
vt 0.19634 0.48035
vt 0.19634 0.43974
vt 0.19157 0.48035
vt 0.19157 0.48035
vt 0.19634 0.43974
vt 0.19157 0.43974
vt 0.19157 0.48035
vt 0.19157 0.43974
vt 0.19157 0.48035
vt 0.19157 0.48035
vt 0.19157 0.43974
vt 0.19157 0.43974
vt 0.19157 0.48035
vt 0.19157 0.43974
vt 0.19157 0.48035
vt 0.19157 0.48035
vt 0.19157 0.43974
vt 0.19157 0.43974
vt 0.19157 0.48035
vt 0.19157 0.43974
vt 0.19157 0.48035
vt 0.19157 0.48035
vt 0.19157 0.43974
vt 0.19157 0.43974
vt 0.19157 0.48035
vt 0.19157 0.43974
vt 0.19157 0.48035
vt 0.19157 0.48035
vt 0.19157 0.43974
vt 0.19157 0.43974
vt 0.19157 0.48035
vt 0.19157 0.43974
vt 0.19728 0.48035
vt 0.19728 0.48035
vt 0.19157 0.43974
vt 0.19728 0.43974
vt 0.28159 0.37164
vt 0.21735 0.37164
vt 0.28159 0.49319
vt 0.28159 0.49319
vt 0.21735 0.37164
vt 0.21735 0.49319
vt 0.28159 0.12460
vt 0.21735 0.12460
vt 0.28159 0.24672
vt 0.21735 0.37165
vt 0.28159 0.37165
vt 0.21735 0.24851
vt 0.21735 0.24851
vt 0.28159 0.37165
vt 0.28159 0.24851
vt 0.28753 0.31049
vt 0.40825 0.34395
vt 0.28753 0.36217
vt 0.28753 0.36217
vt 0.40825 0.34395
vt 0.40825 0.40819
vt 0.28753 0.36217
vt 0.40825 0.40819
vt 0.28753 0.40819
vt 0.40825 0.31898
vt 0.28753 0.31898
vt 0.28753 0.25474
vt 0.40825 0.31898
vt 0.28753 0.25474
vt 0.40825 0.25474
vt 0.40825 0.25474
vt 0.28753 0.25474
vt 0.28753 0.31898
vt 0.40825 0.25474
vt 0.28753 0.31898
vt 0.40825 0.31898
vt 0.28753 0.40819
vt 0.40825 0.40819
vt 0.28753 0.36217
vt 0.28753 0.36217
vt 0.40825 0.40819
vt 0.40825 0.34395
vt 0.28753 0.36217
vt 0.40825 0.34395
vt 0.28753 0.31049
vt 0.07540 0.47498
vt 0.07313 0.47498
vt 0.07581 0.51501
vt 0.07581 0.51501
vt 0.07313 0.47498
vt 0.06549 0.47498
vt 0.07581 0.51501
vt 0.06549 0.47498
vt 0.06549 0.51501
vt 0.07540 0.47498
vt 0.07313 0.47498
vt 0.07581 0.51501
vt 0.07581 0.51501
vt 0.07313 0.47498
vt 0.06549 0.47498
vt 0.07581 0.51501
vt 0.06549 0.47498
vt 0.06549 0.51501
vt 0.55051 0.71467
vt 0.55051 0.72831
vt 0.55438 0.71451
vt 0.55438 0.71451
vt 0.55051 0.72831
vt 0.55438 0.72816
vt 0.55438 0.71451
vt 0.55438 0.72816
vt 0.55051 0.71467
vt 0.55051 0.71467
vt 0.55438 0.72816
vt 0.55051 0.72831
vt 0.55051 0.71467
vt 0.55051 0.72831
vt 0.55440 0.71447
vt 0.55440 0.71447
vt 0.55051 0.72831
vt 0.55440 0.72811
vt 0.55440 0.71447
vt 0.55440 0.72811
vt 0.55051 0.71447
vt 0.55051 0.71447
vt 0.55440 0.72811
vt 0.55051 0.72811
vt 0.55051 0.71447
vt 0.55051 0.72811
vt 0.55443 0.71467
vt 0.55443 0.71467
vt 0.55051 0.72811
vt 0.55443 0.72831
vt 0.55443 0.71467
vt 0.55443 0.72831
vt 0.55051 0.71467
vt 0.55051 0.71467
vt 0.55443 0.72831
vt 0.55051 0.72831
vt 0.55051 0.71316
vt 0.55051 0.71467
vt 0.55438 0.71316
vt 0.55438 0.71316
vt 0.55051 0.71467
vt 0.55438 0.71451
vt 0.55438 0.71316
vt 0.55438 0.71451
vt 0.55051 0.71316
vt 0.55051 0.71316
vt 0.55438 0.71451
vt 0.55051 0.71467
vt 0.55051 0.71316
vt 0.55051 0.71467
vt 0.55440 0.71311
vt 0.55440 0.71311
vt 0.55051 0.71467
vt 0.55440 0.71447
vt 0.55440 0.71311
vt 0.55440 0.71447
vt 0.55051 0.71311
vt 0.55051 0.71311
vt 0.55440 0.71447
vt 0.55051 0.71447
vt 0.55051 0.71311
vt 0.55051 0.71447
vt 0.55443 0.71331
vt 0.55443 0.71331
vt 0.55051 0.71447
vt 0.55443 0.71467
vt 0.55443 0.71331
vt 0.55443 0.71467
vt 0.55051 0.71331
vt 0.55051 0.71331
vt 0.55443 0.71467
vt 0.55051 0.71467
vt 0.15487 0.61103
vt 0.15482 0.61795
vt 0.14522 0.61447
vt 0.14522 0.61447
vt 0.15482 0.61795
vt 0.15487 0.61103
vt 0.14522 0.61447
vt 0.15487 0.61103
vt 0.15482 0.61795
vt 0.15482 0.61795
vt 0.15487 0.61103
vt 0.14522 0.61447
vt 0.14522 0.61447
vt 0.15487 0.61103
vt 0.15482 0.61795
vt 0.14522 0.61447
vt 0.15482 0.61795
vt 0.15487 0.61103
vt 0.15487 0.61103
vt 0.14522 0.61447
vt 0.15486 0.61796
vt 0.15486 0.61796
vt 0.14522 0.61447
vt 0.15487 0.61103
vt 0.11874 0.62073
vt 0.11858 0.59993
vt 0.14788 0.61033
vt 0.14788 0.61033
vt 0.11858 0.59993
vt 0.11874 0.62073
vt 0.14788 0.61033
vt 0.11874 0.62073
vt 0.11858 0.59993
vt 0.11858 0.59993
vt 0.11874 0.62073
vt 0.14788 0.61033
vt 0.14788 0.61033
vt 0.11874 0.62073
vt 0.11858 0.59993
vt 0.14788 0.61033
vt 0.11858 0.59993
vt 0.11874 0.62073
vt 0.11858 0.59993
vt 0.14788 0.61033
vt 0.11874 0.62073
vt 0.11874 0.62073
vt 0.14788 0.61033
vt 0.11858 0.59993
vt 0.17228 0.72906
vt 0.17421 0.72906
vt 0.17228 0.71389
vt 0.17228 0.71389
vt 0.17421 0.72906
vt 0.17421 0.71389
vt 0.17228 0.71389
vt 0.17421 0.71389
vt 0.17228 0.70136
vt 0.17228 0.70136
vt 0.17421 0.71389
vt 0.17421 0.70136
vt 0.17228 0.70136
vt 0.17421 0.70136
vt 0.17228 0.68693
vt 0.17228 0.68693
vt 0.17421 0.70136
vt 0.17421 0.68693
vt 0.17228 0.68693
vt 0.17421 0.68693
vt 0.17421 0.70136
vt 0.17421 0.70136
vt 0.17421 0.68693
vt 0.17228 0.70136
vt 0.17421 0.70136
vt 0.17228 0.70136
vt 0.17228 0.71390
vt 0.17228 0.71390
vt 0.17228 0.70136
vt 0.18503 0.71390
vt 0.17228 0.71390
vt 0.18503 0.71390
vt 0.18503 0.72907
vt 0.17421 0.72906
vt 0.17228 0.72906
vt 0.17421 0.71389
vt 0.17421 0.71389
vt 0.17228 0.72906
vt 0.17228 0.71390
vt 0.17421 0.71389
vt 0.17228 0.71390
vt 0.17421 0.70136
vt 0.17421 0.70136
vt 0.17228 0.71390
vt 0.17228 0.70136
vt 0.17421 0.70136
vt 0.17228 0.70136
vt 0.17421 0.68693
vt 0.17421 0.68693
vt 0.17228 0.70136
vt 0.17228 0.68693
vt 0.17421 0.68693
vt 0.17228 0.68693
vt 0.17228 0.70136
vt 0.17228 0.70136
vt 0.17228 0.68693
vt 0.18503 0.70136
vt 0.17228 0.70136
vt 0.18503 0.70136
vt 0.18503 0.71390
vt 0.17228 0.72906
vt 0.18503 0.72907
vt 0.17228 0.71390
vt 0.17228 0.71390
vt 0.18503 0.72907
vt 0.18503 0.71390
vt 0.17228 0.71390
vt 0.18503 0.71390
vt 0.17228 0.70136
vt 0.17228 0.70136
vt 0.18503 0.71390
vt 0.18503 0.70136
vt 0.17228 0.70136
vt 0.18503 0.70136
vt 0.17228 0.68693
vt 0.17228 0.68693
vt 0.18503 0.70136
vt 0.18503 0.68693
vt 0.17228 0.68693
vt 0.18503 0.68693
vt 0.18503 0.70136
vt 0.05868 0.64205
vt 0.05878 0.68441
vt 0.01325 0.64229
vt 0.05868 0.64205
vt 0.01325 0.64229
vt 0.05868 0.59695
vt 0.05868 0.59695
vt 0.01325 0.64229
vt 0.01325 0.59686
vt 0.05868 0.59695
vt 0.01325 0.59686
vt 0.05868 0.55031
vt 0.05868 0.55031
vt 0.01325 0.59686
vt 0.01325 0.54994
vt 0.05868 0.55031
vt 0.01325 0.54994
vt 0.01325 0.51383
vt 0.01325 0.54994
vt 0.01325 0.59686
vt 0.05868 0.55031
vt 0.01325 0.54994
vt 0.05868 0.55031
vt 0.01325 0.51383
vt 0.01325 0.51383
vt 0.05868 0.55031
vt 0.05868 0.51383
vt 0.01325 0.51383
vt 0.05868 0.51383
vt 0.05868 0.55031
vt 0.12142 0.55541
vt 0.11152 0.59339
vt 0.09630 0.58715
vt 0.09630 0.58715
vt 0.11152 0.59339
vt 0.10953 0.62130
vt 0.09630 0.58715
vt 0.10953 0.62130
vt 0.09329 0.62093
vt 0.09329 0.62093
vt 0.10953 0.62130
vt 0.09630 0.58715
vt 0.55051 0.72831
vt 0.55051 0.71467
vt 0.55438 0.71451
vt 0.55051 0.72831
vt 0.55438 0.71451
vt 0.55438 0.72816
vt 0.55438 0.72816
vt 0.55438 0.71451
vt 0.55051 0.71467
vt 0.55438 0.72816
vt 0.55051 0.71467
vt 0.55051 0.72831
vt 0.55051 0.72831
vt 0.55051 0.71467
vt 0.55440 0.71447
vt 0.55051 0.72831
vt 0.55440 0.71447
vt 0.55440 0.72811
vt 0.55440 0.72811
vt 0.55440 0.71447
vt 0.55051 0.71447
vt 0.55440 0.72811
vt 0.55051 0.71447
vt 0.55051 0.72811
vt 0.55051 0.72811
vt 0.55051 0.71447
vt 0.55443 0.71467
vt 0.55051 0.72811
vt 0.55443 0.71467
vt 0.55443 0.72831
vt 0.55443 0.72831
vt 0.55443 0.71467
vt 0.55051 0.71467
vt 0.55443 0.72831
vt 0.55051 0.71467
vt 0.55051 0.72831
vt 0.55051 0.71467
vt 0.55051 0.71316
vt 0.55438 0.71316
vt 0.55051 0.71467
vt 0.55438 0.71316
vt 0.55438 0.71451
vt 0.55438 0.71451
vt 0.55438 0.71316
vt 0.55051 0.71316
vt 0.55438 0.71451
vt 0.55051 0.71316
vt 0.55051 0.71467
vt 0.55051 0.71467
vt 0.55051 0.71316
vt 0.55440 0.71311
vt 0.55051 0.71467
vt 0.55440 0.71311
vt 0.55440 0.71447
vt 0.55440 0.71447
vt 0.55440 0.71311
vt 0.55051 0.71311
vt 0.55440 0.71447
vt 0.55051 0.71311
vt 0.55051 0.71447
vt 0.55051 0.71447
vt 0.55051 0.71311
vt 0.55443 0.71331
vt 0.55051 0.71447
vt 0.55443 0.71331
vt 0.55443 0.71467
vt 0.55443 0.71467
vt 0.55443 0.71331
vt 0.55051 0.71331
vt 0.55443 0.71467
vt 0.55051 0.71331
vt 0.55051 0.71467
vt 0.15487 0.61103
vt 0.15482 0.61795
vt 0.14522 0.61447
vt 0.14522 0.61447
vt 0.15482 0.61795
vt 0.15487 0.61103
vt 0.14522 0.61447
vt 0.15487 0.61103
vt 0.15486 0.61796
vt 0.15482 0.61795
vt 0.15487 0.61103
vt 0.14522 0.61447
vt 0.14522 0.61447
vt 0.15487 0.61103
vt 0.15482 0.61795
vt 0.14522 0.61447
vt 0.15482 0.61795
vt 0.15487 0.61103
vt 0.15486 0.61796
vt 0.15487 0.61103
vt 0.14522 0.61447
vt 0.14522 0.61447
vt 0.15487 0.61103
vt 0.15482 0.61795
vt 0.11874 0.62073
vt 0.11858 0.59993
vt 0.14788 0.61033
vt 0.14788 0.61033
vt 0.11858 0.59993
vt 0.11874 0.62073
vt 0.14788 0.61033
vt 0.11874 0.62073
vt 0.11858 0.59993
vt 0.11858 0.59993
vt 0.11874 0.62073
vt 0.14788 0.61033
vt 0.14788 0.61033
vt 0.11874 0.62073
vt 0.11858 0.59993
vt 0.14788 0.61033
vt 0.11858 0.59993
vt 0.11874 0.62073
vt 0.11874 0.62073
vt 0.11858 0.59993
vt 0.14788 0.61033
vt 0.14788 0.61033
vt 0.11858 0.59993
vt 0.11874 0.62073
vt 0.05878 0.68441
vt 0.05868 0.64205
vt 0.01325 0.64229
vt 0.01325 0.64229
vt 0.05868 0.64205
vt 0.05868 0.59695
vt 0.01325 0.64229
vt 0.05868 0.59695
vt 0.01325 0.59686
vt 0.01325 0.59686
vt 0.05868 0.59695
vt 0.05868 0.55031
vt 0.12142 0.55541
vt 0.09630 0.58715
vt 0.11152 0.59339
vt 0.11152 0.59339
vt 0.09630 0.58715
vt 0.10953 0.62130
vt 0.14955 0.62402
vt 0.12536 0.62402
vt 0.12536 0.64012
vt 0.12536 0.64012
vt 0.12536 0.62402
vt 0.10083 0.64012
vt 0.12536 0.64012
vt 0.10083 0.64012
vt 0.10083 0.64012
vt 0.10083 0.64012
vt 0.10083 0.64012
vt 0.07525 0.64012
vt 0.10083 0.64012
vt 0.07525 0.64012
vt 0.07525 0.64012
vt 0.12536 0.62402
vt 0.10083 0.62402
vt 0.10083 0.64012
vt 0.10083 0.64012
vt 0.10083 0.62402
vt 0.07525 0.64012
vt 0.10083 0.64012
vt 0.07525 0.64012
vt 0.07525 0.64012
vt 0.07525 0.64012
vt 0.10083 0.62402
vt 0.07525 0.62402
vt 0.07581 0.51501
vt 0.07537 0.51501
vt 0.07581 0.47498
vt 0.07581 0.51501
vt 0.07581 0.47498
vt 0.07537 0.51501
vt 0.07537 0.51501
vt 0.07581 0.47498
vt 0.07537 0.47498
vt 0.07537 0.51501
vt 0.07537 0.47498
vt 0.07581 0.51501
vt 0.07581 0.51501
vt 0.07537 0.47498
vt 0.07581 0.47498
vt 0.07581 0.51501
vt 0.07581 0.47498
vt 0.07540 0.47498
vt 0.12536 0.64012
vt 0.14955 0.64012
vt 0.14955 0.64012
vt 0.12536 0.64012
vt 0.14955 0.64012
vt 0.12536 0.64012
vt 0.12536 0.64012
vt 0.14955 0.64012
vt 0.14955 0.64012
vt 0.12536 0.64012
vt 0.14955 0.64012
vt 0.14955 0.64012
vt 0.14955 0.64012
vt 0.14955 0.64012
vt 0.12536 0.64012
vt 0.14955 0.64012
vt 0.12536 0.64012
vt 0.12536 0.64012
vt 0.12536 0.64012
vt 0.12536 0.64012
vt 0.10083 0.64012
vt 0.12536 0.64012
vt 0.10083 0.64012
vt 0.10083 0.64012
vt 0.10083 0.64012
vt 0.10083 0.64012
vt 0.07525 0.64012
vt 0.10083 0.64012
vt 0.07525 0.64012
vt 0.07525 0.64012
vt 0.07525 0.64012
vt 0.07525 0.64012
vt 0.06369 0.64012
vt 0.07525 0.64012
vt 0.06369 0.64012
vt 0.06369 0.64012
vt 0.10083 0.64012
vt 0.12536 0.64012
vt 0.12536 0.64012
vt 0.10083 0.64012
vt 0.12536 0.64012
vt 0.12536 0.64012
vt 0.12536 0.64012
vt 0.12536 0.64012
vt 0.14955 0.64012
vt 0.12536 0.64012
vt 0.14955 0.64012
vt 0.14955 0.64012
vt 0.14955 0.64012
vt 0.14955 0.64012
vt 0.12536 0.64012
vt 0.14955 0.64012
vt 0.12536 0.64012
vt 0.12536 0.64012
vt 0.12536 0.64012
vt 0.12536 0.64012
vt 0.10083 0.64012
vt 0.12536 0.64012
vt 0.10083 0.64012
vt 0.10083 0.64012
vt 0.10083 0.64012
vt 0.10083 0.64012
vt 0.07525 0.64012
vt 0.10083 0.64012
vt 0.07525 0.64012
vt 0.07525 0.64012
vt 0.07525 0.64012
vt 0.07525 0.64012
vt 0.06369 0.64012
vt 0.07525 0.64012
vt 0.06369 0.64012
vt 0.06369 0.64012
vt 0.07537 0.51501
vt 0.07581 0.51501
vt 0.07581 0.47498
vt 0.07581 0.47498
vt 0.07581 0.51501
vt 0.07537 0.51501
vt 0.07581 0.47498
vt 0.07537 0.51501
vt 0.07537 0.47498
vt 0.07537 0.47498
vt 0.07537 0.51501
vt 0.07581 0.51501
vt 0.07537 0.47498
vt 0.07581 0.51501
vt 0.07581 0.47498
vt 0.07581 0.47498
vt 0.07581 0.51501
vt 0.07542 0.47498
vt 0.55051 0.71451
vt 0.55051 0.72816
vt 0.55438 0.72816
vt 0.55051 0.71451
vt 0.55438 0.72816
vt 0.55438 0.71451
vt 0.55438 0.71451
vt 0.55438 0.72816
vt 0.55051 0.72823
vt 0.55438 0.71451
vt 0.55051 0.72823
vt 0.55051 0.71458
vt 0.55051 0.71458
vt 0.55051 0.72823
vt 0.55439 0.72823
vt 0.55051 0.71458
vt 0.55439 0.72823
vt 0.55439 0.71458
vt 0.55439 0.71458
vt 0.55439 0.72823
vt 0.55051 0.72831
vt 0.55439 0.71458
vt 0.55051 0.72831
vt 0.55051 0.71467
vt 0.55051 0.71467
vt 0.55051 0.72831
vt 0.55443 0.72831
vt 0.55051 0.71467
vt 0.55443 0.72831
vt 0.55443 0.71467
vt 0.55443 0.71467
vt 0.55443 0.72831
vt 0.55051 0.72831
vt 0.55443 0.71467
vt 0.55051 0.72831
vt 0.55051 0.71467
vt 0.55051 0.71316
vt 0.55051 0.71451
vt 0.55438 0.71451
vt 0.55051 0.71316
vt 0.55438 0.71451
vt 0.55438 0.71316
vt 0.55438 0.71316
vt 0.55438 0.71451
vt 0.55051 0.71458
vt 0.55438 0.71316
vt 0.55051 0.71458
vt 0.55051 0.71323
vt 0.55051 0.71323
vt 0.55051 0.71458
vt 0.55439 0.71458
vt 0.55051 0.71323
vt 0.55439 0.71458
vt 0.55439 0.71323
vt 0.55439 0.71323
vt 0.55439 0.71458
vt 0.55051 0.71467
vt 0.55439 0.71323
vt 0.55051 0.71467
vt 0.55051 0.71331
vt 0.55051 0.71331
vt 0.55051 0.71467
vt 0.55443 0.71467
vt 0.55051 0.71331
vt 0.55443 0.71467
vt 0.55443 0.71331
vt 0.55443 0.71331
vt 0.55443 0.71467
vt 0.55051 0.71467
vt 0.55443 0.71331
vt 0.55051 0.71467
vt 0.55051 0.71316
vt 0.15487 0.61103
vt 0.15482 0.61795
vt 0.14522 0.61447
vt 0.14522 0.61447
vt 0.15482 0.61795
vt 0.15487 0.61103
vt 0.14522 0.61447
vt 0.15487 0.61103
vt 0.15486 0.61796
vt 0.15482 0.61795
vt 0.15487 0.61103
vt 0.14522 0.61447
vt 0.14522 0.61447
vt 0.15487 0.61103
vt 0.15482 0.61795
vt 0.14522 0.61447
vt 0.15482 0.61795
vt 0.15487 0.61103
vt 0.15486 0.61796
vt 0.15487 0.61103
vt 0.14522 0.61447
vt 0.14522 0.61447
vt 0.15487 0.61103
vt 0.15482 0.61795
vt 0.11874 0.62073
vt 0.11858 0.59993
vt 0.14788 0.61033
vt 0.14788 0.61033
vt 0.11858 0.59993
vt 0.11874 0.62073
vt 0.14788 0.61033
vt 0.11874 0.62073
vt 0.11858 0.59993
vt 0.11858 0.59993
vt 0.11874 0.62073
vt 0.14788 0.61033
vt 0.14788 0.61033
vt 0.11874 0.62073
vt 0.11858 0.59993
vt 0.14788 0.61033
vt 0.11858 0.59993
vt 0.11874 0.62073
vt 0.11874 0.62073
vt 0.11858 0.59993
vt 0.14788 0.61033
vt 0.14788 0.61033
vt 0.11858 0.59993
vt 0.11874 0.62073
vt 0.47569 0.78035
vt 0.49095 0.70413
vt 0.37319 0.77850
vt 0.47569 0.78035
vt 0.37319 0.77850
vt 0.45453 0.84408
vt 0.45453 0.84408
vt 0.37319 0.77850
vt 0.36659 0.80648
vt 0.45453 0.84408
vt 0.36659 0.80648
vt 0.37319 0.77850
vt 0.49705 0.61735
vt 0.49496 0.50140
vt 0.36629 0.68920
vt 0.49705 0.61735
vt 0.36629 0.68920
vt 0.49095 0.70413
vt 0.49095 0.70413
vt 0.36629 0.68920
vt 0.37510 0.73211
vt 0.49095 0.70413
vt 0.37510 0.73211
vt 0.37319 0.77850
vt 0.18503 0.68693
vt 0.18503 0.70136
vt 0.17228 0.68693
vt 0.18503 0.68693
vt 0.17228 0.68693
vt 0.18503 0.70136
vt 0.18503 0.70136
vt 0.17228 0.68693
vt 0.17228 0.70136
vt 0.18503 0.70136
vt 0.17228 0.70136
vt 0.18503 0.71390
vt 0.18503 0.71390
vt 0.17228 0.70136
vt 0.17228 0.71390
vt 0.18503 0.71390
vt 0.17228 0.71390
vt 0.18503 0.72907
vt 0.05868 0.51383
vt 0.05868 0.55031
vt 0.01325 0.51383
vt 0.05868 0.51383
vt 0.01325 0.51383
vt 0.05868 0.55031
vt 0.05868 0.55031
vt 0.01325 0.51383
vt 0.01325 0.54994
vt 0.05868 0.55031
vt 0.01325 0.54994
vt 0.01325 0.59686
vt 0.05878 0.68441
vt 0.05868 0.64205
vt 0.01325 0.64229
vt 0.01325 0.64229
vt 0.05868 0.64205
vt 0.05868 0.59695
vt 0.01325 0.64229
vt 0.05868 0.59695
vt 0.01325 0.59686
vt 0.01325 0.59686
vt 0.05868 0.59695
vt 0.05868 0.55031
vt 0.17228 0.74351
vt 0.17421 0.74350
vt 0.17421 0.72906
vt 0.17421 0.72906
vt 0.17421 0.74350
vt 0.17228 0.72906
vt 0.17421 0.72906
vt 0.17228 0.72906
vt 0.17421 0.71389
vt 0.14955 0.64012
vt 0.14955 0.64012
vt 0.12536 0.64012
vt 0.12536 0.64012
vt 0.14955 0.64012
vt 0.12536 0.64012
vt 0.12536 0.64012
vt 0.12536 0.64012
vt 0.10083 0.64012
vt 0.10083 0.64012
vt 0.12536 0.64012
vt 0.10083 0.64012
vt 0.10083 0.64012
vt 0.10083 0.64012
vt 0.07525 0.64012
vt 0.07525 0.64012
vt 0.10083 0.64012
vt 0.07525 0.64012
vt 0.07525 0.64012
vt 0.07525 0.64012
vt 0.06369 0.64012
vt 0.06369 0.64012
vt 0.07525 0.64012
vt 0.06369 0.64012
vt 0.17228 0.72906
vt 0.17421 0.74350
vt 0.17228 0.74349
vt 0.14955 0.64012
vt 0.14955 0.64012
vt 0.12536 0.64012
vt 0.12536 0.64012
vt 0.14955 0.64012
vt 0.12536 0.64012
vt 0.12536 0.64012
vt 0.12536 0.64012
vt 0.10083 0.64012
vt 0.10083 0.64012
vt 0.12536 0.64012
vt 0.10083 0.64012
vt 0.10083 0.64012
vt 0.10083 0.64012
vt 0.07525 0.64012
vt 0.07525 0.64012
vt 0.10083 0.64012
vt 0.07525 0.64012
vt 0.07525 0.64012
vt 0.07525 0.64012
vt 0.06369 0.64012
vt 0.06369 0.64012
vt 0.07525 0.64012
vt 0.06369 0.64012
vt 0.07581 0.47498
vt 0.07540 0.47498
vt 0.07581 0.51501
vt 0.07581 0.47498
vt 0.07581 0.51501
vt 0.07537 0.47498
vt 0.07537 0.47498
vt 0.07581 0.51501
vt 0.07537 0.51501
vt 0.07537 0.47498
vt 0.07537 0.51501
vt 0.07581 0.47498
vt 0.55051 0.72816
vt 0.55051 0.71451
vt 0.55438 0.72816
vt 0.55438 0.72816
vt 0.55051 0.71451
vt 0.55438 0.71451
vt 0.55438 0.72816
vt 0.55438 0.71451
vt 0.55051 0.72823
vt 0.55051 0.72823
vt 0.55438 0.71451
vt 0.55051 0.71458
vt 0.55051 0.72823
vt 0.55051 0.71458
vt 0.55439 0.72823
vt 0.55439 0.72823
vt 0.55051 0.71458
vt 0.55439 0.71458
vt 0.55439 0.72823
vt 0.55439 0.71458
vt 0.55051 0.72831
vt 0.55051 0.72831
vt 0.55439 0.71458
vt 0.55051 0.71467
vt 0.55051 0.72831
vt 0.55051 0.71467
vt 0.55443 0.72831
vt 0.55443 0.72831
vt 0.55051 0.71467
vt 0.55443 0.71467
vt 0.55443 0.72831
vt 0.55443 0.71467
vt 0.55051 0.72831
vt 0.55051 0.72831
vt 0.55443 0.71467
vt 0.55051 0.71467
vt 0.55051 0.71451
vt 0.55051 0.71316
vt 0.55438 0.71451
vt 0.55438 0.71451
vt 0.55051 0.71316
vt 0.55438 0.71316
vt 0.55438 0.71451
vt 0.55438 0.71316
vt 0.55051 0.71458
vt 0.55051 0.71458
vt 0.55438 0.71316
vt 0.55051 0.71323
vt 0.55051 0.71458
vt 0.55051 0.71323
vt 0.55439 0.71458
vt 0.55439 0.71458
vt 0.55051 0.71323
vt 0.55439 0.71323
vt 0.55439 0.71458
vt 0.55439 0.71323
vt 0.55051 0.71467
vt 0.55051 0.71467
vt 0.55439 0.71323
vt 0.55051 0.71331
vt 0.55051 0.71467
vt 0.55051 0.71331
vt 0.55443 0.71467
vt 0.55443 0.71467
vt 0.55051 0.71331
vt 0.55443 0.71331
vt 0.55443 0.71467
vt 0.55443 0.71331
vt 0.55051 0.71467
vt 0.55051 0.71467
vt 0.55443 0.71331
vt 0.55051 0.71316
vt 0.15487 0.61103
vt 0.15482 0.61795
vt 0.14522 0.61447
vt 0.14522 0.61447
vt 0.15482 0.61795
vt 0.15487 0.61103
vt 0.14522 0.61447
vt 0.15487 0.61103
vt 0.15482 0.61795
vt 0.15482 0.61795
vt 0.15487 0.61103
vt 0.14522 0.61447
vt 0.14522 0.61447
vt 0.15487 0.61103
vt 0.15482 0.61795
vt 0.14522 0.61447
vt 0.15482 0.61795
vt 0.15487 0.61103
vt 0.15487 0.61103
vt 0.14522 0.61447
vt 0.15486 0.61796
vt 0.15486 0.61796
vt 0.14522 0.61447
vt 0.15487 0.61103
vt 0.11874 0.62073
vt 0.11858 0.59993
vt 0.14788 0.61033
vt 0.14788 0.61033
vt 0.11858 0.59993
vt 0.11874 0.62073
vt 0.14788 0.61033
vt 0.11874 0.62073
vt 0.11858 0.59993
vt 0.11858 0.59993
vt 0.11874 0.62073
vt 0.14788 0.61033
vt 0.14788 0.61033
vt 0.11874 0.62073
vt 0.11858 0.59993
vt 0.14788 0.61033
vt 0.11858 0.59993
vt 0.11874 0.62073
vt 0.11858 0.59993
vt 0.14788 0.61033
vt 0.11874 0.62073
vt 0.11874 0.62073
vt 0.14788 0.61033
vt 0.11858 0.59993
vt 0.37510 0.73211
vt 0.36629 0.68920
vt 0.49095 0.70413
vt 0.37510 0.73211
vt 0.49095 0.70413
vt 0.37319 0.77850
vt 0.37319 0.77850
vt 0.49095 0.70413
vt 0.47569 0.78035
vt 0.37319 0.77850
vt 0.47569 0.78035
vt 0.45453 0.84408
vt 0.49496 0.50140
vt 0.49705 0.61735
vt 0.36629 0.68920
vt 0.36629 0.68920
vt 0.49705 0.61735
vt 0.49095 0.70413
vt 0.17421 0.70136
vt 0.17228 0.71390
vt 0.17228 0.70136
vt 0.17421 0.70136
vt 0.17228 0.70136
vt 0.17421 0.68693
vt 0.17421 0.68693
vt 0.17228 0.70136
vt 0.17228 0.68693
vt 0.17421 0.68693
vt 0.17228 0.68693
vt 0.17228 0.70136
vt 0.17228 0.70136
vt 0.17228 0.68693
vt 0.18503 0.70136
vt 0.17228 0.70136
vt 0.18503 0.70136
vt 0.18503 0.71390
vt 0.05868 0.64205
vt 0.05878 0.68441
vt 0.01325 0.64229
vt 0.05868 0.64205
vt 0.01325 0.64229
vt 0.05868 0.59695
vt 0.05868 0.59695
vt 0.01325 0.64229
vt 0.01325 0.59686
vt 0.05868 0.59695
vt 0.01325 0.59686
vt 0.05868 0.55031
vt 0.05868 0.55031
vt 0.01325 0.59686
vt 0.01325 0.54994
vt 0.05868 0.55031
vt 0.01325 0.54994
vt 0.01325 0.51383
vt 0.14955 0.62402
vt 0.12536 0.64012
vt 0.12536 0.62402
vt 0.12536 0.62402
vt 0.12536 0.64012
vt 0.10083 0.64012
vt 0.12536 0.62402
vt 0.10083 0.64012
vt 0.10083 0.62402
vt 0.07541 0.47498
vt 0.07581 0.47498
vt 0.07581 0.51501
vt 0.07581 0.51501
vt 0.07581 0.47498
vt 0.07537 0.47498
vt 0.07581 0.51501
vt 0.07537 0.47498
vt 0.07537 0.51501
vt 0.07537 0.51501
vt 0.07537 0.47498
vt 0.07581 0.47498
vt 0.10190 0.50335
vt 0.10893 0.51673
vt 0.10893 0.51673
vt 0.10893 0.51673
vt 0.10893 0.51673
vt 0.10893 0.54671
vt 0.10893 0.51673
vt 0.10893 0.54671
vt 0.10893 0.54669
vt 0.10893 0.54669
vt 0.10893 0.54671
vt 0.10190 0.55968
vt 0.10893 0.54669
vt 0.10190 0.55968
vt 0.10893 0.54669
vt 0.10893 0.54669
vt 0.10190 0.55968
vt 0.10893 0.54671
vt 0.10893 0.54669
vt 0.10893 0.54671
vt 0.10893 0.51673
vt 0.10893 0.54669
vt 0.10893 0.54669
vt 0.10893 0.51673
vt 0.10893 0.51673
vt 0.10893 0.54669
vt 0.10893 0.51673
vt 0.10893 0.51673
vt 0.10893 0.51673
vt 0.10190 0.50335
vt 0.47774 0.83051
vt 0.47774 0.83051
vt 0.47774 0.82629
vt 0.47774 0.83051
vt 0.47774 0.82629
vt 0.47774 0.82629
vt 0.47774 0.82629
vt 0.47774 0.82629
vt 0.47774 0.82208
vt 0.47774 0.82629
vt 0.47774 0.82208
vt 0.47774 0.82208
vt 0.47774 0.82208
vt 0.47774 0.82208
vt 0.47774 0.81786
vt 0.47774 0.82208
vt 0.47774 0.81786
vt 0.47774 0.81786
vt 0.47774 0.81786
vt 0.47774 0.81786
vt 0.47774 0.82207
vt 0.47774 0.81786
vt 0.47774 0.82207
vt 0.47774 0.82207
vt 0.47774 0.82207
vt 0.47774 0.82207
vt 0.47774 0.82635
vt 0.47774 0.82207
vt 0.47774 0.82635
vt 0.47774 0.82635
vt 0.47774 0.82635
vt 0.47774 0.82635
vt 0.47774 0.83051
vt 0.47774 0.82635
vt 0.47774 0.83051
vt 0.47774 0.83051
vt 0.47774 0.83051
vt 0.47774 0.83051
vt 0.47774 0.82629
vt 0.47774 0.83051
vt 0.47774 0.82629
vt 0.47774 0.82629
vt 0.47774 0.82629
vt 0.47774 0.82629
vt 0.47774 0.82208
vt 0.47774 0.82629
vt 0.47774 0.82208
vt 0.47774 0.82208
vt 0.47774 0.82208
vt 0.47774 0.82208
vt 0.47774 0.81786
vt 0.47774 0.82208
vt 0.47774 0.81786
vt 0.47774 0.81786
vt 0.47774 0.81786
vt 0.47774 0.81786
vt 0.47774 0.82207
vt 0.47774 0.81786
vt 0.47774 0.82207
vt 0.47774 0.82207
vt 0.47774 0.82207
vt 0.47774 0.82207
vt 0.47774 0.82635
vt 0.47774 0.82207
vt 0.47774 0.82635
vt 0.47774 0.82635
vt 0.47774 0.82635
vt 0.47774 0.82635
vt 0.47774 0.83051
vt 0.47774 0.82635
vt 0.47774 0.83051
vt 0.47774 0.83051
vt 0.47774 0.83051
vt 0.47774 0.83051
vt 0.47774 0.82629
vt 0.47774 0.83051
vt 0.47774 0.82629
vt 0.47774 0.82629
vt 0.47774 0.82629
vt 0.47774 0.82629
vt 0.47774 0.82208
vt 0.47774 0.82629
vt 0.47774 0.82208
vt 0.47774 0.82208
vt 0.47774 0.82208
vt 0.47774 0.82208
vt 0.47774 0.81786
vt 0.47774 0.82208
vt 0.47774 0.81786
vt 0.47774 0.81786
vt 0.47774 0.81786
vt 0.47774 0.81786
vt 0.47774 0.82207
vt 0.47774 0.81786
vt 0.47774 0.82207
vt 0.47774 0.82207
vt 0.47774 0.82207
vt 0.47774 0.82207
vt 0.47774 0.82635
vt 0.47774 0.82207
vt 0.47774 0.82635
vt 0.47774 0.82635
vt 0.47774 0.82635
vt 0.47774 0.82635
vt 0.47774 0.83051
vt 0.47774 0.82635
vt 0.47774 0.83051
vt 0.47774 0.83051
vt 0.10190 0.50335
vt 0.10893 0.51673
vt 0.10893 0.51673
vt 0.10893 0.51673
vt 0.10893 0.51673
vt 0.10893 0.54671
vt 0.10893 0.51673
vt 0.10893 0.54671
vt 0.10893 0.54669
vt 0.10893 0.54669
vt 0.10893 0.54671
vt 0.10190 0.55968
vt 0.10893 0.54669
vt 0.10190 0.55968
vt 0.10893 0.54669
vt 0.10893 0.54669
vt 0.10190 0.55968
vt 0.10893 0.54671
vt 0.10893 0.54669
vt 0.10893 0.54671
vt 0.10893 0.51673
vt 0.10893 0.54669
vt 0.10893 0.54669
vt 0.10893 0.51673
vt 0.10893 0.51673
vt 0.10893 0.54669
vt 0.10893 0.51673
vt 0.10893 0.51673
vt 0.10893 0.51673
vt 0.10190 0.50335
vt 0.47774 0.83051
vt 0.47774 0.83051
vt 0.47774 0.82629
vt 0.47774 0.83051
vt 0.47774 0.82629
vt 0.47774 0.82629
vt 0.47774 0.82629
vt 0.47774 0.82629
vt 0.47774 0.82208
vt 0.47774 0.82629
vt 0.47774 0.82208
vt 0.47774 0.82208
vt 0.47774 0.82208
vt 0.47774 0.82208
vt 0.47774 0.81786
vt 0.47774 0.82208
vt 0.47774 0.81786
vt 0.47774 0.81786
vt 0.47774 0.81786
vt 0.47774 0.81786
vt 0.47774 0.82207
vt 0.47774 0.81786
vt 0.47774 0.82207
vt 0.47774 0.82207
vt 0.47774 0.82207
vt 0.47774 0.82207
vt 0.47774 0.82635
vt 0.47774 0.82207
vt 0.47774 0.82635
vt 0.47774 0.82635
vt 0.47774 0.82635
vt 0.47774 0.82635
vt 0.47774 0.83051
vt 0.47774 0.82635
vt 0.47774 0.83051
vt 0.47774 0.83051
vt 0.47774 0.83051
vt 0.47774 0.83051
vt 0.47774 0.82629
vt 0.47774 0.83051
vt 0.47774 0.82629
vt 0.47774 0.82629
vt 0.47774 0.82629
vt 0.47774 0.82629
vt 0.47774 0.82208
vt 0.47774 0.82629
vt 0.47774 0.82208
vt 0.47774 0.82208
vt 0.47774 0.82208
vt 0.47774 0.82208
vt 0.47774 0.81786
vt 0.47774 0.82208
vt 0.47774 0.81786
vt 0.47774 0.81786
vt 0.47774 0.81786
vt 0.47774 0.81786
vt 0.47774 0.82207
vt 0.47774 0.81786
vt 0.47774 0.82207
vt 0.47774 0.82207
vt 0.47774 0.82207
vt 0.47774 0.82207
vt 0.47774 0.82635
vt 0.47774 0.82207
vt 0.47774 0.82635
vt 0.47774 0.82635
vt 0.47774 0.82635
vt 0.47774 0.82635
vt 0.47774 0.83051
vt 0.47774 0.82635
vt 0.47774 0.83051
vt 0.47774 0.83051
vt 0.47774 0.83051
vt 0.47774 0.83051
vt 0.47774 0.82629
vt 0.47774 0.83051
vt 0.47774 0.82629
vt 0.47774 0.82629
vt 0.47774 0.82629
vt 0.47774 0.82629
vt 0.47774 0.82208
vt 0.47774 0.82629
vt 0.47774 0.82208
vt 0.47774 0.82208
vt 0.47774 0.82208
vt 0.47774 0.82208
vt 0.47774 0.81786
vt 0.47774 0.82208
vt 0.47774 0.81786
vt 0.47774 0.81786
vt 0.47774 0.81786
vt 0.47774 0.81786
vt 0.47774 0.82207
vt 0.47774 0.81786
vt 0.47774 0.82207
vt 0.47774 0.82207
vt 0.47774 0.82207
vt 0.47774 0.82207
vt 0.47774 0.82635
vt 0.47774 0.82207
vt 0.47774 0.82635
vt 0.47774 0.82635
vt 0.47774 0.82635
vt 0.47774 0.82635
vt 0.47774 0.83051
vt 0.47774 0.82635
vt 0.47774 0.83051
vt 0.47774 0.83051
vt 0.10190 0.50335
vt 0.10893 0.51673
vt 0.10893 0.51673
vt 0.10893 0.51673
vt 0.10893 0.51673
vt 0.10893 0.54671
vt 0.10893 0.51673
vt 0.10893 0.54671
vt 0.10893 0.54669
vt 0.10893 0.54669
vt 0.10893 0.54671
vt 0.10190 0.55968
vt 0.10893 0.54669
vt 0.10190 0.55968
vt 0.10893 0.54669
vt 0.10893 0.54669
vt 0.10190 0.55968
vt 0.10893 0.54671
vt 0.10893 0.54669
vt 0.10893 0.54671
vt 0.10893 0.51673
vt 0.10893 0.54669
vt 0.10893 0.54669
vt 0.10893 0.51673
vt 0.10893 0.51673
vt 0.10893 0.54669
vt 0.10893 0.51673
vt 0.10893 0.51673
vt 0.10893 0.51673
vt 0.10190 0.50335
vt 0.47774 0.83051
vt 0.47774 0.83051
vt 0.47774 0.82629
vt 0.47774 0.83051
vt 0.47774 0.82629
vt 0.47774 0.82629
vt 0.47774 0.82629
vt 0.47774 0.82629
vt 0.47774 0.82208
vt 0.47774 0.82629
vt 0.47774 0.82208
vt 0.47774 0.82208
vt 0.47774 0.82208
vt 0.47774 0.82208
vt 0.47774 0.81786
vt 0.47774 0.82208
vt 0.47774 0.81786
vt 0.47774 0.81786
vt 0.47774 0.81786
vt 0.47774 0.81786
vt 0.47774 0.82207
vt 0.47774 0.81786
vt 0.47774 0.82207
vt 0.47774 0.82207
vt 0.47774 0.82207
vt 0.47774 0.82207
vt 0.47774 0.82635
vt 0.47774 0.82207
vt 0.47774 0.82635
vt 0.47774 0.82635
vt 0.47774 0.82635
vt 0.47774 0.82635
vt 0.47774 0.83051
vt 0.47774 0.82635
vt 0.47774 0.83051
vt 0.47774 0.83051
vt 0.47774 0.83051
vt 0.47774 0.83051
vt 0.47774 0.82629
vt 0.47774 0.83051
vt 0.47774 0.82629
vt 0.47774 0.82629
vt 0.47774 0.82629
vt 0.47774 0.82629
vt 0.47774 0.82208
vt 0.47774 0.82629
vt 0.47774 0.82208
vt 0.47774 0.82208
vt 0.47774 0.82208
vt 0.47774 0.82208
vt 0.47774 0.81786
vt 0.47774 0.82208
vt 0.47774 0.81786
vt 0.47774 0.81786
vt 0.47774 0.81786
vt 0.47774 0.81786
vt 0.47774 0.82207
vt 0.47774 0.81786
vt 0.47774 0.82207
vt 0.47774 0.82207
vt 0.47774 0.82207
vt 0.47774 0.82207
vt 0.47774 0.82635
vt 0.47774 0.82207
vt 0.47774 0.82635
vt 0.47774 0.82635
vt 0.47774 0.82635
vt 0.47774 0.82635
vt 0.47774 0.83051
vt 0.47774 0.82635
vt 0.47774 0.83051
vt 0.47774 0.83051
vt 0.47774 0.83051
vt 0.47774 0.83051
vt 0.47774 0.82629
vt 0.47774 0.83051
vt 0.47774 0.82629
vt 0.47774 0.82629
vt 0.47774 0.82629
vt 0.47774 0.82629
vt 0.47774 0.82208
vt 0.47774 0.82629
vt 0.47774 0.82208
vt 0.47774 0.82208
vt 0.47774 0.82208
vt 0.47774 0.82208
vt 0.47774 0.81786
vt 0.47774 0.82208
vt 0.47774 0.81786
vt 0.47774 0.81786
vt 0.47774 0.81786
vt 0.47774 0.81786
vt 0.47774 0.82207
vt 0.47774 0.81786
vt 0.47774 0.82207
vt 0.47774 0.82207
vt 0.47774 0.82207
vt 0.47774 0.82207
vt 0.47774 0.82635
vt 0.47774 0.82207
vt 0.47774 0.82635
vt 0.47774 0.82635
vt 0.47774 0.82635
vt 0.47774 0.82635
vt 0.47774 0.83051
vt 0.47774 0.82635
vt 0.47774 0.83051
vt 0.47774 0.83051
vt 0.10190 0.50335
vt 0.10893 0.51673
vt 0.10893 0.51673
vt 0.10893 0.51673
vt 0.10893 0.51673
vt 0.10893 0.54671
vt 0.10893 0.51673
vt 0.10893 0.54671
vt 0.10893 0.54669
vt 0.10893 0.54669
vt 0.10893 0.54671
vt 0.10190 0.55968
vt 0.10893 0.54669
vt 0.10190 0.55968
vt 0.10891 0.54704
vt 0.10891 0.54704
vt 0.10190 0.55968
vt 0.10875 0.54705
vt 0.10891 0.54704
vt 0.10875 0.54705
vt 0.10891 0.51644
vt 0.10891 0.51644
vt 0.10875 0.54705
vt 0.10875 0.51644
vt 0.10891 0.51644
vt 0.10875 0.51644
vt 0.10190 0.50335
vt 0.47774 0.83051
vt 0.47774 0.83051
vt 0.47774 0.82629
vt 0.47774 0.83051
vt 0.47774 0.82629
vt 0.47774 0.82629
vt 0.47774 0.82629
vt 0.47774 0.82629
vt 0.47774 0.82208
vt 0.47774 0.82629
vt 0.47774 0.82208
vt 0.47774 0.82208
vt 0.47774 0.82208
vt 0.47774 0.82208
vt 0.47774 0.81786
vt 0.47774 0.82208
vt 0.47774 0.81786
vt 0.47774 0.81786
vt 0.47774 0.81786
vt 0.47774 0.81786
vt 0.47774 0.82207
vt 0.47774 0.81786
vt 0.47774 0.82207
vt 0.47774 0.82207
vt 0.47774 0.82207
vt 0.47774 0.82207
vt 0.47774 0.82635
vt 0.47774 0.82207
vt 0.47774 0.82635
vt 0.47774 0.82635
vt 0.47774 0.82635
vt 0.47774 0.82635
vt 0.47774 0.83051
vt 0.47774 0.82635
vt 0.47774 0.83051
vt 0.47774 0.83051
vt 0.47774 0.83051
vt 0.47774 0.83051
vt 0.47774 0.82629
vt 0.47774 0.83051
vt 0.47774 0.82629
vt 0.47774 0.82629
vt 0.47774 0.82629
vt 0.47774 0.82629
vt 0.47774 0.82208
vt 0.47774 0.82629
vt 0.47774 0.82208
vt 0.47774 0.82208
vt 0.47774 0.82208
vt 0.47774 0.82208
vt 0.47774 0.81786
vt 0.47774 0.82208
vt 0.47774 0.81786
vt 0.47774 0.81786
vt 0.47774 0.81786
vt 0.47774 0.81786
vt 0.47774 0.82207
vt 0.47774 0.81786
vt 0.47774 0.82207
vt 0.47774 0.82207
vt 0.47774 0.82207
vt 0.47774 0.82207
vt 0.47774 0.82635
vt 0.47774 0.82207
vt 0.47774 0.82635
vt 0.47774 0.82635
vt 0.47774 0.82635
vt 0.47774 0.82635
vt 0.47774 0.83051
vt 0.47774 0.82635
vt 0.47774 0.83051
vt 0.47774 0.83051
vt 0.47774 0.83051
vt 0.47774 0.83051
vt 0.47774 0.82629
vt 0.47774 0.83051
vt 0.47774 0.82629
vt 0.47774 0.82629
vt 0.47774 0.82629
vt 0.47774 0.82629
vt 0.47774 0.82208
vt 0.47774 0.82629
vt 0.47774 0.82208
vt 0.47774 0.82208
vt 0.47774 0.82208
vt 0.47774 0.82208
vt 0.47774 0.81786
vt 0.47774 0.82208
vt 0.47774 0.81786
vt 0.47774 0.81786
vt 0.47774 0.81786
vt 0.47774 0.81786
vt 0.47774 0.82207
vt 0.47774 0.81786
vt 0.47774 0.82207
vt 0.47774 0.82207
vt 0.47774 0.82207
vt 0.47774 0.82207
vt 0.47774 0.82635
vt 0.47774 0.82207
vt 0.47774 0.82635
vt 0.47774 0.82635
vt 0.47774 0.82635
vt 0.47774 0.82635
vt 0.47774 0.83051
vt 0.47774 0.82635
vt 0.47774 0.83051
vt 0.47774 0.83051
vt 0.10190 0.50335
vt 0.10893 0.51673
vt 0.10893 0.51673
vt 0.10893 0.51673
vt 0.10893 0.51673
vt 0.10893 0.54671
vt 0.10893 0.51673
vt 0.10893 0.54671
vt 0.10893 0.54669
vt 0.10893 0.54669
vt 0.10893 0.54671
vt 0.10190 0.55968
vt 0.10893 0.54669
vt 0.10190 0.55968
vt 0.10893 0.54669
vt 0.10893 0.54669
vt 0.10190 0.55968
vt 0.10893 0.54671
vt 0.10893 0.54669
vt 0.10893 0.54671
vt 0.10893 0.51673
vt 0.10893 0.54669
vt 0.10893 0.54669
vt 0.10893 0.51673
vt 0.10893 0.51673
vt 0.10893 0.54669
vt 0.10893 0.51673
vt 0.10893 0.51673
vt 0.10893 0.51673
vt 0.10190 0.50335
vt 0.47774 0.83051
vt 0.47774 0.83051
vt 0.47774 0.82629
vt 0.47774 0.83051
vt 0.47774 0.82629
vt 0.47774 0.82629
vt 0.47774 0.82629
vt 0.47774 0.82629
vt 0.47774 0.82208
vt 0.47774 0.82629
vt 0.47774 0.82208
vt 0.47774 0.82208
vt 0.47774 0.82208
vt 0.47774 0.82208
vt 0.47774 0.81786
vt 0.47774 0.82208
vt 0.47774 0.81786
vt 0.47774 0.81786
vt 0.47774 0.81786
vt 0.47774 0.81786
vt 0.47774 0.82207
vt 0.47774 0.81786
vt 0.47774 0.82207
vt 0.47774 0.82207
vt 0.47774 0.82207
vt 0.47774 0.82207
vt 0.47774 0.82635
vt 0.47774 0.82207
vt 0.47774 0.82635
vt 0.47774 0.82635
vt 0.47774 0.82635
vt 0.47774 0.82635
vt 0.47774 0.83051
vt 0.47774 0.82635
vt 0.47774 0.83051
vt 0.47774 0.83051
vt 0.47774 0.83051
vt 0.47774 0.83051
vt 0.47774 0.82629
vt 0.47774 0.83051
vt 0.47774 0.82629
vt 0.47774 0.82629
vt 0.47774 0.82629
vt 0.47774 0.82629
vt 0.47774 0.82208
vt 0.47774 0.82629
vt 0.47774 0.82208
vt 0.47774 0.82208
vt 0.47774 0.82208
vt 0.47774 0.82208
vt 0.47774 0.81786
vt 0.47774 0.82208
vt 0.47774 0.81786
vt 0.47774 0.81786
vt 0.47774 0.81786
vt 0.47774 0.81786
vt 0.47774 0.82207
vt 0.47774 0.81786
vt 0.47774 0.82207
vt 0.47774 0.82207
vt 0.47774 0.82207
vt 0.47774 0.82207
vt 0.47774 0.82635
vt 0.47774 0.82207
vt 0.47774 0.82635
vt 0.47774 0.82635
vt 0.47774 0.82635
vt 0.47774 0.82635
vt 0.47774 0.83051
vt 0.47774 0.82635
vt 0.47774 0.83051
vt 0.47774 0.83051
vt 0.47774 0.83051
vt 0.47774 0.83051
vt 0.47774 0.82629
vt 0.47774 0.83051
vt 0.47774 0.82629
vt 0.47774 0.82629
vt 0.47774 0.82629
vt 0.47774 0.82629
vt 0.47774 0.82208
vt 0.47774 0.82629
vt 0.47774 0.82208
vt 0.47774 0.82208
vt 0.47774 0.82208
vt 0.47774 0.82208
vt 0.47774 0.81786
vt 0.47774 0.82208
vt 0.47774 0.81786
vt 0.47774 0.81786
vt 0.47774 0.81786
vt 0.47774 0.81786
vt 0.47774 0.82207
vt 0.47774 0.81786
vt 0.47774 0.82207
vt 0.47774 0.82207
vt 0.47774 0.82207
vt 0.47774 0.82207
vt 0.47774 0.82635
vt 0.47774 0.82207
vt 0.47774 0.82635
vt 0.47774 0.82635
vt 0.47774 0.82635
vt 0.47774 0.82635
vt 0.47774 0.83051
vt 0.47774 0.82635
vt 0.47774 0.83051
vt 0.47774 0.83051
vt 0.10190 0.50335
vt 0.10893 0.51673
vt 0.10893 0.51673
vt 0.10893 0.51673
vt 0.10893 0.51673
vt 0.10893 0.54671
vt 0.10893 0.51673
vt 0.10893 0.54671
vt 0.10893 0.54669
vt 0.10893 0.54669
vt 0.10893 0.54671
vt 0.10190 0.55968
vt 0.10893 0.54669
vt 0.10190 0.55968
vt 0.10893 0.54669
vt 0.10893 0.54669
vt 0.10190 0.55968
vt 0.10893 0.54671
vt 0.10893 0.54669
vt 0.10893 0.54671
vt 0.10893 0.51673
vt 0.10893 0.54669
vt 0.10893 0.54669
vt 0.10893 0.51673
vt 0.10893 0.51673
vt 0.10893 0.54669
vt 0.10893 0.51673
vt 0.10893 0.51673
vt 0.10893 0.51673
vt 0.10190 0.50335
vt 0.47774 0.83051
vt 0.47774 0.83051
vt 0.47774 0.82629
vt 0.47774 0.83051
vt 0.47774 0.82629
vt 0.47774 0.82629
vt 0.47774 0.82629
vt 0.47774 0.82629
vt 0.47774 0.82208
vt 0.47774 0.82629
vt 0.47774 0.82208
vt 0.47774 0.82208
vt 0.47774 0.82208
vt 0.47774 0.82208
vt 0.47774 0.81786
vt 0.47774 0.82208
vt 0.47774 0.81786
vt 0.47774 0.81786
vt 0.47774 0.81786
vt 0.47774 0.81786
vt 0.47774 0.82207
vt 0.47774 0.81786
vt 0.47774 0.82207
vt 0.47774 0.82207
vt 0.47774 0.82207
vt 0.47774 0.82207
vt 0.47774 0.82635
vt 0.47774 0.82207
vt 0.47774 0.82635
vt 0.47774 0.82635
vt 0.47774 0.82635
vt 0.47774 0.82635
vt 0.47774 0.83051
vt 0.47774 0.82635
vt 0.47774 0.83051
vt 0.47774 0.83051
vt 0.47774 0.83051
vt 0.47774 0.83051
vt 0.47774 0.82629
vt 0.47774 0.83051
vt 0.47774 0.82629
vt 0.47774 0.82629
vt 0.47774 0.82629
vt 0.47774 0.82629
vt 0.47774 0.82208
vt 0.47774 0.82629
vt 0.47774 0.82208
vt 0.47774 0.82208
vt 0.47774 0.82208
vt 0.47774 0.82208
vt 0.47774 0.81786
vt 0.47774 0.82208
vt 0.47774 0.81786
vt 0.47774 0.81786
vt 0.47774 0.81786
vt 0.47774 0.81786
vt 0.47774 0.82207
vt 0.47774 0.81786
vt 0.47774 0.82207
vt 0.47774 0.82207
vt 0.47774 0.82207
vt 0.47774 0.82207
vt 0.47774 0.82635
vt 0.47774 0.82207
vt 0.47774 0.82635
vt 0.47774 0.82635
vt 0.47774 0.82635
vt 0.47774 0.82635
vt 0.47774 0.83051
vt 0.47774 0.82635
vt 0.47774 0.83051
vt 0.47774 0.83051
vt 0.47774 0.83051
vt 0.47774 0.83051
vt 0.47774 0.82629
vt 0.47774 0.83051
vt 0.47774 0.82629
vt 0.47774 0.82629
vt 0.47774 0.82629
vt 0.47774 0.82629
vt 0.47774 0.82208
vt 0.47774 0.82629
vt 0.47774 0.82208
vt 0.47774 0.82208
vt 0.47774 0.82208
vt 0.47774 0.82208
vt 0.47774 0.81786
vt 0.47774 0.82208
vt 0.47774 0.81786
vt 0.47774 0.81786
vt 0.47774 0.81786
vt 0.47774 0.81786
vt 0.47774 0.82207
vt 0.47774 0.81786
vt 0.47774 0.82207
vt 0.47774 0.82207
vt 0.47774 0.82207
vt 0.47774 0.82207
vt 0.47774 0.82635
vt 0.47774 0.82207
vt 0.47774 0.82635
vt 0.47774 0.82635
vt 0.47774 0.82635
vt 0.47774 0.82635
vt 0.47774 0.83051
vt 0.47774 0.82635
vt 0.47774 0.83051
vt 0.47774 0.83051
vt 0.19728 0.48033
vt 0.19728 0.49526
vt 0.19157 0.48033
vt 0.19157 0.48033
vt 0.19728 0.49526
vt 0.19157 0.49526
vt 0.19157 0.48033
vt 0.19157 0.49526
vt 0.19157 0.48033
vt 0.19157 0.48033
vt 0.19157 0.49526
vt 0.19157 0.49526
vt 0.19157 0.48033
vt 0.19157 0.49526
vt 0.19157 0.48033
vt 0.19157 0.48033
vt 0.19157 0.49526
vt 0.19157 0.49526
vt 0.19157 0.48033
vt 0.19157 0.49526
vt 0.19157 0.48033
vt 0.19157 0.48033
vt 0.19157 0.49526
vt 0.19157 0.49526
vt 0.19157 0.48033
vt 0.19157 0.49526
vt 0.19157 0.48033
vt 0.19157 0.48033
vt 0.19157 0.49526
vt 0.19157 0.49526
vt 0.19157 0.48033
vt 0.19157 0.49526
vt 0.19634 0.48033
vt 0.19634 0.48033
vt 0.19157 0.49526
vt 0.19634 0.49526
vt 0.19728 0.48035
vt 0.19728 0.49526
vt 0.19157 0.48035
vt 0.19157 0.48035
vt 0.19728 0.49526
vt 0.19157 0.49526
vt 0.19157 0.48035
vt 0.19157 0.49526
vt 0.19157 0.48035
vt 0.19157 0.48035
vt 0.19157 0.49526
vt 0.19157 0.49526
vt 0.19157 0.48035
vt 0.19157 0.49526
vt 0.19157 0.48035
vt 0.19157 0.48035
vt 0.19157 0.49526
vt 0.19157 0.49526
vt 0.19157 0.48035
vt 0.19157 0.49526
vt 0.19157 0.48035
vt 0.19157 0.48035
vt 0.19157 0.49526
vt 0.19157 0.49526
vt 0.19157 0.48035
vt 0.19157 0.49526
vt 0.19157 0.48035
vt 0.19157 0.48035
vt 0.19157 0.49526
vt 0.19157 0.49526
vt 0.19157 0.48035
vt 0.19157 0.49526
vt 0.19634 0.48035
vt 0.19634 0.48035
vt 0.19157 0.49526
vt 0.19634 0.49526
vt 0.19728 0.49526
vt 0.19728 0.48035
vt 0.19157 0.49526
vt 0.19157 0.49526
vt 0.19728 0.48035
vt 0.19157 0.48035
vt 0.19157 0.49526
vt 0.19157 0.48035
vt 0.19157 0.49526
vt 0.19157 0.49526
vt 0.19157 0.48035
vt 0.19157 0.48035
vt 0.19157 0.49526
vt 0.19157 0.48035
vt 0.19157 0.49526
vt 0.19157 0.49526
vt 0.19157 0.48035
vt 0.19157 0.48035
vt 0.19157 0.49526
vt 0.19157 0.48035
vt 0.19157 0.49526
vt 0.19157 0.49526
vt 0.19157 0.48035
vt 0.19157 0.48035
vt 0.19157 0.49526
vt 0.19157 0.48035
vt 0.19157 0.49526
vt 0.19157 0.49526
vt 0.19157 0.48035
vt 0.19157 0.48035
vt 0.19157 0.49526
vt 0.19157 0.48035
vt 0.19634 0.49526
vt 0.19634 0.49526
vt 0.19157 0.48035
vt 0.19634 0.48035
vt 0.19728 0.49526
vt 0.19728 0.48033
vt 0.19157 0.49526
vt 0.19157 0.49526
vt 0.19728 0.48033
vt 0.19157 0.48033
vt 0.19157 0.49526
vt 0.19157 0.48033
vt 0.19157 0.49526
vt 0.19157 0.49526
vt 0.19157 0.48033
vt 0.19157 0.48033
vt 0.19157 0.49526
vt 0.19157 0.48033
vt 0.19157 0.49526
vt 0.19157 0.49526
vt 0.19157 0.48033
vt 0.19157 0.48033
vt 0.19157 0.49526
vt 0.19157 0.48033
vt 0.19157 0.49526
vt 0.19157 0.49526
vt 0.19157 0.48033
vt 0.19157 0.48033
vt 0.19157 0.49526
vt 0.19157 0.48033
vt 0.19157 0.49526
vt 0.19157 0.49526
vt 0.19157 0.48033
vt 0.19157 0.48033
vt 0.19157 0.49526
vt 0.19157 0.48033
vt 0.19634 0.49526
vt 0.19634 0.49526
vt 0.19157 0.48033
vt 0.19634 0.48033
vt 0.17228 0.72906
vt 0.17228 0.71389
vt 0.17421 0.72906
vt 0.17421 0.72906
vt 0.17228 0.71389
vt 0.17421 0.71389
vt 0.17421 0.72906
vt 0.17421 0.71389
vt 0.17228 0.72906
vt 0.17228 0.72906
vt 0.17421 0.71389
vt 0.17228 0.71390
vt 0.17228 0.72906
vt 0.17228 0.71390
vt 0.18503 0.72907
vt 0.17228 0.71390
vt 0.17421 0.71389
vt 0.17421 0.70136
vt 0.17421 0.70136
vt 0.17421 0.71389
vt 0.17228 0.70136
vt 0.17421 0.70136
vt 0.17228 0.70136
vt 0.17228 0.68693
vt 0.17228 0.71389
vt 0.17228 0.70136
vt 0.17421 0.71389
vt 0.17421 0.72906
vt 0.17421 0.71389
vt 0.17228 0.72906
vt 0.17228 0.72906
vt 0.17421 0.71389
vt 0.17228 0.71390
vt 0.17228 0.72906
vt 0.17228 0.71390
vt 0.18503 0.72907
vt 0.17421 0.71389
vt 0.17421 0.70136
vt 0.17228 0.71390
vt 0.10083 0.64012
vt 0.12536 0.64012
vt 0.10083 0.64012
vt 0.10190 0.50335
vt 0.10893 0.51673
vt 0.10893 0.51673
vt 0.10893 0.51673
vt 0.10893 0.51673
vt 0.10893 0.54669
vt 0.10190 0.50335
vt 0.10893 0.51673
vt 0.10893 0.51673
vt 0.10893 0.51673
vt 0.10893 0.51673
vt 0.10893 0.54669
vt 0.10190 0.50335
vt 0.10893 0.51673
vt 0.10893 0.51673
vt 0.10893 0.51673
vt 0.10893 0.51673
vt 0.10893 0.54669
vt 0.10190 0.50335
vt 0.10893 0.51673
vt 0.10891 0.51644
vt 0.10891 0.51644
vt 0.10893 0.51673
vt 0.10893 0.54669
vt 0.10891 0.51644
vt 0.10893 0.54669
vt 0.10891 0.54704
vt 0.10190 0.50335
vt 0.10893 0.51673
vt 0.10893 0.51673
vt 0.10893 0.51673
vt 0.10893 0.51673
vt 0.10893 0.54669
vt 0.10190 0.50335
vt 0.10893 0.51673
vt 0.10893 0.51673
vt 0.10893 0.51673
vt 0.10893 0.51673
vt 0.10893 0.54669
vn 0 1 0
vn 0 1 0
vn 0 1 0
vn 0 1 0
vn 0 1 0
vn 0 1 0
vn 0 1 0
vn 0 1 0
vn 0 1 0
vn 0 1 0
vn 0 1 0
vn 0 1 0
vn 0.004703207 -0.2541379 0.9671566
vn 0.004927252 -0.2534325 0.9673406
vn 0.004924514 -0.2529264 0.967473
vn 0.004924514 -0.2529264 0.967473
vn 0.004927252 -0.2534325 0.9673406
vn 0.005085227 -0.2527271 0.9675243
vn 0.004924514 -0.2529264 0.967473
vn 0.005085227 -0.2527271 0.9675243
vn 0.004986154 -0.2523178 0.9676316
vn 0.002767763 -0.9521365 0.3056607
vn 0.002262704 -0.9522009 0.3054643
vn 0.002573774 -0.9522328 0.3053624
vn 0.002767763 -0.9521365 0.3056607
vn 0.002573774 -0.9522328 0.3053624
vn 0.003020292 -0.9521042 0.305759
vn 0.005081634 -0.0003467193 0.9999871
vn 0.005081563 -0.0003425285 0.9999871
vn 0.005081634 -0.0003435762 0.9999871
vn 0.005081634 -0.0003467193 0.9999871
vn 0.005081634 -0.0003435762 0.9999871
vn 0.0050816 -0.0003425285 0.9999871
vn 0.0050816 -0.0003425285 0.9999871
vn 0.005081634 -0.0003435762 0.9999871
vn 0.005081768 -0.0003383729 0.9999871
vn 0.0050816 -0.0003425285 0.9999871
vn 0.005081768 -0.0003383729 0.9999871
vn 0.005081719 -0.0003348091 0.9999871
vn 0.005081719 -0.0003348091 0.9999871
vn 0.005081768 -0.0003383729 0.9999871
vn 0.005081952 -0.0003342524 0.9999871
vn 0.005081719 -0.0003348091 0.9999871
vn 0.005081952 -0.0003342524 0.9999871
vn 0.005081967 -0.0003342524 0.9999871
vn 0 1 0
vn 0 1 0
vn 0 1 0
vn 0 1 0
vn 0 1 0
vn 0 1 0
vn 0 1 0
vn 0 1 0
vn 0 1 0
vn 0 1 0
vn 0 1 0
vn 0 1 0
vn -0.00508145 -0.0003322755 -0.9999871
vn -0.005081284 -0.0003342524 -0.9999871
vn -0.005081517 -0.0003348091 -0.9999871
vn -0.005081517 -0.0003348091 -0.9999871
vn -0.005081284 -0.0003342524 -0.9999871
vn -0.005081489 -0.0003383729 -0.9999871
vn -0.005081517 -0.0003348091 -0.9999871
vn -0.005081489 -0.0003383729 -0.9999871
vn -0.005081678 -0.0003425285 -0.9999871
vn -0.005081678 -0.0003425285 -0.9999871
vn -0.005081489 -0.0003383729 -0.9999871
vn -0.005081522 -0.0003446239 -0.9999871
vn -0.005081678 -0.0003425285 -0.9999871
vn -0.005081522 -0.0003446239 -0.9999871
vn -0.005081634 -0.0003467193 -0.9999871
vn -0.005081634 -0.0003467193 -0.9999871
vn -0.005081522 -0.0003446239 -0.9999871
vn -0.005081684 -0.0003435762 -0.9999871
vn -0.001553806 -0.9521052 -0.3057667
vn -0.0005297908 -0.9522328 -0.3053728
vn -0.0004193266 -0.9522004 -0.3054736
vn -0.0004193266 -0.9522004 -0.3054736
vn -0.0005297908 -0.9522328 -0.3053728
vn -0.0007963178 -0.9522491 -0.3053213
vn -0.004848212 -0.2523178 -0.9676324
vn -0.004748106 -0.2527271 -0.967526
vn -0.004908342 -0.2529263 -0.9674731
vn -0.004908342 -0.2529263 -0.9674731
vn -0.004748106 -0.2527271 -0.967526
vn -0.004904291 -0.2534325 -0.9673407
vn -0.004908342 -0.2529263 -0.9674731
vn -0.004904291 -0.2534325 -0.9673407
vn -0.005126429 -0.2541379 -0.9671545
vn 0 1 0
vn 0 1 0
vn 0 1 0
vn 0 1 0
vn 0 1 0
vn 0 1 0
vn 0 1 0
vn 0 1 0
vn 0 1 0
vn 0 1 0
vn 0 1 0
vn 0 1 0
vn 0 1 0
vn 0 1 0
vn 0 1 0
vn 0 1 0
vn 0 1 0
vn 0 1 0
vn 0 1 0
vn 0 1 0
vn 0 1 0
vn 0 1 0
vn 0 1 0
vn 0 1 0
vn 0 1 0
vn 0 1 0
vn 0 1 0
vn 0.9999871 -1.187712E-11 -0.005081654
vn 0.9999871 -7.531229E-11 -0.005081654
vn 0.9999871 -5.983539E-11 -0.005081654
vn 0.9999871 -5.983539E-11 -0.005081654
vn 0.9999871 -7.531229E-11 -0.005081654
vn 0.9999871 -8.381452E-11 -0.005081654
vn 0.9999871 -5.983539E-11 -0.005081654
vn 0.9999871 -8.381452E-11 -0.005081654
vn 0.9999871 -2.888159E-11 -0.005081654
vn 0 1 0
vn 0 1 0
vn 0 1 0
vn 0 1 0
vn 0 1 0
vn 0 1 0
vn 0 1 0
vn 0 1 0
vn 0 1 0
vn 8.732686E-05 -0.9521042 0.3057738
vn 7.065013E-05 -0.9522001 0.3054752
vn 0.0001063932 -0.9521361 0.3056742
vn 0.0001063932 -0.9521361 0.3056742
vn 7.065013E-05 -0.9522001 0.3054752
vn 0.0003072239 -0.9523764 0.3049248
vn 0.004906476 -0.2527216 0.9675267
vn 0.004746506 -0.2533299 0.9673684
vn 0.004907513 -0.2532278 0.9673943
vn 0.004907513 -0.2532278 0.9673943
vn 0.004746506 -0.2533299 0.9673684
vn 0.004908551 -0.2537339 0.9672616
vn 0.004907513 -0.2532278 0.9673943
vn 0.004908551 -0.2537339 0.9672616
vn 0.005035809 -0.2541379 0.967155
vn 0 1 0
vn 0 1 0
vn 0 1 0
vn 0 1 0
vn 0 1 0
vn 0 1 0
vn 0 1 0
vn 0 1 0
vn 0 1 0
vn 0 1 0
vn 0 1 0
vn 0 1 0
vn 0 1 0
vn 0 1 0
vn 0 1 0
vn 0 1 0
vn 0 1 0
vn 0 1 0
vn 0 1 0
vn 0 1 0
vn 0 1 0
vn 0 1 0
vn 0 1 0
vn 0 1 0
vn 0 1 0
vn 0 1 0
vn 0 1 0
vn 0.9999871 2.888159E-11 -0.005081654
vn 0.9999871 8.381453E-11 -0.005081654
vn 0.9999871 5.983539E-11 -0.005081654
vn 0.9999871 5.983539E-11 -0.005081654
vn 0.9999871 8.381453E-11 -0.005081654
vn 0.9999871 7.53123E-11 -0.005081654
vn 0.9999871 5.983539E-11 -0.005081654
vn 0.9999871 7.53123E-11 -0.005081654
vn 0.9999871 1.187712E-11 -0.005081654
vn 0 1 0
vn 0 1 0
vn 0 1 0
vn 0 1 0
vn 0 1 0
vn 0 1 0
vn 0 1 0
vn 0 1 0
vn 0 1 0
vn -0.00508145 -0.0003322755 -0.9999871
vn -0.005081517 -0.0003348091 -0.9999871
vn -0.005081631 -0.0003302985 -0.9999871
vn -0.002535546 -0.9524565 -0.3046643
vn -0.002595454 -0.952393 -0.3048621
vn -0.002735698 -0.9524352 -0.3047293
vn -0.002535546 -0.9524565 -0.3046643
vn -0.002735698 -0.9524352 -0.3047293
vn -0.002475638 -0.9525199 -0.3044665
vn -0.00492216 -0.2537339 -0.9672616
vn -0.005085215 -0.2533299 -0.9673666
vn -0.004924446 -0.2532278 -0.9673942
vn -0.00492216 -0.2537339 -0.9672616
vn -0.004924446 -0.2532278 -0.9673942
vn -0.004793829 -0.2541379 -0.9671562
vn 0.005081586 -0.0003337933 0.9999871
vn 0.005081268 -0.000337288 0.9999871
vn 0.005081514 -0.0003363269 0.9999871
vn 0.005081586 -0.0003337933 0.9999871
vn 0.005081514 -0.0003363269 0.9999871
vn 0.005081904 -0.0003302985 0.9999871
vn 0.003278397 -0.9524075 0.30481
vn 0.003383447 -0.952296 0.3051573
vn 0.002969181 -0.9523709 0.3049277
vn 0.003278397 -0.9524075 0.30481
vn 0.002969181 -0.9523709 0.3049277
vn 0.003173316 -0.952519 0.3044627
vn 7.886312E-05 -0.9525191 -0.3044792
vn 0.000180378 -0.9524076 -0.3048275
vn 0.000180378 -0.9524076 -0.3048275
vn 0.000180378 -0.9524076 -0.3048275
vn 0.000180378 -0.9524076 -0.3048275
vn -0.0002343983 -0.9522968 -0.3051735
vn -0.005081332 -0.0003302985 -0.9999871
vn -0.00508165 -0.0003337933 -0.9999871
vn -0.00508165 -0.0003337933 -0.9999871
vn -0.00508165 -0.0003337933 -0.9999871
vn -0.00508165 -0.0003337933 -0.9999871
vn -0.005081952 -0.000337288 -0.9999871
vn 0.005081634 -0.0003435762 0.9999871
vn 0.005081563 -0.0003425285 0.9999871
vn 0.005081385 -0.0003393847 0.9999871
vn 0.005081385 -0.0003393847 0.9999871
vn 0.005081563 -0.0003425285 0.9999871
vn 0.005081514 -0.0003363269 0.9999871
vn 0.005081385 -0.0003393847 0.9999871
vn 0.005081514 -0.0003363269 0.9999871
vn 0.0050813 -0.000337288 0.9999871
vn 0.0049732 -0.2517211 0.9677871
vn 0.004919019 -0.2509368 0.9679911
vn 0.004984317 -0.251329 0.967889
vn 0.004984317 -0.251329 0.967889
vn 0.004919019 -0.2509368 0.9679911
vn 0.004893041 -0.2517211 0.9677875
vn 0.004984317 -0.251329 0.967889
vn 0.004893041 -0.2517211 0.9677875
vn 0.004986154 -0.2523178 0.9676316
vn 0.004986154 -0.2523178 0.9676316
vn 0.004893041 -0.2517211 0.9677875
vn 0.004924514 -0.2529264 0.967473
vn 0.005081605 -0.0003302985 0.9999871
vn 0.005081605 -0.0003302985 0.9999871
vn 0.005081719 -0.0003348091 0.9999871
vn 0.0002327468 -0.9523926 0.3048741
vn 0.0005030315 -0.952393 0.3048728
vn 0.0003072239 -0.9523764 0.3049248
vn 0.0002327468 -0.9523926 0.3048741
vn 0.0003072239 -0.9523764 0.3049248
vn -3.7538E-05 -0.9523923 0.3048753
vn 0.0003072239 -0.9523764 0.3049248
vn 0.0006188178 -0.9525199 0.3044759
vn 0.0006188178 -0.9525199 0.3044759
vn 0.002767763 -0.9521365 0.3056607
vn 0.003020292 -0.9521042 0.305759
vn 0.001555327 -0.9520093 0.3060654
vn 0.001555327 -0.9520093 0.3060654
vn 8.732686E-05 -0.9521042 0.3057738
vn 0.0001063932 -0.9521361 0.3056742
vn 0.004719969 -0.2521132 0.9676864
vn 0.004719969 -0.2521132 0.9676864
vn 0.0049732 -0.2517211 0.9677871
vn 0.0049732 -0.2517211 0.9677871
vn 0.004906476 -0.2527216 0.9675267
vn 0.004907513 -0.2532278 0.9673943
vn -0.0007963178 -0.9522491 -0.3053213
vn -0.0005297908 -0.9522328 -0.3053728
vn -0.0002343983 -0.9522968 -0.3051735
vn -0.005081793 -0.0003388606 -0.9999871
vn -0.00508165 -0.0003404331 -0.9999871
vn -0.005081851 -0.0003393847 -0.9999871
vn -0.005081793 -0.0003388606 -0.9999871
vn -0.005081851 -0.0003393847 -0.9999871
vn -0.005081952 -0.000337288 -0.9999871
vn -0.005081851 -0.0003393847 -0.9999871
vn -0.005081684 -0.0003435762 -0.9999871
vn -0.005081967 -0.0003404331 -0.9999871
vn -0.004942952 -0.2517211 -0.9677873
vn -0.00491902 -0.2509368 -0.9679911
vn -0.004918246 -0.251525 -0.9678383
vn -0.004918246 -0.251525 -0.9678383
vn -0.00491902 -0.2509368 -0.9679911
vn -0.004862833 -0.2517211 -0.9677876
vn -0.004918246 -0.251525 -0.9678383
vn -0.004862833 -0.2517211 -0.9677876
vn -0.004989519 -0.2525188 -0.9675792
vn -0.004989519 -0.2525188 -0.9675792
vn -0.004862833 -0.2517211 -0.9677876
vn -0.004924446 -0.2532278 -0.9673942
vn -0.004989519 -0.2525188 -0.9675792
vn -0.004924446 -0.2532278 -0.9673942
vn -0.005085215 -0.2533299 -0.9673666
vn -0.004908342 -0.2529263 -0.9674731
vn -0.004942952 -0.2517211 -0.9677873
vn -0.004848212 -0.2523178 -0.9676324
vn -0.004848212 -0.2523178 -0.9676324
vn -0.004942952 -0.2517211 -0.9677873
vn -0.004918246 -0.251525 -0.9678383
vn -0.0001778568 -0.9520084 -0.3060721
vn -0.0001778568 -0.9520084 -0.3060721
vn -0.001553806 -0.9521052 -0.3057667
vn -0.001553806 -0.9521052 -0.3057667
vn -0.002932789 -0.9520084 -0.3060581
vn -0.003020301 -0.9521042 -0.3057589
vn -0.001553806 -0.9521052 -0.3057667
vn -0.003020301 -0.9521042 -0.3057589
vn -0.003067957 -0.9522641 -0.3052598
vn -0.003067957 -0.9522641 -0.3052598
vn -0.002960027 -0.9522002 -0.3054606
vn -0.002960027 -0.9522002 -0.3054606
vn -0.003067957 -0.9522641 -0.3052598
vn -0.002735698 -0.9524352 -0.3047293
vn -0.003136031 -0.9523923 -0.3048592
vn 0.002573774 -0.9522328 0.3053624
vn 0.002969181 -0.9523709 0.3049277
vn 0.002350809 -0.9522973 0.305163
vn -0.649999 0.3926722 -0.6506228
vn -0.356179 0.1101203 -0.9279063
vn -0.3393068 0.5040545 -0.7942291
vn 0.3525513 0.919935 0.1715432
vn 0.1581856 0.9060565 -0.392478
vn 0.6196048 0.7446504 -0.2481644
vn 0.8377858 0.5082774 -0.1994219
vn 0.7732605 0.5916262 0.2281376
vn 0.6196048 0.7446504 -0.2481644
vn 0.7161309 0.3621958 -0.5966328
vn 0.8377858 0.5082774 -0.1994219
vn 0.6196048 0.7446504 -0.2481644
vn 0.9830674 0.1830087 -0.009297907
vn 0.8147839 0.3699491 0.4463908
vn 0.8855178 0.4450902 -0.1332412
vn 0.1594163 0.6931148 0.7029783
vn -0.3871559 0.7476553 0.539557
vn 0.00892983 0.957119 0.2895573
vn -0.410852 0.5044031 0.7594591
vn -0.6660848 0.6810709 0.3040945
vn -0.2370544 0.853521 0.4640118
vn -0.5097868 0.7407953 0.4374239
vn -0.4921821 0.8692319 0.04682589
vn -0.2370534 0.8535224 0.4640099
vn -0.4108536 0.5044044 0.7594574
vn -0.5097868 0.7407953 0.4374239
vn -0.2370534 0.8535224 0.4640099
vn -0.1942087 0.9796584 -0.05052067
vn 0.3438457 0.9388319 0.01909673
vn -0.172436 0.9449212 0.2781902
vn -0.2304508 0.9724861 -0.03410864
vn -0.03291398 0.9992934 0.01814678
vn -0.1912947 0.953196 0.2341444
vn -0.578835 0.8148797 0.03035104
vn -0.2304508 0.9724861 -0.03410864
vn -0.1912947 0.953196 0.2341444
vn -0.03291398 0.9992934 0.01814678
vn 0.2984129 0.8885289 0.3485199
vn -0.1912947 0.953196 0.2341444
vn -0.636883 0.592077 0.4937863
vn -0.473203 0.8793639 0.05289763
vn -0.2232367 0.8525187 0.4726281
vn -0.001969483 0.6685021 -0.7437077
vn 0.3346847 0.7696376 -0.5437316
vn -0.06326716 0.8736969 -0.4823389
vn 0.221368 0.9711352 0.08884105
vn 0.05577806 0.9984424 -0.001272902
vn 0.1897469 0.9567609 -0.2204647
vn 0.5621504 0.8270264 -0.003768504
vn 0.221368 0.9711352 0.08884105
vn 0.1897469 0.9567609 -0.2204647
vn 0.05577806 0.9984424 -0.001272902
vn -0.2668541 0.9296472 -0.2540568
vn 0.1897469 0.9567609 -0.2204647
vn -0.005066633 -0.07704554 -0.9970148
vn -0.005066633 -0.07704554 -0.9970148
vn -0.005066633 -0.07704554 -0.9970148
vn 0.005070865 -0.06530727 0.9978524
vn 0.005070865 -0.06530727 0.9978524
vn 0.005070865 -0.06530727 0.9978524
vn 0.005066633 -0.07704554 0.9970148
vn 0.005066633 -0.07704554 0.9970148
vn 0.005066633 -0.07704554 0.9970148
vn -0.005070865 -0.06530727 -0.9978524
vn -0.005070865 -0.06530727 -0.9978524
vn -0.005070865 -0.06530727 -0.9978524
vn -0.005066608 -0.07704554 -0.9970148
vn -0.005066608 -0.07704554 -0.9970148
vn -0.005066608 -0.07704554 -0.9970148
vn 0.005070865 -0.06530727 0.9978524
vn 0.005070865 -0.06530727 0.9978524
vn 0.005070865 -0.06530727 0.9978524
vn 0.005066659 -0.07704554 0.9970148
vn 0.005066659 -0.07704554 0.9970148
vn 0.005066659 -0.07704554 0.9970148
vn -0.005070865 -0.06530727 -0.9978524
vn -0.005070865 -0.06530727 -0.9978524
vn -0.005070865 -0.06530727 -0.9978524
vn 0.6096939 0.696005 -0.3792762
vn 0.969982 0.2399989 -0.03918558
vn 0.7771486 0.5717091 0.2630376
vn 0.7771486 0.5717091 0.2630376
vn 0.969982 0.2399989 -0.03918558
vn 0.8225654 0.1558876 0.5468869
vn 0.7771486 0.5717091 0.2630376
vn 0.8225654 0.1558876 0.5468869
vn 0.4783635 0.6301397 0.6116309
vn 0.4783635 0.6301397 0.6116309
vn 0.8225654 0.1558876 0.5468869
vn 0.6151368 0.1513217 0.7737626
vn 0.6096939 0.696005 -0.3792762
vn 0.8690517 0.08410077 -0.4875207
vn 0.969982 0.2399989 -0.03918558
vn 0.969982 0.2399989 -0.03918558
vn 0.8690517 0.08410077 -0.4875207
vn 0.9640166 -0.2658369 0.001636684
vn 0.969982 0.2399989 -0.03918558
vn 0.9640166 -0.2658369 0.001636684
vn 0.8225654 0.1558876 0.5468869
vn 0.8225654 0.1558876 0.5468869
vn 0.9640166 -0.2658369 0.001636684
vn 0.8492725 -0.2695783 0.4539424
vn 0.8225654 0.1558876 0.5468869
vn 0.8492725 -0.2695783 0.4539424
vn 0.6151368 0.1513217 0.7737626
vn 0.6096939 0.696005 -0.3792762
vn 0.535224 0.1942172 -0.8220797
vn 0.8690517 0.08410077 -0.4875207
vn 0.8690517 0.08410077 -0.4875207
vn 0.535224 0.1942172 -0.8220797
vn 0.7715493 -0.2671708 -0.5773488
vn 0.8690517 0.08410077 -0.4875207
vn 0.7715493 -0.2671708 -0.5773488
vn 0.9640166 -0.2658369 0.001636684
vn 0.9640166 -0.2658369 0.001636684
vn 0.7715493 -0.2671708 -0.5773488
vn 0.8554808 -0.5149673 -0.05441827
vn 0.9640166 -0.2658369 0.001636684
vn 0.8554808 -0.5149673 -0.05441827
vn 0.8492725 -0.2695783 0.4539424
vn 0.6096939 0.696005 -0.3792762
vn -0.0270365 0.8364346 -0.5473996
vn 0.1640519 0.5058449 -0.8468813
vn 0.1640519 0.5058449 -0.8468813
vn -0.0270365 0.8364346 -0.5473996
vn -0.1910803 0.5291891 -0.8267087
vn 0.1640519 0.5058449 -0.8468813
vn -0.1910803 0.5291891 -0.8267087
vn 0.2307886 0.08179212 -0.9695601
vn 0.6096939 0.696005 -0.3792762
vn 0.07389351 0.9923335 -0.09906556
vn -0.0270365 0.8364346 -0.5473996
vn -0.0270365 0.8364346 -0.5473996
vn 0.07389351 0.9923335 -0.09906556
vn -0.2990944 0.8971012 -0.3251954
vn -0.0270365 0.8364346 -0.5473996
vn -0.2990944 0.8971012 -0.3251954
vn -0.1910803 0.5291891 -0.8267087
vn 0.6096939 0.696005 -0.3792762
vn 0.4065862 0.8829534 0.2346934
vn 0.07389351 0.9923335 -0.09906556
vn 0.07389351 0.9923335 -0.09906556
vn 0.4065862 0.8829534 0.2346934
vn -0.03097407 0.9709639 0.2372123
vn 0.07389351 0.9923335 -0.09906556
vn -0.03097407 0.9709639 0.2372123
vn -0.2990944 0.8971012 -0.3251954
vn 0.6096939 0.696005 -0.3792762
vn 0.7771486 0.5717091 0.2630376
vn 0.4065862 0.8829534 0.2346934
vn 0.4065862 0.8829534 0.2346934
vn 0.7771486 0.5717091 0.2630376
vn 0.4783635 0.6301397 0.6116309
vn 0.4065862 0.8829534 0.2346934
vn 0.4783635 0.6301397 0.6116309
vn -0.03097407 0.9709639 0.2372123
vn 0.6096939 0.696005 -0.3792762
vn 0.1640519 0.5058449 -0.8468813
vn 0.535224 0.1942172 -0.8220797
vn 0.535224 0.1942172 -0.8220797
vn 0.1640519 0.5058449 -0.8468813
vn 0.2307886 0.08179212 -0.9695601
vn 0.535224 0.1942172 -0.8220797
vn 0.2307886 0.08179212 -0.9695601
vn 0.7715493 -0.2671708 -0.5773488
vn 0.6618714 0.7457576 0.07597202
vn 0.2045274 0.8971089 -0.3916175
vn 0.5482309 0.6063954 -0.5759579
vn 0.5482309 0.6063954 -0.5759579
vn 0.2045274 0.8971089 -0.3916175
vn 0.2723744 0.5155041 -0.8124455
vn 0.5482309 0.6063954 -0.5759579
vn 0.2723744 0.5155041 -0.8124455
vn 0.6533271 0.03379778 -0.756321
vn 0.6533271 0.03379778 -0.756321
vn 0.2723744 0.5155041 -0.8124455
vn 0.4352018 -0.04700959 -0.8991048
vn 0.6533271 0.03379778 -0.756321
vn 0.4352018 -0.04700959 -0.8991048
vn 0.7356725 -0.3842366 -0.5578066
vn 0.6618714 0.7457576 0.07597202
vn 0.4709049 0.5486096 0.6908517
vn 0.1480542 0.854866 0.4972766
vn 0.1480542 0.854866 0.4972766
vn 0.4709049 0.5486096 0.6908517
vn -0.125124 0.5673295 0.8139294
vn 0.1480542 0.854866 0.4972766
vn -0.125124 0.5673295 0.8139294
vn -0.2898563 0.8897211 0.3526752
vn -0.2898563 0.8897211 0.3526752
vn -0.125124 0.5673295 0.8139294
vn -0.4192898 0.5463656 0.7250384
vn 0.6618714 0.7457576 0.07597202
vn 0.8177234 0.2588041 0.5141488
vn 0.4709049 0.5486096 0.6908517
vn 0.4709049 0.5486096 0.6908517
vn 0.8177234 0.2588041 0.5141488
vn 0.3882082 0.1013429 0.9159825
vn 0.4709049 0.5486096 0.6908517
vn 0.3882082 0.1013429 0.9159825
vn -0.125124 0.5673295 0.8139294
vn -0.125124 0.5673295 0.8139294
vn 0.3882082 0.1013429 0.9159825
vn -0.06817298 0.1722571 0.9826902
vn -0.125124 0.5673295 0.8139294
vn -0.06817298 0.1722571 0.9826902
vn -0.4192898 0.5463656 0.7250384
vn 0.6618714 0.7457576 0.07597202
vn 0.98535 0.1552102 0.07067806
vn 0.8177234 0.2588041 0.5141488
vn 0.8177234 0.2588041 0.5141488
vn 0.98535 0.1552102 0.07067806
vn 0.8300377 -0.2483457 0.4993615
vn 0.8177234 0.2588041 0.5141488
vn 0.8300377 -0.2483457 0.4993615
vn 0.3882082 0.1013429 0.9159825
vn 0.3882082 0.1013429 0.9159825
vn 0.8300377 -0.2483457 0.4993615
vn 0.4913717 -0.3072594 0.8149512
vn 0.3882082 0.1013429 0.9159825
vn 0.4913717 -0.3072594 0.8149512
vn -0.06817298 0.1722571 0.9826902
vn 0.6618714 0.7457576 0.07597202
vn 0.8755895 0.2985133 -0.3797801
vn 0.98535 0.1552102 0.07067806
vn 0.98535 0.1552102 0.07067806
vn 0.8755895 0.2985133 -0.3797801
vn 0.9415466 -0.2768937 -0.1918851
vn 0.98535 0.1552102 0.07067806
vn 0.9415466 -0.2768937 -0.1918851
vn 0.8300377 -0.2483457 0.4993615
vn 0.8300377 -0.2483457 0.4993615
vn 0.9415466 -0.2768937 -0.1918851
vn 0.8243358 -0.5377663 0.1768556
vn 0.8300377 -0.2483457 0.4993615
vn 0.8243358 -0.5377663 0.1768556
vn 0.4913717 -0.3072594 0.8149512
vn 0.6618714 0.7457576 0.07597202
vn 0.5482309 0.6063954 -0.5759579
vn 0.8755895 0.2985133 -0.3797801
vn 0.8755895 0.2985133 -0.3797801
vn 0.5482309 0.6063954 -0.5759579
vn 0.6533271 0.03379778 -0.756321
vn 0.8755895 0.2985133 -0.3797801
vn 0.6533271 0.03379778 -0.756321
vn 0.9415466 -0.2768937 -0.1918851
vn 0.9415466 -0.2768937 -0.1918851
vn 0.6533271 0.03379778 -0.756321
vn 0.7356725 -0.3842366 -0.5578066
vn 0.9415466 -0.2768937 -0.1918851
vn 0.7356725 -0.3842366 -0.5578066
vn 0.8243358 -0.5377663 0.1768556
vn 0.6618714 0.7457576 0.07597202
vn 0.0382924 0.9981692 0.04681605
vn 0.2045274 0.8971089 -0.3916175
vn 0.2045274 0.8971089 -0.3916175
vn 0.0382924 0.9981692 0.04681605
vn -0.1492561 0.9264418 -0.3455837
vn 0.2045274 0.8971089 -0.3916175
vn -0.1492561 0.9264418 -0.3455837
vn 0.2723744 0.5155041 -0.8124455
vn 0.6618714 0.7457576 0.07597202
vn 0.1480542 0.854866 0.4972766
vn 0.0382924 0.9981692 0.04681605
vn 0.0382924 0.9981692 0.04681605
vn 0.1480542 0.854866 0.4972766
vn -0.2898563 0.8897211 0.3526752
vn 0.0382924 0.9981692 0.04681605
vn -0.2898563 0.8897211 0.3526752
vn -0.1492561 0.9264418 -0.3455837
vn 0.8313603 0.5468869 -0.09876639
vn 0.3352239 0.7809675 -0.5269865
vn 0.5708222 0.3872341 -0.7240247
vn 0.5708222 0.3872341 -0.7240247
vn 0.3352239 0.7809675 -0.5269865
vn 0.1054512 0.3745024 -0.9212101
vn 0.5708222 0.3872341 -0.7240247
vn 0.1054512 0.3745024 -0.9212101
vn 0.508276 -0.05598873 -0.8593724
vn 0.508276 -0.05598873 -0.8593724
vn 0.1054512 0.3745024 -0.9212101
vn 0.03212463 0.09091509 -0.9953404
vn 0.8313603 0.5468869 -0.09876639
vn 0.272325 0.9600012 -0.06509215
vn 0.3352239 0.7809675 -0.5269865
vn 0.3352239 0.7809675 -0.5269865
vn 0.272325 0.9600012 -0.06509215
vn -0.162145 0.8604144 -0.4831108
vn 0.3352239 0.7809675 -0.5269865
vn -0.162145 0.8604144 -0.4831108
vn 0.1054512 0.3745024 -0.9212101
vn 0.1054512 0.3745024 -0.9212101
vn -0.162145 0.8604144 -0.4831108
vn -0.269973 0.5390077 -0.7978629
vn 0.1054512 0.3745024 -0.9212101
vn -0.269973 0.5390077 -0.7978629
vn 0.03212463 0.09091509 -0.9953404
vn 0.8313603 0.5468869 -0.09876639
vn 0.4189695 0.8194611 0.3910858
vn 0.272325 0.9600012 -0.06509215
vn 0.272325 0.9600012 -0.06509215
vn 0.4189695 0.8194611 0.3910858
vn -0.1480126 0.9651535 0.2158031
vn 0.272325 0.9600012 -0.06509215
vn -0.1480126 0.9651535 0.2158031
vn -0.162145 0.8604144 -0.4831108
vn -0.162145 0.8604144 -0.4831108
vn -0.1480126 0.9651535 0.2158031
vn -0.4254799 0.8929116 -0.1472269
vn -0.162145 0.8604144 -0.4831108
vn -0.4254799 0.8929116 -0.1472269
vn -0.269973 0.5390077 -0.7978629
vn 0.8313603 0.5468869 -0.09876639
vn 0.6892559 0.4416744 0.5743259
vn 0.4189695 0.8194611 0.3910858
vn 0.4189695 0.8194611 0.3910858
vn 0.6892559 0.4416744 0.5743259
vn 0.1395692 0.6273656 0.7661154
vn 0.4189695 0.8194611 0.3910858
vn 0.1395692 0.6273656 0.7661154
vn -0.1480126 0.9651535 0.2158031
vn -0.1480126 0.9651535 0.2158031
vn 0.1395692 0.6273656 0.7661154
vn -0.2591208 0.7715352 0.5810249
vn -0.1480126 0.9651535 0.2158031
vn -0.2591208 0.7715352 0.5810249
vn -0.4254799 0.8929116 -0.1472269
vn 0.8313603 0.5468869 -0.09876639
vn 0.9248542 0.04793943 0.3772888
vn 0.6892559 0.4416744 0.5743259
vn 0.6892559 0.4416744 0.5743259
vn 0.9248542 0.04793943 0.3772888
vn 0.5591019 0.1771424 0.8099541
vn 0.6892559 0.4416744 0.5743259
vn 0.5591019 0.1771424 0.8099541
vn 0.1395692 0.6273656 0.7661154
vn 0.1395692 0.6273656 0.7661154
vn 0.5591019 0.1771424 0.8099541
vn 0.04063952 0.4193896 0.9068963
vn 0.1395692 0.6273656 0.7661154
vn 0.04063952 0.4193896 0.9068963
vn -0.2591208 0.7715352 0.5810249
vn 0.8313603 0.5468869 -0.09876639
vn 0.987753 -0.1310943 -0.08460689
vn 0.9248542 0.04793943 0.3772888
vn 0.9248542 0.04793943 0.3772888
vn 0.987753 -0.1310943 -0.08460689
vn 0.8941569 -0.3090839 0.3239608
vn 0.9248542 0.04793943 0.3772888
vn 0.8941569 -0.3090839 0.3239608
vn 0.5591019 0.1771424 0.8099541
vn 0.8313603 0.5468869 -0.09876639
vn 0.8411078 0.009446345 -0.5407849
vn 0.987753 -0.1310943 -0.08460689
vn 0.987753 -0.1310943 -0.08460689
vn 0.8411078 0.009446345 -0.5407849
vn 0.8680161 -0.3845731 -0.3140886
vn 0.987753 -0.1310943 -0.08460689
vn 0.8680161 -0.3845731 -0.3140886
vn 0.8941569 -0.3090839 0.3239608
vn 0.8313603 0.5468869 -0.09876639
vn 0.5708222 0.3872341 -0.7240247
vn 0.8411078 0.009446345 -0.5407849
vn 0.8411078 0.009446345 -0.5407849
vn 0.5708222 0.3872341 -0.7240247
vn 0.508276 -0.05598873 -0.8593724
vn 0.8411078 0.009446345 -0.5407849
vn 0.508276 -0.05598873 -0.8593724
vn 0.8680161 -0.3845731 -0.3140886
vn 0.6196048 0.7446504 -0.2481644
vn 0.1581856 0.9060565 -0.392478
vn 0.1028896 0.6876173 -0.7187462
vn 0.1028896 0.6876173 -0.7187462
vn 0.1581856 0.9060565 -0.392478
vn -0.3393068 0.5040545 -0.7942291
vn 0.1028896 0.6876173 -0.7187462
vn -0.3393068 0.5040545 -0.7942291
vn 0.02981749 0.1581617 -0.9869631
vn 0.02981749 0.1581617 -0.9869631
vn -0.3393068 0.5040545 -0.7942291
vn -0.356179 0.1101203 -0.9279063
vn 0.02981749 0.1581617 -0.9869631
vn -0.356179 0.1101203 -0.9279063
vn -0.04107885 -0.162456 -0.9858605
vn -0.04107885 -0.162456 -0.9858605
vn -0.356179 0.1101203 -0.9279063
vn -0.2395453 -0.1860477 -0.9528928
vn 0.6196048 0.7446504 -0.2481644
vn 0.1028896 0.6876173 -0.7187462
vn 0.4597965 0.3637068 -0.8101264
vn 0.4597965 0.3637068 -0.8101264
vn 0.1028896 0.6876173 -0.7187462
vn 0.02981749 0.1581617 -0.9869631
vn 0.4597965 0.3637068 -0.8101264
vn 0.02981749 0.1581617 -0.9869631
vn 0.4174076 -0.0529491 -0.9071754
vn 0.4174076 -0.0529491 -0.9071754
vn 0.02981749 0.1581617 -0.9869631
vn -0.04107885 -0.162456 -0.9858605
vn 0.1764974 0.772374 0.6101533
vn 0.3525513 0.919935 0.1715432
vn 0.4759837 0.7666788 0.4308632
vn 0.4759837 0.7666788 0.4308632
vn 0.3525513 0.919935 0.1715432
vn 0.6196048 0.7446504 -0.2481644
vn 0.6196048 0.7446504 -0.2481644
vn 0.7732605 0.5916262 0.2281376
vn 0.4759837 0.7666788 0.4308632
vn 0.4759837 0.7666788 0.4308632
vn 0.7732605 0.5916262 0.2281376
vn 0.4393594 0.5993388 0.6691461
vn 0.4759837 0.7666788 0.4308632
vn 0.4393594 0.5993388 0.6691461
vn 0.1764974 0.772374 0.6101533
vn 0.4174076 -0.0529491 -0.9071754
vn 0.7161309 0.3621958 -0.5966328
vn 0.4597965 0.3637068 -0.8101264
vn 0.4597965 0.3637068 -0.8101264
vn 0.7161309 0.3621958 -0.5966328
vn 0.6196048 0.7446504 -0.2481644
vn 0.006709369 0.7139811 0.7001329
vn 0.1905906 0.1178866 0.9745656
vn -0.2973805 0.1541838 0.9422272
vn -0.2973805 0.1541838 0.9422272
vn 0.1905906 0.1178866 0.9745656
vn -0.2735814 -0.2212521 0.936056
vn -0.2973805 0.1541838 0.9422272
vn -0.2735814 -0.2212521 0.936056
vn -0.6716287 -0.03235413 0.7401812
vn -0.6716287 -0.03235413 0.7401812
vn -0.2735814 -0.2212521 0.936056
vn -0.5921728 -0.3380218 0.7314868
vn 0.006709369 0.7139811 0.7001329
vn 0.6184354 0.6750785 0.4022522
vn 0.5699338 0.3336479 0.7509027
vn 0.5699338 0.3336479 0.7509027
vn 0.6184354 0.6750785 0.4022522
vn 0.8265592 0.1559962 0.5408004
vn 0.5699338 0.3336479 0.7509027
vn 0.8265592 0.1559962 0.5408004
vn 0.5544202 -0.1249014 0.8228111
vn 0.5544202 -0.1249014 0.8228111
vn 0.8265592 0.1559962 0.5408004
vn 0.7607226 -0.2289982 0.6073394
vn 0.006709369 0.7139811 0.7001329
vn 0.3076811 0.9421686 0.1328556
vn 0.6184354 0.6750785 0.4022522
vn 0.6184354 0.6750785 0.4022522
vn 0.3076811 0.9421686 0.1328556
vn 0.6911126 0.7207249 0.05402762
vn 0.6184354 0.6750785 0.4022522
vn 0.6911126 0.7207249 0.05402762
vn 0.8265592 0.1559962 0.5408004
vn 0.006709369 0.7139811 0.7001329
vn -0.1802882 0.9784639 0.1005209
vn 0.3076811 0.9421686 0.1328556
vn 0.3076811 0.9421686 0.1328556
vn -0.1802882 0.9784639 0.1005209
vn 0.1602577 0.9680111 -0.1930597
vn 0.3076811 0.9421686 0.1328556
vn 0.1602577 0.9680111 -0.1930597
vn 0.6911126 0.7207249 0.05402762
vn 0.006709369 0.7139811 0.7001329
vn -0.5596334 0.7627015 0.3241866
vn -0.1802882 0.9784639 0.1005209
vn -0.1802882 0.9784639 0.1005209
vn -0.5596334 0.7627015 0.3241866
vn -0.4622874 0.8812315 -0.0985969
vn -0.1802882 0.9784639 0.1005209
vn -0.4622874 0.8812315 -0.0985969
vn 0.1602577 0.9680111 -0.1930597
vn 0.006709369 0.7139811 0.7001329
vn -0.6081335 0.4212741 0.6728313
vn -0.5596334 0.7627015 0.3241866
vn -0.5596334 0.7627015 0.3241866
vn -0.6081335 0.4212741 0.6728313
vn -0.8118399 0.5112183 0.2820845
vn -0.5596334 0.7627015 0.3241866
vn -0.8118399 0.5112183 0.2820845
vn -0.4622874 0.8812315 -0.0985969
vn 0.006709369 0.7139811 0.7001329
vn -0.2973805 0.1541838 0.9422272
vn -0.6081335 0.4212741 0.6728313
vn -0.6081335 0.4212741 0.6728313
vn -0.2973805 0.1541838 0.9422272
vn -0.6716287 -0.03235413 0.7401812
vn -0.6081335 0.4212741 0.6728313
vn -0.6716287 -0.03235413 0.7401812
vn -0.8118399 0.5112183 0.2820845
vn 0.006709369 0.7139811 0.7001329
vn 0.5699338 0.3336479 0.7509027
vn 0.1905906 0.1178866 0.9745656
vn 0.1905906 0.1178866 0.9745656
vn 0.5699338 0.3336479 0.7509027
vn 0.5544202 -0.1249014 0.8228111
vn 0.1905906 0.1178866 0.9745656
vn 0.5544202 -0.1249014 0.8228111
vn -0.2735814 -0.2212521 0.936056
vn 0.00892983 0.957119 0.2895573
vn -0.004706229 0.920451 -0.3908296
vn 0.451644 0.8645862 -0.2202463
vn 0.451644 0.8645862 -0.2202463
vn -0.004706229 0.920451 -0.3908296
vn 0.4458844 0.6077005 -0.6571814
vn 0.451644 0.8645862 -0.2202463
vn 0.4458844 0.6077005 -0.6571814
vn 0.8855178 0.4450902 -0.1332412
vn 0.8855178 0.4450902 -0.1332412
vn 0.4458844 0.6077005 -0.6571814
vn 0.7855491 0.3154099 -0.5323809
vn 0.8855178 0.4450902 -0.1332412
vn 0.7855491 0.3154099 -0.5323809
vn 0.9830674 0.1830087 -0.009297907
vn 0.00892983 0.957119 0.2895573
vn -0.4542921 0.8675928 -0.2022411
vn -0.004706229 0.920451 -0.3908296
vn -0.004706229 0.920451 -0.3908296
vn -0.4542921 0.8675928 -0.2022411
vn -0.2528754 0.6359769 -0.7291005
vn -0.004706229 0.920451 -0.3908296
vn -0.2528754 0.6359769 -0.7291005
vn 0.4458844 0.6077005 -0.6571814
vn 0.4458844 0.6077005 -0.6571814
vn -0.2528754 0.6359769 -0.7291005
vn 0.1309869 0.4306119 -0.8929815
vn 0.4458844 0.6077005 -0.6571814
vn 0.1309869 0.4306119 -0.8929815
vn 0.7855491 0.3154099 -0.5323809
vn 0.00892983 0.957119 0.2895573
vn -0.6337378 0.7369749 0.2350414
vn -0.4542921 0.8675928 -0.2022411
vn -0.4542921 0.8675928 -0.2022411
vn -0.6337378 0.7369749 0.2350414
vn -0.712386 0.6224604 -0.324113
vn -0.4542921 0.8675928 -0.2022411
vn -0.712386 0.6224604 -0.324113
vn -0.2528754 0.6359769 -0.7291005
vn -0.2528754 0.6359769 -0.7291005
vn -0.712386 0.6224604 -0.324113
vn -0.4254142 0.4325739 -0.7949231
vn -0.2528754 0.6359769 -0.7291005
vn -0.4254142 0.4325739 -0.7949231
vn 0.1309869 0.4306119 -0.8929815
vn 0.00892983 0.957119 0.2895573
vn -0.3871559 0.7476553 0.539557
vn -0.6337378 0.7369749 0.2350414
vn -0.6337378 0.7369749 0.2350414
vn -0.3871559 0.7476553 0.539557
vn -0.8098793 0.5115906 0.2870028
vn -0.6337378 0.7369749 0.2350414
vn -0.8098793 0.5115906 0.2870028
vn -0.712386 0.6224604 -0.324113
vn 0.4479327 0.3140508 0.8370953
vn 0.1594163 0.6931148 0.7029783
vn 0.4680039 0.602103 0.6468728
vn 0.4680039 0.602103 0.6468728
vn 0.1594163 0.6931148 0.7029783
vn 0.00892983 0.957119 0.2895573
vn 0.00892983 0.957119 0.2895573
vn 0.6474483 0.7327236 0.2095873
vn 0.4680039 0.602103 0.6468728
vn 0.4680039 0.602103 0.6468728
vn 0.6474483 0.7327236 0.2095873
vn 0.8147839 0.3699491 0.4463908
vn 0.4680039 0.602103 0.6468728
vn 0.8147839 0.3699491 0.4463908
vn 0.4479327 0.3140508 0.8370953
vn 0.00892983 0.957119 0.2895573
vn 0.451644 0.8645862 -0.2202463
vn 0.6474483 0.7327236 0.2095873
vn 0.6474483 0.7327236 0.2095873
vn 0.451644 0.8645862 -0.2202463
vn 0.8855178 0.4450902 -0.1332412
vn 0.6474483 0.7327236 0.2095873
vn 0.8855178 0.4450902 -0.1332412
vn 0.8147839 0.3699491 0.4463908
vn -0.2370544 0.853521 0.4640118
vn -0.6254607 0.7781137 -0.05777615
vn -0.206646 0.9615011 -0.1811437
vn -0.206646 0.9615011 -0.1811437
vn -0.6254607 0.7781137 -0.05777615
vn -0.3592234 0.7154153 -0.5992825
vn -0.206646 0.9615011 -0.1811437
vn -0.3592234 0.7154153 -0.5992825
vn 0.2920941 0.8399987 -0.4572563
vn 0.2920941 0.8399987 -0.4572563
vn -0.3592234 0.7154153 -0.5992825
vn 0.04155187 0.639549 -0.7676266
vn 0.2920941 0.8399987 -0.4572563
vn 0.04155187 0.639549 -0.7676266
vn 0.6784128 0.6397858 -0.3611513
vn -0.2370544 0.853521 0.4640118
vn -0.6660848 0.6810709 0.3040945
vn -0.6254607 0.7781137 -0.05777615
vn -0.6254607 0.7781137 -0.05777615
vn -0.6660848 0.6810709 0.3040945
vn -0.7443873 0.5681037 -0.3509216
vn -0.6254607 0.7781137 -0.05777615
vn -0.7443873 0.5681037 -0.3509216
vn -0.3592234 0.7154153 -0.5992825
vn -0.3592234 0.7154153 -0.5992825
vn -0.7443873 0.5681037 -0.3509216
vn -0.4734577 0.4914979 -0.7309363
vn -0.3592234 0.7154153 -0.5992825
vn -0.4734577 0.4914979 -0.7309363
vn 0.04155187 0.639549 -0.7676266
vn -0.2370544 0.853521 0.4640118
vn 0.2530023 0.5629341 0.7868259
vn -0.1658152 0.3795474 0.9101919
vn -0.1658152 0.3795474 0.9101919
vn 0.2530023 0.5629341 0.7868259
vn 0.1611855 -0.002374249 0.9869213
vn -0.1658152 0.3795474 0.9101919
vn 0.1611855 -0.002374249 0.9869213
vn -0.2698917 -0.03183683 0.9623642
vn -0.2698917 -0.03183683 0.9623642
vn 0.1611855 -0.002374249 0.9869213
vn 0.03044186 -0.2852215 0.9579781
vn -0.2370544 0.853521 0.4640118
vn 0.4145254 0.8093461 0.4160861
vn 0.2530023 0.5629341 0.7868259
vn 0.2530023 0.5629341 0.7868259
vn 0.4145254 0.8093461 0.4160861
vn 0.6449039 0.329475 0.6895978
vn 0.2530023 0.5629341 0.7868259
vn 0.6449039 0.329475 0.6895978
vn 0.1611855 -0.002374249 0.9869213
vn 0.1611855 -0.002374249 0.9869213
vn 0.6449039 0.329475 0.6895978
vn 0.4963998 -0.1033492 0.8619201
vn 0.1611855 -0.002374249 0.9869213
vn 0.4963998 -0.1033492 0.8619201
vn 0.03044186 -0.2852215 0.9579781
vn -0.2370544 0.853521 0.4640118
vn 0.2241328 0.974441 0.01513661
vn 0.4145254 0.8093461 0.4160861
vn 0.4145254 0.8093461 0.4160861
vn 0.2241328 0.974441 0.01513661
vn 0.7241639 0.685663 0.07384294
vn 0.4145254 0.8093461 0.4160861
vn 0.7241639 0.685663 0.07384294
vn 0.6449039 0.329475 0.6895978
vn 0.6449039 0.329475 0.6895978
vn 0.7241639 0.685663 0.07384294
vn 0.7786953 0.2442582 0.5779029
vn 0.6449039 0.329475 0.6895978
vn 0.7786953 0.2442582 0.5779029
vn 0.4963998 -0.1033492 0.8619201
vn -0.2370544 0.853521 0.4640118
vn -0.206646 0.9615011 -0.1811437
vn 0.2241328 0.974441 0.01513661
vn 0.2241328 0.974441 0.01513661
vn -0.206646 0.9615011 -0.1811437
vn 0.2920941 0.8399987 -0.4572563
vn 0.2241328 0.974441 0.01513661
vn 0.2920941 0.8399987 -0.4572563
vn 0.7241639 0.685663 0.07384294
vn 0.7241639 0.685663 0.07384294
vn 0.2920941 0.8399987 -0.4572563
vn 0.6784128 0.6397858 -0.3611513
vn 0.7241639 0.685663 0.07384294
vn 0.6784128 0.6397858 -0.3611513
vn 0.898435 0.432682 -0.07483941
vn -0.2698917 -0.03183683 0.9623642
vn -0.410852 0.5044031 0.7594591
vn -0.1658152 0.3795474 0.9101919
vn -0.1658152 0.3795474 0.9101919
vn -0.410852 0.5044031 0.7594591
vn -0.2370544 0.853521 0.4640118
vn -0.121111 0.8886349 0.4423349
vn 0.01909223 0.9441298 -0.3290206
vn 0.1904528 0.9632787 0.1892665
vn 0.6537864 0.726743 -0.2107322
vn 0.01909223 0.9441298 -0.3290206
vn 0.5447234 0.6746735 -0.4980885
vn 0.6537864 0.726743 -0.2107322
vn 0.5447234 0.6746735 -0.4980885
vn 0.8916874 0.4448705 0.08356953
vn 0.8916874 0.4448705 0.08356953
vn 0.5447234 0.6746735 -0.4980885
vn 0.8451434 0.4206001 -0.3298913
vn 0.8916874 0.4448705 0.08356953
vn 0.8451434 0.4206001 -0.3298913
vn 0.9640491 0.2598899 -0.05537742
vn -0.121111 0.8886349 0.4423349
vn -0.5130615 0.8252821 -0.2359603
vn 0.01909223 0.9441298 -0.3290206
vn 0.01909223 0.9441298 -0.3290206
vn -0.5130615 0.8252821 -0.2359603
vn -0.07164048 0.7596855 -0.6463324
vn 0.01909223 0.9441298 -0.3290206
vn -0.07164048 0.7596855 -0.6463324
vn 0.5447234 0.6746735 -0.4980885
vn 0.5447234 0.6746735 -0.4980885
vn -0.07164048 0.7596855 -0.6463324
vn 0.4549861 0.5608496 -0.6916903
vn 0.5447234 0.6746735 -0.4980885
vn 0.4549861 0.5608496 -0.6916903
vn 0.8451434 0.4206001 -0.3298913
vn -0.121111 0.8886349 0.4423349
vn 0.3456558 0.4030504 0.8473916
vn -0.1418256 0.633648 0.7605101
vn -0.1958793 0.02494015 0.9803108
vn 0.3456558 0.4030504 0.8473916
vn 0.08279352 -0.1310162 0.9879171
vn -0.1958793 0.02494015 0.9803108
vn 0.08279352 -0.1310162 0.9879171
vn -0.5217724 -0.02765979 0.8526362
vn -0.5217724 -0.02765979 0.8526362
vn 0.08279352 -0.1310162 0.9879171
vn -0.09756474 -0.3323763 0.9380869
vn -0.121111 0.8886349 0.4423349
vn 0.6262991 0.645569 0.4370242
vn 0.3456558 0.4030504 0.8473916
vn 0.3456558 0.4030504 0.8473916
vn 0.6262991 0.645569 0.4370242
vn 0.6865481 0.102623 0.7198058
vn 0.3456558 0.4030504 0.8473916
vn 0.6865481 0.102623 0.7198058
vn 0.08279352 -0.1310162 0.9879171
vn 0.08279352 -0.1310162 0.9879171
vn 0.6865481 0.102623 0.7198058
vn 0.4168119 -0.2353502 0.8779967
vn 0.08279352 -0.1310162 0.9879171
vn 0.4168119 -0.2353502 0.8779967
vn -0.09756474 -0.3323763 0.9380869
vn -0.121111 0.8886349 0.4423349
vn 0.1904528 0.9632787 0.1892665
vn 0.6262991 0.645569 0.4370242
vn 0.6262991 0.645569 0.4370242
vn 0.6537864 0.726743 -0.2107322
vn 0.8916874 0.4448705 0.08356953
vn 0.6262991 0.645569 0.4370242
vn 0.8916874 0.4448705 0.08356953
vn 0.6865481 0.102623 0.7198058
vn 0.6865481 0.102623 0.7198058
vn 0.8916874 0.4448705 0.08356953
vn 0.8097496 0.01922765 0.5864605
vn 0.6865481 0.102623 0.7198058
vn 0.8097496 0.01922765 0.5864605
vn 0.4168119 -0.2353502 0.8779967
vn -0.121111 0.8886349 0.4423349
vn -0.793704 0.582766 0.1744066
vn -0.5130615 0.8252821 -0.2359603
vn -0.5130615 0.8252821 -0.2359603
vn -0.793704 0.582766 0.1744066
vn -0.7705919 0.5573067 -0.3091885
vn -0.5130615 0.8252821 -0.2359603
vn -0.7705919 0.5573067 -0.3091885
vn -0.07164048 0.7596855 -0.6463324
vn -0.121111 0.8886349 0.4423349
vn -0.6622782 0.3812891 0.6449854
vn -0.793704 0.582766 0.1744066
vn -0.793704 0.582766 0.1744066
vn -0.6622782 0.3812891 0.6449854
vn -0.9293497 0.2726725 0.2489154
vn -0.793704 0.582766 0.1744066
vn -0.9293497 0.2726725 0.2489154
vn -0.7705919 0.5573067 -0.3091885
vn -0.121111 0.8886349 0.4423349
vn -0.1418256 0.633648 0.7605101
vn -0.6622782 0.3812891 0.6449854
vn -0.6622782 0.3812891 0.6449854
vn -0.1958793 0.02494015 0.9803108
vn -0.5217724 -0.02765979 0.8526362
vn -0.6622782 0.3812891 0.6449854
vn -0.5217724 -0.02765979 0.8526362
vn -0.9293497 0.2726725 0.2489154
vn -0.0792615 0.7298663 0.6789792
vn 0.1112378 0.07079096 0.9912694
vn -0.2425517 0.4432442 0.8629619
vn -0.4979509 -0.1547045 0.8532944
vn 0.1112378 0.07079096 0.9912694
vn -0.2843512 -0.3851549 0.8779523
vn -0.4979509 -0.1547045 0.8532944
vn -0.2843512 -0.3851549 0.8779523
vn -0.7972235 -0.1466207 0.5856083
vn -0.7972235 -0.1466207 0.5856083
vn -0.2843512 -0.3851549 0.8779523
vn -0.7140315 -0.455163 0.5319641
vn -0.7972235 -0.1466207 0.5856083
vn -0.7140315 -0.455163 0.5319641
vn -0.8776274 -0.3644765 0.3113313
vn -0.8776274 -0.3644765 0.3113313
vn -0.7140315 -0.455163 0.5319641
vn -0.872522 -0.4052284 0.2729384
vn -0.0792615 0.7298663 0.6789792
vn 0.618686 0.6766087 0.3992849
vn 0.255287 0.5815128 0.7724451
vn 0.6877359 0.09878916 0.7192081
vn 0.618686 0.6766087 0.3992849
vn 0.8755469 0.1228758 0.4672464
vn 0.6877359 0.09878916 0.7192081
vn 0.8755469 0.1228758 0.4672464
vn 0.4291206 -0.2875041 0.8562693
vn 0.4291206 -0.2875041 0.8562693
vn 0.8755469 0.1228758 0.4672464
vn 0.6885093 -0.3696593 0.6239447
vn 0.4291206 -0.2875041 0.8562693
vn 0.6885093 -0.3696593 0.6239447
vn 0.1859703 -0.5808057 0.7925149
vn 0.1859703 -0.5808057 0.7925149
vn 0.6885093 -0.3696593 0.6239447
vn 0.4738529 -0.5632216 0.6769379
vn -0.0792615 0.7298663 0.6789792
vn -0.2247234 0.9742354 -0.01910175
vn 0.0953375 0.912362 0.3981285
vn 0.4177483 0.8932186 -0.1662733
vn -0.2247234 0.9742354 -0.01910175
vn 0.2308426 0.8778715 -0.4195871
vn 0.4177483 0.8932186 -0.1662733
vn 0.2308426 0.8778715 -0.4195871
vn 0.7934173 0.6055904 -0.06123054
vn 0.7934173 0.6055904 -0.06123054
vn 0.2308426 0.8778715 -0.4195871
vn 0.6219046 0.6498441 -0.4369639
vn 0.7934173 0.6055904 -0.06123054
vn 0.6219046 0.6498441 -0.4369639
vn 0.9742853 0.2128475 0.07391965
vn -0.0792615 0.7298663 0.6789792
vn -0.6531206 0.7329681 0.1902398
vn -0.2247234 0.9742354 -0.01910175
vn -0.2247234 0.9742354 -0.01910175
vn -0.6531206 0.7329681 0.1902398
vn -0.3954782 0.8548496 -0.3359008
vn -0.2247234 0.9742354 -0.01910175
vn -0.3954782 0.8548496 -0.3359008
vn 0.2308426 0.8778715 -0.4195871
vn 0.2308426 0.8778715 -0.4195871
vn -0.3954782 0.8548496 -0.3359008
vn 0.09830863 0.7847793 -0.6119289
vn 0.2308426 0.8778715 -0.4195871
vn 0.09830863 0.7847793 -0.6119289
vn 0.6219046 0.6498441 -0.4369639
vn -0.0792615 0.7298663 0.6789792
vn 0.255287 0.5815128 0.7724451
vn 0.1112378 0.07079096 0.9912694
vn 0.1112378 0.07079096 0.9912694
vn 0.6877359 0.09878916 0.7192081
vn 0.4291206 -0.2875041 0.8562693
vn 0.1112378 0.07079096 0.9912694
vn 0.4291206 -0.2875041 0.8562693
vn -0.2843512 -0.3851549 0.8779523
vn -0.2843512 -0.3851549 0.8779523
vn 0.4291206 -0.2875041 0.8562693
vn 0.1859703 -0.5808057 0.7925149
vn -0.2843512 -0.3851549 0.8779523
vn 0.1859703 -0.5808057 0.7925149
vn -0.7140315 -0.455163 0.5319641
vn -0.0792615 0.7298663 0.6789792
vn 0.0953375 0.912362 0.3981285
vn 0.618686 0.6766087 0.3992849
vn 0.618686 0.6766087 0.3992849
vn 0.4177483 0.8932186 -0.1662733
vn 0.7934173 0.6055904 -0.06123054
vn 0.618686 0.6766087 0.3992849
vn 0.7934173 0.6055904 -0.06123054
vn 0.8755469 0.1228758 0.4672464
vn 0.8755469 0.1228758 0.4672464
vn 0.7934173 0.6055904 -0.06123054
vn 0.9742853 0.2128475 0.07391965
vn 0.8755469 0.1228758 0.4672464
vn 0.9742853 0.2128475 0.07391965
vn 0.6885093 -0.3696593 0.6239447
vn -0.0792615 0.7298663 0.6789792
vn -0.732171 0.3684196 0.572881
vn -0.6531206 0.7329681 0.1902398
vn -0.6531206 0.7329681 0.1902398
vn -0.732171 0.3684196 0.572881
vn -0.8855575 0.4460827 0.1296085
vn -0.6531206 0.7329681 0.1902398
vn -0.8855575 0.4460827 0.1296085
vn -0.3954782 0.8548496 -0.3359008
vn -0.0792615 0.7298663 0.6789792
vn -0.2425517 0.4432442 0.8629619
vn -0.732171 0.3684196 0.572881
vn -0.732171 0.3684196 0.572881
vn -0.4979509 -0.1547045 0.8532944
vn -0.7972235 -0.1466207 0.5856083
vn -0.732171 0.3684196 0.572881
vn -0.7972235 -0.1466207 0.5856083
vn -0.8855575 0.4460827 0.1296085
vn -0.2370548 0.8535216 0.4640109
vn -0.6254607 0.7781139 -0.05777264
vn -0.206642 0.9615021 -0.1811434
vn -0.206642 0.9615021 -0.1811434
vn -0.6254607 0.7781139 -0.05777264
vn -0.2885384 0.8090979 -0.5119631
vn -0.206642 0.9615021 -0.1811434
vn -0.2885384 0.8090979 -0.5119631
vn 0.3134042 0.8286136 -0.4638721
vn 0.3134042 0.8286136 -0.4638721
vn -0.2885384 0.8090979 -0.5119631
vn 0.2542485 0.6735464 -0.694041
vn 0.3134042 0.8286136 -0.4638721
vn 0.2542485 0.6735464 -0.694041
vn 0.5717782 0.6547019 -0.4944037
vn -0.2370548 0.8535216 0.4640109
vn 0.2530017 0.5629351 0.7868255
vn -0.1606818 0.3866732 0.9081109
vn -0.1606818 0.3866732 0.9081109
vn 0.2530017 0.5629351 0.7868255
vn 0.06022965 0.08852404 0.9942514
vn -0.1606818 0.3866732 0.9081109
vn 0.06022965 0.08852404 0.9942514
vn -0.4059985 0.02543455 0.9135197
vn -0.4059985 0.02543455 0.9135197
vn 0.06022965 0.08852404 0.9942514
vn -0.1447325 -0.219164 0.9648936
vn -0.2370548 0.8535216 0.4640109
vn -0.206642 0.9615021 -0.1811434
vn 0.2241318 0.9744413 0.01513541
vn 0.2241318 0.9744413 0.01513541
vn -0.206642 0.9615021 -0.1811434
vn 0.3134042 0.8286136 -0.4638721
vn 0.2241318 0.9744413 0.01513541
vn 0.3134042 0.8286136 -0.4638721
vn 0.6349212 0.7724013 0.01646876
vn 0.6349212 0.7724013 0.01646876
vn 0.3134042 0.8286136 -0.4638721
vn 0.5717782 0.6547019 -0.4944037
vn -0.2370548 0.8535216 0.4640109
vn -0.7293051 0.5716755 0.3759003
vn -0.6254607 0.7781139 -0.05777264
vn -0.6254607 0.7781139 -0.05777264
vn -0.7293051 0.5716755 0.3759003
vn -0.7793764 0.5910339 -0.2079695
vn -0.6254607 0.7781139 -0.05777264
vn -0.7793764 0.5910339 -0.2079695
vn -0.2885384 0.8090979 -0.5119631
vn -0.8135369 0.1630805 0.5581781
vn -0.7293051 0.5716755 0.3759003
vn -0.5997697 0.3834497 0.7023124
vn -0.5997697 0.3834497 0.7023124
vn -0.7293051 0.5716755 0.3759003
vn -0.2370548 0.8535216 0.4640109
vn -0.2370548 0.8535216 0.4640109
vn -0.1606818 0.3866732 0.9081109
vn -0.5997697 0.3834497 0.7023124
vn -0.5997697 0.3834497 0.7023124
vn -0.1606818 0.3866732 0.9081109
vn -0.4059985 0.02543455 0.9135197
vn -0.5997697 0.3834497 0.7023124
vn -0.4059985 0.02543455 0.9135197
vn -0.8135369 0.1630805 0.5581781
vn -0.2370548 0.8535216 0.4640109
vn 0.4145245 0.8093474 0.4160843
vn 0.2530017 0.5629351 0.7868255
vn 0.2530017 0.5629351 0.7868255
vn 0.4145245 0.8093474 0.4160843
vn 0.5718451 0.4828223 0.6632313
vn 0.2530017 0.5629351 0.7868255
vn 0.5718451 0.4828223 0.6632313
vn 0.06022965 0.08852404 0.9942514
vn -0.2370548 0.8535216 0.4640109
vn 0.2241318 0.9744413 0.01513541
vn 0.4145245 0.8093474 0.4160843
vn 0.4145245 0.8093474 0.4160843
vn 0.2241318 0.9744413 0.01513541
vn 0.6349212 0.7724013 0.01646876
vn 0.4145245 0.8093474 0.4160843
vn 0.6349212 0.7724013 0.01646876
vn 0.5718451 0.4828223 0.6632313
vn -0.2370534 0.8535224 0.4640099
vn 0.4145234 0.8093489 0.4160824
vn 0.2530017 0.5629374 0.7868238
vn 0.2530017 0.5629374 0.7868238
vn 0.4145234 0.8093489 0.4160824
vn 0.6813902 0.3210593 0.6577451
vn 0.2530017 0.5629374 0.7868238
vn 0.6813902 0.3210593 0.6577451
vn 0.1611854 -0.002373818 0.9869213
vn 0.1611854 -0.002373818 0.9869213
vn 0.6813902 0.3210593 0.6577451
vn 0.5931331 -0.2057327 0.7783747
vn 0.1611854 -0.002373818 0.9869213
vn 0.5931331 -0.2057327 0.7783747
vn 0.008150708 -0.3449042 0.9386025
vn 0.008150708 -0.3449042 0.9386025
vn 0.5931331 -0.2057327 0.7783747
vn 0.4661744 -0.436988 0.7692353
vn -0.2370534 0.8535224 0.4640099
vn 0.2168638 0.9741203 0.06371592
vn 0.4145234 0.8093489 0.4160824
vn 0.4145234 0.8093489 0.4160824
vn 0.2168638 0.9741203 0.06371592
vn 0.7656456 0.6347584 0.1042541
vn 0.4145234 0.8093489 0.4160824
vn 0.7656456 0.6347584 0.1042541
vn 0.6813902 0.3210593 0.6577451
vn 0.6813902 0.3210593 0.6577451
vn 0.7656456 0.6347584 0.1042541
vn 0.9076266 0.213941 0.3611693
vn 0.6813902 0.3210593 0.6577451
vn 0.9076266 0.213941 0.3611693
vn 0.5931331 -0.2057327 0.7783747
vn 0.5931331 -0.2057327 0.7783747
vn 0.9076266 0.213941 0.3611693
vn 0.7573276 -0.2217983 0.6142154
vn 0.5931331 -0.2057327 0.7783747
vn 0.7573276 -0.2217983 0.6142154
vn 0.4661744 -0.436988 0.7692353
vn -0.2370534 0.8535224 0.4640099
vn 0.2530017 0.5629374 0.7868238
vn -0.1658195 0.3795478 0.9101909
vn -0.1658195 0.3795478 0.9101909
vn 0.2530017 0.5629374 0.7868238
vn 0.1611854 -0.002373818 0.9869213
vn -0.1658195 0.3795478 0.9101909
vn 0.1611854 -0.002373818 0.9869213
vn -0.2845412 -0.1069503 0.9526794
vn -0.2845412 -0.1069503 0.9526794
vn 0.1611854 -0.002373818 0.9869213
vn 0.008150708 -0.3449042 0.9386025
vn -0.2845412 -0.1069503 0.9526794
vn 0.008150708 -0.3449042 0.9386025
vn -0.3178729 -0.3254056 0.8905437
vn -0.2370534 0.8535224 0.4640099
vn -0.2345742 0.9589171 -0.15954
vn 0.2168638 0.9741203 0.06371592
vn 0.2168638 0.9741203 0.06371592
vn -0.2345742 0.9589171 -0.15954
vn -0.03989018 0.9271096 -0.3726614
vn 0.2168638 0.9741203 0.06371592
vn 0.6983728 0.7109272 -0.08281261
vn 0.7656456 0.6347584 0.1042541
vn 0.7656456 0.6347584 0.1042541
vn 0.6983728 0.7109272 -0.08281261
vn 0.8688668 0.4774227 -0.1309122
vn 0.7656456 0.6347584 0.1042541
vn 0.8688668 0.4774227 -0.1309122
vn 0.9076266 0.213941 0.3611693
vn -0.2370534 0.8535224 0.4640099
vn -0.4921821 0.8692319 0.04682589
vn -0.2345742 0.9589171 -0.15954
vn -0.2345742 0.9589171 -0.15954
vn -0.4921821 0.8692319 0.04682589
vn -0.3230779 0.8444002 -0.4273279
vn -0.2345742 0.9589171 -0.15954
vn -0.3230779 0.8444002 -0.4273279
vn -0.03989018 0.9271096 -0.3726614
vn -0.2845412 -0.1069503 0.9526794
vn -0.4108536 0.5044044 0.7594574
vn -0.1658195 0.3795478 0.9101909
vn -0.1658195 0.3795478 0.9101909
vn -0.4108536 0.5044044 0.7594574
vn -0.2370534 0.8535224 0.4640099
vn -0.05509496 0.8102583 0.5834776
vn -0.584212 0.8026232 0.1203848
vn -0.1630725 0.9825299 -0.08967973
vn -0.1630725 0.9825299 -0.08967973
vn -0.584212 0.8026232 0.1203848
vn -0.4234416 0.7749949 -0.469127
vn -0.1630725 0.9825299 -0.08967973
vn -0.4234416 0.7749949 -0.469127
vn 0.283018 0.8305851 -0.4796136
vn 0.283018 0.8305851 -0.4796136
vn -0.4234416 0.7749949 -0.469127
vn -0.04336134 0.694726 -0.7179662
vn 0.283018 0.8305851 -0.4796136
vn -0.04336134 0.694726 -0.7179662
vn 0.6649584 0.5718433 -0.4804432
vn -0.05509496 0.8102583 0.5834776
vn -0.6942046 0.4955975 0.52198
vn -0.584212 0.8026232 0.1203848
vn -0.584212 0.8026232 0.1203848
vn -0.6942046 0.4955975 0.52198
vn -0.8985167 0.4362906 -0.04814929
vn -0.584212 0.8026232 0.1203848
vn -0.8985167 0.4362906 -0.04814929
vn -0.4234416 0.7749949 -0.469127
vn -0.4234416 0.7749949 -0.469127
vn -0.8985167 0.4362906 -0.04814929
vn -0.7310051 0.4801223 -0.4848858
vn -0.4234416 0.7749949 -0.469127
vn -0.7310051 0.4801223 -0.4848858
vn -0.04336134 0.694726 -0.7179662
vn -0.05509496 0.8102583 0.5834776
vn -0.4002991 0.2367192 0.8852822
vn -0.6942046 0.4955975 0.52198
vn -0.6942046 0.4955975 0.52198
vn -0.4002991 0.2367192 0.8852822
vn -0.8428249 0.1156832 0.5256078
vn -0.6942046 0.4955975 0.52198
vn -0.8428249 0.1156832 0.5256078
vn -0.8985167 0.4362906 -0.04814929
vn -0.8985167 0.4362906 -0.04814929
vn -0.8428249 0.1156832 0.5256078
vn -0.9801666 0.1897362 -0.05721742
vn -0.8985167 0.4362906 -0.04814929
vn -0.9801666 0.1897362 -0.05721742
vn -0.7310051 0.4801223 -0.4848858
vn -0.05509496 0.8102583 0.5834776
vn 0.6044722 0.7100227 0.3612218
vn 0.5022535 0.4006753 0.7662903
vn 0.5022535 0.4006753 0.7662903
vn 0.6044722 0.7100227 0.3612218
vn 0.8499483 0.1610188 0.5016581
vn 0.5022535 0.4006753 0.7662903
vn 0.8499483 0.1610188 0.5016581
vn 0.464298 -0.05522193 0.8839559
vn 0.464298 -0.05522193 0.8839559
vn 0.8499483 0.1610188 0.5016581
vn 0.8257445 -0.1273447 0.5494809
vn -0.05509496 0.8102583 0.5834776
vn 0.3292943 0.9441736 0.01007622
vn 0.6044722 0.7100227 0.3612218
vn 0.6044722 0.7100227 0.3612218
vn 0.3292943 0.9441736 0.01007622
vn 0.8115041 0.5788299 -0.08010715
vn 0.6044722 0.7100227 0.3612218
vn 0.8115041 0.5788299 -0.08010715
vn 0.8499483 0.1610188 0.5016581
vn 0.8499483 0.1610188 0.5016581
vn 0.8115041 0.5788299 -0.08010715
vn 0.9790311 0.1834588 0.08855033
vn 0.8499483 0.1610188 0.5016581
vn 0.9790311 0.1834588 0.08855033
vn 0.8257445 -0.1273447 0.5494809
vn -0.05509496 0.8102583 0.5834776
vn -0.1630725 0.9825299 -0.08967973
vn 0.3292943 0.9441736 0.01007622
vn 0.3292943 0.9441736 0.01007622
vn -0.1630725 0.9825299 -0.08967973
vn 0.283018 0.8305851 -0.4796136
vn 0.3292943 0.9441736 0.01007622
vn 0.283018 0.8305851 -0.4796136
vn 0.8115041 0.5788299 -0.08010715
vn 0.8115041 0.5788299 -0.08010715
vn 0.283018 0.8305851 -0.4796136
vn 0.6649584 0.5718433 -0.4804432
vn 0.8115041 0.5788299 -0.08010715
vn 0.6649584 0.5718433 -0.4804432
vn 0.9790311 0.1834588 0.08855033
vn -0.05509496 0.8102583 0.5834776
vn 0.100156 0.2178669 0.9708259
vn -0.4002991 0.2367192 0.8852822
vn -0.4002991 0.2367192 0.8852822
vn 0.100156 0.2178669 0.9708259
vn -0.2223925 -0.11019 0.9687104
vn -0.4002991 0.2367192 0.8852822
vn -0.2223925 -0.11019 0.9687104
vn -0.8428249 0.1156832 0.5256078
vn -0.05509496 0.8102583 0.5834776
vn 0.5022535 0.4006753 0.7662903
vn 0.100156 0.2178669 0.9708259
vn 0.100156 0.2178669 0.9708259
vn 0.5022535 0.4006753 0.7662903
vn 0.464298 -0.05522193 0.8839559
vn 0.100156 0.2178669 0.9708259
vn 0.464298 -0.05522193 0.8839559
vn -0.2223925 -0.11019 0.9687104
vn -0.172436 0.9449212 0.2781902
vn 0.5783479 0.7927308 0.1925917
vn 0.1347668 0.8851278 0.4454062
vn 0.5639997 0.4557874 0.6885945
vn 0.5783479 0.7927308 0.1925917
vn 0.788595 0.3791628 0.4841006
vn 0.5639997 0.4557874 0.6885945
vn 0.788595 0.3791628 0.4841006
vn 0.2759537 0.1624915 0.9473363
vn 0.2759537 0.1624915 0.9473363
vn 0.788595 0.3791628 0.4841006
vn 0.6807686 -0.02720565 0.7319932
vn 0.2759537 0.1624915 0.9473363
vn 0.6807686 -0.02720565 0.7319932
vn 0.04446462 -0.1479813 0.9879901
vn 0.04446462 -0.1479813 0.9879901
vn 0.6807686 -0.02720565 0.7319932
vn 0.5891066 -0.1954513 0.7840614
vn -0.172436 0.9449212 0.2781902
vn 0.3438457 0.9388319 0.01909673
vn 0.5783479 0.7927308 0.1925917
vn 0.5783479 0.7927308 0.1925917
vn 0.3438457 0.9388319 0.01909673
vn 0.8353525 0.5423991 0.08938384
vn 0.5783479 0.7927308 0.1925917
vn 0.8353525 0.5423991 0.08938384
vn 0.788595 0.3791628 0.4841006
vn 0.788595 0.3791628 0.4841006
vn 0.8353525 0.5423991 0.08938384
vn 0.916858 0.1826325 0.3549885
vn 0.788595 0.3791628 0.4841006
vn 0.916858 0.1826325 0.3549885
vn 0.6807686 -0.02720565 0.7319932
vn 0.6807686 -0.02720565 0.7319932
vn 0.916858 0.1826325 0.3549885
vn 0.8508575 -0.07499847 0.5200161
vn 0.6807686 -0.02720565 0.7319932
vn 0.8508575 -0.07499847 0.5200161
vn 0.5891066 -0.1954513 0.7840614
vn -0.172436 0.9449212 0.2781902
vn -0.0581379 0.5149916 0.8552215
vn -0.393718 0.7622927 0.513708
vn -0.6429518 0.2011758 0.7390137
vn -0.0581379 0.5149916 0.8552215
vn -0.4346257 0.03149884 0.9000602
vn -0.6429518 0.2011758 0.7390137
vn -0.4346257 0.03149884 0.9000602
vn -0.8667868 0.1343507 0.48024
vn -0.8667868 0.1343507 0.48024
vn -0.4346257 0.03149884 0.9000602
vn -0.6040095 -0.1622422 0.7802885
vn -0.172436 0.9449212 0.2781902
vn 0.1347668 0.8851278 0.4454062
vn -0.0581379 0.5149916 0.8552215
vn -0.0581379 0.5149916 0.8552215
vn 0.5639997 0.4557874 0.6885945
vn 0.2759537 0.1624915 0.9473363
vn -0.0581379 0.5149916 0.8552215
vn 0.2759537 0.1624915 0.9473363
vn -0.4346257 0.03149884 0.9000602
vn -0.4346257 0.03149884 0.9000602
vn 0.2759537 0.1624915 0.9473363
vn 0.04446462 -0.1479813 0.9879901
vn -0.4346257 0.03149884 0.9000602
vn 0.04446462 -0.1479813 0.9879901
vn -0.6040095 -0.1622422 0.7802885
vn -0.632782 0.4871331 -0.6019039
vn -0.5969648 0.5188181 -0.6119321
vn -0.6930453 0.6624338 -0.2843757
vn -0.6930453 0.6624338 -0.2843757
vn -0.1942087 0.9796584 -0.05052067
vn -0.172436 0.9449212 0.2781902
vn -0.172436 0.9449212 0.2781902
vn -0.8289475 0.519402 0.2075278
vn -0.6930453 0.6624338 -0.2843757
vn -0.6930453 0.6624338 -0.2843757
vn -0.8289475 0.519402 0.2075278
vn -0.8969523 0.3687143 -0.2439809
vn -0.6930453 0.6624338 -0.2843757
vn -0.8969523 0.3687143 -0.2439809
vn -0.632782 0.4871331 -0.6019039
vn -0.172436 0.9449212 0.2781902
vn -0.393718 0.7622927 0.513708
vn -0.8289475 0.519402 0.2075278
vn -0.8289475 0.519402 0.2075278
vn -0.6429518 0.2011758 0.7390137
vn -0.8667868 0.1343507 0.48024
vn -0.8289475 0.519402 0.2075278
vn -0.8667868 0.1343507 0.48024
vn -0.8969523 0.3687143 -0.2439809
vn -0.1912947 0.953196 0.2341444
vn 0.2952172 0.7664083 0.5704955
vn -0.0941292 0.641367 0.7614381
vn -0.0941292 0.641367 0.7614381
vn 0.2952172 0.7664083 0.5704955
vn 0.2280029 0.3145132 0.9214641
vn -0.0941292 0.641367 0.7614381
vn 0.2280029 0.3145132 0.9214641
vn -0.4288749 0.2224465 0.8755478
vn -0.4288749 0.2224465 0.8755478
vn 0.2280029 0.3145132 0.9214641
vn -0.320839 -0.1784582 0.9301693
vn -0.4288749 0.2224465 0.8755478
vn -0.320839 -0.1784582 0.9301693
vn -0.5438055 -0.1317295 0.8288083
vn -0.5438055 -0.1317295 0.8288083
vn -0.320839 -0.1784582 0.9301693
vn -0.3870446 -0.4877677 0.7824827
vn -0.1912947 0.953196 0.2341444
vn -0.0941292 0.641367 0.7614381
vn -0.518842 0.5915864 0.6171131
vn -0.518842 0.5915864 0.6171131
vn -0.0941292 0.641367 0.7614381
vn -0.4288749 0.2224465 0.8755478
vn -0.518842 0.5915864 0.6171131
vn -0.4288749 0.2224465 0.8755478
vn -0.8076495 0.3479289 0.4760754
vn -0.8076495 0.3479289 0.4760754
vn -0.4288749 0.2224465 0.8755478
vn -0.5438055 -0.1317295 0.8288083
vn -0.1912947 0.953196 0.2341444
vn 0.2984129 0.8885289 0.3485199
vn 0.2952172 0.7664083 0.5704955
vn 0.2952172 0.7664083 0.5704955
vn 0.2984129 0.8885289 0.3485199
vn 0.6183226 0.4542268 0.6413697
vn 0.2952172 0.7664083 0.5704955
vn 0.6183226 0.4542268 0.6413697
vn 0.2280029 0.3145132 0.9214641
vn 0.2280029 0.3145132 0.9214641
vn 0.6183226 0.4542268 0.6413697
vn 0.581363 0.184367 0.7924809
vn 0.2280029 0.3145132 0.9214641
vn 0.581363 0.184367 0.7924809
vn 0.331103 0.03677233 0.9428779
vn 0.2984129 0.8885289 0.3485199
vn 0.6076578 0.4682994 0.6414419
vn 0.6183226 0.4542268 0.6413697
vn 0.6183226 0.4542268 0.6413697
vn 0.6076578 0.4682994 0.6414419
vn 0.7896283 0.1969445 0.5811197
vn 0.6183226 0.4542268 0.6413697
vn 0.7896283 0.1969445 0.5811197
vn 0.581363 0.184367 0.7924809
vn -0.8873447 0.4611067 0.0002502799
vn -0.578835 0.8148797 0.03035104
vn -0.7301248 0.6462216 0.2220708
vn -0.7301248 0.6462216 0.2220708
vn -0.578835 0.8148797 0.03035104
vn -0.1912947 0.953196 0.2341444
vn -0.1912947 0.953196 0.2341444
vn -0.518842 0.5915864 0.6171131
vn -0.7301248 0.6462216 0.2220708
vn -0.7301248 0.6462216 0.2220708
vn -0.518842 0.5915864 0.6171131
vn -0.8076495 0.3479289 0.4760754
vn -0.7301248 0.6462216 0.2220708
vn -0.8076495 0.3479289 0.4760754
vn -0.8873447 0.4611067 0.0002502799
vn 0.0009296185 0.616236 0.787561
vn 0.1466657 0.01048363 0.9891306
vn -0.3212481 0.06817896 0.9445377
vn -0.3212481 0.06817896 0.9445377
vn 0.1466657 0.01048363 0.9891306
vn -0.3167829 -0.3023421 0.8990205
vn -0.3212481 0.06817896 0.9445377
vn -0.3167829 -0.3023421 0.8990205
vn -0.7826434 -0.08277898 0.6169415
vn -0.7826434 -0.08277898 0.6169415
vn -0.3167829 -0.3023421 0.8990205
vn -0.7813889 -0.3549353 0.5132761
vn -0.7826434 -0.08277898 0.6169415
vn -0.7813889 -0.3549353 0.5132761
vn -0.8424899 -0.3298557 0.425918
vn -0.8424899 -0.3298557 0.425918
vn -0.7813889 -0.3549353 0.5132761
vn -0.8421819 -0.327684 0.4281973
vn 0.0009296185 0.616236 0.787561
vn 0.32271 0.9000459 0.292875
vn 0.602011 0.5987023 0.5283356
vn 0.602011 0.5987023 0.5283356
vn 0.32271 0.9000459 0.292875
vn 0.7730656 0.6014717 0.201498
vn 0.602011 0.5987023 0.5283356
vn 0.7730656 0.6014717 0.201498
vn 0.8712779 0.05819589 0.4873275
vn 0.8712779 0.05819589 0.4873275
vn 0.7730656 0.6014717 0.201498
vn 0.9693778 0.08030216 0.2320742
vn 0.8712779 0.05819589 0.4873275
vn 0.9693778 0.08030216 0.2320742
vn 0.8848892 -0.1877488 0.4262882
vn 0.8848892 -0.1877488 0.4262882
vn 0.9693778 0.08030216 0.2320742
vn 0.9237114 -0.05545271 0.3790546
vn 0.0009296185 0.616236 0.787561
vn -0.5276327 0.7379931 0.420678
vn -0.1452062 0.9577426 0.2482829
vn -0.1452062 0.9577426 0.2482829
vn -0.5276327 0.7379931 0.420678
vn -0.4688492 0.8820881 -0.04583767
vn -0.1452062 0.9577426 0.2482829
vn -0.4688492 0.8820881 -0.04583767
vn 0.1730154 0.9839754 0.04310708
vn 0.1730154 0.9839754 0.04310708
vn -0.4688492 0.8820881 -0.04583767
vn -0.003164096 0.9998177 0.01883134
vn 0.1730154 0.9839754 0.04310708
vn -0.003164096 0.9998177 0.01883134
vn 0.2481639 0.9582058 0.1423249
vn 0.0009296185 0.616236 0.787561
vn -0.6005509 0.3695249 0.7090769
vn -0.5276327 0.7379931 0.420678
vn -0.5276327 0.7379931 0.420678
vn -0.6005509 0.3695249 0.7090769
vn -0.8604425 0.476747 0.1798637
vn -0.5276327 0.7379931 0.420678
vn -0.8604425 0.476747 0.1798637
vn -0.4688492 0.8820881 -0.04583767
vn -0.4688492 0.8820881 -0.04583767
vn -0.8604425 0.476747 0.1798637
vn -0.7893997 0.5886871 -0.1740562
vn -0.4688492 0.8820881 -0.04583767
vn -0.7893997 0.5886871 -0.1740562
vn -0.676834 0.6985471 -0.2322234
vn 0.0009296185 0.616236 0.787561
vn -0.3212481 0.06817896 0.9445377
vn -0.6005509 0.3695249 0.7090769
vn -0.6005509 0.3695249 0.7090769
vn -0.3212481 0.06817896 0.9445377
vn -0.7826434 -0.08277898 0.6169415
vn -0.6005509 0.3695249 0.7090769
vn -0.7826434 -0.08277898 0.6169415
vn -0.8604425 0.476747 0.1798637
vn -0.8604425 0.476747 0.1798637
vn -0.7826434 -0.08277898 0.6169415
vn -0.9568599 0.2718843 0.1024597
vn -0.8604425 0.476747 0.1798637
vn -0.9568599 0.2718843 0.1024597
vn -0.7893997 0.5886871 -0.1740562
vn 0.0009296185 0.616236 0.787561
vn 0.602011 0.5987023 0.5283356
vn 0.5290911 0.2302328 0.8167347
vn 0.5290911 0.2302328 0.8167347
vn 0.602011 0.5987023 0.5283356
vn 0.8712779 0.05819589 0.4873275
vn 0.5290911 0.2302328 0.8167347
vn 0.8712779 0.05819589 0.4873275
vn 0.5056036 -0.226679 0.8324552
vn 0.5056036 -0.226679 0.8324552
vn 0.8712779 0.05819589 0.4873275
vn 0.8848892 -0.1877488 0.4262882
vn 0.0009296185 0.616236 0.787561
vn -0.1452062 0.9577426 0.2482829
vn 0.32271 0.9000459 0.292875
vn 0.32271 0.9000459 0.292875
vn -0.1452062 0.9577426 0.2482829
vn 0.1730154 0.9839754 0.04310708
vn 0.32271 0.9000459 0.292875
vn 0.1730154 0.9839754 0.04310708
vn 0.7730656 0.6014717 0.201498
vn 0.7730656 0.6014717 0.201498
vn 0.1730154 0.9839754 0.04310708
vn 0.2481639 0.9582058 0.1423249
vn 0.7730656 0.6014717 0.201498
vn 0.9482338 0.3092045 0.07242489
vn 0.9693778 0.08030216 0.2320742
vn 0.0009296185 0.616236 0.787561
vn 0.5290911 0.2302328 0.8167347
vn 0.1466657 0.01048363 0.9891306
vn 0.1466657 0.01048363 0.9891306
vn 0.5290911 0.2302328 0.8167347
vn 0.5056036 -0.226679 0.8324552
vn 0.1466657 0.01048363 0.9891306
vn 0.5056036 -0.226679 0.8324552
vn -0.3167829 -0.3023421 0.8990205
vn -0.01650768 0.8024225 0.5965279
vn 0.0629466 0.3204117 0.9451848
vn -0.3617165 0.3658871 0.8574893
vn -0.3617165 0.3658871 0.8574893
vn 0.0629466 0.3204117 0.9451848
vn -0.3144185 -0.1508958 0.9372149
vn -0.3617165 0.3658871 0.8574893
vn -0.3144185 -0.1508958 0.9372149
vn -0.6373973 0.1340258 0.7587898
vn -0.6373973 0.1340258 0.7587898
vn -0.3144185 -0.1508958 0.9372149
vn -0.526794 -0.3555912 0.7720382
vn -0.01650768 0.8024225 0.5965279
vn 0.4408136 0.4810269 0.7578236
vn 0.0629466 0.3204117 0.9451848
vn 0.0629466 0.3204117 0.9451848
vn 0.4408136 0.4810269 0.7578236
vn 0.3631361 -0.0908102 0.9273003
vn 0.0629466 0.3204117 0.9451848
vn 0.3631361 -0.0908102 0.9273003
vn -0.3144185 -0.1508958 0.9372149
vn -0.3144185 -0.1508958 0.9372149
vn 0.3631361 -0.0908102 0.9273003
vn 0.009777278 -0.4363419 0.8997279
vn -0.3144185 -0.1508958 0.9372149
vn 0.009777278 -0.4363419 0.8997279
vn -0.526794 -0.3555912 0.7720382
vn -0.01650768 0.8024225 0.5965279
vn 0.5343915 0.7432024 0.4025863
vn 0.4408136 0.4810269 0.7578236
vn 0.4408136 0.4810269 0.7578236
vn 0.5343915 0.7432024 0.4025863
vn 0.8183072 0.22793 0.5276564
vn 0.4408136 0.4810269 0.7578236
vn 0.8183072 0.22793 0.5276564
vn 0.3631361 -0.0908102 0.9273003
vn 0.3631361 -0.0908102 0.9273003
vn 0.8183072 0.22793 0.5276564
vn 0.7089033 -0.2129549 0.6723887
vn 0.3631361 -0.0908102 0.9273003
vn 0.7089033 -0.2129549 0.6723887
vn 0.009777278 -0.4363419 0.8997279
vn -0.01650768 0.8024225 0.5965279
vn 0.2888646 0.9533569 0.08756658
vn 0.5343915 0.7432024 0.4025863
vn 0.5343915 0.7432024 0.4025863
vn 0.2888646 0.9533569 0.08756658
vn 0.7499337 0.6507599 0.1187898
vn 0.5343915 0.7432024 0.4025863
vn 0.7499337 0.6507599 0.1187898
vn 0.8183072 0.22793 0.5276564
vn 0.8183072 0.22793 0.5276564
vn 0.7499337 0.6507599 0.1187898
vn 0.950577 0.1164791 0.2878123
vn 0.8183072 0.22793 0.5276564
vn 0.950577 0.1164791 0.2878123
vn 0.7089033 -0.2129549 0.6723887
vn -0.01650768 0.8024225 0.5965279
vn -0.2065598 0.8524972 0.480189
vn 0.1385529 0.9676567 0.210816
vn 0.1385529 0.9676567 0.210816
vn -0.2065598 0.8524972 0.480189
vn 0.09198713 0.940363 0.3274992
vn 0.1385529 0.9676567 0.210816
vn 0.09198713 0.940363 0.3274992
vn 0.3896298 0.9192865 -0.05568531
vn -0.01650768 0.8024225 0.5965279
vn -0.4771335 0.5404407 0.6930133
vn -0.2065598 0.8524972 0.480189
vn -0.2065598 0.8524972 0.480189
vn -0.4771335 0.5404407 0.6930133
vn -0.5071512 0.6584843 0.5560541
vn -0.2065598 0.8524972 0.480189
vn -0.5071512 0.6584843 0.5560541
vn 0.09198713 0.940363 0.3274992
vn -0.01650768 0.8024225 0.5965279
vn -0.3617165 0.3658871 0.8574893
vn -0.4771335 0.5404407 0.6930133
vn -0.4771335 0.5404407 0.6930133
vn -0.3617165 0.3658871 0.8574893
vn -0.6373973 0.1340258 0.7587898
vn -0.4771335 0.5404407 0.6930133
vn -0.6373973 0.1340258 0.7587898
vn -0.5071512 0.6584843 0.5560541
vn -0.01650768 0.8024225 0.5965279
vn 0.1385529 0.9676567 0.210816
vn 0.2888646 0.9533569 0.08756658
vn 0.2888646 0.9533569 0.08756658
vn 0.1385529 0.9676567 0.210816
vn 0.3896298 0.9192865 -0.05568531
vn 0.2888646 0.9533569 0.08756658
vn 0.3896298 0.9192865 -0.05568531
vn 0.7499337 0.6507599 0.1187898
vn -0.2232367 0.8525187 0.4726281
vn -0.1676381 0.3713071 0.9132516
vn -0.5963423 0.3705805 0.7120715
vn -0.5963423 0.3705805 0.7120715
vn -0.1676381 0.3713071 0.9132516
vn -0.5903233 0.009593606 0.8071099
vn -0.5963423 0.3705805 0.7120715
vn -0.5903233 0.009593606 0.8071099
vn -0.8213971 0.0363229 0.5691992
vn -0.8213971 0.0363229 0.5691992
vn -0.5903233 0.009593606 0.8071099
vn -0.8203728 -0.1812983 0.5423279
vn -0.2232367 0.8525187 0.4726281
vn 0.4276982 0.7943768 0.4313233
vn 0.2565337 0.5468492 0.7969608
vn 0.2565337 0.5468492 0.7969608
vn 0.4276982 0.7943768 0.4313233
vn 0.6779987 0.3059365 0.6683716
vn 0.2565337 0.5468492 0.7969608
vn 0.6779987 0.3059365 0.6683716
vn 0.2111882 0.1304361 0.9687034
vn 0.2111882 0.1304361 0.9687034
vn 0.6779987 0.3059365 0.6683716
vn 0.6563431 0.04175104 0.7533065
vn -0.2232367 0.8525187 0.4726281
vn 0.2455908 0.9688929 0.03052239
vn 0.4276982 0.7943768 0.4313233
vn 0.4276982 0.7943768 0.4313233
vn 0.2455908 0.9688929 0.03052239
vn 0.6816344 0.7180587 0.1405926
vn 0.4276982 0.7943768 0.4313233
vn 0.6816344 0.7180587 0.1405926
vn 0.6779987 0.3059365 0.6683716
vn 0.6779987 0.3059365 0.6683716
vn 0.6816344 0.7180587 0.1405926
vn 0.8564218 0.2007521 0.4756475
vn 0.6779987 0.3059365 0.6683716
vn 0.8564218 0.2007521 0.4756475
vn 0.6563431 0.04175104 0.7533065
vn -0.2232367 0.8525187 0.4726281
vn -0.1831113 0.9681666 -0.1706566
vn 0.2455908 0.9688929 0.03052239
vn 0.2455908 0.9688929 0.03052239
vn -0.1831113 0.9681666 -0.1706566
vn 0.3104337 0.9137313 -0.2621565
vn 0.2455908 0.9688929 0.03052239
vn 0.3104337 0.9137313 -0.2621565
vn 0.6816344 0.7180587 0.1405926
vn 0.6816344 0.7180587 0.1405926
vn 0.3104337 0.9137313 -0.2621565
vn 0.5311709 0.8424939 -0.08978623
vn -0.2232367 0.8525187 0.4726281
vn -0.473203 0.8793639 0.05289763
vn -0.1831113 0.9681666 -0.1706566
vn -0.1831113 0.9681666 -0.1706566
vn -0.473203 0.8793639 0.05289763
vn -0.2486855 0.8681974 -0.4294052
vn -0.1831113 0.9681666 -0.1706566
vn -0.2486855 0.8681974 -0.4294052
vn 0.3104337 0.9137313 -0.2621565
vn -0.8213971 0.0363229 0.5691992
vn -0.636883 0.592077 0.4937863
vn -0.5963423 0.3705805 0.7120715
vn -0.5963423 0.3705805 0.7120715
vn -0.636883 0.592077 0.4937863
vn -0.2232367 0.8525187 0.4726281
vn -0.2232367 0.8525187 0.4726281
vn 0.2565337 0.5468492 0.7969608
vn -0.1676381 0.3713071 0.9132516
vn -0.1676381 0.3713071 0.9132516
vn 0.2565337 0.5468492 0.7969608
vn 0.2111882 0.1304361 0.9687034
vn -0.1676381 0.3713071 0.9132516
vn 0.2111882 0.1304361 0.9687034
vn -0.5903233 0.009593606 0.8071099
vn -0.354338 0.8749071 0.3301245
vn 0.3023529 0.8839194 0.3567483
vn 0.1180613 0.6659582 0.7365876
vn 0.1180613 0.6659582 0.7365876
vn 0.3023529 0.8839194 0.3567483
vn 0.5755118 0.4506259 0.6824386
vn 0.1180613 0.6659582 0.7365876
vn 0.5755118 0.4506259 0.6824386
vn 0.04873072 0.122598 0.9912594
vn 0.04873072 0.122598 0.9912594
vn 0.5755118 0.4506259 0.6824386
vn 0.510993 -0.02960515 0.859075
vn 0.04873072 0.122598 0.9912594
vn 0.510993 -0.02960515 0.859075
vn 0.05197863 -0.220347 0.9740357
vn 0.05197863 -0.220347 0.9740357
vn 0.510993 -0.02960515 0.859075
vn 0.2530306 -0.3168089 0.9141158
vn -0.354338 0.8749071 0.3301245
vn 0.1468031 0.9858882 -0.08045679
vn 0.3023529 0.8839194 0.3567483
vn 0.3023529 0.8839194 0.3567483
vn 0.1468031 0.9858882 -0.08045679
vn 0.680815 0.7304773 0.05379385
vn 0.3023529 0.8839194 0.3567483
vn 0.680815 0.7304773 0.05379385
vn 0.5755118 0.4506259 0.6824386
vn 0.5755118 0.4506259 0.6824386
vn 0.680815 0.7304773 0.05379385
vn 0.8535498 0.3144191 0.4154437
vn 0.5755118 0.4506259 0.6824386
vn 0.8535498 0.3144191 0.4154437
vn 0.510993 -0.02960515 0.859075
vn 0.510993 -0.02960515 0.859075
vn 0.8535498 0.3144191 0.4154437
vn 0.8077326 0.04425493 0.5878858
vn -0.354338 0.8749071 0.3301245
vn 0.1180613 0.6659582 0.7365876
vn -0.2981174 0.4596853 0.8365498
vn -0.2981174 0.4596853 0.8365498
vn 0.1180613 0.6659582 0.7365876
vn 0.04873072 0.122598 0.9912594
vn -0.2981174 0.4596853 0.8365498
vn 0.04873072 0.122598 0.9912594
vn -0.5149415 0.05641718 0.8553668
vn -0.5149415 0.05641718 0.8553668
vn 0.04873072 0.122598 0.9912594
vn 0.05197863 -0.220347 0.9740357
vn -0.354338 0.8749071 0.3301245
vn -0.2574708 0.9121376 -0.3189259
vn 0.1468031 0.9858882 -0.08045679
vn 0.1468031 0.9858882 -0.08045679
vn -0.2574708 0.9121376 -0.3189259
vn 0.3023446 0.8659847 -0.3983192
vn 0.1468031 0.9858882 -0.08045679
vn 0.3023446 0.8659847 -0.3983192
vn 0.680815 0.7304773 0.05379385
vn 0.680815 0.7304773 0.05379385
vn 0.3023446 0.8659847 -0.3983192
vn 0.778855 0.6013889 -0.1780903
vn 0.680815 0.7304773 0.05379385
vn 0.778855 0.6013889 -0.1780903
vn 0.8535498 0.3144191 0.4154437
vn -0.354338 0.8749071 0.3301245
vn -0.6736541 0.7058641 -0.2189659
vn -0.2574708 0.9121376 -0.3189259
vn -0.2574708 0.9121376 -0.3189259
vn -0.6736541 0.7058641 -0.2189659
vn -0.4072716 0.7146062 -0.5687423
vn -0.2574708 0.9121376 -0.3189259
vn -0.4072716 0.7146062 -0.5687423
vn 0.3023446 0.8659847 -0.3983192
vn -0.354338 0.8749071 0.3301245
vn -0.8112962 0.5398391 0.2244382
vn -0.6736541 0.7058641 -0.2189659
vn -0.6736541 0.7058641 -0.2189659
vn -0.8112962 0.5398391 0.2244382
vn -0.793983 0.4892124 -0.3609189
vn -0.6736541 0.7058641 -0.2189659
vn -0.793983 0.4892124 -0.3609189
vn -0.4072716 0.7146062 -0.5687423
vn -0.87383 0.1218408 0.4707187
vn -0.8112962 0.5398391 0.2244382
vn -0.7023926 0.3859324 0.5980811
vn -0.7023926 0.3859324 0.5980811
vn -0.8112962 0.5398391 0.2244382
vn -0.354338 0.8749071 0.3301245
vn -0.354338 0.8749071 0.3301245
vn -0.2981174 0.4596853 0.8365498
vn -0.7023926 0.3859324 0.5980811
vn -0.7023926 0.3859324 0.5980811
vn -0.2981174 0.4596853 0.8365498
vn -0.5149415 0.05641718 0.8553668
vn -0.7023926 0.3859324 0.5980811
vn -0.5149415 0.05641718 0.8553668
vn -0.87383 0.1218408 0.4707187
vn -0.3599995 0.7462183 0.5599631
vn 0.2605769 0.91838 0.2977882
vn 0.3108126 0.6361386 0.7062033
vn 0.3108126 0.6361386 0.7062033
vn 0.2605769 0.91838 0.2977882
vn 0.723052 0.5412794 0.4291998
vn 0.3108126 0.6361386 0.7062033
vn 0.723052 0.5412794 0.4291998
vn 0.4562447 0.08563073 0.8857247
vn 0.4562447 0.08563073 0.8857247
vn 0.723052 0.5412794 0.4291998
vn 0.8565742 0.05153023 0.5134445
vn 0.4562447 0.08563073 0.8857247
vn 0.8565742 0.05153023 0.5134445
vn 0.6672225 -0.1970073 0.7183331
vn 0.6672225 -0.1970073 0.7183331
vn 0.8565742 0.05153023 0.5134445
vn 0.8528639 -0.1640721 0.4956849
vn -0.3599995 0.7462183 0.5599631
vn -0.1022036 0.9940993 -0.03634749
vn 0.2605769 0.91838 0.2977882
vn 0.2605769 0.91838 0.2977882
vn -0.1022036 0.9940993 -0.03634749
vn 0.4829389 0.8622108 -0.1528486
vn 0.2605769 0.91838 0.2977882
vn 0.4829389 0.8622108 -0.1528486
vn 0.723052 0.5412794 0.4291998
vn 0.723052 0.5412794 0.4291998
vn 0.4829389 0.8622108 -0.1528486
vn 0.8632035 0.5005456 0.06583154
vn 0.723052 0.5412794 0.4291998
vn 0.8632035 0.5005456 0.06583154
vn 0.8565742 0.05153023 0.5134445
vn 0.8565742 0.05153023 0.5134445
vn 0.8632035 0.5005456 0.06583154
vn 0.9618132 0.08459082 0.2603076
vn 0.8565742 0.05153023 0.5134445
vn 0.9618132 0.08459082 0.2603076
vn 0.8528639 -0.1640721 0.4956849
vn -0.3599995 0.7462183 0.5599631
vn -0.565019 0.8189379 -0.1004697
vn -0.1022036 0.9940993 -0.03634749
vn -0.1022036 0.9940993 -0.03634749
vn -0.565019 0.8189379 -0.1004697
vn -0.06326716 0.8736969 -0.4823389
vn -0.1022036 0.9940993 -0.03634749
vn -0.06326716 0.8736969 -0.4823389
vn 0.4829389 0.8622108 -0.1528486
vn 0.4829389 0.8622108 -0.1528486
vn -0.06326716 0.8736969 -0.4823389
vn 0.3346847 0.7696376 -0.5437316
vn 0.4829389 0.8622108 -0.1528486
vn 0.3346847 0.7696376 -0.5437316
vn 0.8632035 0.5005456 0.06583154
vn -0.3599995 0.7462183 0.5599631
vn -0.4437394 0.1375448 0.8855376
vn -0.8065202 0.2132633 0.5514019
vn -0.8065202 0.2132633 0.5514019
vn -0.4437394 0.1375448 0.8855376
vn -0.7452663 -0.2725553 0.608516
vn -0.8065202 0.2132633 0.5514019
vn -0.7452663 -0.2725553 0.608516
vn -0.9848288 0.06386635 0.1613487
vn -0.9848288 0.06386635 0.1613487
vn -0.7452663 -0.2725553 0.608516
vn -0.8287287 -0.3789884 0.4117968
vn -0.3599995 0.7462183 0.5599631
vn 0.01907626 0.3127066 0.9496582
vn -0.4437394 0.1375448 0.8855376
vn -0.4437394 0.1375448 0.8855376
vn 0.01907626 0.3127066 0.9496582
vn -0.1848979 -0.2606249 0.9475693
vn -0.4437394 0.1375448 0.8855376
vn -0.1848979 -0.2606249 0.9475693
vn -0.7452663 -0.2725553 0.608516
vn -0.7452663 -0.2725553 0.608516
vn -0.1848979 -0.2606249 0.9475693
vn -0.4551768 -0.5134628 0.7274407
vn -0.7452663 -0.2725553 0.608516
vn -0.4551768 -0.5134628 0.7274407
vn -0.8287287 -0.3789884 0.4117968
vn -0.3599995 0.7462183 0.5599631
vn 0.3108126 0.6361386 0.7062033
vn 0.01907626 0.3127066 0.9496582
vn 0.01907626 0.3127066 0.9496582
vn 0.3108126 0.6361386 0.7062033
vn 0.4562447 0.08563073 0.8857247
vn 0.01907626 0.3127066 0.9496582
vn 0.4562447 0.08563073 0.8857247
vn -0.1848979 -0.2606249 0.9475693
vn -0.1848979 -0.2606249 0.9475693
vn 0.4562447 0.08563073 0.8857247
vn -0.01503965 -0.3858449 0.9224411
vn -0.1848979 -0.2606249 0.9475693
vn -0.01503965 -0.3858449 0.9224411
vn -0.4551768 -0.5134628 0.7274407
vn -0.3599995 0.7462183 0.5599631
vn -0.856755 0.4955064 0.1429837
vn -0.565019 0.8189379 -0.1004697
vn -0.565019 0.8189379 -0.1004697
vn -0.856755 0.4955064 0.1429837
vn -0.75895 0.5814279 -0.2931491
vn -0.565019 0.8189379 -0.1004697
vn -0.75895 0.5814279 -0.2931491
vn -0.06326716 0.8736969 -0.4823389
vn -0.3599995 0.7462183 0.5599631
vn -0.8065202 0.2132633 0.5514019
vn -0.856755 0.4955064 0.1429837
vn -0.856755 0.4955064 0.1429837
vn -0.8065202 0.2132633 0.5514019
vn -0.9848288 0.06386635 0.1613487
vn -0.856755 0.4955064 0.1429837
vn -0.9848288 0.06386635 0.1613487
vn -0.75895 0.5814279 -0.2931491
vn 0.003145326 0.7852771 0.6191364
vn 0.5021566 0.8534142 0.1397248
vn 0.651813 0.5583227 0.5132401
vn 0.651813 0.5583227 0.5132401
vn 0.5021566 0.8534142 0.1397248
vn 0.9102058 0.3996644 0.1085993
vn 0.651813 0.5583227 0.5132401
vn 0.9102058 0.3996644 0.1085993
vn 0.7586353 -0.0273298 0.650942
vn 0.7586353 -0.0273298 0.650942
vn 0.9102058 0.3996644 0.1085993
vn 0.977986 -0.1166707 0.1730068
vn 0.7586353 -0.0273298 0.650942
vn 0.977986 -0.1166707 0.1730068
vn 0.6043631 -0.4126539 0.6815144
vn 0.6043631 -0.4126539 0.6815144
vn 0.977986 -0.1166707 0.1730068
vn 0.925868 -0.3292723 0.1853328
vn 0.003145326 0.7852771 0.6191364
vn 0.05974239 0.9973864 -0.04063308
vn 0.5021566 0.8534142 0.1397248
vn 0.5021566 0.8534142 0.1397248
vn 0.05974239 0.9973864 -0.04063308
vn 0.5292966 0.7691579 -0.3581076
vn 0.5021566 0.8534142 0.1397248
vn 0.5292966 0.7691579 -0.3581076
vn 0.9102058 0.3996644 0.1085993
vn 0.9102058 0.3996644 0.1085993
vn 0.5292966 0.7691579 -0.3581076
vn 0.8970754 0.3429565 -0.2786336
vn 0.9102058 0.3996644 0.1085993
vn 0.8970754 0.3429565 -0.2786336
vn 0.977986 -0.1166707 0.1730068
vn 0.977986 -0.1166707 0.1730068
vn 0.8970754 0.3429565 -0.2786336
vn 0.9894101 -0.08771033 -0.1156487
vn 0.977986 -0.1166707 0.1730068
vn 0.9894101 -0.08771033 -0.1156487
vn 0.925868 -0.3292723 0.1853328
vn 0.003145326 0.7852771 0.6191364
vn -0.4162716 0.9059044 0.07781494
vn 0.05974239 0.9973864 -0.04063308
vn 0.05974239 0.9973864 -0.04063308
vn -0.4162716 0.9059044 0.07781494
vn -0.1609596 0.8647066 -0.4757883
vn 0.05974239 0.9973864 -0.04063308
vn -0.1609596 0.8647066 -0.4757883
vn 0.5292966 0.7691579 -0.3581076
vn 0.5292966 0.7691579 -0.3581076
vn -0.1609596 0.8647066 -0.4757883
vn 0.2337412 0.711627 -0.6625345
vn 0.5292966 0.7691579 -0.3581076
vn 0.2337412 0.711627 -0.6625345
vn 0.8970754 0.3429565 -0.2786336
vn 0.003145326 0.7852771 0.6191364
vn -0.647043 0.6325565 0.4256849
vn -0.4162716 0.9059044 0.07781494
vn -0.4162716 0.9059044 0.07781494
vn -0.647043 0.6325565 0.4256849
vn -0.7562198 0.6303401 -0.175508
vn -0.4162716 0.9059044 0.07781494
vn -0.7562198 0.6303401 -0.175508
vn -0.1609596 0.8647066 -0.4757883
vn -0.1609596 0.8647066 -0.4757883
vn -0.7562198 0.6303401 -0.175508
vn -0.5140182 0.6413559 -0.5696034
vn -0.1609596 0.8647066 -0.4757883
vn -0.5140182 0.6413559 -0.5696034
vn 0.2337412 0.711627 -0.6625345
vn 0.003145326 0.7852771 0.6191364
vn -0.4973874 0.3374646 0.7992018
vn -0.647043 0.6325565 0.4256849
vn -0.647043 0.6325565 0.4256849
vn -0.4973874 0.3374646 0.7992018
vn -0.9058737 0.2210294 0.361302
vn -0.647043 0.6325565 0.4256849
vn -0.9058737 0.2210294 0.361302
vn -0.7562198 0.6303401 -0.175508
vn -0.7562198 0.6303401 -0.175508
vn -0.9058737 0.2210294 0.361302
vn -0.9520233 0.2885265 -0.1020002
vn -0.7562198 0.6303401 -0.175508
vn -0.9520233 0.2885265 -0.1020002
vn -0.5140182 0.6413559 -0.5696034
vn 0.003145326 0.7852771 0.6191364
vn -0.0549723 0.1934907 0.9795609
vn -0.4973874 0.3374646 0.7992018
vn -0.4973874 0.3374646 0.7992018
vn -0.0549723 0.1934907 0.9795609
vn -0.5149966 -0.1605189 0.8420286
vn -0.4973874 0.3374646 0.7992018
vn -0.5149966 -0.1605189 0.8420286
vn -0.9058737 0.2210294 0.361302
vn -0.9058737 0.2210294 0.361302
vn -0.5149966 -0.1605189 0.8420286
vn -0.9335523 -0.01420183 0.35816
vn -0.9058737 0.2210294 0.361302
vn -0.9335523 -0.01420183 0.35816
vn -0.9520233 0.2885265 -0.1020002
vn 0.003145326 0.7852771 0.6191364
vn 0.4210418 0.2849731 0.8611123
vn -0.0549723 0.1934907 0.9795609
vn -0.0549723 0.1934907 0.9795609
vn 0.4210418 0.2849731 0.8611123
vn 0.1633744 -0.261696 0.9512224
vn -0.0549723 0.1934907 0.9795609
vn 0.1633744 -0.261696 0.9512224
vn -0.5149966 -0.1605189 0.8420286
vn -0.5149966 -0.1605189 0.8420286
vn 0.1633744 -0.261696 0.9512224
vn -0.2122155 -0.4709927 0.8562304
vn -0.5149966 -0.1605189 0.8420286
vn -0.2122155 -0.4709927 0.8562304
vn -0.5244933 -0.4297567 0.734994
vn 0.003145326 0.7852771 0.6191364
vn 0.651813 0.5583227 0.5132401
vn 0.4210418 0.2849731 0.8611123
vn 0.4210418 0.2849731 0.8611123
vn 0.651813 0.5583227 0.5132401
vn 0.7586353 -0.0273298 0.650942
vn 0.4210418 0.2849731 0.8611123
vn 0.7586353 -0.0273298 0.650942
vn 0.1633744 -0.261696 0.9512224
vn 0.1633744 -0.261696 0.9512224
vn 0.7586353 -0.0273298 0.650942
vn 0.6043631 -0.4126539 0.6815144
vn 0.1633744 -0.261696 0.9512224
vn 0.6043631 -0.4126539 0.6815144
vn -0.2122155 -0.4709927 0.8562304
vn -5.114884E-07 1 -1.589229E-07
vn 0.3618647 0.8251488 0.433801
vn -0.05086669 0.8251488 0.5626209
vn -0.05086669 0.8251488 0.5626209
vn 0.3618647 0.8251488 0.433801
vn 0.1808843 0.440032 0.8795753
vn -0.05086669 0.8251488 0.5626209
vn 0.1808843 0.440032 0.8795753
vn -0.4937898 0.4658087 0.7342982
vn -0.4937898 0.4658087 0.7342982
vn 0.1808843 0.440032 0.8795753
vn -0.4783438 0.1293855 0.8685889
vn -0.4937898 0.4658087 0.7342982
vn -0.4783438 0.1293855 0.8685889
vn -0.662533 0.1170449 0.7398313
vn -0.662533 0.1170449 0.7398313
vn -0.4783438 0.1293855 0.8685889
vn -0.3480474 -0.1834774 0.9193472
vn -5.114884E-07 1 -1.589229E-07
vn 0.5626204 0.825149 0.0508666
vn 0.3618647 0.8251488 0.433801
vn 0.3618647 0.8251488 0.433801
vn 0.5626204 0.825149 0.0508666
vn 0.7268058 0.445036 0.5231599
vn 0.3618647 0.8251488 0.433801
vn 0.7268058 0.445036 0.5231599
vn 0.1808843 0.440032 0.8795753
vn 0.1808843 0.440032 0.8795753
vn 0.7268058 0.445036 0.5231599
vn 0.476075 0.09007702 0.8747793
vn 0.1808843 0.440032 0.8795753
vn 0.476075 0.09007702 0.8747793
vn 0.1646626 -0.06963514 0.9838888
vn 0.1646626 -0.06963514 0.9838888
vn 0.476075 0.09007702 0.8747793
vn 0.1010065 -0.1233494 0.9872096
vn 0.1646626 -0.06963514 0.9838888
vn 0.1010065 -0.1233494 0.9872096
vn -0.3480474 -0.1834774 0.9193472
vn -5.114884E-07 1 -1.589229E-07
vn 0.05086451 0.8251498 -0.5626195
vn 0.4338002 0.8251494 -0.3618648
vn 0.4338002 0.8251494 -0.3618648
vn 0.05086451 0.8251498 -0.5626195
vn 0.5055584 0.4673952 -0.7252257
vn 0.4338002 0.8251494 -0.3618648
vn 0.5055584 0.4673952 -0.7252257
vn 0.8689851 0.4695944 -0.1560326
vn 0.8689851 0.4695944 -0.1560326
vn 0.5055584 0.4673952 -0.7252257
vn 0.8933691 0.1239913 -0.4318773
vn 0.8689851 0.4695944 -0.1560326
vn 0.8933691 0.1239913 -0.4318773
vn 0.9827139 0.1183006 0.1424022
vn 0.9827139 0.1183006 0.1424022
vn 0.8933691 0.1239913 -0.4318773
vn 0.9844298 -0.06735857 -0.1623601
vn -5.114884E-07 1 -1.589229E-07
vn -0.3618662 0.8251489 -0.4337998
vn 0.05086451 0.8251498 -0.5626195
vn 0.05086451 0.8251498 -0.5626195
vn -0.3618662 0.8251489 -0.4337998
vn -0.05898972 0.5792569 -0.8130078
vn 0.05086451 0.8251498 -0.5626195
vn -0.05898972 0.5792569 -0.8130078
vn 0.5055584 0.4673952 -0.7252257
vn 0.5055584 0.4673952 -0.7252257
vn -0.05898972 0.5792569 -0.8130078
vn 0.4166815 0.2165333 -0.8828872
vn 0.5055584 0.4673952 -0.7252257
vn 0.4166815 0.2165333 -0.8828872
vn 0.8933691 0.1239913 -0.4318773
vn -5.114884E-07 1 -1.589229E-07
vn -0.05086669 0.8251488 0.5626209
vn -0.4264852 0.8282443 0.3634856
vn -0.4264852 0.8282443 0.3634856
vn -0.05086669 0.8251488 0.5626209
vn -0.4937898 0.4658087 0.7342982
vn -0.4264852 0.8282443 0.3634856
vn -0.4937898 0.4658087 0.7342982
vn -0.7622097 0.5928497 0.2599341
vn -0.7622097 0.5928497 0.2599341
vn -0.4937898 0.4658087 0.7342982
vn -0.662533 0.1170449 0.7398313
vn -5.114884E-07 1 -1.589229E-07
vn 0.4338002 0.8251494 -0.3618648
vn 0.5626204 0.825149 0.0508666
vn 0.5626204 0.825149 0.0508666
vn 0.4338002 0.8251494 -0.3618648
vn 0.8689851 0.4695944 -0.1560326
vn 0.5626204 0.825149 0.0508666
vn 0.8689851 0.4695944 -0.1560326
vn 0.7268058 0.445036 0.5231599
vn 0.7268058 0.445036 0.5231599
vn 0.8689851 0.4695944 -0.1560326
vn 0.9827139 0.1183006 0.1424022
vn 0.7268058 0.445036 0.5231599
vn 0.9827139 0.1183006 0.1424022
vn 0.476075 0.09007702 0.8747793
vn -5.114884E-07 1 -1.589229E-07
vn -0.5494368 0.833306 -0.0609948
vn -0.3618662 0.8251489 -0.4337998
vn -0.3618662 0.8251489 -0.4337998
vn -0.5494368 0.833306 -0.0609948
vn -0.6229411 0.6570066 -0.4246019
vn -0.3618662 0.8251489 -0.4337998
vn -0.6229411 0.6570066 -0.4246019
vn -0.05898972 0.5792569 -0.8130078
vn -5.114884E-07 1 -1.589229E-07
vn -0.4264852 0.8282443 0.3634856
vn -0.5494368 0.833306 -0.0609948
vn -0.5494368 0.833306 -0.0609948
vn -0.4264852 0.8282443 0.3634856
vn -0.7622097 0.5928497 0.2599341
vn -0.5494368 0.833306 -0.0609948
vn -0.7622097 0.5928497 0.2599341
vn -0.6229411 0.6570066 -0.4246019
vn -0.006711627 0.7139811 -0.7001328
vn 0.5596324 0.7627023 -0.3241863
vn 0.1802869 0.9784643 -0.1005207
vn 0.1802869 0.9784643 -0.1005207
vn 0.5596324 0.7627023 -0.3241863
vn 0.4840813 0.8299851 0.2771099
vn 0.1802869 0.9784643 -0.1005207
vn 0.4840813 0.8299851 0.2771099
vn -0.09082425 0.9568787 0.2759243
vn -0.09082425 0.9568787 0.2759243
vn 0.4840813 0.8299851 0.2771099
vn 0.3254062 0.7804399 0.5338768
vn -0.006711627 0.7139811 -0.7001328
vn 0.6081322 0.4212732 -0.6728328
vn 0.5596324 0.7627023 -0.3241863
vn 0.5596324 0.7627023 -0.3241863
vn 0.6081322 0.4212732 -0.6728328
vn 0.8923224 0.4312202 -0.1334537
vn 0.5596324 0.7627023 -0.3241863
vn 0.8923224 0.4312202 -0.1334537
vn 0.4840813 0.8299851 0.2771099
vn 0.4840813 0.8299851 0.2771099
vn 0.8923224 0.4312202 -0.1334537
vn 0.7905611 0.5281343 0.3099796
vn 0.4840813 0.8299851 0.2771099
vn 0.7905611 0.5281343 0.3099796
vn 0.3254062 0.7804399 0.5338768
vn -0.006711627 0.7139811 -0.7001328
vn 0.2973777 0.1541821 -0.9422284
vn 0.6081322 0.4212732 -0.6728328
vn 0.6081322 0.4212732 -0.6728328
vn 0.2973777 0.1541821 -0.9422284
vn 0.7762983 -0.05480226 -0.6279791
vn 0.6081322 0.4212732 -0.6728328
vn 0.7762983 -0.05480226 -0.6279791
vn 0.8923224 0.4312202 -0.1334537
vn 0.8923224 0.4312202 -0.1334537
vn 0.7762983 -0.05480226 -0.6279791
vn 0.9766665 0.01589806 -0.2141725
vn 0.8923224 0.4312202 -0.1334537
vn 0.9766665 0.01589806 -0.2141725
vn 0.7905611 0.5281343 0.3099796
vn -0.006711627 0.7139811 -0.7001328
vn -0.1905939 0.1178867 -0.9745648
vn 0.2973777 0.1541821 -0.9422284
vn 0.2973777 0.1541821 -0.9422284
vn -0.1905939 0.1178867 -0.9745648
vn 0.2735782 -0.2212523 -0.9360569
vn 0.2973777 0.1541821 -0.9422284
vn 0.2735782 -0.2212523 -0.9360569
vn 0.7762983 -0.05480226 -0.6279791
vn 0.7762983 -0.05480226 -0.6279791
vn 0.2735782 -0.2212523 -0.9360569
vn 0.735266 -0.3244461 -0.5950788
vn 0.7762983 -0.05480226 -0.6279791
vn 0.735266 -0.3244461 -0.5950788
vn 0.9766665 0.01589806 -0.2141725
vn -0.006711627 0.7139811 -0.7001328
vn -0.6184361 0.6750771 -0.4022534
vn -0.5699366 0.3336478 -0.7509006
vn -0.5699366 0.3336478 -0.7509006
vn -0.6184361 0.6750771 -0.4022534
vn -0.826558 0.1559967 -0.5408021
vn -0.5699366 0.3336478 -0.7509006
vn -0.826558 0.1559967 -0.5408021
vn -0.5544223 -0.1249015 -0.8228096
vn -0.5544223 -0.1249015 -0.8228096
vn -0.826558 0.1559967 -0.5408021
vn -0.7607214 -0.2289977 -0.6073411
vn -0.006711627 0.7139811 -0.7001328
vn -0.3076825 0.9421681 -0.1328566
vn -0.6184361 0.6750771 -0.4022534
vn -0.6184361 0.6750771 -0.4022534
vn -0.3076825 0.9421681 -0.1328566
vn -0.6911132 0.7207242 -0.05403024
vn -0.6184361 0.6750771 -0.4022534
vn -0.6911132 0.7207242 -0.05403024
vn -0.826558 0.1559967 -0.5408021
vn -0.006711627 0.7139811 -0.7001328
vn 0.1802869 0.9784643 -0.1005207
vn -0.3076825 0.9421681 -0.1328566
vn -0.3076825 0.9421681 -0.1328566
vn 0.1802869 0.9784643 -0.1005207
vn -0.09082425 0.9568787 0.2759243
vn -0.3076825 0.9421681 -0.1328566
vn -0.09082425 0.9568787 0.2759243
vn -0.6911132 0.7207242 -0.05403024
vn -0.006711627 0.7139811 -0.7001328
vn -0.5699366 0.3336478 -0.7509006
vn -0.1905939 0.1178867 -0.9745648
vn -0.1905939 0.1178867 -0.9745648
vn -0.5699366 0.3336478 -0.7509006
vn -0.5544223 -0.1249015 -0.8228096
vn -0.1905939 0.1178867 -0.9745648
vn -0.5544223 -0.1249015 -0.8228096
vn 0.2735782 -0.2212523 -0.9360569
vn -0.008930126 0.957119 -0.2895572
vn 0.45429 0.8675938 0.2022415
vn 0.004705491 0.920451 0.3908297
vn 0.004705491 0.920451 0.3908297
vn 0.45429 0.8675938 0.2022415
vn 0.2528747 0.635977 0.7291006
vn 0.004705491 0.920451 0.3908297
vn 0.2528747 0.635977 0.7291006
vn -0.3245087 0.7015203 0.6344788
vn -0.3245087 0.7015203 0.6344788
vn 0.2528747 0.635977 0.7291006
vn 0.0602741 0.4582164 0.8867946
vn -0.008930126 0.957119 -0.2895572
vn 0.6337376 0.7369755 -0.2350404
vn 0.45429 0.8675938 0.2022415
vn 0.45429 0.8675938 0.2022415
vn 0.6337376 0.7369755 -0.2350404
vn 0.7123852 0.6224611 0.3241132
vn 0.45429 0.8675938 0.2022415
vn 0.7123852 0.6224611 0.3241132
vn 0.2528747 0.635977 0.7291006
vn 0.2528747 0.635977 0.7291006
vn 0.7123852 0.6224611 0.3241132
vn 0.4254138 0.4325732 0.7949237
vn 0.2528747 0.635977 0.7291006
vn 0.4254138 0.4325732 0.7949237
vn 0.0602741 0.4582164 0.8867946
vn -0.008930126 0.957119 -0.2895572
vn -0.451645 0.8645857 0.2202462
vn -0.647448 0.7327235 -0.2095882
vn -0.647448 0.7327235 -0.2095882
vn -0.451645 0.8645857 0.2202462
vn -0.7932079 0.6021206 0.09095073
vn -0.647448 0.7327235 -0.2095882
vn -0.7932079 0.6021206 0.09095073
vn -0.7471737 0.4189404 -0.5159655
vn -0.008930126 0.957119 -0.2895572
vn 0.004705491 0.920451 0.3908297
vn -0.451645 0.8645857 0.2202462
vn -0.451645 0.8645857 0.2202462
vn 0.004705491 0.920451 0.3908297
vn -0.3245087 0.7015203 0.6344788
vn -0.451645 0.8645857 0.2202462
vn -0.3245087 0.7015203 0.6344788
vn -0.7932079 0.6021206 0.09095073
vn -0.008930126 0.957119 -0.2895572
vn 0.4379351 0.6051151 -0.6648673
vn 0.6337376 0.7369755 -0.2350404
vn 0.6337376 0.7369755 -0.2350404
vn 0.4379351 0.6051151 -0.6648673
vn 0.7832592 0.4642087 -0.4135402
vn 0.6337376 0.7369755 -0.2350404
vn 0.7832592 0.4642087 -0.4135402
vn 0.7123852 0.6224611 0.3241132
vn -0.008930126 0.957119 -0.2895572
vn -0.01842429 0.5492479 -0.8354565
vn 0.4379351 0.6051151 -0.6648673
vn 0.4379351 0.6051151 -0.6648673
vn -0.01842429 0.5492479 -0.8354565
vn 0.3675565 0.3214206 -0.8726919
vn 0.4379351 0.6051151 -0.6648673
vn 0.3675565 0.3214206 -0.8726919
vn 0.7832592 0.4642087 -0.4135402
vn -0.008930126 0.957119 -0.2895572
vn -0.468002 0.6021034 -0.6468737
vn -0.01842429 0.5492479 -0.8354565
vn -0.01842429 0.5492479 -0.8354565
vn -0.468002 0.6021034 -0.6468737
vn -0.2663716 0.3026718 -0.9151152
vn -0.01842429 0.5492479 -0.8354565
vn -0.2663716 0.3026718 -0.9151152
vn 0.3675565 0.3214206 -0.8726919
vn -0.008930126 0.957119 -0.2895572
vn -0.647448 0.7327235 -0.2095882
vn -0.468002 0.6021034 -0.6468737
vn -0.468002 0.6021034 -0.6468737
vn -0.647448 0.7327235 -0.2095882
vn -0.7471737 0.4189404 -0.5159655
vn -0.468002 0.6021034 -0.6468737
vn -0.7471737 0.4189404 -0.5159655
vn -0.2663716 0.3026718 -0.9151152
vn 0.2370551 0.8535211 -0.4640114
vn 0.6254601 0.7781141 0.05777609
vn 0.2066462 0.9615011 0.1811437
vn 0.2066462 0.9615011 0.1811437
vn 0.6254601 0.7781141 0.05777609
vn 0.3592234 0.7154158 0.5992819
vn 0.2066462 0.9615011 0.1811437
vn 0.3592234 0.7154158 0.5992819
vn -0.3134051 0.8286127 0.4638731
vn -0.3134051 0.8286127 0.4638731
vn 0.3592234 0.7154158 0.5992819
vn -0.07047841 0.6328105 0.7710925
vn -0.3134051 0.8286127 0.4638731
vn -0.07047841 0.6328105 0.7710925
vn -0.6951775 0.6081687 0.383222
vn 0.2370551 0.8535211 -0.4640114
vn 0.7869838 0.5317022 -0.3129687
vn 0.6254601 0.7781141 0.05777609
vn 0.6254601 0.7781141 0.05777609
vn 0.7869838 0.5317022 -0.3129687
vn 0.8794271 0.3919826 0.2701066
vn 0.6254601 0.7781141 0.05777609
vn 0.8794271 0.3919826 0.2701066
vn 0.3592234 0.7154158 0.5992819
vn 0.3592234 0.7154158 0.5992819
vn 0.8794271 0.3919826 0.2701066
vn 0.6346698 0.38274 0.6713452
vn 0.3592234 0.7154158 0.5992819
vn 0.6346698 0.38274 0.6713452
vn -0.07047841 0.6328105 0.7710925
vn 0.2370551 0.8535211 -0.4640114
vn 0.5965929 0.3666091 -0.7139151
vn 0.7869838 0.5317022 -0.3129687
vn 0.7869838 0.5317022 -0.3129687
vn 0.5965929 0.3666091 -0.7139151
vn 0.9424798 0.04777469 -0.3308317
vn 0.7869838 0.5317022 -0.3129687
vn 0.9424798 0.04777469 -0.3308317
vn 0.8794271 0.3919826 0.2701066
vn 0.8794271 0.3919826 0.2701066
vn 0.9424798 0.04777469 -0.3308317
vn 0.9910349 -0.008732202 0.1333182
vn 0.8794271 0.3919826 0.2701066
vn 0.9910349 -0.008732202 0.1333182
vn 0.6346698 0.38274 0.6713452
vn 0.2370551 0.8535211 -0.4640114
vn 0.1658158 0.3795473 -0.9101919
vn 0.5965929 0.3666091 -0.7139151
vn 0.5965929 0.3666091 -0.7139151
vn 0.1658158 0.3795473 -0.9101919
vn 0.511443 -0.1155734 -0.8515097
vn 0.5965929 0.3666091 -0.7139151
vn 0.511443 -0.1155734 -0.8515097
vn 0.9424798 0.04777469 -0.3308317
vn 0.9424798 0.04777469 -0.3308317
vn 0.511443 -0.1155734 -0.8515097
vn 0.7898624 -0.3122844 -0.527822
vn 0.9424798 0.04777469 -0.3308317
vn 0.7898624 -0.3122844 -0.527822
vn 0.9910349 -0.008732202 0.1333182
vn 0.2370551 0.8535211 -0.4640114
vn -0.235456 0.5674705 -0.7890106
vn 0.1658158 0.3795473 -0.9101919
vn 0.1658158 0.3795473 -0.9101919
vn -0.235456 0.5674705 -0.7890106
vn -0.1430524 -0.01343247 -0.989624
vn 0.1658158 0.3795473 -0.9101919
vn -0.1430524 -0.01343247 -0.989624
vn 0.511443 -0.1155734 -0.8515097
vn 0.511443 -0.1155734 -0.8515097
vn -0.1430524 -0.01343247 -0.989624
vn 0.1489975 -0.3500986 -0.9247869
vn 0.511443 -0.1155734 -0.8515097
vn 0.1489975 -0.3500986 -0.9247869
vn 0.7898624 -0.3122844 -0.527822
vn 0.2370551 0.8535211 -0.4640114
vn -0.4063394 0.8167838 -0.409576
vn -0.235456 0.5674705 -0.7890106
vn -0.235456 0.5674705 -0.7890106
vn -0.4063394 0.8167838 -0.409576
vn -0.6384456 0.3231461 -0.6985441
vn -0.235456 0.5674705 -0.7890106
vn -0.6384456 0.3231461 -0.6985441
vn -0.1430524 -0.01343247 -0.989624
vn -0.1430524 -0.01343247 -0.989624
vn -0.6384456 0.3231461 -0.6985441
vn -0.4774368 -0.1544524 -0.8649848
vn -0.1430524 -0.01343247 -0.989624
vn -0.4774368 -0.1544524 -0.8649848
vn 0.1489975 -0.3500986 -0.9247869
vn 0.2370551 0.8535211 -0.4640114
vn -0.2241325 0.9744411 -0.01513615
vn -0.4063394 0.8167838 -0.409576
vn -0.4063394 0.8167838 -0.409576
vn -0.2241325 0.9744411 -0.01513615
vn -0.7242291 0.6882901 -0.0418222
vn -0.4063394 0.8167838 -0.409576
vn -0.7242291 0.6882901 -0.0418222
vn -0.6384456 0.3231461 -0.6985441
vn -0.6384456 0.3231461 -0.6985441
vn -0.7242291 0.6882901 -0.0418222
vn -0.799805 0.215758 -0.5601434
vn -0.6384456 0.3231461 -0.6985441
vn -0.799805 0.215758 -0.5601434
vn -0.4774368 -0.1544524 -0.8649848
vn 0.2370551 0.8535211 -0.4640114
vn 0.2066462 0.9615011 0.1811437
vn -0.2241325 0.9744411 -0.01513615
vn -0.2241325 0.9744411 -0.01513615
vn 0.2066462 0.9615011 0.1811437
vn -0.3134051 0.8286127 0.4638731
vn -0.2241325 0.9744411 -0.01513615
vn -0.3134051 0.8286127 0.4638731
vn -0.7242291 0.6882901 -0.0418222
vn -0.7242291 0.6882901 -0.0418222
vn -0.3134051 0.8286127 0.4638731
vn -0.6951775 0.6081687 0.383222
vn -0.7242291 0.6882901 -0.0418222
vn -0.6951775 0.6081687 0.383222
vn -0.875214 0.4649227 0.133595
vn 0.1211148 0.8886334 -0.4423369
vn -0.4910303 0.8696914 0.05026022
vn -0.2845147 0.8439421 -0.4547672
vn -0.8052324 0.4506519 -0.3853747
vn -0.4910303 0.8696914 0.05026022
vn -0.8980709 0.4308672 -0.08844233
vn -0.8052324 0.4506519 -0.3853747
vn -0.8980709 0.4308672 -0.08844233
vn -0.7031149 0.09772755 -0.7043286
vn -0.7031149 0.09772755 -0.7043286
vn -0.8980709 0.4308672 -0.08844233
vn -0.903632 -0.001627282 -0.4283067
vn -0.7031149 0.09772755 -0.7043286
vn -0.903632 -0.001627282 -0.4283067
vn -0.5437283 -0.2379382 -0.8048261
vn -0.5437283 -0.2379382 -0.8048261
vn -0.903632 -0.001627282 -0.4283067
vn -0.7773685 -0.2283782 -0.5861244
vn 0.1211148 0.8886334 -0.4423369
vn -0.0190843 0.9441286 0.3290242
vn -0.4910303 0.8696914 0.05026022
vn -0.4910303 0.8696914 0.05026022
vn -0.0190843 0.9441286 0.3290242
vn -0.5447233 0.6746714 0.4980913
vn -0.4910303 0.8696914 0.05026022
vn -0.5447233 0.6746714 0.4980913
vn -0.8980709 0.4308672 -0.08844233
vn -0.8980709 0.4308672 -0.08844233
vn -0.5447233 0.6746714 0.4980913
vn -0.8561606 0.4074403 0.3177757
vn -0.8980709 0.4308672 -0.08844233
vn -0.8561606 0.4074403 0.3177757
vn -0.903632 -0.001627282 -0.4283067
vn 0.1211148 0.8886334 -0.4423369
vn 0.5130626 0.8252814 0.2359604
vn -0.0190843 0.9441286 0.3290242
vn -0.0190843 0.9441286 0.3290242
vn 0.5130626 0.8252814 0.2359604
vn 0.1499343 0.6863189 0.7116784
vn -0.0190843 0.9441286 0.3290242
vn 0.1499343 0.6863189 0.7116784
vn -0.5447233 0.6746714 0.4980913
vn -0.5447233 0.6746714 0.4980913
vn 0.1499343 0.6863189 0.7116784
vn -0.2741005 0.5593425 0.7823074
vn -0.5447233 0.6746714 0.4980913
vn -0.2741005 0.5593425 0.7823074
vn -0.8561606 0.4074403 0.3177757
vn 0.1211148 0.8886334 -0.4423369
vn 0.7937052 0.5827647 -0.1744055
vn 0.5130626 0.8252814 0.2359604
vn 0.5130626 0.8252814 0.2359604
vn 0.7937052 0.5827647 -0.1744055
vn 0.7789869 0.4589888 0.4272104
vn 0.5130626 0.8252814 0.2359604
vn 0.7789869 0.4589888 0.4272104
vn 0.1499343 0.6863189 0.7116784
vn 0.1499343 0.6863189 0.7116784
vn 0.7789869 0.4589888 0.4272104
vn 0.4768783 0.4449179 0.758047
vn 0.1499343 0.6863189 0.7116784
vn 0.4768783 0.4449179 0.758047
vn -0.2741005 0.5593425 0.7823074
vn 0.1211148 0.8886334 -0.4423369
vn 0.6584401 0.3586427 -0.6616888
vn 0.7937052 0.5827647 -0.1744055
vn 0.7937052 0.5827647 -0.1744055
vn 0.6584401 0.3586427 -0.6616888
vn 0.9739424 0.125845 -0.1886776
vn 0.7937052 0.5827647 -0.1744055
vn 0.9739424 0.125845 -0.1886776
vn 0.7789869 0.4589888 0.4272104
vn 0.7789869 0.4589888 0.4272104
vn 0.9739424 0.125845 -0.1886776
vn 0.9568708 0.1311927 0.2592043
vn 0.7789869 0.4589888 0.4272104
vn 0.9568708 0.1311927 0.2592043
vn 0.4768783 0.4449179 0.758047
vn 0.1211148 0.8886334 -0.4423369
vn 0.1865012 0.284203 -0.9404499
vn 0.6584401 0.3586427 -0.6616888
vn 0.6584401 0.3586427 -0.6616888
vn 0.1865012 0.284203 -0.9404499
vn 0.6205978 -0.1179579 -0.775206
vn 0.6584401 0.3586427 -0.6616888
vn 0.6205978 -0.1179579 -0.775206
vn 0.9739424 0.125845 -0.1886776
vn 0.9739424 0.125845 -0.1886776
vn 0.6205978 -0.1179579 -0.775206
vn 0.8846965 -0.1980568 -0.4220017
vn 0.9739424 0.125845 -0.1886776
vn 0.8846965 -0.1980568 -0.4220017
vn 0.9568708 0.1311927 0.2592043
vn 0.1211148 0.8886334 -0.4423369
vn -0.3456555 0.4030499 -0.8473918
vn 0.1865012 0.284203 -0.9404499
vn 0.1865012 0.284203 -0.9404499
vn -0.3456555 0.4030499 -0.8473918
vn -0.07406089 -0.1296048 -0.9887961
vn 0.1865012 0.284203 -0.9404499
vn -0.07406089 -0.1296048 -0.9887961
vn 0.6205978 -0.1179579 -0.775206
vn 0.6205978 -0.1179579 -0.775206
vn -0.07406089 -0.1296048 -0.9887961
vn 0.302638 -0.3499616 -0.886531
vn 0.6205978 -0.1179579 -0.775206
vn 0.302638 -0.3499616 -0.886531
vn 0.8846965 -0.1980568 -0.4220017
vn 0.1211148 0.8886334 -0.4423369
vn -0.2845147 0.8439421 -0.4547672
vn -0.3456555 0.4030499 -0.8473918
vn -0.3456555 0.4030499 -0.8473918
vn -0.8052324 0.4506519 -0.3853747
vn -0.7031149 0.09772755 -0.7043286
vn -0.3456555 0.4030499 -0.8473918
vn -0.7031149 0.09772755 -0.7043286
vn -0.07406089 -0.1296048 -0.9887961
vn -0.07406089 -0.1296048 -0.9887961
vn -0.7031149 0.09772755 -0.7043286
vn -0.5437283 -0.2379382 -0.8048261
vn -0.07406089 -0.1296048 -0.9887961
vn -0.5437283 -0.2379382 -0.8048261
vn 0.302638 -0.3499616 -0.886531
vn 0.0792595 0.7298661 -0.6789798
vn -0.6186852 0.6766087 -0.3992859
vn -0.2552884 0.5815124 -0.772445
vn -0.6877337 0.09879064 -0.7192098
vn -0.6186852 0.6766087 -0.3992859
vn -0.8755461 0.122877 -0.4672476
vn -0.6877337 0.09879064 -0.7192098
vn -0.8755461 0.122877 -0.4672476
vn -0.4291188 -0.2875038 -0.8562702
vn -0.4291188 -0.2875038 -0.8562702
vn -0.8755461 0.122877 -0.4672476
vn -0.6905251 -0.3801874 -0.6153314
vn -0.4291188 -0.2875038 -0.8562702
vn -0.6905251 -0.3801874 -0.6153314
vn -0.2302132 -0.5662186 -0.7914535
vn -0.2302132 -0.5662186 -0.7914535
vn -0.6905251 -0.3801874 -0.6153314
vn -0.4776202 -0.600926 -0.6409111
vn 0.0792595 0.7298661 -0.6789798
vn 0.2247224 0.9742355 0.01910122
vn -0.0953387 0.9123617 -0.3981289
vn -0.417749 0.8932188 0.1662707
vn 0.2247224 0.9742355 0.01910122
vn -0.2308429 0.8778714 0.4195872
vn -0.417749 0.8932188 0.1662707
vn -0.2308429 0.8778714 0.4195872
vn -0.7934176 0.6055903 0.06122911
vn -0.7934176 0.6055903 0.06122911
vn -0.2308429 0.8778714 0.4195872
vn -0.6219051 0.6498432 0.4369645
vn -0.7934176 0.6055903 0.06122911
vn -0.6219051 0.6498432 0.4369645
vn -0.9742857 0.2128468 -0.07391816
vn 0.0792595 0.7298661 -0.6789798
vn 0.6531202 0.7329685 -0.1902395
vn 0.2247224 0.9742355 0.01910122
vn 0.2247224 0.9742355 0.01910122
vn 0.6531202 0.7329685 -0.1902395
vn 0.4826266 0.7802206 0.3979037
vn 0.2247224 0.9742355 0.01910122
vn 0.4826266 0.7802206 0.3979037
vn -0.2308429 0.8778714 0.4195872
vn -0.2308429 0.8778714 0.4195872
vn 0.4826266 0.7802206 0.3979037
vn 0.100738 0.7610341 0.6408423
vn -0.2308429 0.8778714 0.4195872
vn 0.100738 0.7610341 0.6408423
vn -0.6219051 0.6498432 0.4369645
vn 0.0792595 0.7298661 -0.6789798
vn 0.7321704 0.3684183 -0.5728827
vn 0.6531202 0.7329685 -0.1902395
vn 0.6531202 0.7329685 -0.1902395
vn 0.7321704 0.3684183 -0.5728827
vn 0.929053 0.36984 0.008882284
vn 0.6531202 0.7329685 -0.1902395
vn 0.929053 0.36984 0.008882284
vn 0.4826266 0.7802206 0.3979037
vn 0.4826266 0.7802206 0.3979037
vn 0.929053 0.36984 0.008882284
vn 0.7703269 0.4812816 0.4182876
vn 0.4826266 0.7802206 0.3979037
vn 0.7703269 0.4812816 0.4182876
vn 0.100738 0.7610341 0.6408423
vn 0.0792595 0.7298661 -0.6789798
vn 0.4155621 0.09413555 -0.9046804
vn 0.7321704 0.3684183 -0.5728827
vn 0.7321704 0.3684183 -0.5728827
vn 0.4155621 0.09413555 -0.9046804
vn 0.8602715 0.01012097 -0.5097358
vn 0.7321704 0.3684183 -0.5728827
vn 0.8602715 0.01012097 -0.5097358
vn 0.929053 0.36984 0.008882284
vn 0.929053 0.36984 0.008882284
vn 0.8602715 0.01012097 -0.5097358
vn 0.993446 0.1116073 -0.0246762
vn 0.929053 0.36984 0.008882284
vn 0.993446 0.1116073 -0.0246762
vn 0.7703269 0.4812816 0.4182876
vn 0.0792595 0.7298661 -0.6789798
vn -0.1112367 0.07079071 -0.9912695
vn 0.4155621 0.09413555 -0.9046804
vn 0.4155621 0.09413555 -0.9046804
vn -0.1112367 0.07079071 -0.9912695
vn 0.2414355 -0.3228858 -0.915125
vn 0.4155621 0.09413555 -0.9046804
vn 0.2414355 -0.3228858 -0.915125
vn 0.8602715 0.01012097 -0.5097358
vn 0.8602715 0.01012097 -0.5097358
vn 0.2414355 -0.3228858 -0.915125
vn 0.3767193 -0.3445494 -0.8598652
vn 0.8602715 0.01012097 -0.5097358
vn 0.9874355 0.07953525 -0.136548
vn 0.993446 0.1116073 -0.0246762
vn 0.0792595 0.7298661 -0.6789798
vn -0.2552884 0.5815124 -0.772445
vn -0.1112367 0.07079071 -0.9912695
vn -0.1112367 0.07079071 -0.9912695
vn -0.6877337 0.09879064 -0.7192098
vn -0.4291188 -0.2875038 -0.8562702
vn -0.1112367 0.07079071 -0.9912695
vn -0.4291188 -0.2875038 -0.8562702
vn 0.2414355 -0.3228858 -0.915125
vn 0.2414355 -0.3228858 -0.915125
vn -0.4291188 -0.2875038 -0.8562702
vn -0.2302132 -0.5662186 -0.7914535
vn 0.2414355 -0.3228858 -0.915125
vn -0.2302132 -0.5662186 -0.7914535
vn 0.3767193 -0.3445494 -0.8598652
vn 0.0792595 0.7298661 -0.6789798
vn -0.0953387 0.9123617 -0.3981289
vn -0.6186852 0.6766087 -0.3992859
vn -0.6186852 0.6766087 -0.3992859
vn -0.417749 0.8932188 0.1662707
vn -0.7934176 0.6055903 0.06122911
vn -0.6186852 0.6766087 -0.3992859
vn -0.7934176 0.6055903 0.06122911
vn -0.8755461 0.122877 -0.4672476
vn -0.8755461 0.122877 -0.4672476
vn -0.7934176 0.6055903 0.06122911
vn -0.9742857 0.2128468 -0.07391816
vn -0.8755461 0.122877 -0.4672476
vn -0.9742857 0.2128468 -0.07391816
vn -0.6905251 -0.3801874 -0.6153314
vn 0.2370536 0.8535219 -0.4640107
vn 0.6543828 0.755951 -0.017923
vn 0.2562647 0.948908 -0.1841252
vn 0.2220341 0.8205503 0.5266861
vn 0.5195916 0.7047798 0.4830218
vn 0.5076417 0.5406888 0.6707873
vn 0.2220341 0.8205503 0.5266861
vn 0.5076417 0.5406888 0.6707873
vn -0.06320313 0.7510684 0.6571922
vn -0.06320313 0.7510684 0.6571922
vn 0.5076417 0.5406888 0.6707873
vn 0.05372958 0.4731196 0.8793584
vn -0.06320313 0.7510684 0.6571922
vn 0.05372958 0.4731196 0.8793584
vn -0.05069123 0.4119406 0.9097996
vn 0.2370536 0.8535219 -0.4640107
vn 0.7761512 0.5295308 -0.342325
vn 0.6543828 0.755951 -0.017923
vn 0.6543828 0.755951 -0.017923
vn 0.7761512 0.5295308 -0.342325
vn 0.8513805 0.4451969 0.2774003
vn 0.6543828 0.755951 -0.017923
vn 0.8513805 0.4451969 0.2774003
vn 0.5076417 0.5406888 0.6707873
vn 0.5076417 0.5406888 0.6707873
vn 0.8513805 0.4451969 0.2774003
vn 0.6724149 0.2599404 0.693029
vn 0.5076417 0.5406888 0.6707873
vn 0.6724149 0.2599404 0.693029
vn 0.7044681 0.30041 0.6430231
vn 0.2370536 0.8535219 -0.4640107
vn 0.1658166 0.3795466 -0.910192
vn 0.5965926 0.3666088 -0.7139155
vn 0.5965926 0.3666088 -0.7139155
vn 0.1658166 0.3795466 -0.910192
vn 0.511443 -0.1155736 -0.8515098
vn 0.5965926 0.3666088 -0.7139155
vn 0.511443 -0.1155736 -0.8515098
vn 0.8672577 0.1005962 -0.4875906
vn 0.8672577 0.1005962 -0.4875906
vn 0.511443 -0.1155736 -0.8515098
vn 0.6636855 -0.323789 -0.6743013
vn 0.2370536 0.8535219 -0.4640107
vn -0.2530017 0.5629349 -0.7868255
vn 0.1658166 0.3795466 -0.910192
vn 0.1658166 0.3795466 -0.910192
vn -0.2530017 0.5629349 -0.7868255
vn -0.04132617 0.08099953 -0.9958571
vn 0.1658166 0.3795466 -0.910192
vn -0.04132617 0.08099953 -0.9958571
vn 0.511443 -0.1155736 -0.8515098
vn 0.511443 -0.1155736 -0.8515098
vn -0.04132617 0.08099953 -0.9958571
vn 0.3455514 -0.3448141 -0.8727528
vn 0.511443 -0.1155736 -0.8515098
vn 0.3455514 -0.3448141 -0.8727528
vn 0.6636855 -0.323789 -0.6743013
vn 0.2370536 0.8535219 -0.4640107
vn 0.2562647 0.948908 -0.1841252
vn -0.2249809 0.9742959 0.01145789
vn -0.2249809 0.9742959 0.01145789
vn 0.2220341 0.8205503 0.5266861
vn -0.06320313 0.7510684 0.6571922
vn -0.2249809 0.9742959 0.01145789
vn -0.06320313 0.7510684 0.6571922
vn -0.6575109 0.7513685 0.05590081
vn -0.6575109 0.7513685 0.05590081
vn -0.7070391 0.5351674 0.462268
vn -0.7070391 0.5351674 0.462268
vn 0.2370536 0.8535219 -0.4640107
vn 0.5965926 0.3666088 -0.7139155
vn 0.7761512 0.5295308 -0.342325
vn 0.7761512 0.5295308 -0.342325
vn 0.5965926 0.3666088 -0.7139155
vn 0.8672577 0.1005962 -0.4875906
vn 0.7761512 0.5295308 -0.342325
vn 0.8672577 0.1005962 -0.4875906
vn 0.8513805 0.4451969 0.2774003
vn 0.2370536 0.8535219 -0.4640107
vn -0.4145251 0.8093473 -0.4160841
vn -0.2530017 0.5629349 -0.7868255
vn -0.2530017 0.5629349 -0.7868255
vn -0.4145251 0.8093473 -0.4160841
vn -0.5718454 0.4828226 -0.663231
vn -0.2530017 0.5629349 -0.7868255
vn -0.5718454 0.4828226 -0.663231
vn -0.04132617 0.08099953 -0.9958571
vn 0.2370536 0.8535219 -0.4640107
vn -0.2249809 0.9742959 0.01145789
vn -0.4145251 0.8093473 -0.4160841
vn -0.4145251 0.8093473 -0.4160841
vn -0.2249809 0.9742959 0.01145789
vn -0.6575109 0.7513685 0.05590081
vn -0.4145251 0.8093473 -0.4160841
vn -0.6575109 0.7513685 0.05590081
vn -0.5718454 0.4828226 -0.663231
vn 0.237054 0.8535218 -0.4640107
vn -0.4145245 0.8093488 -0.4160818
vn -0.2530007 0.5629362 -0.7868249
vn -0.2530007 0.5629362 -0.7868249
vn -0.4145245 0.8093488 -0.4160818
vn -0.6813902 0.3210591 -0.6577451
vn -0.2530007 0.5629362 -0.7868249
vn -0.6813902 0.3210591 -0.6577451
vn -0.1611849 -0.002374195 -0.9869214
vn -0.1611849 -0.002374195 -0.9869214
vn -0.6813902 0.3210591 -0.6577451
vn -0.4958993 -0.1931028 -0.8466376
vn -0.1611849 -0.002374195 -0.9869214
vn -0.4958993 -0.1931028 -0.8466376
vn 0.03532955 -0.3821558 -0.9234224
vn 0.03532955 -0.3821558 -0.9234224
vn -0.4958993 -0.1931028 -0.8466376
vn -0.2899042 -0.4435281 -0.8480793
vn 0.237054 0.8535218 -0.4640107
vn 0.6254596 0.7781147 0.05777425
vn 0.2389106 0.9586107 0.154878
vn 0.2389106 0.9586107 0.154878
vn 0.6254596 0.7781147 0.05777425
vn 0.3515155 0.7777287 0.5211286
vn 0.2389106 0.9586107 0.154878
vn 0.3515155 0.7777287 0.5211286
vn 0.06080503 0.8586014 0.5090248
vn 0.06080503 0.8586014 0.5090248
vn 0.3515155 0.7777287 0.5211286
vn 0.07545298 0.6474136 0.7583947
vn 0.237054 0.8535218 -0.4640107
vn 0.1658179 0.3795472 -0.9101914
vn 0.596593 0.3666093 -0.713915
vn 0.596593 0.3666093 -0.713915
vn 0.1658179 0.3795472 -0.9101914
vn 0.5114437 -0.1155728 -0.8515094
vn 0.596593 0.3666093 -0.713915
vn 0.5114437 -0.1155728 -0.8515094
vn 0.8156652 0.0255606 -0.5779594
vn 0.8156652 0.0255606 -0.5779594
vn 0.5114437 -0.1155728 -0.8515094
vn 0.6636865 -0.3237885 -0.6743006
vn 0.237054 0.8535218 -0.4640107
vn -0.2530007 0.5629362 -0.7868249
vn 0.1658179 0.3795472 -0.9101914
vn 0.1658179 0.3795472 -0.9101914
vn -0.2530007 0.5629362 -0.7868249
vn -0.1611849 -0.002374195 -0.9869214
vn 0.1658179 0.3795472 -0.9101914
vn -0.1611849 -0.002374195 -0.9869214
vn 0.5114437 -0.1155728 -0.8515094
vn 0.5114437 -0.1155728 -0.8515094
vn -0.1611849 -0.002374195 -0.9869214
vn 0.03532955 -0.3821558 -0.9234224
vn 0.5114437 -0.1155728 -0.8515094
vn 0.03532955 -0.3821558 -0.9234224
vn 0.6636865 -0.3237885 -0.6743006
vn 0.237054 0.8535218 -0.4640107
vn -0.2150179 0.9738665 -0.07315333
vn -0.4145245 0.8093488 -0.4160818
vn -0.4145245 0.8093488 -0.4160818
vn -0.2150179 0.9738665 -0.07315333
vn -0.7581769 0.6411037 -0.1189694
vn -0.4145245 0.8093488 -0.4160818
vn -0.7581769 0.6411037 -0.1189694
vn -0.6813902 0.3210591 -0.6577451
vn -0.6813902 0.3210591 -0.6577451
vn -0.7581769 0.6411037 -0.1189694
vn -0.9075621 0.289524 -0.3041497
vn -0.6813902 0.3210591 -0.6577451
vn -0.9075621 0.289524 -0.3041497
vn -0.4958993 -0.1931028 -0.8466376
vn 0.237054 0.8535218 -0.4640107
vn 0.2389106 0.9586107 0.154878
vn -0.2150179 0.9738665 -0.07315333
vn -0.2150179 0.9738665 -0.07315333
vn 0.2389106 0.9586107 0.154878
vn 0.06080503 0.8586014 0.5090248
vn -0.2150179 0.9738665 -0.07315333
vn -0.6793693 0.7317091 0.05531019
vn -0.7581769 0.6411037 -0.1189694
vn -0.7581769 0.6411037 -0.1189694
vn -0.6793693 0.7317091 0.05531019
vn -0.8576972 0.5041648 0.1008628
vn -0.7581769 0.6411037 -0.1189694
vn -0.8576972 0.5041648 0.1008628
vn -0.9075621 0.289524 -0.3041497
vn 0.237054 0.8535218 -0.4640107
vn 0.7293034 0.5716785 -0.3758993
vn 0.6254596 0.7781147 0.05777425
vn 0.6254596 0.7781147 0.05777425
vn 0.7293034 0.5716785 -0.3758993
vn 0.7793734 0.5910368 0.2079729
vn 0.6254596 0.7781147 0.05777425
vn 0.7793734 0.5910368 0.2079729
vn 0.3515155 0.7777287 0.5211286
vn 0.8156652 0.0255606 -0.5779594
vn 0.7293034 0.5716785 -0.3758993
vn 0.596593 0.3666093 -0.713915
vn 0.596593 0.3666093 -0.713915
vn 0.7293034 0.5716785 -0.3758993
vn 0.237054 0.8535218 -0.4640107
vn 0.05509458 0.8102584 -0.5834774
vn 0.5842122 0.8026231 -0.1203848
vn 0.1630723 0.9825299 0.08967967
vn 0.1630723 0.9825299 0.08967967
vn 0.5842122 0.8026231 -0.1203848
vn 0.4234418 0.7749948 0.469127
vn 0.1630723 0.9825299 0.08967967
vn 0.4234418 0.7749948 0.469127
vn -0.2830184 0.8305847 0.479614
vn -0.2830184 0.8305847 0.479614
vn 0.4234418 0.7749948 0.469127
vn 0.0433608 0.6947258 0.7179665
vn -0.2830184 0.8305847 0.479614
vn 0.0433608 0.6947258 0.7179665
vn -0.6649592 0.5718409 0.480445
vn 0.05509458 0.8102584 -0.5834774
vn 0.6874215 0.5098392 -0.5172194
vn 0.5842122 0.8026231 -0.1203848
vn 0.5842122 0.8026231 -0.1203848
vn 0.6874215 0.5098392 -0.5172194
vn 0.8940403 0.4446237 0.05478781
vn 0.5842122 0.8026231 -0.1203848
vn 0.8940403 0.4446237 0.05478781
vn 0.4234418 0.7749948 0.469127
vn 0.4234418 0.7749948 0.469127
vn 0.8940403 0.4446237 0.05478781
vn 0.7310047 0.480123 0.4848857
vn 0.4234418 0.7749948 0.469127
vn 0.7310047 0.480123 0.4848857
vn 0.0433608 0.6947258 0.7179665
vn 0.05509458 0.8102584 -0.5834774
vn 0.4122434 0.2756881 -0.8683614
vn 0.6874215 0.5098392 -0.5172194
vn 0.6874215 0.5098392 -0.5172194
vn 0.4122434 0.2756881 -0.8683614
vn 0.8531076 0.03299644 -0.5206906
vn 0.6874215 0.5098392 -0.5172194
vn 0.8531076 0.03299644 -0.5206906
vn 0.8940403 0.4446237 0.05478781
vn 0.8940403 0.4446237 0.05478781
vn 0.8531076 0.03299644 -0.5206906
vn 0.9951603 0.05374607 -0.0822646
vn 0.8940403 0.4446237 0.05478781
vn 0.9951603 0.05374607 -0.0822646
vn 0.7310047 0.480123 0.4848857
vn 0.05509458 0.8102584 -0.5834774
vn -0.08012759 0.2373329 -0.9681181
vn 0.4122434 0.2756881 -0.8683614
vn 0.4122434 0.2756881 -0.8683614
vn -0.08012759 0.2373329 -0.9681181
vn 0.3246205 -0.2187595 -0.9201988
vn 0.4122434 0.2756881 -0.8683614
vn 0.3246205 -0.2187595 -0.9201988
vn 0.8531076 0.03299644 -0.5206906
vn 0.8531076 0.03299644 -0.5206906
vn 0.3246205 -0.2187595 -0.9201988
vn 0.6810876 -0.3346393 -0.6512575
vn 0.8531076 0.03299644 -0.5206906
vn 0.6810876 -0.3346393 -0.6512575
vn 0.9951603 0.05374607 -0.0822646
vn 0.05509458 0.8102584 -0.5834774
vn -0.501265 0.4172381 -0.758054
vn -0.08012759 0.2373329 -0.9681181
vn -0.08012759 0.2373329 -0.9681181
vn -0.501265 0.4172381 -0.758054
vn -0.3818382 -0.1631701 -0.9097116
vn -0.08012759 0.2373329 -0.9681181
vn -0.3818382 -0.1631701 -0.9097116
vn 0.3246205 -0.2187595 -0.9201988
vn 0.3246205 -0.2187595 -0.9201988
vn -0.3818382 -0.1631701 -0.9097116
vn -0.02723184 -0.4575193 -0.8887827
vn 0.3246205 -0.2187595 -0.9201988
vn -0.02723184 -0.4575193 -0.8887827
vn 0.6810876 -0.3346393 -0.6512575
vn 0.05509458 0.8102584 -0.5834774
vn -0.6044717 0.7100235 -0.3612211
vn -0.501265 0.4172381 -0.758054
vn -0.501265 0.4172381 -0.758054
vn -0.6044717 0.7100235 -0.3612211
vn -0.8524376 0.1672011 -0.4953724
vn -0.501265 0.4172381 -0.758054
vn -0.8524376 0.1672011 -0.4953724
vn -0.3818382 -0.1631701 -0.9097116
vn -0.3818382 -0.1631701 -0.9097116
vn -0.8524376 0.1672011 -0.4953724
vn -0.7148752 -0.2429185 -0.6557011
vn -0.3818382 -0.1631701 -0.9097116
vn -0.7148752 -0.2429185 -0.6557011
vn -0.02723184 -0.4575193 -0.8887827
vn 0.05509458 0.8102584 -0.5834774
vn -0.3292947 0.9441735 -0.01007739
vn -0.6044717 0.7100235 -0.3612211
vn -0.6044717 0.7100235 -0.3612211
vn -0.3292947 0.9441735 -0.01007739
vn -0.8115046 0.5788291 0.08010763
vn -0.6044717 0.7100235 -0.3612211
vn -0.8115046 0.5788291 0.08010763
vn -0.8524376 0.1672011 -0.4953724
vn -0.8524376 0.1672011 -0.4953724
vn -0.8115046 0.5788291 0.08010763
vn -0.9790319 0.1834558 -0.08854663
vn -0.8524376 0.1672011 -0.4953724
vn -0.9790319 0.1834558 -0.08854663
vn -0.7148752 -0.2429185 -0.6557011
vn 0.05509458 0.8102584 -0.5834774
vn 0.1630723 0.9825299 0.08967967
vn -0.3292947 0.9441735 -0.01007739
vn -0.3292947 0.9441735 -0.01007739
vn 0.1630723 0.9825299 0.08967967
vn -0.2830184 0.8305847 0.479614
vn -0.3292947 0.9441735 -0.01007739
vn -0.2830184 0.8305847 0.479614
vn -0.8115046 0.5788291 0.08010763
vn -0.8115046 0.5788291 0.08010763
vn -0.2830184 0.8305847 0.479614
vn -0.6649592 0.5718409 0.480445
vn -0.8115046 0.5788291 0.08010763
vn -0.6649592 0.5718409 0.480445
vn -0.9790319 0.1834558 -0.08854663
vn 0.1912955 0.9531956 -0.2341455
vn -0.5602723 0.8193739 -0.1213314
vn -0.1347664 0.8851283 -0.4454053
vn -0.5640043 0.4557858 -0.6885918
vn -0.5602723 0.8193739 -0.1213314
vn -0.7885945 0.3791615 -0.4841027
vn -0.5640043 0.4557858 -0.6885918
vn -0.7885945 0.3791615 -0.4841027
vn -0.2759564 0.1624917 -0.9473355
vn -0.2759564 0.1624917 -0.9473355
vn -0.7885945 0.3791615 -0.4841027
vn -0.6807677 -0.02720315 -0.7319942
vn -0.2759564 0.1624917 -0.9473355
vn -0.6807677 -0.02720315 -0.7319942
vn -0.04446507 -0.1479816 -0.9879901
vn -0.04446507 -0.1479816 -0.9879901
vn -0.6807677 -0.02720315 -0.7319942
vn -0.589105 -0.1954486 -0.7840632
vn 0.1912955 0.9531956 -0.2341455
vn -0.3029419 0.8846182 0.3545094
vn -0.5602723 0.8193739 -0.1213314
vn -0.5602723 0.8193739 -0.1213314
vn -0.3029419 0.8846182 0.3545094
vn -0.7818015 0.6142188 0.1073394
vn -0.5602723 0.8193739 -0.1213314
vn -0.7818015 0.6142188 0.1073394
vn -0.7885945 0.3791615 -0.4841027
vn -0.7885945 0.3791615 -0.4841027
vn -0.7818015 0.6142188 0.1073394
vn -0.9168553 0.1826341 -0.3549946
vn -0.7885945 0.3791615 -0.4841027
vn -0.9168553 0.1826341 -0.3549946
vn -0.6807677 -0.02720315 -0.7319942
vn -0.6807677 -0.02720315 -0.7319942
vn -0.9168553 0.1826341 -0.3549946
vn -0.850855 -0.07499424 -0.5200208
vn -0.6807677 -0.02720315 -0.7319942
vn -0.850855 -0.07499424 -0.5200208
vn -0.589105 -0.1954486 -0.7840632
vn 0.1912955 0.9531956 -0.2341455
vn 0.5716182 0.4541588 -0.6833686
vn 0.5501136 0.7921848 -0.2642316
vn 0.9467605 0.2849286 -0.1498678
vn 0.5716182 0.4541588 -0.6833686
vn 0.9065561 0.09975903 -0.410127
vn 0.9467605 0.2849286 -0.1498678
vn 0.9065561 0.09975903 -0.410127
vn 0.9270898 0.3249964 0.1867671
vn 0.9270898 0.3249964 0.1867671
vn 0.9065561 0.09975903 -0.410127
vn 0.9651802 0.02810555 -0.2600718
vn 0.1912955 0.9531956 -0.2341455
vn 0.05813587 0.5149918 -0.8552215
vn 0.5716182 0.4541588 -0.6833686
vn 0.5716182 0.4541588 -0.6833686
vn 0.05813587 0.5149918 -0.8552215
vn 0.4346271 0.03149973 -0.9000596
vn 0.5716182 0.4541588 -0.6833686
vn 0.4346271 0.03149973 -0.9000596
vn 0.9065561 0.09975903 -0.410127
vn 0.9065561 0.09975903 -0.410127
vn 0.4346271 0.03149973 -0.9000596
vn 0.6976961 -0.1555573 -0.6993012
vn 0.9065561 0.09975903 -0.410127
vn 0.6976961 -0.1555573 -0.6993012
vn 0.9651802 0.02810555 -0.2600718
vn 0.1912955 0.9531956 -0.2341455
vn -0.1347664 0.8851283 -0.4454053
vn 0.05813587 0.5149918 -0.8552215
vn 0.05813587 0.5149918 -0.8552215
vn -0.5640043 0.4557858 -0.6885918
vn -0.2759564 0.1624917 -0.9473355
vn 0.05813587 0.5149918 -0.8552215
vn -0.2759564 0.1624917 -0.9473355
vn 0.4346271 0.03149973 -0.9000596
vn 0.4346271 0.03149973 -0.9000596
vn -0.2759564 0.1624917 -0.9473355
vn -0.04446507 -0.1479816 -0.9879901
vn 0.4346271 0.03149973 -0.9000596
vn -0.04446507 -0.1479816 -0.9879901
vn 0.6976961 -0.1555573 -0.6993012
vn 0.1912955 0.9531956 -0.2341455
vn 0.2105406 0.8237813 0.5263622
vn -0.3029419 0.8846182 0.3545094
vn -0.3029419 0.8846182 0.3545094
vn 0.2105406 0.8237813 0.5263622
vn -0.229765 0.7007967 0.6753458
vn -0.3029419 0.8846182 0.3545094
vn -0.229765 0.7007967 0.6753458
vn -0.7818015 0.6142188 0.1073394
vn 0.1912955 0.9531956 -0.2341455
vn 0.6793817 0.6725062 0.2935573
vn 0.2105406 0.8237813 0.5263622
vn 0.2105406 0.8237813 0.5263622
vn 0.6793817 0.6725062 0.2935573
vn 0.4348511 0.5723069 0.6952477
vn 0.2105406 0.8237813 0.5263622
vn 0.4348511 0.5723069 0.6952477
vn -0.229765 0.7007967 0.6753458
vn 0.1912955 0.9531956 -0.2341455
vn 0.5501136 0.7921848 -0.2642316
vn 0.6793817 0.6725062 0.2935573
vn 0.6793817 0.6725062 0.2935573
vn 0.9467605 0.2849286 -0.1498678
vn 0.9270898 0.3249964 0.1867671
vn 0.6793817 0.6725062 0.2935573
vn 0.9270898 0.3249964 0.1867671
vn 0.4348511 0.5723069 0.6952477
vn 0.1897469 0.9567609 -0.2204647
vn -0.2952172 0.7664081 -0.5704957
vn 0.09412991 0.6413682 -0.7614372
vn 0.09412991 0.6413682 -0.7614372
vn -0.2952172 0.7664081 -0.5704957
vn -0.2319991 0.2877584 -0.9291779
vn 0.09412991 0.6413682 -0.7614372
vn -0.2319991 0.2877584 -0.9291779
vn 0.4234564 0.2122768 -0.8806947
vn 0.4234564 0.2122768 -0.8806947
vn -0.2319991 0.2877584 -0.9291779
vn -0.001843263 -0.2157129 -0.9764551
vn 0.4234564 0.2122768 -0.8806947
vn -0.001843263 -0.2157129 -0.9764551
vn 0.350907 -0.2673439 -0.8974361
vn 0.350907 -0.2673439 -0.8974361
vn -0.001843263 -0.2157129 -0.9764551
vn 0.08989006 -0.4329866 -0.8969071
vn 0.1897469 0.9567609 -0.2204647
vn -0.2668541 0.9296472 -0.2540568
vn -0.2952172 0.7664081 -0.5704957
vn -0.2952172 0.7664081 -0.5704957
vn -0.2668541 0.9296472 -0.2540568
vn -0.5534238 0.5062003 -0.6614252
vn -0.2952172 0.7664081 -0.5704957
vn -0.5534238 0.5062003 -0.6614252
vn -0.2319991 0.2877584 -0.9291779
vn -0.2319991 0.2877584 -0.9291779
vn -0.5534238 0.5062003 -0.6614252
vn -0.4237866 -0.01107532 -0.9056944
vn -0.2319991 0.2877584 -0.9291779
vn -0.4237866 -0.01107532 -0.9056944
vn -0.001843263 -0.2157129 -0.9764551
vn -0.001843263 -0.2157129 -0.9764551
vn -0.4237866 -0.01107532 -0.9056944
vn -0.2548428 -0.3452437 -0.9032508
vn -0.001843263 -0.2157129 -0.9764551
vn -0.2548428 -0.3452437 -0.9032508
vn 0.08989006 -0.4329866 -0.8969071
vn 0.1897469 0.9567609 -0.2204647
vn 0.09412991 0.6413682 -0.7614372
vn 0.51884 0.5915863 -0.617115
vn 0.51884 0.5915863 -0.617115
vn 0.09412991 0.6413682 -0.7614372
vn 0.4234564 0.2122768 -0.8806947
vn 0.51884 0.5915863 -0.617115
vn 0.4234564 0.2122768 -0.8806947
vn 0.8409098 0.3309456 -0.4281889
vn 0.8409098 0.3309456 -0.4281889
vn 0.4234564 0.2122768 -0.8806947
vn 0.8585365 0.2528677 -0.4460641
vn 0.8409098 0.3309456 -0.4281889
vn 0.8585365 0.2528677 -0.4460641
vn 0.9427295 0.2415139 -0.2300703
vn 0.8873448 0.4611065 -0.0002442002
vn 0.5621504 0.8270264 -0.003768504
vn 0.7301228 0.6462235 -0.2220718
vn 0.7301228 0.6462235 -0.2220718
vn 0.5621504 0.8270264 -0.003768504
vn 0.1897469 0.9567609 -0.2204647
vn 0.1897469 0.9567609 -0.2204647
vn 0.51884 0.5915863 -0.617115
vn 0.7301228 0.6462235 -0.2220718
vn 0.7301228 0.6462235 -0.2220718
vn 0.51884 0.5915863 -0.617115
vn 0.8409098 0.3309456 -0.4281889
vn 0.7301228 0.6462235 -0.2220718
vn 0.8409098 0.3309456 -0.4281889
vn 0.8873448 0.4611065 -0.0002442002
vn -0.0009300406 0.6162359 -0.7875611
vn -0.1466661 0.01048313 -0.9891306
vn 0.321247 0.06817889 -0.9445379
vn 0.321247 0.06817889 -0.9445379
vn -0.1466661 0.01048313 -0.9891306
vn 0.3124358 -0.2894872 -0.9047548
vn 0.321247 0.06817889 -0.9445379
vn 0.3124358 -0.2894872 -0.9047548
vn 0.7682355 -0.06054221 -0.637298
vn 0.7682355 -0.06054221 -0.637298
vn 0.3124358 -0.2894872 -0.9047548
vn 0.7826437 -0.3744585 -0.4972421
vn 0.7682355 -0.06054221 -0.637298
vn 0.7826437 -0.3744585 -0.4972421
vn 0.8443158 -0.377905 -0.379893
vn 0.8443158 -0.377905 -0.379893
vn 0.7826437 -0.3744585 -0.4972421
vn 0.8459585 -0.4505801 -0.2851875
vn -0.0009300406 0.6162359 -0.7875611
vn 0.5276337 0.7379923 -0.4206781
vn 0.1452053 0.9577426 -0.248283
vn 0.1452053 0.9577426 -0.248283
vn 0.5276337 0.7379923 -0.4206781
vn 0.4378974 0.8844616 0.1611629
vn 0.1452053 0.9577426 -0.248283
vn 0.4378974 0.8844616 0.1611629
vn -0.1949061 0.9695649 0.148174
vn -0.1949061 0.9695649 0.148174
vn 0.4378974 0.8844616 0.1611629
vn 0.171334 0.8875092 0.4277522
vn -0.1949061 0.9695649 0.148174
vn 0.171334 0.8875092 0.4277522
vn -0.03626176 0.9094087 0.4143198
vn -0.0009300406 0.6162359 -0.7875611
vn 0.600551 0.369526 -0.7090762
vn 0.5276337 0.7379923 -0.4206781
vn 0.5276337 0.7379923 -0.4206781
vn 0.600551 0.369526 -0.7090762
vn 0.8438481 0.5031903 -0.1863328
vn 0.5276337 0.7379923 -0.4206781
vn 0.8438481 0.5031903 -0.1863328
vn 0.4378974 0.8844616 0.1611629
vn 0.4378974 0.8844616 0.1611629
vn 0.8438481 0.5031903 -0.1863328
vn 0.7117293 0.651172 0.2634702
vn 0.4378974 0.8844616 0.1611629
vn 0.7117293 0.651172 0.2634702
vn 0.171334 0.8875092 0.4277522
vn -0.0009300406 0.6162359 -0.7875611
vn 0.321247 0.06817889 -0.9445379
vn 0.600551 0.369526 -0.7090762
vn 0.600551 0.369526 -0.7090762
vn 0.321247 0.06817889 -0.9445379
vn 0.7682355 -0.06054221 -0.637298
vn 0.600551 0.369526 -0.7090762
vn 0.7682355 -0.06054221 -0.637298
vn 0.8438481 0.5031903 -0.1863328
vn 0.8438481 0.5031903 -0.1863328
vn 0.7682355 -0.06054221 -0.637298
vn 0.9261001 0.3563202 -0.1239944
vn 0.8438481 0.5031903 -0.1863328
vn 0.9261001 0.3563202 -0.1239944
vn 0.7117293 0.651172 0.2634702
vn -0.0009300406 0.6162359 -0.7875611
vn -0.6020111 0.5987024 -0.5283353
vn -0.5290921 0.2302326 -0.8167342
vn -0.5290921 0.2302326 -0.8167342
vn -0.6020111 0.5987024 -0.5283353
vn -0.8462673 0.07368588 -0.5276381
vn -0.5290921 0.2302326 -0.8167342
vn -0.8462673 0.07368588 -0.5276381
vn -0.5071396 -0.2302695 -0.8305332
vn -0.5071396 -0.2302695 -0.8305332
vn -0.8462673 0.07368588 -0.5276381
vn -0.8251702 -0.2508328 -0.5061395
vn -0.0009300406 0.6162359 -0.7875611
vn -0.32271 0.9000457 -0.2928753
vn -0.6020111 0.5987024 -0.5283353
vn -0.6020111 0.5987024 -0.5283353
vn -0.32271 0.9000457 -0.2928753
vn -0.7557168 0.6337928 -0.1649213
vn -0.6020111 0.5987024 -0.5283353
vn -0.7557168 0.6337928 -0.1649213
vn -0.8462673 0.07368588 -0.5276381
vn -0.8462673 0.07368588 -0.5276381
vn -0.7557168 0.6337928 -0.1649213
vn -0.9366937 0.2317833 -0.262453
vn -0.8462673 0.07368588 -0.5276381
vn -0.9366937 0.2317833 -0.262453
vn -0.8251702 -0.2508328 -0.5061395
vn -0.0009300406 0.6162359 -0.7875611
vn 0.1452053 0.9577426 -0.248283
vn -0.32271 0.9000457 -0.2928753
vn -0.32271 0.9000457 -0.2928753
vn 0.1452053 0.9577426 -0.248283
vn -0.1949061 0.9695649 0.148174
vn -0.32271 0.9000457 -0.2928753
vn -0.1949061 0.9695649 0.148174
vn -0.7557168 0.6337928 -0.1649213
vn -0.7557168 0.6337928 -0.1649213
vn -0.1949061 0.9695649 0.148174
vn -0.7336215 0.6791354 -0.02397203
vn -0.7557168 0.6337928 -0.1649213
vn -0.7336215 0.6791354 -0.02397203
vn -0.9366937 0.2317833 -0.262453
vn -0.0009300406 0.6162359 -0.7875611
vn -0.5290921 0.2302326 -0.8167342
vn -0.1466661 0.01048313 -0.9891306
vn -0.1466661 0.01048313 -0.9891306
vn -0.5290921 0.2302326 -0.8167342
vn -0.5071396 -0.2302695 -0.8305332
vn -0.1466661 0.01048313 -0.9891306
vn -0.5071396 -0.2302695 -0.8305332
vn 0.3124358 -0.2894872 -0.9047548
vn 0.05509505 0.810258 -0.5834779
vn 0.377861 0.3554422 -0.8549163
vn 0.5919402 0.5665739 -0.5732374
vn 0.5919402 0.5665739 -0.5732374
vn 0.377861 0.3554422 -0.8549163
vn 0.8155735 0.1013184 -0.5697145
vn 0.5919402 0.5665739 -0.5732374
vn 0.8155735 0.1013184 -0.5697145
vn 0.8134248 0.5292553 -0.2413067
vn 0.8134248 0.5292553 -0.2413067
vn 0.8155735 0.1013184 -0.5697145
vn 0.9607646 -0.007227102 -0.2772709
vn 0.05509505 0.810258 -0.5834779
vn -0.06294723 0.3204117 -0.9451846
vn 0.377861 0.3554422 -0.8549163
vn 0.377861 0.3554422 -0.8549163
vn -0.06294723 0.3204117 -0.9451846
vn 0.3076576 -0.127491 -0.9429173
vn 0.377861 0.3554422 -0.8549163
vn 0.3076576 -0.127491 -0.9429173
vn 0.8155735 0.1013184 -0.5697145
vn 0.8155735 0.1013184 -0.5697145
vn 0.3076576 -0.127491 -0.9429173
vn 0.835689 -0.08958986 -0.5418465
vn 0.8155735 0.1013184 -0.5697145
vn 0.835689 -0.08958986 -0.5418465
vn 0.9607646 -0.007227102 -0.2772709
vn 0.05509505 0.810258 -0.5834779
vn -0.4408152 0.4810269 -0.7578226
vn -0.06294723 0.3204117 -0.9451846
vn -0.06294723 0.3204117 -0.9451846
vn -0.4408152 0.4810269 -0.7578226
vn -0.3344276 -0.07671754 -0.9392937
vn -0.06294723 0.3204117 -0.9451846
vn -0.3344276 -0.07671754 -0.9392937
vn 0.3076576 -0.127491 -0.9429173
vn 0.3076576 -0.127491 -0.9429173
vn -0.3344276 -0.07671754 -0.9392937
vn 0.007757936 -0.3983748 -0.91719
vn 0.3076576 -0.127491 -0.9429173
vn 0.007757936 -0.3983748 -0.91719
vn 0.2979591 -0.4602776 -0.8362805
vn 0.05509505 0.810258 -0.5834779
vn -0.5343935 0.7432015 -0.4025857
vn -0.4408152 0.4810269 -0.7578226
vn -0.4408152 0.4810269 -0.7578226
vn -0.5343935 0.7432015 -0.4025857
vn -0.7152473 0.2888606 -0.636381
vn -0.4408152 0.4810269 -0.7578226
vn -0.7152473 0.2888606 -0.636381
vn -0.3344276 -0.07671754 -0.9392937
vn -0.3344276 -0.07671754 -0.9392937
vn -0.7152473 0.2888606 -0.636381
vn -0.4799201 -0.234741 -0.8453245
vn -0.3344276 -0.07671754 -0.9392937
vn -0.4799201 -0.234741 -0.8453245
vn 0.007757936 -0.3983748 -0.91719
vn 0.05509505 0.810258 -0.5834779
vn 0.4749177 0.8568074 -0.2008342
vn 0.1519412 0.9883858 0.002700284
vn 0.1519412 0.9883858 0.002700284
vn 0.4749177 0.8568074 -0.2008342
vn 0.3452547 0.9157258 0.2055369
vn 0.1519412 0.9883858 0.002700284
vn 0.3452547 0.9157258 0.2055369
vn -0.1964305 0.9506984 0.239974
vn 0.05509505 0.810258 -0.5834779
vn 0.5919402 0.5665739 -0.5732374
vn 0.4749177 0.8568074 -0.2008342
vn 0.4749177 0.8568074 -0.2008342
vn 0.5919402 0.5665739 -0.5732374
vn 0.8134248 0.5292553 -0.2413067
vn 0.4749177 0.8568074 -0.2008342
vn 0.8134248 0.5292553 -0.2413067
vn 0.3452547 0.9157258 0.2055369
vn 0.05509505 0.810258 -0.5834779
vn -0.2888663 0.9533564 -0.08756641
vn -0.5343935 0.7432015 -0.4025857
vn -0.5343935 0.7432015 -0.4025857
vn -0.2888663 0.9533564 -0.08756641
vn -0.6586326 0.7475621 -0.0857569
vn -0.5343935 0.7432015 -0.4025857
vn -0.6586326 0.7475621 -0.0857569
vn -0.7152473 0.2888606 -0.636381
vn 0.05509505 0.810258 -0.5834779
vn 0.1519412 0.9883858 0.002700284
vn -0.2888663 0.9533564 -0.08756641
vn -0.2888663 0.9533564 -0.08756641
vn 0.1519412 0.9883858 0.002700284
vn -0.1964305 0.9506984 0.239974
vn -0.2888663 0.9533564 -0.08756641
vn -0.1964305 0.9506984 0.239974
vn -0.6586326 0.7475621 -0.0857569
vn 0.2232373 0.852518 -0.4726291
vn 0.1676399 0.3713075 -0.9132512
vn 0.5963411 0.37058 -0.712073
vn 0.5963411 0.37058 -0.712073
vn 0.1676399 0.3713075 -0.9132512
vn 0.5911965 0.004665588 -0.806514
vn 0.5963411 0.37058 -0.712073
vn 0.5911965 0.004665588 -0.806514
vn 0.8835157 0.1180445 -0.4532831
vn 0.8835157 0.1180445 -0.4532831
vn 0.5911965 0.004665588 -0.806514
vn 0.8204276 -0.1999243 -0.5356574
vn 0.2232373 0.852518 -0.4726291
vn -0.4276994 0.7943752 -0.4313252
vn -0.2565339 0.5468504 -0.7969598
vn -0.2565339 0.5468504 -0.7969598
vn -0.4276994 0.7943752 -0.4313252
vn -0.5429367 0.3827109 -0.7474973
vn -0.2565339 0.5468504 -0.7969598
vn -0.5429367 0.3827109 -0.7474973
vn -0.1935996 0.1635454 -0.9673532
vn -0.1935996 0.1635454 -0.9673532
vn -0.5429367 0.3827109 -0.7474973
vn -0.4128777 0.1298127 -0.9014881
vn 0.2232373 0.852518 -0.4726291
vn 0.6284831 0.7752818 -0.06282675
vn 0.1360822 0.9886007 0.06442346
vn 0.1360822 0.9886007 0.06442346
vn 0.6284831 0.7752818 -0.06282675
vn 0.1434137 0.9732394 0.1795483
vn 0.1360822 0.9886007 0.06442346
vn 0.1434137 0.9732394 0.1795483
vn -0.2774069 0.9289936 0.2449823
vn 0.2232373 0.852518 -0.4726291
vn 0.7784461 0.5450971 -0.3112733
vn 0.6284831 0.7752818 -0.06282675
vn 0.6284831 0.7752818 -0.06282675
vn 0.7784461 0.5450971 -0.3112733
vn 0.8781965 0.4771731 0.03281456
vn 0.6284831 0.7752818 -0.06282675
vn 0.8781965 0.4771731 0.03281456
vn 0.8084335 0.5720279 0.1386337
vn 0.2232373 0.852518 -0.4726291
vn 0.5963411 0.37058 -0.712073
vn 0.7784461 0.5450971 -0.3112733
vn 0.7784461 0.5450971 -0.3112733
vn 0.5963411 0.37058 -0.712073
vn 0.8835157 0.1180445 -0.4532831
vn 0.7784461 0.5450971 -0.3112733
vn 0.8835157 0.1180445 -0.4532831
vn 0.8781965 0.4771731 0.03281456
vn 0.2232373 0.852518 -0.4726291
vn -0.2565339 0.5468504 -0.7969598
vn 0.1676399 0.3713075 -0.9132512
vn 0.1676399 0.3713075 -0.9132512
vn -0.2565339 0.5468504 -0.7969598
vn -0.1935996 0.1635454 -0.9673532
vn 0.1676399 0.3713075 -0.9132512
vn -0.1935996 0.1635454 -0.9673532
vn 0.5911965 0.004665588 -0.806514
vn 0.2232373 0.852518 -0.4726291
vn -0.2455938 0.9688921 -0.03052561
vn -0.4276994 0.7943752 -0.4313252
vn -0.4276994 0.7943752 -0.4313252
vn -0.2455938 0.9688921 -0.03052561
vn -0.6215864 0.7708388 -0.1394203
vn -0.4276994 0.7943752 -0.4313252
vn -0.6215864 0.7708388 -0.1394203
vn -0.5429367 0.3827109 -0.7474973
vn 0.2232373 0.852518 -0.4726291
vn 0.1360822 0.9886007 0.06442346
vn -0.2455938 0.9688921 -0.03052561
vn -0.2455938 0.9688921 -0.03052561
vn 0.1360822 0.9886007 0.06442346
vn -0.2774069 0.9289936 0.2449823
vn -0.2455938 0.9688921 -0.03052561
vn -0.2774069 0.9289936 0.2449823
vn -0.6215864 0.7708388 -0.1394203
vn 0.3543376 0.8749073 -0.3301244
vn 0.6736535 0.7058641 0.2189677
vn 0.2574699 0.9121376 0.3189269
vn 0.2574699 0.9121376 0.3189269
vn 0.6736535 0.7058641 0.2189677
vn 0.2886472 0.7161196 0.6354963
vn 0.2574699 0.9121376 0.3189269
vn 0.2886472 0.7161196 0.6354963
vn -0.3010386 0.7954328 0.525987
vn -0.3010386 0.7954328 0.525987
vn 0.2886472 0.7161196 0.6354963
vn -0.280311 0.6114799 0.7399447
vn -0.3010386 0.7954328 0.525987
vn -0.280311 0.6114799 0.7399447
vn -0.7021341 0.6106583 0.3662022
vn 0.3543376 0.8749073 -0.3301244
vn -0.1180619 0.665958 -0.7365876
vn 0.298117 0.4596845 -0.8365502
vn 0.298117 0.4596845 -0.8365502
vn -0.1180619 0.665958 -0.7365876
vn -0.01813266 0.1326052 -0.9910031
vn 0.298117 0.4596845 -0.8365502
vn -0.01813266 0.1326052 -0.9910031
vn 0.517323 0.07087956 -0.85285
vn 0.517323 0.07087956 -0.85285
vn -0.01813266 0.1326052 -0.9910031
vn 0.1316548 -0.1476945 -0.9802313
vn 0.3543376 0.8749073 -0.3301244
vn -0.3023522 0.8839189 -0.3567498
vn -0.1180619 0.665958 -0.7365876
vn -0.1180619 0.665958 -0.7365876
vn -0.3023522 0.8839189 -0.3567498
vn -0.5731251 0.4599495 -0.6782141
vn -0.1180619 0.665958 -0.7365876
vn -0.5731251 0.4599495 -0.6782141
vn -0.01813266 0.1326052 -0.9910031
vn -0.01813266 0.1326052 -0.9910031
vn -0.5731251 0.4599495 -0.6782141
vn -0.2154463 -0.01780256 -0.9763534
vn -0.01813266 0.1326052 -0.9910031
vn -0.2154463 -0.01780256 -0.9763534
vn 0.1316548 -0.1476945 -0.9802313
vn 0.3543376 0.8749073 -0.3301244
vn -0.1468028 0.9858882 0.08045654
vn -0.3023522 0.8839189 -0.3567498
vn -0.3023522 0.8839189 -0.3567498
vn -0.1468028 0.9858882 0.08045654
vn -0.6808149 0.7304773 -0.05379581
vn -0.3023522 0.8839189 -0.3567498
vn -0.6808149 0.7304773 -0.05379581
vn -0.5731251 0.4599495 -0.6782141
vn -0.5731251 0.4599495 -0.6782141
vn -0.6808149 0.7304773 -0.05379581
vn -0.8472933 0.4110201 -0.3363873
vn -0.5731251 0.4599495 -0.6782141
vn -0.8472933 0.4110201 -0.3363873
vn -0.7614085 0.2024585 -0.6158471
vn 0.3543376 0.8749073 -0.3301244
vn 0.2574699 0.9121376 0.3189269
vn -0.1468028 0.9858882 0.08045654
vn -0.1468028 0.9858882 0.08045654
vn 0.2574699 0.9121376 0.3189269
vn -0.3010386 0.7954328 0.525987
vn -0.1468028 0.9858882 0.08045654
vn -0.3010386 0.7954328 0.525987
vn -0.6808149 0.7304773 -0.05379581
vn -0.6808149 0.7304773 -0.05379581
vn -0.3010386 0.7954328 0.525987
vn -0.7021341 0.6106583 0.3662022
vn -0.6808149 0.7304773 -0.05379581
vn -0.7021341 0.6106583 0.3662022
vn -0.8472933 0.4110201 -0.3363873
vn 0.3543376 0.8749073 -0.3301244
vn 0.8579465 0.4879017 -0.1608716
vn 0.6736535 0.7058641 0.2189677
vn 0.6736535 0.7058641 0.2189677
vn 0.8579465 0.4879017 -0.1608716
vn 0.8670294 0.4168107 0.2729999
vn 0.6736535 0.7058641 0.2189677
vn 0.8670294 0.4168107 0.2729999
vn 0.2886472 0.7161196 0.6354963
vn 0.3543376 0.8749073 -0.3301244
vn 0.7023925 0.3859308 -0.5980821
vn 0.8579465 0.4879017 -0.1608716
vn 0.8579465 0.4879017 -0.1608716
vn 0.7023925 0.3859308 -0.5980821
vn 0.9396495 0.1730148 -0.2951695
vn 0.8579465 0.4879017 -0.1608716
vn 0.9396495 0.1730148 -0.2951695
vn 0.8670294 0.4168107 0.2729999
vn 0.3543376 0.8749073 -0.3301244
vn 0.298117 0.4596845 -0.8365502
vn 0.7023925 0.3859308 -0.5980821
vn 0.7023925 0.3859308 -0.5980821
vn 0.298117 0.4596845 -0.8365502
vn 0.517323 0.07087956 -0.85285
vn 0.7023925 0.3859308 -0.5980821
vn 0.517323 0.07087956 -0.85285
vn 0.9396495 0.1730148 -0.2951695
vn 0.3524691 0.7790906 -0.5184431
vn -0.01608842 0.3133477 -0.9495022
vn 0.4538144 0.1631369 -0.876036
vn 0.4538144 0.1631369 -0.876036
vn -0.01608842 0.3133477 -0.9495022
vn 0.207288 -0.2280612 -0.9513254
vn 0.4538144 0.1631369 -0.876036
vn 0.207288 -0.2280612 -0.9513254
vn 0.7053158 -0.1268884 -0.6974446
vn 0.7053158 -0.1268884 -0.6974446
vn 0.207288 -0.2280612 -0.9513254
vn 0.3699552 -0.4337937 -0.8215572
vn 0.3524691 0.7790906 -0.5184431
vn -0.3140514 0.6241379 -0.7154185
vn -0.01608842 0.3133477 -0.9495022
vn -0.01608842 0.3133477 -0.9495022
vn -0.3140514 0.6241379 -0.7154185
vn -0.4521673 0.07499418 -0.8887749
vn -0.01608842 0.3133477 -0.9495022
vn -0.4521673 0.07499418 -0.8887749
vn 0.207288 -0.2280612 -0.9513254
vn 0.207288 -0.2280612 -0.9513254
vn -0.4521673 0.07499418 -0.8887749
vn -0.223254 -0.3444744 -0.9118634
vn 0.207288 -0.2280612 -0.9513254
vn -0.223254 -0.3444744 -0.9118634
vn 0.3699552 -0.4337937 -0.8215572
vn 0.3524691 0.7790906 -0.5184431
vn -0.2991119 0.9110557 -0.2837418
vn -0.3140514 0.6241379 -0.7154185
vn -0.3140514 0.6241379 -0.7154185
vn -0.2991119 0.9110557 -0.2837418
vn -0.6571993 0.5174188 -0.5480574
vn -0.3140514 0.6241379 -0.7154185
vn -0.6571993 0.5174188 -0.5480574
vn -0.4521673 0.07499418 -0.8887749
vn -0.4521673 0.07499418 -0.8887749
vn -0.6571993 0.5174188 -0.5480574
vn -0.6770015 0.01217229 -0.7358811
vn -0.4521673 0.07499418 -0.8887749
vn -0.6770015 0.01217229 -0.7358811
vn -0.223254 -0.3444744 -0.9118634
vn 0.3524691 0.7790906 -0.5184431
vn 0.567247 0.8174108 0.1003528
vn 0.06994127 0.9969497 0.03463306
vn 0.06994127 0.9969497 0.03463306
vn 0.567247 0.8174108 0.1003528
vn 0.270238 0.9134668 0.3042202
vn 0.06994127 0.9969497 0.03463306
vn 0.270238 0.9134668 0.3042202
vn -0.4288912 0.9010351 0.06471553
vn 0.3524691 0.7790906 -0.5184431
vn 0.7478973 0.66038 -0.06743836
vn 0.567247 0.8174108 0.1003528
vn 0.567247 0.8174108 0.1003528
vn 0.7478973 0.66038 -0.06743836
vn 0.6769491 0.6715865 0.3011837
vn 0.567247 0.8174108 0.1003528
vn 0.6769491 0.6715865 0.3011837
vn 0.270238 0.9134668 0.3042202
vn 0.3524691 0.7790906 -0.5184431
vn 0.7866675 0.302339 -0.5382798
vn 0.7478973 0.66038 -0.06743836
vn 0.7478973 0.66038 -0.06743836
vn 0.7866675 0.302339 -0.5382798
vn 0.8226147 0.5683504 0.01682323
vn 0.7478973 0.66038 -0.06743836
vn 0.8226147 0.5683504 0.01682323
vn 0.6769491 0.6715865 0.3011837
vn 0.3524691 0.7790906 -0.5184431
vn 0.4538144 0.1631369 -0.876036
vn 0.7866675 0.302339 -0.5382798
vn 0.7866675 0.302339 -0.5382798
vn 0.4538144 0.1631369 -0.876036
vn 0.7053158 -0.1268884 -0.6974446
vn 0.7866675 0.302339 -0.5382798
vn 0.7053158 -0.1268884 -0.6974446
vn 0.9268229 0.01576282 -0.375168
vn 0.3524691 0.7790906 -0.5184431
vn 0.06994127 0.9969497 0.03463306
vn -0.2991119 0.9110557 -0.2837418
vn -0.2991119 0.9110557 -0.2837418
vn 0.06994127 0.9969497 0.03463306
vn -0.4288912 0.9010351 0.06471553
vn -0.2991119 0.9110557 -0.2837418
vn -0.4288912 0.9010351 0.06471553
vn -0.6571993 0.5174188 -0.5480574
vn -0.003146186 0.7852771 -0.6191365
vn 0.4162724 0.9059039 -0.07781661
vn -0.0597449 0.9973863 0.04063363
vn -0.0597449 0.9973863 0.04063363
vn 0.4162724 0.9059039 -0.07781661
vn 0.1433643 0.9222906 0.3589243
vn -0.0597449 0.9973863 0.04063363
vn 0.1433643 0.9222906 0.3589243
vn -0.4097332 0.8556271 0.3162609
vn -0.4097332 0.8556271 0.3162609
vn 0.1433643 0.9222906 0.3589243
vn -0.2499659 0.7798231 0.5739278
vn -0.003146186 0.7852771 -0.6191365
vn 0.564939 0.7152564 -0.4114028
vn 0.4162724 0.9059039 -0.07781661
vn 0.4162724 0.9059039 -0.07781661
vn 0.564939 0.7152564 -0.4114028
vn 0.6465185 0.7535506 0.1190598
vn 0.4162724 0.9059039 -0.07781661
vn 0.6465185 0.7535506 0.1190598
vn 0.1433643 0.9222906 0.3589243
vn 0.1433643 0.9222906 0.3589243
vn 0.6465185 0.7535506 0.1190598
vn 0.6434764 0.7544152 0.1295992
vn -0.003146186 0.7852771 -0.6191365
vn 0.4413434 0.3545499 -0.8243241
vn 0.564939 0.7152564 -0.4114028
vn 0.564939 0.7152564 -0.4114028
vn 0.4413434 0.3545499 -0.8243241
vn 0.6827213 0.1214015 -0.7205231
vn 0.564939 0.7152564 -0.4114028
vn 0.6783122 0.7233148 0.1292604
vn 0.6465185 0.7535506 0.1190598
vn 0.6465185 0.7535506 0.1190598
vn 0.6783122 0.7233148 0.1292604
vn 0.7832392 0.6028951 0.1518344
vn 0.6465185 0.7535506 0.1190598
vn 0.7832392 0.6028951 0.1518344
vn 0.6434764 0.7544152 0.1295992
vn -0.003146186 0.7852771 -0.6191365
vn 0.05496984 0.1934903 -0.979561
vn 0.4413434 0.3545499 -0.8243241
vn 0.4413434 0.3545499 -0.8243241
vn 0.05496984 0.1934903 -0.979561
vn 0.4423352 -0.1712141 -0.8803552
vn 0.4413434 0.3545499 -0.8243241
vn 0.4423352 -0.1712141 -0.8803552
vn 0.6827213 0.1214015 -0.7205231
vn 0.6827213 0.1214015 -0.7205231
vn 0.4423352 -0.1712141 -0.8803552
vn 0.5708955 -0.27744 -0.7727259
vn -0.003146186 0.7852771 -0.6191365
vn -0.4210413 0.2849731 -0.8611125
vn 0.05496984 0.1934903 -0.979561
vn 0.05496984 0.1934903 -0.979561
vn -0.4210413 0.2849731 -0.8611125
vn -0.1633753 -0.2616959 -0.9512224
vn 0.05496984 0.1934903 -0.979561
vn -0.1633753 -0.2616959 -0.9512224
vn 0.4423352 -0.1712141 -0.8803552
vn 0.4423352 -0.1712141 -0.8803552
vn -0.1633753 -0.2616959 -0.9512224
vn 0.1690556 -0.4581884 -0.8726302
vn 0.4423352 -0.1712141 -0.8803552
vn 0.1690556 -0.4581884 -0.8726302
vn 0.5708955 -0.27744 -0.7727259
vn -0.003146186 0.7852771 -0.6191365
vn -0.6518146 0.5583233 -0.5132376
vn -0.4210413 0.2849731 -0.8611125
vn -0.4210413 0.2849731 -0.8611125
vn -0.6518146 0.5583233 -0.5132376
vn -0.6682699 0.02526391 -0.7434899
vn -0.4210413 0.2849731 -0.8611125
vn -0.6682699 0.02526391 -0.7434899
vn -0.1633753 -0.2616959 -0.9512224
vn -0.1633753 -0.2616959 -0.9512224
vn -0.6682699 0.02526391 -0.7434899
vn -0.3314618 -0.4385665 -0.8353398
vn -0.1633753 -0.2616959 -0.9512224
vn -0.3314618 -0.4385665 -0.8353398
vn 0.1690556 -0.4581884 -0.8726302
vn -0.003146186 0.7852771 -0.6191365
vn -0.5021585 0.8534136 -0.1397217
vn -0.6518146 0.5583233 -0.5132376
vn -0.6518146 0.5583233 -0.5132376
vn -0.5021585 0.8534136 -0.1397217
vn -0.82236 0.5346387 -0.1946422
vn -0.6518146 0.5583233 -0.5132376
vn -0.82236 0.5346387 -0.1946422
vn -0.6682699 0.02526391 -0.7434899
vn -0.003146186 0.7852771 -0.6191365
vn -0.0597449 0.9973863 0.04063363
vn -0.5021585 0.8534136 -0.1397217
vn -0.5021585 0.8534136 -0.1397217
vn -0.0597449 0.9973863 0.04063363
vn -0.4097332 0.8556271 0.3162609
vn -0.5021585 0.8534136 -0.1397217
vn -0.4097332 0.8556271 0.3162609
vn -0.82236 0.5346387 -0.1946422
vn 7.679794E-08 1 -3.040913E-07
vn -0.3618658 0.8251482 -0.4338013
vn 0.05086618 0.825148 -0.562622
vn 0.05086618 0.825148 -0.562622
vn -0.3618658 0.8251482 -0.4338013
vn -0.1541757 0.4729788 -0.8674797
vn 0.05086618 0.825148 -0.562622
vn -0.1541757 0.4729788 -0.8674797
vn 0.5043822 0.4729783 -0.7224197
vn 0.5043822 0.4729783 -0.7224197
vn -0.1541757 0.4729788 -0.8674797
vn 0.2071268 0.02411439 -0.9780169
vn 0.5043822 0.4729783 -0.7224197
vn 0.2071268 0.02411439 -0.9780169
vn 0.7867473 0.1298754 -0.6034577
vn 0.7867473 0.1298754 -0.6034577
vn 0.2071268 0.02411439 -0.9780169
vn 0.3480472 -0.1834781 -0.9193471
vn 7.679794E-08 1 -3.040913E-07
vn -0.5626208 0.8251487 -0.05086708
vn -0.3618658 0.8251482 -0.4338013
vn -0.3618658 0.8251482 -0.4338013
vn -0.5626208 0.8251487 -0.05086708
vn -0.7224189 0.4729793 -0.5043824
vn -0.3618658 0.8251482 -0.4338013
vn -0.7224189 0.4729793 -0.5043824
vn -0.1541757 0.4729788 -0.8674797
vn -0.1541757 0.4729788 -0.8674797
vn -0.7224189 0.4729793 -0.5043824
vn -0.5451021 0.02411471 -0.8380228
vn -0.1541757 0.4729788 -0.8674797
vn -0.5451021 0.02411471 -0.8380228
vn 0.2071268 0.02411439 -0.9780169
vn 0.2071268 0.02411439 -0.9780169
vn -0.5451021 0.02411471 -0.8380228
vn -0.2418307 -0.2262642 -0.9435691
vn 0.2071268 0.02411439 -0.9780169
vn -0.2418307 -0.2262642 -0.9435691
vn 0.3480472 -0.1834781 -0.9193471
vn 7.679794E-08 1 -3.040913E-07
vn -0.433801 0.8251488 0.361865
vn -0.5626208 0.8251487 -0.05086708
vn -0.5626208 0.8251487 -0.05086708
vn -0.433801 0.8251488 0.361865
vn -0.8674792 0.4729795 0.1541758
vn -0.5626208 0.8251487 -0.05086708
vn -0.8674792 0.4729795 0.1541758
vn -0.7224189 0.4729793 -0.5043824
vn -0.7224189 0.4729793 -0.5043824
vn -0.8674792 0.4729795 0.1541758
vn -0.9780169 0.02411454 -0.2071271
vn -0.7224189 0.4729793 -0.5043824
vn -0.9780169 0.02411454 -0.2071271
vn -0.5451021 0.02411471 -0.8380228
vn -0.5451021 0.02411471 -0.8380228
vn -0.9780169 0.02411454 -0.2071271
vn -0.8382032 -0.2262653 -0.4962049
vn -0.5451021 0.02411471 -0.8380228
vn -0.8382032 -0.2262653 -0.4962049
vn -0.2418307 -0.2262642 -0.9435691
vn 7.679794E-08 1 -3.040913E-07
vn -0.05086542 0.8251488 0.5626208
vn -0.433801 0.8251488 0.361865
vn -0.433801 0.8251488 0.361865
vn -0.05086542 0.8251488 0.5626208
vn -0.5043819 0.472979 0.7224194
vn -0.433801 0.8251488 0.361865
vn -0.5043819 0.472979 0.7224194
vn -0.8674792 0.4729795 0.1541758
vn -0.8674792 0.4729795 0.1541758
vn -0.5043819 0.472979 0.7224194
vn -0.8934087 0.1296473 0.4301309
vn -0.8674792 0.4729795 0.1541758
vn -0.8934087 0.1296473 0.4301309
vn -0.9780169 0.02411454 -0.2071271
vn -0.9780169 0.02411454 -0.2071271
vn -0.8934087 0.1296473 0.4301309
vn -0.9831107 -0.1789272 0.0384534
vn -0.9780169 0.02411454 -0.2071271
vn -0.9831107 -0.1789272 0.0384534
vn -0.8382032 -0.2262653 -0.4962049
vn 7.679794E-08 1 -3.040913E-07
vn 0.3618668 0.8251479 0.4338012
vn -0.05086542 0.8251488 0.5626208
vn -0.05086542 0.8251488 0.5626208
vn 0.3618668 0.8251479 0.4338012
vn 0.1541769 0.4729798 0.8674788
vn -0.05086542 0.8251488 0.5626208
vn 0.1541769 0.4729798 0.8674788
vn -0.5043819 0.472979 0.7224194
vn -0.5043819 0.472979 0.7224194
vn 0.1541769 0.4729798 0.8674788
vn -0.2302235 0.1943152 0.9535402
vn -0.5043819 0.472979 0.7224194
vn -0.2302235 0.1943152 0.9535402
vn -0.8934087 0.1296473 0.4301309
vn 7.679794E-08 1 -3.040913E-07
vn 0.5626228 0.8251474 0.05086571
vn 0.3618668 0.8251479 0.4338012
vn 0.3618668 0.8251479 0.4338012
vn 0.5626228 0.8251474 0.05086571
vn 0.72242 0.472978 0.504382
vn 0.3618668 0.8251479 0.4338012
vn 0.72242 0.472978 0.504382
vn 0.1541769 0.4729798 0.8674788
vn 0.1541769 0.4729798 0.8674788
vn 0.72242 0.472978 0.504382
vn 0.5114632 0.1943156 0.8370465
vn 0.1541769 0.4729798 0.8674788
vn 0.5114632 0.1943156 0.8370465
vn -0.2302235 0.1943152 0.9535402
vn 7.679794E-08 1 -3.040913E-07
vn 0.4338011 0.8251473 -0.3618682
vn 0.5626228 0.8251474 0.05086571
vn 0.5626228 0.8251474 0.05086571
vn 0.4338011 0.8251473 -0.3618682
vn 0.8674801 0.4729775 -0.1541771
vn 0.5626228 0.8251474 0.05086571
vn 0.8674801 0.4729775 -0.1541771
vn 0.72242 0.472978 0.504382
vn 0.72242 0.472978 0.504382
vn 0.8674801 0.4729775 -0.1541771
vn 0.95354 0.1943157 0.2302235
vn 0.72242 0.472978 0.504382
vn 0.95354 0.1943157 0.2302235
vn 0.5114632 0.1943156 0.8370465
vn 7.679794E-08 1 -3.040913E-07
vn 0.05086618 0.825148 -0.562622
vn 0.4338011 0.8251473 -0.3618682
vn 0.4338011 0.8251473 -0.3618682
vn 0.05086618 0.825148 -0.562622
vn 0.5043822 0.4729783 -0.7224197
vn 0.4338011 0.8251473 -0.3618682
vn 0.5043822 0.4729783 -0.7224197
vn 0.8674801 0.4729775 -0.1541771
vn 0.8674801 0.4729775 -0.1541771
vn 0.5043822 0.4729783 -0.7224197
vn 0.7867473 0.1298754 -0.6034577
vn 0.8674801 0.4729775 -0.1541771
vn 0.7867473 0.1298754 -0.6034577
vn 0.95354 0.1943157 0.2302235
vn -0.3705111 0.1980005 0.9074786
vn -0.3567323 0.3305688 0.8737656
vn -0.123334 0.3515859 0.9279958
vn -0.3705111 0.1980005 0.9074786
vn -0.123334 0.3515859 0.9279958
vn -0.3705223 0.1980205 0.9074696
vn 0.3797148 0.1980027 0.9036657
vn -0.123334 0.3515859 0.9279958
vn 0.569 0.3515814 0.7433906
vn 0.3797148 0.1980027 0.9036657
vn 0.569 0.3515814 0.7433906
vn 0.379729 0.1979827 0.9036641
vn 0.9074801 0.1979921 0.3705118
vn 0.569 0.3515814 0.7433906
vn 0.9280024 0.351564 0.1233466
vn 0.9074801 0.1979921 0.3705118
vn 0.9280024 0.351564 0.1233466
vn 0.9074533 0.1980522 0.3705455
vn 0.9036655 0.198001 -0.379716
vn 0.9280024 0.351564 0.1233466
vn 0.7433934 0.3515758 -0.5689998
vn 0.9036655 0.198001 -0.379716
vn 0.7433934 0.3515758 -0.5689998
vn 0.903661 0.1979433 -0.3797571
vn 0.3705064 0.1980076 -0.907479
vn 0.7433934 0.3515758 -0.5689998
vn 0.1233327 0.3515825 -0.9279974
vn 0.3705064 0.1980076 -0.907479
vn 0.1233327 0.3515825 -0.9279974
vn 0.3705152 0.1980234 -0.9074719
vn -0.3797101 0.1980093 -0.9036662
vn 0.1233327 0.3515825 -0.9279974
vn -0.3656014 0.3305729 -0.8700904
vn -0.3797101 0.1980093 -0.9036662
vn -0.3656014 0.3305729 -0.8700904
vn -0.3797214 0.1979935 -0.9036649
vn -0.3780368 -5.516961E-09 0.9257907
vn -0.3780368 -5.516961E-09 0.9257907
vn -0.3780368 -5.516961E-09 0.9257907
vn -0.3780368 -5.516961E-09 0.9257907
vn -0.3780368 -5.516961E-09 0.9257907
vn -0.3780368 -5.516961E-09 0.9257907
vn 0.3874263 5.516961E-09 0.9219007
vn 0.3874263 5.516961E-09 0.9219007
vn 0.3874263 5.516961E-09 0.9219007
vn 0.3874263 5.516961E-09 0.9219007
vn 0.3874263 5.516961E-09 0.9219007
vn 0.3874263 5.516961E-09 0.9219007
vn 0.9257814 0 0.3780593
vn 0.9257814 0 0.3780593
vn 0.9257814 0 0.3780593
vn 0.9257814 0 0.3780593
vn 0.9257814 0 0.3780593
vn 0.9257814 0 0.3780593
vn 0.9218912 0 -0.3874488
vn 0.9218912 0 -0.3874488
vn 0.9218912 0 -0.3874488
vn 0.9218912 0 -0.3874488
vn 0.9218912 0 -0.3874488
vn 0.9218912 0 -0.3874488
vn 0.3780368 -5.516961E-09 -0.9257907
vn 0.3780368 -5.516961E-09 -0.9257907
vn 0.3780368 -5.516961E-09 -0.9257907
vn 0.3780368 -5.516961E-09 -0.9257907
vn 0.3780368 -5.516961E-09 -0.9257907
vn 0.3780368 -5.516961E-09 -0.9257907
vn -0.3874263 5.516961E-09 -0.9219007
vn -0.3874263 5.516961E-09 -0.9219007
vn -0.3874263 5.516961E-09 -0.9219007
vn -0.3874263 5.516961E-09 -0.9219007
vn -0.3874263 5.516961E-09 -0.9219007
vn -0.3874263 5.516961E-09 -0.9219007
vn 0.0001698807 0.9994411 0.03342937
vn 0.0001698807 0.9994411 0.03342937
vn 0.0001698807 0.9994411 0.03342937
vn 0.998143 -0.05501964 0.02614576
vn 0.9986876 -0.03144337 0.04043037
vn 0.9987937 -0.03671594 0.03260583
vn 0.998143 -0.05501964 0.02614576
vn 0.9987937 -0.03671594 0.03260583
vn 0.9987394 -0.04724595 0.01695603
vn 0.000187654 -0.9993179 0.03692698
vn 0.000187654 -0.9993179 0.03692698
vn 0.000187654 -0.9993179 0.03692698
vn 0.000187654 -0.9993179 0.03692698
vn 0.000187654 -0.9993179 0.03692698
vn 0.000187654 -0.9993179 0.03692698
vn 0.998965 -6.965729E-05 0.04548812
vn 0.9987937 -0.03671594 0.03260583
vn 0.9986876 -0.03144337 0.04043037
vn 0.0001698807 0.9994411 0.03342937
vn 0.0001698807 0.9994411 0.03342937
vn 0.0001698807 0.9994411 0.03342937
vn 0.001077304 0.9765608 0.2152388
vn 0.001470688 0.9555644 0.2947787
vn 0.001174922 0.9719207 0.2353056
vn 0.001077304 0.9765608 0.2152388
vn 0.001174922 0.9719207 0.2353056
vn 0.0005410095 0.9941915 0.1076244
vn 0.0005410095 0.9941915 0.1076244
vn 0.001174922 0.9719207 0.2353056
vn 0.0005411698 0.9941909 0.1076297
vn 0.0005410095 0.9941915 0.1076244
vn 0.0005411698 0.9941909 0.1076297
vn -6.955975E-07 1 3.534865E-09
vn -6.955975E-07 1 3.534865E-09
vn 0.0005411698 0.9941909 0.1076297
vn -1.665812E-10 1 9.329209E-10
vn -6.955975E-07 1 3.534865E-09
vn -1.665812E-10 1 9.329209E-10
vn -0.0005527039 0.9941909 -0.1076296
vn -0.0005527039 0.9941909 -0.1076296
vn -1.665812E-10 1 9.329209E-10
vn -0.0006614812 0.9914916 -0.1301689
vn -0.0005527039 0.9941909 -0.1076296
vn -0.0006614812 0.9914916 -0.1301689
vn -0.001216152 0.9719184 -0.2353151
vn -0.001216152 0.9719184 -0.2353151
vn -0.0006614812 0.9914916 -0.1301689
vn -0.001297269 0.9668649 -0.2552854
vn -0.001216152 0.9719184 -0.2353151
vn -0.001297269 0.9668649 -0.2552854
vn -0.001713915 0.9415334 -0.3369153
vn -0.001713915 0.9415334 -0.3369153
vn -0.001297269 0.9668649 -0.2552854
vn -0.001711687 0.9415616 -0.3368365
vn -0.001713915 0.9415334 -0.3369153
vn -0.001711687 0.9415616 -0.3368365
vn -0.001922496 0.9256741 -0.3783171
vn -0.001922496 0.9256741 -0.3783171
vn -0.001711687 0.9415616 -0.3368365
vn -0.001716961 0.9415334 -0.3369153
vn -0.001922496 0.9256741 -0.3783171
vn -0.001716961 0.9415334 -0.3369153
vn -0.002003976 0.9256065 -0.3784818
vn -0.002003976 0.9256065 -0.3784818
vn -0.001716961 0.9415334 -0.3369153
vn -0.001698179 0.9415045 -0.3369961
vn -0.002003976 0.9256065 -0.3784818
vn -0.001698179 0.9415045 -0.3369961
vn -0.002022921 0.9255193 -0.378695
vn -0.002022921 0.9255193 -0.378695
vn -0.001698179 0.9415045 -0.3369961
vn -0.00174077 0.941464 -0.3371091
vn -0.002022921 0.9255193 -0.378695
vn -0.00174077 0.941464 -0.3371091
vn -0.002198565 0.9254147 -0.3789497
vn 0.9999871 0 -0.005081713
vn 0.9999871 0 -0.005081713
vn 0.9999871 0 -0.005081713
vn 0.9999871 0 -0.005081713
vn 0.9999871 0 -0.005081713
vn 0.9999871 0 -0.005081713
vn 0.9999871 0 -0.005081713
vn 0.9999871 0 -0.005081713
vn 0.9999871 0 -0.005081713
vn 0.9999871 0 -0.005081713
vn 0.9999871 0 -0.005081713
vn 0.9999871 0 -0.005081713
vn -0.004680743 -0.4162832 -0.909223
vn -0.003152726 -0.7881894 -0.6154246
vn -0.004372867 -0.4944938 -0.8691702
vn -0.004372867 -0.4944938 -0.8691702
vn -0.003152726 -0.7881894 -0.6154246
vn -0.002758299 -0.827947 -0.5607996
vn -0.004372867 -0.4944938 -0.8691702
vn -0.002758299 -0.827947 -0.5607996
vn -0.004271777 -0.4948849 -0.868948
vn -0.004271777 -0.4948849 -0.868948
vn -0.002758299 -0.827947 -0.5607996
vn -0.002780385 -0.8279443 -0.5608034
vn -0.004271777 -0.4948849 -0.868948
vn -0.002780385 -0.8279443 -0.5608034
vn -0.004178385 -0.5691224 -0.8222422
vn -0.004178385 -0.5691224 -0.8222422
vn -0.002780385 -0.8279443 -0.5608034
vn -0.002560212 -0.8638068 -0.5038167
vn -0.004178385 -0.5691224 -0.8222422
vn -0.002560212 -0.8638068 -0.5038167
vn -0.00291926 -0.8279443 -0.5608026
vn -0.00291926 -0.8279443 -0.5608026
vn -0.002560212 -0.8638068 -0.5038167
vn -0.001245846 -0.9694809 -0.2451641
vn -0.00291926 -0.8279443 -0.5608026
vn -0.001245846 -0.9694809 -0.2451641
vn -0.001258338 -0.9694976 -0.2450974
vn -0.001258338 -0.9694976 -0.2450974
vn -0.001245846 -0.9694809 -0.2451641
vn -1.752296E-11 -1 -1.247903E-09
vn -0.001258338 -0.9694976 -0.2450974
vn -1.752296E-11 -1 -1.247903E-09
vn 0.0001695564 -0.9994432 0.03336664
vn 0.0001695564 -0.9994432 0.03336664
vn -1.752296E-11 -1 -1.247903E-09
vn 0.001232676 -0.9694976 0.2450975
vn 0.0001695564 -0.9994432 0.03336664
vn 0.001232676 -0.9694976 0.2450975
vn 0.001487939 -0.9561704 0.2928071
vn 0.001487939 -0.9561704 0.2928071
vn 0.001232676 -0.9694976 0.2450975
vn 0.002768597 -0.8279163 0.5608448
vn 0.001487939 -0.9561704 0.2928071
vn 0.002768597 -0.8279163 0.5608448
vn 0.003122894 -0.7881556 0.6154683
vn 0.003122894 -0.7881556 0.6154683
vn 0.002768597 -0.8279163 0.5608448
vn 0.00436079 -0.4945291 0.8691502
vn 0.003122894 -0.7881556 0.6154683
vn 0.00436079 -0.4945291 0.8691502
vn 0.004608884 -0.4163712 0.9091831
vn 0.004608884 -0.4163712 0.9091831
vn 0.00436079 -0.4945291 0.8691502
vn 0.005047139 -0.1107095 0.99384
vn 0.004608884 -0.4163712 0.9091831
vn 0.005047139 -0.1107095 0.99384
vn 0.00450405 -0.2749236 0.9614556
vn 0.004267691 0.4760977 0.8793821
vn 0.004944834 0.1963147 0.9805285
vn 0.00441989 0.476394 0.8792208
vn 0.00441989 0.476394 0.8792208
vn 0.004944834 0.1963147 0.9805285
vn 0.004803125 0.3265221 0.9451774
vn 0.00441989 0.476394 0.8792208
vn 0.004803125 0.3265221 0.9451774
vn 0.004803181 0.3265223 0.9451773
vn 0.005081713 6.881438E-05 0.9999871
vn 0.005082172 6.907689E-05 0.9999871
vn 0.005082172 6.907689E-05 0.9999871
vn 0.005082172 6.907689E-05 0.9999871
vn 0.005082172 6.907689E-05 0.9999871
vn 0.005082631 6.93394E-05 0.9999871
vn 0.003311327 -0.654556 0.7560063
vn 0.003051023 -0.7554349 0.6552166
vn 0.00450405 -0.2749236 0.9614556
vn 0.005098741 6.369522E-05 0.999987
vn 0.00450405 -0.2749236 0.9614556
vn 0.004944834 0.1963147 0.9805285
vn 0.004944834 0.1963147 0.9805285
vn 0.00450405 -0.2749236 0.9614556
vn 0.005081866 6.878011E-05 0.9999871
vn 0.004944834 0.1963147 0.9805285
vn 0.005081866 6.878011E-05 0.9999871
vn 0.004803125 0.3265221 0.9451774
vn 0.005081866 6.878011E-05 0.9999871
vn 0.00450405 -0.2749236 0.9614556
vn 0.005047139 -0.1107095 0.99384
vn 0.005081866 6.878011E-05 0.9999871
vn 0.005047139 -0.1107095 0.99384
vn 0.005080411 6.88872E-05 0.9999871
vn 0.005080411 6.88872E-05 0.9999871
vn 0.005047139 -0.1107095 0.99384
vn 0.005012664 0.1632966 0.9865643
vn 0.005080411 6.88872E-05 0.9999871
vn 0.005012664 0.1632966 0.9865643
vn 0.004803181 0.3265223 0.9451773
vn 0.9971524 0.0752432 -0.005067289
vn 0.9971524 0.0752432 -0.005067289
vn 0.9971524 0.0752432 -0.005067289
vn 0.9971524 0.0752432 -0.005067289
vn 0.9971524 0.0752432 -0.005067289
vn 0.9971524 0.0752432 -0.005067289
vn 0 1 0
vn 0 1 0
vn 0 1 0
vn 0 1 0
vn 0 1 0
vn 0 1 0
vn 0.02705145 -0.999634 -0.0001374744
vn 0.02705145 -0.999634 -0.0001374744
vn 0.02705145 -0.999634 -0.0001374744
vn 0.02705145 -0.999634 -0.0001374744
vn 0.02705145 -0.999634 -0.0001374744
vn 0.02705145 -0.999634 -0.0001374744
vn -0.3655942 0.3305688 -0.870095
vn -0.3797149 0.1980005 -0.903666
vn -0.3797149 0.1980005 -0.903666
vn -0.3797149 0.1980005 -0.903666
vn -0.3797149 0.1980005 -0.903666
vn -0.3797261 0.1980205 -0.9036571
vn 0.3567309 0.3305788 -0.8737624
vn 0.370511 0.1980027 -0.9074782
vn 0.370511 0.1980027 -0.9074782
vn 0.370511 0.1980027 -0.9074782
vn 0.370511 0.1980027 -0.9074782
vn 0.3705252 0.1979827 -0.9074767
vn 0.8701085 0.3305587 -0.365571
vn 0.9036677 0.1979921 -0.3797156
vn 0.9036677 0.1979921 -0.3797156
vn 0.9036677 0.1979921 -0.3797156
vn 0.9036677 0.1979921 -0.3797156
vn 0.9036404 0.1980522 -0.3797491
vn 0.8737781 0.3305584 0.3567116
vn 0.9074781 0.198001 0.3705122
vn 0.9074781 0.198001 0.3705122
vn 0.9074781 0.198001 0.3705122
vn 0.9074781 0.198001 0.3705122
vn 0.9074739 0.1979433 0.3705533
vn 0.3655926 0.3305693 0.8700955
vn 0.3797102 0.1980076 0.9036666
vn 0.3797102 0.1980076 0.9036666
vn 0.3797102 0.1980076 0.9036666
vn 0.3797102 0.1980076 0.9036666
vn 0.379719 0.1980234 0.9036594
vn -0.3567301 0.3305741 0.8737646
vn -0.3705063 0.1980093 0.9074786
vn -0.3567395 0.3305729 0.8737612
vn -0.3567395 0.3305729 0.8737612
vn -0.3705063 0.1980093 0.9074786
vn -0.3705176 0.1979935 0.9074775
vn -0.3874263 -5.516961E-09 -0.9219007
vn -0.3874263 -5.516961E-09 -0.9219007
vn -0.3874263 -5.516961E-09 -0.9219007
vn -0.3874263 -5.516961E-09 -0.9219007
vn -0.3874263 -5.516961E-09 -0.9219007
vn -0.3874263 -5.516961E-09 -0.9219007
vn 0.3780368 5.516961E-09 -0.9257907
vn 0.3780368 5.516961E-09 -0.9257907
vn 0.3780368 5.516961E-09 -0.9257907
vn 0.3780368 5.516961E-09 -0.9257907
vn 0.3780368 5.516961E-09 -0.9257907
vn 0.3780368 5.516961E-09 -0.9257907
vn 0.9218912 0 -0.3874488
vn 0.9218912 0 -0.3874488
vn 0.9218912 0 -0.3874488
vn 0.9218912 0 -0.3874488
vn 0.9218912 0 -0.3874488
vn 0.9218912 0 -0.3874488
vn 0.9257814 0 0.3780593
vn 0.9257814 0 0.3780593
vn 0.9257814 0 0.3780593
vn 0.9257814 0 0.3780593
vn 0.9257814 0 0.3780593
vn 0.9257814 0 0.3780593
vn 0.3874263 -5.516961E-09 0.9219007
vn 0.3874263 -5.516961E-09 0.9219007
vn 0.3874263 -5.516961E-09 0.9219007
vn 0.3874263 -5.516961E-09 0.9219007
vn 0.3874263 -5.516961E-09 0.9219007
vn 0.3874263 -5.516961E-09 0.9219007
vn -0.3780368 5.516961E-09 0.9257907
vn -0.3780368 5.516961E-09 0.9257907
vn -0.3780368 5.516961E-09 0.9257907
vn -0.3780368 5.516961E-09 0.9257907
vn -0.3780368 5.516961E-09 0.9257907
vn -0.3780368 5.516961E-09 0.9257907
vn 0.9984511 -6.965729E-05 -0.05563855
vn 0.998225 -0.03144337 -0.05057818
vn 0.9984107 -0.03671594 -0.04275513
vn 0.9984107 -0.03671594 -0.04275513
vn 0.998225 -0.03144337 -0.05057818
vn 0.9978256 -0.05501964 -0.03628886
vn 0.9984107 -0.03671594 -0.04275513
vn 0.9978256 -0.05501964 -0.03628886
vn 0.9985155 -0.04724595 -0.02710563
vn -0.000187654 -0.9993179 -0.03692698
vn -0.000187654 -0.9993179 -0.03692698
vn -0.000187654 -0.9993179 -0.03692698
vn -0.000187654 -0.9993179 -0.03692698
vn -0.000187654 -0.9993179 -0.03692698
vn -0.000187654 -0.9993179 -0.03692698
vn -0.0001698807 0.9994411 -0.03342937
vn -0.0001698807 0.9994411 -0.03342937
vn -0.0001698807 0.9994411 -0.03342937
vn -0.0001698807 0.9994411 -0.03342937
vn -0.0001698807 0.9994411 -0.03342937
vn -0.0001698807 0.9994411 -0.03342937
vn -1.665812E-10 1 9.329209E-10
vn 0.0005411698 0.9941909 0.1076297
vn 0.0006614811 0.9914916 0.1301689
vn 0.0006614811 0.9914916 0.1301689
vn 0.0005411698 0.9941909 0.1076297
vn 0.00117545 0.9719184 0.2353153
vn 0.0006614811 0.9914916 0.1301689
vn 0.00117545 0.9719184 0.2353153
vn 0.001297266 0.9668649 0.2552854
vn 0.001297266 0.9668649 0.2552854
vn 0.00117545 0.9719184 0.2353153
vn 0.001710332 0.9415334 0.3369153
vn 0.001297266 0.9668649 0.2552854
vn 0.001710332 0.9415334 0.3369153
vn 0.001711681 0.9415616 0.3368366
vn 0.001711681 0.9415616 0.3368366
vn 0.001710332 0.9415334 0.3369153
vn 0.001922492 0.9256741 0.3783171
vn 0.001711681 0.9415616 0.3368366
vn 0.001922492 0.9256741 0.3783171
vn 0.001707285 0.9415334 0.3369153
vn 0.001707285 0.9415334 0.3369153
vn 0.001922492 0.9256741 0.3783171
vn 0.001842659 0.9256067 0.3784826
vn 0.001707285 0.9415334 0.3369153
vn 0.001842659 0.9256067 0.3784826
vn 0.00172681 0.9415045 0.3369959
vn 0.00172681 0.9415045 0.3369959
vn 0.001842659 0.9256067 0.3784826
vn 0.001825886 0.9255193 0.3786961
vn 0.00172681 0.9415045 0.3369959
vn 0.001825886 0.9255193 0.3786961
vn 0.00168543 0.9414639 0.3371094
vn 0.00168543 0.9414639 0.3371094
vn 0.001825886 0.9255193 0.3786961
vn 0.001652909 0.9254147 0.3789525
vn 0.9999871 0 -0.005081713
vn 0.9999871 0 -0.005081713
vn 0.9999871 0 -0.005081713
vn 0.9999871 0 -0.005081713
vn 0.9999871 0 -0.005081713
vn 0.9999871 0 -0.005081713
vn 0.9999871 0 -0.005081713
vn 0.9999871 0 -0.005081713
vn 0.9999871 0 -0.005081713
vn 0.9999871 0 -0.005081713
vn 0.9999871 0 -0.005081713
vn 0.9999871 0 -0.005081713
vn -0.004271777 -0.4948849 -0.868948
vn -0.004178385 -0.5691224 -0.8222422
vn -0.005034641 -0.1295603 -0.9915588
vn -0.005034641 -0.1295603 -0.9915588
vn -0.004178385 -0.5691224 -0.8222422
vn -0.004535778 -0.4948612 -0.8689602
vn -0.005034641 -0.1295603 -0.9915588
vn -0.004535778 -0.4948612 -0.8689602
vn -0.005072593 -0.129391 -0.9915807
vn -0.005072593 -0.129391 -0.9915807
vn -0.004535778 -0.4948612 -0.8689602
vn -0.004472717 -0.4945291 -0.8691496
vn -0.005072593 -0.129391 -0.9915807
vn -0.004472717 -0.4945291 -0.8691496
vn -0.005053706 -0.1107095 -0.99384
vn -0.005053706 -0.1107095 -0.99384
vn -0.004472717 -0.4945291 -0.8691496
vn -0.00463145 -0.4163712 -0.9091829
vn -0.005053706 -0.1107095 -0.99384
vn -0.00463145 -0.4163712 -0.9091829
vn -0.005066813 -0.06441996 -0.99791
vn -0.005080795 6.93394E-05 -0.9999871
vn -0.005081254 6.907689E-05 -0.9999871
vn -0.005081254 6.907689E-05 -0.9999871
vn -0.005081254 6.907689E-05 -0.9999871
vn -0.005081254 6.907689E-05 -0.9999871
vn -0.005081713 6.881438E-05 -0.9999871
vn -0.003608215 -0.7554349 -0.6552137
vn -0.004372308 -0.654556 -0.7560009
vn -0.004372308 -0.654556 -0.7560009
vn -0.005066813 -0.06441996 -0.99791
vn -0.005064685 6.369522E-05 -0.9999872
vn -0.00502069 0.1963148 -0.9805281
vn -0.005066813 -0.06441996 -0.99791
vn -0.00502069 0.1963148 -0.9805281
vn -0.005081414 6.8745E-05 -0.9999871
vn -0.005081414 6.8745E-05 -0.9999871
vn -0.00502069 0.1963148 -0.9805281
vn -0.004925757 0.245782 -0.9693127
vn -0.005066813 -0.06441996 -0.99791
vn -0.005081414 6.8745E-05 -0.9999871
vn -0.005053706 -0.1107095 -0.99384
vn -0.005053706 -0.1107095 -0.99384
vn -0.005081414 6.8745E-05 -0.9999871
vn -0.005083015 6.88872E-05 -0.9999871
vn -0.005053706 -0.1107095 -0.99384
vn -0.005083015 6.88872E-05 -0.9999871
vn -0.005046231 0.1633015 -0.9865633
vn -0.005046231 0.1633015 -0.9865633
vn -0.005083015 6.88872E-05 -0.9999871
vn -0.00480319 0.3265223 -0.9451773
vn 0.9971524 0.0752432 -0.005067289
vn 0.9971524 0.0752432 -0.005067289
vn 0.9971524 0.0752432 -0.005067289
vn 0.9971524 0.0752432 -0.005067289
vn 0.9971524 0.0752432 -0.005067289
vn 0.9971524 0.0752432 -0.005067289
vn 0 1 0
vn 0 1 0
vn 0 1 0
vn 0 1 0
vn 0 1 0
vn 0 1 0
vn 0.02705145 -0.999634 -0.0001374632
vn 0.02705145 -0.999634 -0.0001374632
vn 0.02705145 -0.999634 -0.0001374632
vn 0.02705145 -0.999634 -0.0001374632
vn 0.02705145 -0.999634 -0.0001374632
vn 0.02705145 -0.999634 -0.0001374632
vn 0.00495565 0.2458084 0.9693058
vn 0.004802732 0.326727 0.9451066
vn 0.005038763 -0.129564 0.9915583
vn 0.005038763 -0.129564 0.9915583
vn 0.004802732 0.326727 0.9451066
vn 0.004910647 0.2458344 0.9692994
vn 0.005038763 -0.129564 0.9915583
vn 0.004910647 0.2458344 0.9692994
vn 0.005010688 -0.1294009 0.9915798
vn 0.005010688 -0.1294009 0.9915798
vn 0.004910647 0.2458344 0.9692994
vn 0.005012664 0.1632966 0.9865643
vn 0.005010688 -0.1294009 0.9915798
vn 0.005012664 0.1632966 0.9865643
vn 0.005047139 -0.1107095 0.99384
vn -0.3655868 0.3305764 -0.8700951
vn -0.3796943 0.1980248 -0.9036695
vn -0.3655881 0.3305753 -0.870095
vn -0.3655881 0.3305753 -0.870095
vn -0.3796943 0.1980248 -0.9036695
vn -0.3796947 0.1980255 -0.9036692
vn 0.3567443 0.3305722 -0.8737594
vn 0.3705105 0.1980226 -0.907474
vn 0.3567466 0.3305749 -0.8737576
vn 0.3567466 0.3305749 -0.8737576
vn 0.3705105 0.1980226 -0.907474
vn 0.3705115 0.1980212 -0.9074739
vn 0.8700935 0.3305755 -0.3655918
vn 0.9036719 0.1980047 -0.3796991
vn 0.8700947 0.330561 -0.3656018
vn 0.8700947 0.330561 -0.3656018
vn 0.9036719 0.1980047 -0.3796991
vn 0.9036727 0.1980028 -0.379698
vn 0.8737733 0.3305503 0.3567308
vn 0.907485 0.1980022 0.3704945
vn 0.8737649 0.3305644 0.3567384
vn 0.8737649 0.3305644 0.3567384
vn 0.907485 0.1980022 0.3704945
vn 0.9074849 0.1980017 0.3704948
vn 0.3656071 0.3305763 0.8700868
vn 0.379719 0.1980154 0.9036611
vn 0.3656107 0.3305761 0.8700852
vn 0.3656107 0.3305761 0.8700852
vn 0.379719 0.1980154 0.9036611
vn 0.3797221 0.1980209 0.9036586
vn -0.356726 0.3305795 0.8737642
vn -0.370495 0.1980183 0.9074812
vn -0.3567283 0.330578 0.8737638
vn -0.3567283 0.330578 0.8737638
vn -0.370495 0.1980183 0.9074812
vn -0.3704985 0.1980134 0.907481
vn -0.3873502 -5.517169E-09 -0.9219327
vn -0.3873502 -5.517169E-09 -0.9219327
vn -0.3873502 -5.517169E-09 -0.9219327
vn -0.3873502 -5.517169E-09 -0.9219327
vn -0.3873502 -5.517169E-09 -0.9219327
vn -0.3873502 -5.517169E-09 -0.9219327
vn 0.3780275 -5.516987E-09 -0.9257944
vn 0.3780275 -5.516987E-09 -0.9257944
vn 0.3780275 -5.516987E-09 -0.9257944
vn 0.3780275 -5.516987E-09 -0.9257944
vn 0.3780275 -5.516987E-09 -0.9257944
vn 0.3780274 -5.516986E-09 -0.9257945
vn 0.9218837 5.517224E-09 -0.3874668
vn 0.9218837 5.517224E-09 -0.3874668
vn 0.9218837 5.517224E-09 -0.3874668
vn 0.9218837 5.517224E-09 -0.3874668
vn 0.9218837 5.517224E-09 -0.3874668
vn 0.9218837 5.517224E-09 -0.3874668
vn 0.925774 -5.517224E-09 0.3780774
vn 0.925774 -5.517224E-09 0.3780774
vn 0.925774 -5.517224E-09 0.3780774
vn 0.925774 -5.517224E-09 0.3780774
vn 0.925774 -5.517224E-09 0.3780774
vn 0.925774 -5.517224E-09 0.3780774
vn 0.3874171 5.516987E-09 0.9219046
vn 0.3874171 5.516987E-09 0.9219046
vn 0.3874171 5.516987E-09 0.9219046
vn 0.3874171 5.516987E-09 0.9219046
vn 0.3874171 5.516987E-09 0.9219046
vn 0.3874171 5.516986E-09 0.9219046
vn -0.3779603 5.517169E-09 0.9258218
vn -0.3779603 5.517169E-09 0.9258218
vn -0.3779603 5.517169E-09 0.9258218
vn -0.3779603 5.517169E-09 0.9258218
vn -0.3779603 5.517169E-09 0.9258218
vn -0.3779603 5.517169E-09 0.9258218
vn 0.9987476 -0.047114 0.01683497
vn 0.9986053 -0.0402555 0.03416228
vn 0.9976502 -0.06033356 0.03246582
vn 0.9976502 -0.06033356 0.03246582
vn 0.9986053 -0.0402555 0.03416228
vn 0.9984038 -0.03681864 0.04282743
vn 0.0001876503 -0.9993179 0.03692698
vn 0.0001876466 -0.9993179 0.03692698
vn 0.0001876503 -0.9993179 0.03692698
vn 0.000187654 -0.9993179 0.03692698
vn 0.0001876503 -0.9993179 0.03692698
vn 0.0001876503 -0.9993179 0.03692698
vn 0.9984038 -0.03681864 0.04282743
vn 0.9986053 -0.0402555 0.03416228
vn 0.9992962 -5.868118E-05 0.03751278
vn 0.0001698807 0.9994411 0.03342937
vn 0.0001698807 0.9994411 0.03342937
vn 0.0001698807 0.9994411 0.03342937
vn 0.0001698807 0.9994411 0.03342937
vn 0.0001698807 0.9994411 0.03342937
vn 0.0001698807 0.9994411 0.03342937
vn -0.0005527039 0.9941909 -0.1076296
vn -0.001216152 0.9719184 -0.2353151
vn -0.001216577 0.9719207 -0.2353054
vn -0.001216577 0.9719207 -0.2353054
vn -0.001216152 0.9719184 -0.2353151
vn -0.001714372 0.9414901 -0.3370363
vn -0.001216577 0.9719207 -0.2353054
vn -0.001714372 0.9414901 -0.3370363
vn -0.00175039 0.9363278 -0.351123
vn -0.00175039 0.9363278 -0.351123
vn -0.001714372 0.9414901 -0.3370363
vn -0.001818911 0.9254852 -0.3787796
vn -0.00175039 0.9363278 -0.351123
vn -0.001818911 0.9254852 -0.3787796
vn -0.00174215 0.9254147 -0.3789518
vn -0.002560212 -0.8638068 -0.5038167
vn -0.002780385 -0.8279443 -0.5608034
vn -0.001245852 -0.9694808 -0.2451641
vn -0.001245852 -0.9694808 -0.2451641
vn -0.002780385 -0.8279443 -0.5608034
vn -0.001232674 -0.9694976 -0.2450976
vn -0.001245852 -0.9694808 -0.2451641
vn -0.001232674 -0.9694976 -0.2450976
vn 1.905009E-10 -1 -7.488921E-09
vn 1.905009E-10 -1 -7.488921E-09
vn -0.001232674 -0.9694976 -0.2450976
vn -3.364531E-10 -1 1.709771E-12
vn 1.905009E-10 -1 -7.488921E-09
vn -3.364531E-10 -1 1.709771E-12
vn 0.001258333 -0.9694976 0.2450974
vn 0.001258333 -0.9694976 0.2450974
vn -3.364531E-10 -1 1.709771E-12
vn 0.001487941 -0.9561704 0.2928071
vn 0.001258333 -0.9694976 0.2450974
vn 0.001487941 -0.9561704 0.2928071
vn 0.002941328 -0.827947 0.5607988
vn 0.002941328 -0.827947 0.5607988
vn 0.001487941 -0.9561704 0.2928071
vn 0.003102063 -0.7881894 0.6154249
vn 0.002941328 -0.827947 0.5607988
vn 0.003102063 -0.7881894 0.6154249
vn 0.004460823 -0.4944937 0.8691698
vn 0.004460823 -0.4944937 0.8691698
vn 0.003102063 -0.7881894 0.6154249
vn 0.004560068 -0.4162832 0.9092236
vn 0.004460823 -0.4944937 0.8691698
vn 0.004560068 -0.4162832 0.9092236
vn 0.005036473 -0.1106285 0.9938491
vn 0.005036473 -0.1106285 0.9938491
vn 0.004560068 -0.4162832 0.9092236
vn 0.005066813 -0.06441996 0.99791
vn 0.005036473 -0.1106285 0.9938491
vn 0.005014271 0.1632453 0.9865729
vn 0.005080572 -0.1293536 0.9915856
vn 0.005080572 -0.1293536 0.9915856
vn 0.005014271 0.1632453 0.9865729
vn 0.00495565 0.2458084 0.9693058
vn 0.005080572 -0.1293536 0.9915856
vn 0.00495565 0.2458084 0.9693058
vn 0.005038763 -0.129564 0.9915583
vn 0.9999871 2.0756E-11 -0.005081654
vn 0.9999871 -8.503589E-12 -0.005081654
vn 0.9999871 4.115833E-12 -0.005081654
vn 0.9999871 2.0756E-11 -0.005081654
vn 0.9999871 4.115833E-12 -0.005081654
vn 0.9999871 -1.791797E-11 -0.005081654
vn 0.9999871 -1.791797E-11 -0.005081654
vn 0.9999871 4.115833E-12 -0.005081654
vn 0.9999871 -2.966218E-11 -0.005081654
vn 0.9999871 -1.791797E-11 -0.005081654
vn 0.9999871 -2.966218E-11 -0.005081654
vn 0.9999871 -3.842495E-11 -0.005081654
vn 0.005080795 6.933939E-05 0.9999871
vn 0.005081254 6.907688E-05 0.9999871
vn 0.005081254 6.907688E-05 0.9999871
vn 0.005081254 6.907688E-05 0.9999871
vn 0.005081254 6.907688E-05 0.9999871
vn 0.005081713 6.881437E-05 0.9999871
vn 0.003608219 -0.7554349 0.6552138
vn 0.004372308 -0.654556 0.7560009
vn 0.004935488 -0.6551169 0.7555115
vn 0.005066813 -0.06441996 0.99791
vn 0.005064685 6.369522E-05 0.9999872
vn 0.005039387 0.1219117 0.9925282
vn 0.005066813 -0.06441996 0.99791
vn 0.005039387 0.1219117 0.9925282
vn 0.005081414 6.874499E-05 0.9999871
vn 0.005081414 6.874499E-05 0.9999871
vn 0.005039387 0.1219117 0.9925282
vn 0.004803313 0.3264197 0.9452128
vn 0.005066813 -0.06441996 0.99791
vn 0.005081414 6.874499E-05 0.9999871
vn 0.005036473 -0.1106285 0.9938491
vn 0.005036473 -0.1106285 0.9938491
vn 0.005081414 6.874499E-05 0.9999871
vn 0.005083015 6.88872E-05 0.9999871
vn 0.005036473 -0.1106285 0.9938491
vn 0.005083015 6.88872E-05 0.9999871
vn 0.005014271 0.1632453 0.9865729
vn 0.005014271 0.1632453 0.9865729
vn 0.005083015 6.88872E-05 0.9999871
vn 0.005081713 6.933037E-05 0.9999871
vn 0 1 0
vn 0 1 0
vn 0 1 0
vn 0 1 0
vn 0 1 0
vn 0 1 0
vn 0.9998411 -0.009830161 -0.01487684
vn 0.9999052 -0.009487362 -0.009979367
vn 0.9999052 -0.009487362 -0.009979367
vn 0.9999052 -0.009487362 -0.009979367
vn 0.9999052 -0.009487362 -0.009979367
vn 0.9999453 -0.009144335 -0.005081475
vn -0.02705145 -0.999634 0.0001374688
vn -0.02705145 -0.999634 0.0001374688
vn -0.02705145 -0.999634 0.0001374688
vn -0.02705145 -0.999634 0.0001374688
vn -0.02705145 -0.999634 0.0001374688
vn -0.02705145 -0.999634 0.0001374688
vn -0.005053706 -0.1107095 -0.99384
vn -0.005046231 0.1633015 -0.9865633
vn -0.005072593 -0.129391 -0.9915807
vn -0.005072593 -0.129391 -0.9915807
vn -0.005046231 0.1633015 -0.9865633
vn -0.004940808 0.2457522 -0.9693201
vn -0.005072593 -0.129391 -0.9915807
vn -0.004940808 0.2457522 -0.9693201
vn -0.005034641 -0.1295603 -0.9915588
vn -0.005034641 -0.1295603 -0.9915588
vn -0.004940808 0.2457522 -0.9693201
vn -0.00477089 0.3266816 -0.9451225
vn -0.005034641 -0.1295603 -0.9915588
vn -0.00477089 0.3266816 -0.9451225
vn -0.004895742 0.2458084 -0.9693061
vn -0.3704904 0.1980248 0.9074818
vn -0.3567249 0.3305764 0.8737658
vn -0.3567262 0.3305754 0.8737656
vn -0.3704904 0.1980248 0.9074818
vn -0.3567262 0.3305754 0.8737656
vn -0.3704908 0.1980255 0.9074814
vn 0.3797143 0.1980226 0.9036615
vn 0.3797133 0.1980239 0.9036617
vn 0.3656083 0.3305749 0.8700867
vn 0.3797143 0.1980226 0.9036615
vn 0.3656083 0.3305749 0.8700867
vn 0.3797153 0.1980212 0.9036615
vn 0.9074842 0.1980047 0.3704953
vn 0.9074833 0.1980066 0.3704963
vn 0.8737655 0.3305611 0.3567399
vn 0.9074842 0.1980047 0.3704953
vn 0.8737655 0.3305611 0.3567399
vn 0.907485 0.1980028 0.3704942
vn 0.9036727 0.1980022 -0.3796984
vn 0.9036727 0.1980028 -0.379698
vn 0.8700941 0.3305644 -0.3656003
vn 0.9036727 0.1980022 -0.3796984
vn 0.8700941 0.3305644 -0.3656003
vn 0.9036726 0.1980017 -0.3796988
vn 0.3705153 0.1980154 -0.9074737
vn 0.3705122 0.1980099 -0.9074761
vn 0.3567489 0.3305761 -0.8737562
vn 0.3705153 0.1980154 -0.9074737
vn 0.3567489 0.3305761 -0.8737562
vn 0.3705183 0.1980209 -0.9074712
vn -0.3796989 0.1980183 -0.9036689
vn -0.3796955 0.1980232 -0.9036693
vn -0.3655902 0.330578 -0.8700931
vn -0.3796989 0.1980183 -0.9036689
vn -0.3655902 0.330578 -0.8700931
vn -0.3797024 0.1980134 -0.9036685
vn -0.3779603 -5.517169E-09 0.9258218
vn -0.3779603 -5.517169E-09 0.9258218
vn -0.3779603 -5.517169E-09 0.9258218
vn -0.3779603 -5.517169E-09 0.9258218
vn -0.3779603 -5.517169E-09 0.9258218
vn -0.3779603 -5.517169E-09 0.9258218
vn 0.3874171 -5.516987E-09 0.9219046
vn 0.3874171 -5.516987E-09 0.9219046
vn 0.3874171 -5.516987E-09 0.9219046
vn 0.3874171 -5.516987E-09 0.9219046
vn 0.3874171 -5.516987E-09 0.9219046
vn 0.3874171 -5.516986E-09 0.9219046
vn 0.925774 5.517224E-09 0.3780774
vn 0.925774 5.517224E-09 0.3780774
vn 0.925774 5.517224E-09 0.3780774
vn 0.925774 5.517224E-09 0.3780774
vn 0.925774 5.517224E-09 0.3780774
vn 0.925774 5.517224E-09 0.3780774
vn 0.9218837 -5.517224E-09 -0.3874668
vn 0.9218837 -5.517224E-09 -0.3874668
vn 0.9218837 -5.517224E-09 -0.3874668
vn 0.9218837 -5.517224E-09 -0.3874668
vn 0.9218837 -5.517224E-09 -0.3874668
vn 0.9218837 -5.517224E-09 -0.3874668
vn 0.3780275 5.516987E-09 -0.9257944
vn 0.3780275 5.516987E-09 -0.9257944
vn 0.3780275 5.516987E-09 -0.9257944
vn 0.3780275 5.516987E-09 -0.9257944
vn 0.3780275 5.516987E-09 -0.9257944
vn 0.3780274 5.516986E-09 -0.9257945
vn -0.3873502 5.517169E-09 -0.9219327
vn -0.3873502 5.517169E-09 -0.9219327
vn -0.3873502 5.517169E-09 -0.9219327
vn -0.3873502 5.517169E-09 -0.9219327
vn -0.3873502 5.517169E-09 -0.9219327
vn -0.3873502 5.517169E-09 -0.9219327
vn 0.998525 -0.047114 -0.02698463
vn 0.9972687 -0.06033356 -0.04260343
vn 0.9982065 -0.0402555 -0.04430956
vn 0.9982065 -0.0402555 -0.04430956
vn 0.9972687 -0.06033356 -0.04260343
vn 0.997917 -0.03681864 -0.05297232
vn 0.9982065 -0.0402555 -0.04430956
vn 0.997917 -0.03681864 -0.05297232
vn 0.9988633 -5.868118E-05 -0.04766697
vn -0.000187654 -0.9993179 -0.03692698
vn -0.0001876578 -0.9993179 -0.03692698
vn -0.0001876578 -0.9993179 -0.03692698
vn -0.0001876578 -0.9993179 -0.03692698
vn -0.0001876578 -0.9993179 -0.03692698
vn -0.0001876615 -0.9993179 -0.03692698
vn -0.0001698807 0.9994411 -0.03342937
vn -0.0001698807 0.9994411 -0.03342937
vn -0.0001698807 0.9994411 -0.03342937
vn -0.0001698807 0.9994411 -0.03342937
vn -0.0001698807 0.9994411 -0.03342937
vn -0.0001698807 0.9994411 -0.03342937
vn 0.001922492 0.9256741 0.3783171
vn 0.001710332 0.9415334 0.3369153
vn 0.002026443 0.9255895 0.3785233
vn 0.002026443 0.9255895 0.3785233
vn 0.001710332 0.9415334 0.3369153
vn 0.001711029 0.9414901 0.3370363
vn 0.002026443 0.9255895 0.3785233
vn 0.001711029 0.9414901 0.3370363
vn 0.002030761 0.9254851 0.3787784
vn 0.002030761 0.9254851 0.3787784
vn 0.001711029 0.9414901 0.3370363
vn 0.00181823 0.9363278 0.3511227
vn 0.002030761 0.9254851 0.3787784
vn 0.00181823 0.9363278 0.3511227
vn 0.002109413 0.9254147 0.3789501
vn -0.004504052 -0.2749236 -0.9614556
vn -0.004680743 -0.4162832 -0.909223
vn -0.005064454 -0.1106285 -0.993849
vn -0.005064454 -0.1106285 -0.993849
vn -0.004680743 -0.4162832 -0.909223
vn -0.004372867 -0.4944938 -0.8691702
vn -0.005064454 -0.1106285 -0.993849
vn -0.004372867 -0.4944938 -0.8691702
vn -0.00499729 -0.1293536 -0.991586
vn -0.00499729 -0.1293536 -0.991586
vn -0.004372867 -0.4944938 -0.8691702
vn -0.004271777 -0.4948849 -0.868948
vn -0.00499729 -0.1293536 -0.991586
vn -0.004271777 -0.4948849 -0.868948
vn -0.005034641 -0.1295603 -0.9915588
vn -0.005034641 -0.1295603 -0.9915588
vn -0.004895742 0.2458084 -0.9693061
vn -0.00499729 -0.1293536 -0.991586
vn -0.00499729 -0.1293536 -0.991586
vn -0.004895742 0.2458084 -0.9693061
vn -0.005012656 0.1632453 -0.9865729
vn -0.00499729 -0.1293536 -0.991586
vn -0.005012656 0.1632453 -0.9865729
vn -0.005064454 -0.1106285 -0.993849
vn -0.004354402 0.4760977 -0.8793816
vn -0.004411324 0.4761908 -0.879331
vn -0.004420134 0.4763 -0.8792718
vn -0.004420134 0.4763 -0.8792718
vn -0.004411324 0.4761908 -0.879331
vn -0.004803304 0.3264196 -0.9452128
vn -0.004420134 0.4763 -0.8792718
vn -0.004803304 0.3264196 -0.9452128
vn -0.004468322 0.4762838 -0.8792803
vn 0.9999871 8.50575E-12 -0.005081654
vn 0.9999871 -2.073685E-11 -0.005081654
vn 0.9999871 -4.111076E-12 -0.005081654
vn 0.9999871 -4.111076E-12 -0.005081654
vn 0.9999871 -2.073685E-11 -0.005081654
vn 0.9999871 1.792144E-11 -0.005081654
vn 0.9999871 -4.111076E-12 -0.005081654
vn 0.9999871 1.792144E-11 -0.005081654
vn 0.9999871 2.966738E-11 -0.005081654
vn 0.9999871 2.966738E-11 -0.005081654
vn 0.9999871 1.792144E-11 -0.005081654
vn 0.9999871 3.842495E-11 -0.005081654
vn -0.005081713 6.881437E-05 -0.9999871
vn -0.005082172 6.907688E-05 -0.9999871
vn -0.005082172 6.907688E-05 -0.9999871
vn -0.005082172 6.907688E-05 -0.9999871
vn -0.005082172 6.907688E-05 -0.9999871
vn -0.005082631 6.93394E-05 -0.9999871
vn -0.003311327 -0.654556 -0.7560063
vn -0.002371445 -0.7229866 -0.6908581
vn -0.004504052 -0.2749236 -0.9614556
vn -0.005098741 6.369522E-05 -0.999987
vn -0.004504052 -0.2749236 -0.9614556
vn -0.005087311 6.713648E-05 -0.9999871
vn -0.005087311 6.713648E-05 -0.9999871
vn -0.004504052 -0.2749236 -0.9614556
vn -0.005081866 6.87801E-05 -0.9999871
vn -0.005087311 6.713648E-05 -0.9999871
vn -0.005081866 6.87801E-05 -0.9999871
vn -0.004803304 0.3264196 -0.9452128
vn -0.005081866 6.87801E-05 -0.9999871
vn -0.004504052 -0.2749236 -0.9614556
vn -0.005064454 -0.1106285 -0.993849
vn -0.005081866 6.87801E-05 -0.9999871
vn -0.005064454 -0.1106285 -0.993849
vn -0.005080411 6.88872E-05 -0.9999871
vn -0.005080411 6.88872E-05 -0.9999871
vn -0.005064454 -0.1106285 -0.993849
vn -0.005012656 0.1632453 -0.9865729
vn -0.005080411 6.88872E-05 -0.9999871
vn -0.005012656 0.1632453 -0.9865729
vn -0.004925977 0.2457045 -0.9693323
vn 0 1 0
vn 0 1 0
vn 0 1 0
vn 0 1 0
vn 0 1 0
vn 0 1 0
vn 0.9999373 -0.009987012 -0.005081475
vn 0.9999317 -0.009908398 -0.006203473
vn 0.9999317 -0.009908398 -0.006203473
vn 0.9999317 -0.009908398 -0.006203473
vn 0.9999317 -0.009908398 -0.006203473
vn 0.9999249 -0.009829772 -0.00732553
vn -0.02705145 -0.999634 0.0001374688
vn -0.02705145 -0.999634 0.0001374688
vn -0.02705145 -0.999634 0.0001374688
vn -0.02705145 -0.999634 0.0001374688
vn -0.02705145 -0.999634 0.0001374688
vn -0.02705145 -0.999634 0.0001374688
vn 0.9999871 5.464915E-08 -0.005081654
vn 0.9999871 5.470883E-08 -0.005081654
vn 0.9999871 4.108648E-08 -0.005081654
vn 0.9999871 4.108648E-08 -0.005081654
vn 0.9999871 5.470883E-08 -0.005081654
vn 0.9999871 5.476855E-08 -0.005081654
vn 0.9999871 4.108648E-08 -0.005081654
vn 0.9999871 5.476855E-08 -0.005081654
vn 0.9999871 2.746412E-08 -0.005081654
vn 0 1 0
vn 0 1 0
vn 0 1 0
vn 0 1 0
vn 0 1 0
vn 0 1 0
vn 0 1 0
vn 0 1 0
vn 0 1 0
vn 0 -1 0
vn 0 -1 0
vn 0 -1 0
vn 0 -1 0
vn 0 -1 0
vn 0 -1 0
vn 0 -1 0
vn 0 -1 0
vn 0 -1 0
vn 0.9999871 4.108648E-08 -0.005081654
vn 0.9999871 2.746412E-08 -0.005081654
vn 0.9999871 1.596452E-10 -0.005081654
vn 0 1 0
vn 0 1 0
vn 0 1 0
vn 0 -1 0
vn 0 -1 0
vn 0 -1 0
vn 0 1 0
vn 0 1 0
vn 0 1 0
vn 0 1 0
vn 0 1 0
vn 0 1 0
vn 0 1 0
vn 0 1 0
vn 0 1 0
vn 0 1 0
vn 0 1 0
vn 0 1 0
vn 0 1 0
vn 0 1 0
vn 0 1 0
vn 0 1 0
vn 0 1 0
vn 0 1 0
vn 0 1 0
vn 0 1 0
vn 0 1 0
vn 0 1 0
vn 0 1 0
vn 0 1 0
vn 0 1 0
vn 0 1 0
vn 0 1 0
vn 0 1 0
vn 0 1 0
vn 0 1 0
vn 0 1 0
vn 0 1 0
vn 0 1 0
vn 0 1 0
vn 0 1 0
vn 0 1 0
vn 0 1 0
vn 0 1 0
vn 0 1 0
vn 0 1 0
vn 0 1 0
vn 0 1 0
vn 0 1 0
vn 0 1 0
vn 0 1 0
vn 0 1 0
vn 0 1 0
vn 0 1 0
vn 0 1 0
vn 0 1 0
vn 0 1 0
vn 0 1 0
vn 0 1 0
vn 0 1 0
vn 0 1 0
vn 0 1 0
vn 0 1 0
vn 0 1 0
vn 0 1 0
vn 0 1 0
vn 0 1 0
vn 0 1 0
vn 0 1 0
vn 0 1 0
vn 0 1 0
vn 0 1 0
vn 0 1 0
vn 0 1 0
vn 0 1 0
vn 0 1 0
vn 0 1 0
vn 0 1 0
vn 0 1 0
vn 0 1 0
vn 0 1 0
vn 0 1 0
vn 0 1 0
vn 0 1 0
vn 0 1 0
vn 0 1 0
vn 0 1 0
vn 0 1 0
vn 0 1 0
vn 0 1 0
vn 0 1 0
vn 0 1 0
vn 0 1 0
vn 0 1 0
vn 0 1 0
vn 0 1 0
vn 0 1 0
vn 0 1 0
vn 0 1 0
vn 0 1 0
vn 0 1 0
vn 0 1 0
vn 0 1 0
vn 0 1 0
vn 0 1 0
vn -7.67299E-08 1 -2.36463E-07
vn -1.918248E-08 1 -5.911575E-08
vn -2.557664E-08 1 -7.8821E-08
vn -2.557664E-08 1 -7.8821E-08
vn -1.918248E-08 1 -5.911575E-08
vn 0 1 0
vn -2.557664E-08 1 -7.8821E-08
vn 0 1 0
vn 0 1 0
vn 0 1 0
vn 0 1 0
vn 0 1 0
vn 0 1 0
vn 0 1 0
vn 0 1 0
vn 0 1 0
vn 0 1 0
vn 0 1 0
vn 0 1 0
vn 0 1 0
vn 0 1 0
vn 0 1 0
vn 0 1 0
vn 0 1 0
vn 0 1 0
vn 0 1 0
vn 0 1 0
vn 0 1 0
vn 0 1 0
vn 0 1 0
vn 0 1 0
vn 0 1 0
vn 0 1 0
vn 0 1 0
vn 0 1 0
vn 0 1 0
vn 0 1 0
vn 0 1 0
vn 0 1 0
vn 0 1 0
vn 0 1 0
vn 0 1 0
vn 0 1 0
vn 0 1 0
vn 0 1 0
vn 0 1 0
vn 0 1 0
vn 0 1 0
vn 0 1 0
vn 0 1 0
vn 0 1 0
vn 0 1 0
vn 0 1 0
vn 0 1 0
vn 0 1 0
vn 0 1 0
vn 0 1 0
vn 0 1 0
vn 0 1 0
vn 0 1 0
vn 0.9999871 0 -0.005081713
vn 0.9999871 0 -0.005081713
vn 0.9999871 0 -0.005081713
vn 0.9999871 0 -0.005081713
vn 0.9999871 0 -0.005081713
vn 0.9999871 0 -0.005081713
vn 0 1 0
vn 0 1 0
vn 0 1 0
vn 0 1 0
vn 0 1 0
vn 0 1 0
vn -0.004225848 0.5554086 -0.8315669
vn -0.004225848 0.5554086 -0.8315669
vn -0.004225848 0.5554086 -0.8315669
vn -0.004225848 0.5554086 -0.8315669
vn -0.004225848 0.5554086 -0.8315669
vn -0.004225848 0.5554086 -0.8315669
vn 0.004225848 0.5554076 0.8315675
vn 0.004225848 0.5554076 0.8315675
vn 0.004225848 0.5554076 0.8315675
vn 0.004225848 0.5554076 0.8315675
vn 0.004225848 0.5554076 0.8315675
vn 0.004225848 0.5554076 0.8315675
vn 0.9999871 -4.769104E-08 -0.005081654
vn 0.9999871 1.560785E-09 -0.005081654
vn 0.9999871 1.560785E-09 -0.005081654
vn 0.9999871 1.560785E-09 -0.005081654
vn 0.9999871 1.560785E-09 -0.005081654
vn 0.9999871 5.081261E-08 -0.005081654
vn 0 1 0
vn 0 1 0
vn 0 1 0
vn 0 1 0
vn 0 1 0
vn 0 1 0
vn -0.004225713 0.5554085 -0.8315669
vn -0.004225713 0.5554085 -0.8315669
vn -0.004225713 0.5554085 -0.8315669
vn -0.004225713 0.5554085 -0.8315669
vn -0.004225713 0.5554085 -0.8315669
vn -0.004225713 0.5554085 -0.8315669
vn 0.004225716 0.5554076 0.8315675
vn 0.004225716 0.5554076 0.8315675
vn 0.004225716 0.5554076 0.8315675
vn 0.004225716 0.5554076 0.8315675
vn 0.004225716 0.5554076 0.8315675
vn 0.004225716 0.5554076 0.8315675
vn -0.005081626 0 -0.9999871
vn -0.005081626 0 -0.9999871
vn -0.005081626 0 -0.9999871
vn -0.005081626 0 -0.9999871
vn -0.005081626 0 -0.9999871
vn -0.005081626 0 -0.9999871
vn -0.005081626 0 -0.9999871
vn -0.005081626 0 -0.9999871
vn -0.005081626 0 -0.9999871
vn -0.005081626 0 -0.9999871
vn -0.005081626 0 -0.9999871
vn -0.005081626 0 -0.9999871
vn -0.005081626 0 -0.9999871
vn -0.005081626 0 -0.9999871
vn -0.005081626 0 -0.9999871
vn -0.005081626 0 -0.9999871
vn -0.005081626 0 -0.9999871
vn -0.005081626 0 -0.9999871
vn -0.005081626 0 -0.9999871
vn -0.005081626 0 -0.9999871
vn -0.005081626 0 -0.9999871
vn -0.005081626 0 -0.9999871
vn -0.005081626 0 -0.9999871
vn -0.005081626 0 -0.9999871
vn -0.005081626 0 -0.9999871
vn -0.005081626 0 -0.9999871
vn -0.005081626 0 -0.9999871
vn -0.005081626 0 -0.9999871
vn -0.005081626 0 -0.9999871
vn -0.005081626 0 -0.9999871
vn -0.005081626 0 -0.9999871
vn -0.005081626 0 -0.9999871
vn -0.005081626 0 -0.9999871
vn -0.005081626 0 -0.9999871
vn -0.005081626 0 -0.9999871
vn -0.005081626 0 -0.9999871
vn -0.005081626 0 -0.9999871
vn -0.005081626 0 -0.9999871
vn -0.005081626 0 -0.9999871
vn -0.005081626 0 -0.9999871
vn -0.005081626 0 -0.9999871
vn -0.005081626 0 -0.9999871
vn -0.005081626 0 -0.9999871
vn -0.005081626 0 -0.9999871
vn -0.005081626 0 -0.9999871
vn -0.005081626 0 -0.9999871
vn -0.005081626 0 -0.9999871
vn -0.005081626 0 -0.9999871
vn -0.005081626 0 -0.9999871
vn -0.005081626 0 -0.9999871
vn -0.005081626 0 -0.9999871
vn -0.005081626 0 -0.9999871
vn -0.005081626 0 -0.9999871
vn -0.005081626 0 -0.9999871
vn -0.005081626 0 -0.9999871
vn -0.005081626 0 -0.9999871
vn -0.005081626 0 -0.9999871
vn -0.005081626 0 -0.9999871
vn -0.005081626 0 -0.9999871
vn -0.005081626 0 -0.9999871
vn -0.005081626 0 -0.9999871
vn -0.005081626 0 -0.9999871
vn -0.005081626 0 -0.9999871
vn -0.005081626 0 -0.9999871
vn -0.005081626 0 -0.9999871
vn -0.005081626 0 -0.9999871
vn -0.005081626 0 -0.9999871
vn -0.005081626 0 -0.9999871
vn -0.005081626 0 -0.9999871
vn -0.005081626 0 -0.9999871
vn -0.005081626 0 -0.9999871
vn -0.005081626 0 -0.9999871
vn 0.9999871 0 -0.005081713
vn 0.9999871 0 -0.005081713
vn 0.9999871 0 -0.005081713
vn 0.9999871 0 -0.005081713
vn 0.9999871 0 -0.005081713
vn 0.9999871 0 -0.005081713
vn 0 1 0
vn 0 1 0
vn 0 1 0
vn 0 1 0
vn 0 1 0
vn 0 1 0
vn -0.004225716 0.5554086 -0.8315669
vn -0.004225716 0.5554086 -0.8315669
vn -0.004225716 0.5554086 -0.8315669
vn -0.004225716 0.5554086 -0.8315669
vn -0.004225716 0.5554086 -0.8315669
vn -0.004225716 0.5554086 -0.8315669
vn 0.004225718 0.5554076 0.8315675
vn 0.004225718 0.5554076 0.8315675
vn 0.004225718 0.5554076 0.8315675
vn 0.004225718 0.5554076 0.8315675
vn 0.004225718 0.5554076 0.8315675
vn 0.004225718 0.5554076 0.8315675
vn 0.9999871 0 -0.005081713
vn 0.9999871 0 -0.005081713
vn 0.9999871 0 -0.005081713
vn 0.9999871 0 -0.005081713
vn 0.9999871 0 -0.005081713
vn 0.9999871 0 -0.005081713
vn 0 1 0
vn 0 1 0
vn 0 1 0
vn 0 1 0
vn 0 1 0
vn 0 1 0
vn -0.004225848 0.5554086 -0.8315669
vn -0.004225848 0.5554086 -0.8315669
vn -0.004225848 0.5554086 -0.8315669
vn -0.004225848 0.5554086 -0.8315669
vn -0.004225848 0.5554086 -0.8315669
vn -0.004225848 0.5554086 -0.8315669
vn 0.004225848 0.5554076 0.8315675
vn 0.004225848 0.5554076 0.8315675
vn 0.004225848 0.5554076 0.8315675
vn 0.004225848 0.5554076 0.8315675
vn 0.004225848 0.5554076 0.8315675
vn 0.004225848 0.5554076 0.8315675
vn 0.9999871 0 -0.005081713
vn 0.9999871 0 -0.005081713
vn 0.9999871 0 -0.005081713
vn 0.9999871 0 -0.005081713
vn 0.9999871 0 -0.005081713
vn 0.9999871 0 -0.005081713
vn 0 1 0
vn 0 1 0
vn 0 1 0
vn 0 1 0
vn 0 1 0
vn 0 1 0
vn -0.004225848 0.5554086 -0.8315669
vn -0.004225848 0.5554086 -0.8315669
vn -0.004225848 0.5554086 -0.8315669
vn -0.004225848 0.5554086 -0.8315669
vn -0.004225848 0.5554086 -0.8315669
vn -0.004225848 0.5554086 -0.8315669
vn 0.004225848 0.5554076 0.8315675
vn 0.004225848 0.5554076 0.8315675
vn 0.004225848 0.5554076 0.8315675
vn 0.004225848 0.5554076 0.8315675
vn 0.004225848 0.5554076 0.8315675
vn 0.004225848 0.5554076 0.8315675
vn 0.9999871 0 -0.005081713
vn 0.9999871 0 -0.005081713
vn 0.9999871 0 -0.005081713
vn 0.9999871 0 -0.005081713
vn 0.9999871 0 -0.005081713
vn 0.9999871 0 -0.005081713
vn 0 1 0
vn 0 1 0
vn 0 1 0
vn 0 1 0
vn 0 1 0
vn 0 1 0
vn -0.004225716 0.5554086 -0.8315669
vn -0.004225716 0.5554086 -0.8315669
vn -0.004225716 0.5554086 -0.8315669
vn -0.004225716 0.5554086 -0.8315669
vn -0.004225716 0.5554086 -0.8315669
vn -0.004225716 0.5554086 -0.8315669
vn 0.004225718 0.5554076 0.8315675
vn 0.004225718 0.5554076 0.8315675
vn 0.004225718 0.5554076 0.8315675
vn 0.004225718 0.5554076 0.8315675
vn 0.004225718 0.5554076 0.8315675
vn 0.004225718 0.5554076 0.8315675
vn 0.9999871 0 -0.005081713
vn 0.9999871 0 -0.005081713
vn 0.9999871 0 -0.005081713
vn 0.9999871 0 -0.005081713
vn 0.9999871 0 -0.005081713
vn 0.9999871 0 -0.005081713
vn 0 1 0
vn 0 1 0
vn 0 1 0
vn 0 1 0
vn 0 1 0
vn 0 1 0
vn -0.004225716 0.5554086 -0.8315669
vn -0.004225716 0.5554086 -0.8315669
vn -0.004225716 0.5554086 -0.8315669
vn -0.004225716 0.5554086 -0.8315669
vn -0.004225716 0.5554086 -0.8315669
vn -0.004225716 0.5554086 -0.8315669
vn 0.004225718 0.5554076 0.8315675
vn 0.004225718 0.5554076 0.8315675
vn 0.004225718 0.5554076 0.8315675
vn 0.004225718 0.5554076 0.8315675
vn 0.004225718 0.5554076 0.8315675
vn 0.004225718 0.5554076 0.8315675
vn 0.9999871 0 -0.005081713
vn 0.9999871 0 -0.005081713
vn 0.9999871 0 -0.005081713
vn 0.9999871 0 -0.005081713
vn 0.9999871 0 -0.005081713
vn 0.9999871 0 -0.005081713
vn 0 1 0
vn 0 1 0
vn 0 1 0
vn 0 1 0
vn 0 1 0
vn 0 1 0
vn -0.004225848 0.5554086 -0.8315669
vn -0.004225848 0.5554086 -0.8315669
vn -0.004225848 0.5554086 -0.8315669
vn -0.004225848 0.5554086 -0.8315669
vn -0.004225848 0.5554086 -0.8315669
vn -0.004225848 0.5554086 -0.8315669
vn 0.004225848 0.5554076 0.8315675
vn 0.004225848 0.5554076 0.8315675
vn 0.004225848 0.5554076 0.8315675
vn 0.004225848 0.5554076 0.8315675
vn 0.004225848 0.5554076 0.8315675
vn 0.004225848 0.5554076 0.8315675
vn 0.9999871 0 -0.005081713
vn 0.9999871 0 -0.005081713
vn 0.9999871 0 -0.005081713
vn 0.9999871 0 -0.005081713
vn 0.9999871 0 -0.005081713
vn 0.9999871 0 -0.005081713
vn 0 1 0
vn 0 1 0
vn 0 1 0
vn 0 1 0
vn 0 1 0
vn 0 1 0
vn -0.004225848 0.5554086 -0.8315669
vn -0.004225848 0.5554086 -0.8315669
vn -0.004225848 0.5554086 -0.8315669
vn -0.004225848 0.5554086 -0.8315669
vn -0.004225848 0.5554086 -0.8315669
vn -0.004225848 0.5554086 -0.8315669
vn 0.004225848 0.5554076 0.8315675
vn 0.004225848 0.5554076 0.8315675
vn 0.004225848 0.5554076 0.8315675
vn 0.004225848 0.5554076 0.8315675
vn 0.004225848 0.5554076 0.8315675
vn 0.004225848 0.5554076 0.8315675
vn 0.9999871 0 -0.005081713
vn 0.9999871 0 -0.005081713
vn 0.9999871 0 -0.005081713
vn 0.9999871 0 -0.005081713
vn 0.9999871 0 -0.005081713
vn 0.9999871 0 -0.005081713
vn 0 1 0
vn 0 1 0
vn 0 1 0
vn 0 1 0
vn 0 1 0
vn 0 1 0
vn -0.004225716 0.5554086 -0.8315669
vn -0.004225716 0.5554086 -0.8315669
vn -0.004225716 0.5554086 -0.8315669
vn -0.004225716 0.5554086 -0.8315669
vn -0.004225716 0.5554086 -0.8315669
vn -0.004225716 0.5554086 -0.8315669
vn 0.004225718 0.5554076 0.8315675
vn 0.004225718 0.5554076 0.8315675
vn 0.004225718 0.5554076 0.8315675
vn 0.004225718 0.5554076 0.8315675
vn 0.004225718 0.5554076 0.8315675
vn 0.004225718 0.5554076 0.8315675
vn 0.9999871 0 -0.005081713
vn 0.9999871 0 -0.005081713
vn 0.9999871 0 -0.005081713
vn 0.9999871 0 -0.005081713
vn 0.9999871 0 -0.005081713
vn 0.9999871 0 -0.005081713
vn 0 1 0
vn 0 1 0
vn 0 1 0
vn 0 1 0
vn 0 1 0
vn 0 1 0
vn -0.004225716 0.5554086 -0.8315669
vn -0.004225716 0.5554086 -0.8315669
vn -0.004225716 0.5554086 -0.8315669
vn -0.004225716 0.5554086 -0.8315669
vn -0.004225716 0.5554086 -0.8315669
vn -0.004225716 0.5554086 -0.8315669
vn 0.004225718 0.5554076 0.8315675
vn 0.004225718 0.5554076 0.8315675
vn 0.004225718 0.5554076 0.8315675
vn 0.004225718 0.5554076 0.8315675
vn 0.004225718 0.5554076 0.8315675
vn 0.004225718 0.5554076 0.8315675
vn 0.9999871 0 -0.005081713
vn 0.9999871 0 -0.005081713
vn 0.9999871 0 -0.005081713
vn 0.9999871 0 -0.005081713
vn 0.9999871 0 -0.005081713
vn 0.9999871 0 -0.005081713
vn 0 1 0
vn 0 1 0
vn 0 1 0
vn 0 1 0
vn 0 1 0
vn 0 1 0
vn -0.004225848 0.5554086 -0.8315669
vn -0.004225848 0.5554086 -0.8315669
vn -0.004225848 0.5554086 -0.8315669
vn -0.004225848 0.5554086 -0.8315669
vn -0.004225848 0.5554086 -0.8315669
vn -0.004225848 0.5554086 -0.8315669
vn 0.004225848 0.5554076 0.8315675
vn 0.004225848 0.5554076 0.8315675
vn 0.004225848 0.5554076 0.8315675
vn 0.004225848 0.5554076 0.8315675
vn 0.004225848 0.5554076 0.8315675
vn 0.004225848 0.5554076 0.8315675
vn 0.005081626 0 0.9999871
vn 0.005081626 0 0.9999871
vn 0.005081626 0 0.9999871
vn 0.005081626 0 0.9999871
vn 0.005081626 0 0.9999871
vn 0.005081626 0 0.9999871
vn 0.005081626 0 0.9999871
vn 0.005081626 0 0.9999871
vn 0.005081626 0 0.9999871
vn 0.005081626 0 0.9999871
vn 0.005081626 0 0.9999871
vn 0.005081626 0 0.9999871
vn 0.005081626 0 0.9999871
vn 0.005081626 0 0.9999871
vn 0.005081626 0 0.9999871
vn 0.005081626 0 0.9999871
vn 0.005081626 0 0.9999871
vn 0.005081626 0 0.9999871
vn 0.005081626 0 0.9999871
vn 0.005081626 0 0.9999871
vn 0.005081626 0 0.9999871
vn 0.005081626 0 0.9999871
vn 0.005081626 0 0.9999871
vn 0.005081626 0 0.9999871
vn 0.005081626 0 0.9999871
vn 0.005081626 0 0.9999871
vn 0.005081626 0 0.9999871
vn 0.005081626 0 0.9999871
vn 0.005081626 0 0.9999871
vn 0.005081626 0 0.9999871
vn 0.005081626 0 0.9999871
vn 0.005081626 0 0.9999871
vn 0.005081626 0 0.9999871
vn 0.005081626 0 0.9999871
vn 0.005081626 0 0.9999871
vn 0.005081626 0 0.9999871
vn 0.005081626 0 0.9999871
vn 0.005081626 0 0.9999871
vn 0.005081626 0 0.9999871
vn 0.005081626 0 0.9999871
vn 0.005081626 0 0.9999871
vn 0.005081626 0 0.9999871
vn 0.005081626 0 0.9999871
vn 0.005081626 0 0.9999871
vn 0.005081626 0 0.9999871
vn 0.005081626 0 0.9999871
vn 0.005081626 0 0.9999871
vn 0.005081626 0 0.9999871
vn 0.005081626 0 0.9999871
vn 0.005081626 0 0.9999871
vn 0.005081626 0 0.9999871
vn 0.005081626 0 0.9999871
vn 0.005081626 0 0.9999871
vn 0.005081626 0 0.9999871
vn 0.005081626 0 0.9999871
vn 0.005081626 0 0.9999871
vn 0.005081626 0 0.9999871
vn 0.005081626 0 0.9999871
vn 0.005081626 0 0.9999871
vn 0.005081626 0 0.9999871
vn 0.005081626 0 0.9999871
vn 0.005081626 0 0.9999871
vn 0.005081626 0 0.9999871
vn 0.005081626 0 0.9999871
vn 0.005081626 0 0.9999871
vn 0.005081626 0 0.9999871
vn 0.005081626 0 0.9999871
vn 0.005081626 0 0.9999871
vn 0.005081626 0 0.9999871
vn 0.005081626 0 0.9999871
vn 0.005081626 0 0.9999871
vn 0.005081626 0 0.9999871
vn 0 1 0
vn 0 1 0
vn 0 1 0
vn 0 1 0
vn 0 1 0
vn 0 1 0
vn 0 1 0
vn 0 1 0
vn 0 1 0
vn 0 1 0
vn -1.918248E-08 1 -5.911575E-08
vn 0 1 0
vn 0 1 0
vn -1.918248E-08 1 -5.911575E-08
vn 0 1 0
vn 0 1 0
vn 0 1 0
vn 0 1 0
vn 0 1 0
vn 0 1 0
vn 0 1 0
vn 0 1 0
vn 0 1 0
vn 0 1 0
vn 0 1 0
vn 0 1 0
vn 0 1 0
vn 0 1 0
vn 0 1 0
vn 0 1 0
vn 0 1 0
vn 0 1 0
vn 0 1 0
vn 0 1 0
vn 0 1 0
vn 0 1 0
vn 0 1 0
vn 0 1 0
vn 0 1 0
vn 0 1 0
vn 0 1 0
vn 0 1 0
vn 0 1 0
vn 0 1 0
vn 0 1 0
vn 0.004468267 0.4762838 0.8792803
vn 0.004803313 0.3264197 0.9452128
vn 0.004516277 0.4763 0.8792711
vn 0.004516277 0.4763 0.8792711
vn 0.004803313 0.3264197 0.9452128
vn 0.005039387 0.1219117 0.9925282
vn 0.004516277 0.4763 0.8792711
vn 0.004583081 0.4760977 0.8793805
vn 0.004583081 0.4760977 0.8793805
vn -0.00480319 0.3265223 -0.9451773
vn -0.004467932 0.4764248 -0.8792039
vn -0.004541791 0.4763524 -0.8792427
vn -0.004541791 0.4763524 -0.8792427
vn -0.004925757 0.245782 -0.9693127
vn -0.00502069 0.1963148 -0.9805281
vn -0.004541791 0.4763524 -0.8792427
vn -0.00502069 0.1963148 -0.9805281
vn -0.004669815 0.4760977 -0.87938
vn -0.2900135 0.6630047 -0.6901573
vn -0.3656014 0.3305729 -0.8700904
vn -0.01945399 0.6444924 -0.7643632
vn -0.01945399 0.6444924 -0.7643632
vn -0.3656014 0.3305729 -0.8700904
vn 0.1233327 0.3515825 -0.9279974
vn -0.01945399 0.6444924 -0.7643632
vn 0.1233327 0.3515825 -0.9279974
vn 0.5266938 0.6445064 -0.554261
vn 0.5266938 0.6445064 -0.554261
vn 0.1233327 0.3515825 -0.9279974
vn 0.7433934 0.3515758 -0.5689998
vn 0.5266938 0.6445064 -0.554261
vn 0.7433934 0.3515758 -0.5689998
vn 0.7643527 0.644505 -0.01944846
vn 0.7643527 0.644505 -0.01944846
vn 0.7433934 0.3515758 -0.5689998
vn 0.9280024 0.351564 0.1233466
vn 0.7643527 0.644505 -0.01944846
vn 0.9280024 0.351564 0.1233466
vn 0.5542443 0.6444919 0.526729
vn 0.5542443 0.6444919 0.526729
vn 0.9280024 0.351564 0.1233466
vn 0.569 0.3515814 0.7433906
vn 0.5542443 0.6444919 0.526729
vn 0.569 0.3515814 0.7433906
vn 0.0194539 0.6444971 0.7643592
vn 0.0194539 0.6444971 0.7643592
vn 0.569 0.3515814 0.7433906
vn -0.123334 0.3515859 0.9279958
vn 0.0194539 0.6444971 0.7643592
vn -0.123334 0.3515859 0.9279958
vn -0.3122523 0.5635524 0.7647922
vn -0.3122523 0.5635524 0.7647922
vn -0.123334 0.3515859 0.9279958
vn -0.3567323 0.3305688 0.8737656
vn -0.2559827 0.7506271 -0.6091239
vn -0.2900135 0.6630047 -0.6901573
vn -0.08998138 0.7729048 -0.6281096
vn -0.08998138 0.7729048 -0.6281096
vn -0.2900135 0.6630047 -0.6901573
vn -0.01945399 0.6444924 -0.7643632
vn -0.08998138 0.7729048 -0.6281096
vn -0.01945399 0.6444924 -0.7643632
vn 0.3805136 0.7729012 -0.5077727
vn 0.3805136 0.7729012 -0.5077727
vn -0.01945399 0.6444924 -0.7643632
vn 0.5266938 0.6445064 -0.554261
vn 0.3805136 0.7729012 -0.5077727
vn 0.5266938 0.6445064 -0.554261
vn 0.6280676 0.7729376 -0.08999228
vn 0.6280676 0.7729376 -0.08999228
vn 0.5266938 0.6445064 -0.554261
vn 0.7643527 0.644505 -0.01944846
vn 0.6280676 0.7729376 -0.08999228
vn 0.7643527 0.644505 -0.01944846
vn 0.5077389 0.7729148 0.380531
vn 0.5077389 0.7729148 0.380531
vn 0.7643527 0.644505 -0.01944846
vn 0.5542443 0.6444919 0.526729
vn 0.5077389 0.7729148 0.380531
vn 0.5542443 0.6444919 0.526729
vn 0.08998138 0.7729048 0.6281096
vn 0.08998138 0.7729048 0.6281096
vn 0.5542443 0.6444919 0.526729
vn 0.0194539 0.6444971 0.7643592
vn 0.08998138 0.7729048 0.6281096
vn 0.0194539 0.6444971 0.7643592
vn -0.2497717 0.7506143 0.6117126
vn -0.2497717 0.7506143 0.6117126
vn 0.0194539 0.6444971 0.7643592
vn -0.3122523 0.5635524 0.7647922
vn 0.1100959 0.9876786 -0.1112194
vn 0.1558339 0.9856097 -0.06549327
vn 7.552636E-06 1 -3.838068E-08
vn 7.552636E-06 1 -3.838068E-08
vn 0.1564915 0.9856097 0.06390609
vn 0.1564915 0.9856097 0.06390609
vn 7.552636E-06 1 -3.838068E-08
vn 0.06548396 0.9856121 0.1558224
vn 0.06548396 0.9856121 0.1558224
vn -0.0638969 0.9856121 0.1564799
vn -0.1100808 0.9876786 0.1112344
vn 7.552636E-06 1 -3.838068E-08
vn 7.552636E-06 1 -3.838068E-08
vn -0.1100808 0.9876786 0.1112344
vn -0.1564611 0.9876838 0.0007950962
vn 7.552636E-06 1 -3.838068E-08
vn -0.1564611 0.9876838 0.0007950962
vn -0.1112056 0.9876786 -0.1101099
vn 0.1100959 0.9876786 -0.1112194
vn 7.552636E-06 1 -3.838068E-08
vn -0.0007951856 0.987681 -0.1564789
vn -0.0007951856 0.987681 -0.1564789
vn 7.552636E-06 1 -3.838068E-08
vn -0.1112056 0.9876786 -0.1101099
vn -0.6067608 -0.7948785 0.003088474
vn -0.5872277 -0.7708853 0.2467782
vn -0.426886 -0.7948399 0.4312748
vn -0.426886 -0.7948399 0.4312748
vn -0.2407936 -0.770848 0.5897557
vn -0.2407936 -0.770848 0.5897557
vn 0.431305 -0.7947863 0.4269552
vn 0.2467908 -0.7708144 0.5873155
vn 0.431305 -0.7947863 0.4269552
vn 0.4269183 -0.7948211 -0.4312775
vn 0.240789 -0.770868 -0.5897315
vn 0.4269183 -0.7948211 -0.4312775
vn -0.4312216 -0.7948747 -0.426875
vn -0.2467545 -0.7709015 -0.5872164
vn -0.2467545 -0.7709015 -0.5872164
vn -0.4312216 -0.7948747 -0.426875
vn -0.5896807 -0.7709072 -0.2407877
vn -0.6067608 -0.7948785 0.003088474
vn 0.4269183 -0.7948211 -0.4312775
vn 0.4269183 -0.7948211 -0.4312775
vn 0.60686 -0.7948027 -0.003078938
vn 0.60686 -0.7948027 -0.003078938
vn 0.431305 -0.7947863 0.4269552
vn 0.431305 -0.7947863 0.4269552
vn 0.001711681 0.9415616 0.3368366
vn 0.001707285 0.9415334 0.3369153
vn 0.001297266 0.9668649 0.2552854
vn 0.001297266 0.9668649 0.2552854
vn 0.001707285 0.9415334 0.3369153
vn 0.001209993 0.9719182 0.2353162
vn 0.001297266 0.9668649 0.2552854
vn 0.001209993 0.9719182 0.2353162
vn 0.0006614811 0.9914916 0.1301689
vn 0.0006614811 0.9914916 0.1301689
vn 0.001209993 0.9719182 0.2353162
vn 0.0005507587 0.9941909 0.1076301
vn 0.0006614811 0.9914916 0.1301689
vn 0.0005507587 0.9941909 0.1076301
vn -1.665812E-10 1 9.329209E-10
vn -1.665812E-10 1 9.329209E-10
vn 0.0005507587 0.9941909 0.1076301
vn 3.549468E-07 1 -5.609877E-10
vn -1.665812E-10 1 9.329209E-10
vn 3.549468E-07 1 -5.609877E-10
vn -0.0005431316 0.9941909 -0.1076302
vn -0.0005431316 0.9941909 -0.1076302
vn 3.549468E-07 1 -5.609877E-10
vn -0.0005399811 0.9941912 -0.1076262
vn -0.0005431316 0.9941909 -0.1076302
vn -0.0005399811 0.9941912 -0.1076262
vn -0.001172787 0.9719199 -0.2353088
vn -0.001172787 0.9719199 -0.2353088
vn -0.0005399811 0.9941912 -0.1076262
vn -0.001069314 0.9765606 -0.2152399
vn -0.001172787 0.9719199 -0.2353088
vn -0.001069314 0.9765606 -0.2152399
vn -0.00174077 0.941464 -0.3371091
vn 0.001707285 0.9415334 0.3369153
vn 0.00172681 0.9415045 0.3369959
vn 0.001209993 0.9719182 0.2353162
vn 0.001209993 0.9719182 0.2353162
vn 0.00172681 0.9415045 0.3369959
vn 0.001218752 0.9719199 0.2353085
vn 0.001209993 0.9719182 0.2353162
vn 0.001218752 0.9719199 0.2353085
vn 0.0005507587 0.9941909 0.1076301
vn 0.0005507587 0.9941909 0.1076301
vn 0.001218752 0.9719199 0.2353085
vn 0.0005538643 0.9941912 0.1076261
vn 0.0005507587 0.9941909 0.1076301
vn 0.0005538643 0.9941912 0.1076261
vn 3.549468E-07 1 -5.609877E-10
vn 3.549468E-07 1 -5.609877E-10
vn 0.0005538643 0.9941912 0.1076261
vn 1.041039E-06 1 -5.290303E-09
vn 3.549468E-07 1 -5.609877E-10
vn 1.041039E-06 1 -5.290303E-09
vn -0.0005399811 0.9941912 -0.1076262
vn -0.0005399811 0.9941912 -0.1076262
vn 1.041039E-06 1 -5.290303E-09
vn -0.0004264838 0.9963782 -0.08503112
vn -0.0005399811 0.9941912 -0.1076262
vn -0.0004264838 0.9963782 -0.08503112
vn -0.001069314 0.9765606 -0.2152399
vn 0.00172681 0.9415045 0.3369959
vn 0.00168543 0.9414639 0.3371094
vn 0.001218752 0.9719199 0.2353085
vn 0.001218752 0.9719199 0.2353085
vn 0.00168543 0.9414639 0.3371094
vn 0.001118264 0.9765606 0.2152396
vn 0.001218752 0.9719199 0.2353085
vn 0.001118264 0.9765606 0.2152396
vn 0.0005538643 0.9941912 0.1076261
vn 0.0005538643 0.9941912 0.1076261
vn 0.001118264 0.9765606 0.2152396
vn 0.0004377216 0.9963782 0.08503105
vn 0.0005538643 0.9941912 0.1076261
vn 0.0004377216 0.9963782 0.08503105
vn 1.041039E-06 1 -5.290303E-09
vn 1.041039E-06 1 -5.290303E-09
vn 0.0004377216 0.9963782 0.08503105
vn 0 1 0
vn 1.041039E-06 1 -5.290303E-09
vn 0 1 0
vn -0.0004264838 0.9963782 -0.08503112
vn 0.001888732 -0.755092 0.6556163
vn 0.00450405 -0.2749236 0.9614556
vn 0.003051023 -0.7554349 0.6552166
vn 0.001888732 -0.755092 0.6556163
vn 0.003051023 -0.7554349 0.6552166
vn 0.003618655 -0.8885675 0.4587317
vn 0.003618655 -0.8885675 0.4587317
vn 0.003051023 -0.7554349 0.6552166
vn 0.00382865 -0.9287089 0.3707899
vn 0.003618655 -0.8885675 0.4587317
vn 0.00382865 -0.9287089 0.3707899
vn 0.001920547 -0.981432 0.1918008
vn 0.001920547 -0.981432 0.1918008
vn 0.00382865 -0.9287089 0.3707899
vn 0.00149486 -0.9813129 0.1924129
vn 0.001920547 -0.981432 0.1918008
vn 0.00149486 -0.9813129 0.1924129
vn 0.0001365909 -1 -6.960036E-07
vn -0.0004607353 -0.9813129 -0.1924182
vn 6.010698E-05 -0.9287089 -0.3708096
vn -2.884615E-05 -0.981432 -0.1918104
vn -0.0004607353 -0.9813129 -0.1924182
vn -2.884615E-05 -0.981432 -0.1918104
vn 0.0001365909 -1 -6.960036E-07
vn 0.0001365909 -1 -6.960036E-07
vn -2.884615E-05 -0.981432 -0.1918104
vn 4.463543E-16 -1 -2.268248E-18
vn 0.0001365909 -1 -6.960036E-07
vn 4.463543E-16 -1 -2.268248E-18
vn 0.001920547 -0.981432 0.1918008
vn 0.9999871 0 -0.005081713
vn 0.9999871 0 -0.005081713
vn 0.9999871 0 -0.005081713
vn 0.9999871 0 -0.005081713
vn 0.9999871 0 -0.005081713
vn 0.9999871 0 -0.005081713
vn 0.9999871 0 -0.005081713
vn 0.9999871 0 -0.005081713
vn 0.9999871 0 -0.005081713
vn 0.9999871 0 -0.005081713
vn 0.9999871 0 -0.005081713
vn 0.9999871 0 -0.005081713
vn -0.3567395 0.3305729 0.8737612
vn -0.2829842 0.6630046 0.6930691
vn -0.01168453 0.6444924 0.7645214
vn -0.3567395 0.3305729 0.8737612
vn -0.01168453 0.6444924 0.7645214
vn -0.3567301 0.3305741 0.8737646
vn 0.3445836 0.4568858 0.8200717
vn -0.01168453 0.6444924 0.7645214
vn 0.5322996 0.6445064 0.5488794
vn 0.3445836 0.4568858 0.8200717
vn 0.5322996 0.6445064 0.5488794
vn 0.3655926 0.3305693 0.8700955
vn 0.8235272 0.4568808 0.3362484
vn 0.5322996 0.6445064 0.5488794
vn 0.7645109 0.644505 0.01167911
vn 0.8235272 0.4568808 0.3362484
vn 0.7645109 0.644505 0.01167911
vn 0.8737781 0.3305584 0.3567116
vn 0.8200745 0.4568665 -0.3446025
vn 0.7645109 0.644505 0.01167911
vn 0.5488625 0.6444919 -0.5323347
vn 0.8200745 0.4568665 -0.3446025
vn 0.5488625 0.6444919 -0.5323347
vn 0.8701085 0.3305587 -0.365571
vn 0.3362294 0.4568989 -0.8235249
vn 0.5488625 0.6444919 -0.5323347
vn 0.01168443 0.6444971 -0.7645175
vn 0.3362294 0.4568989 -0.8235249
vn 0.01168443 0.6444971 -0.7645175
vn 0.3567309 0.3305788 -0.8737624
vn -0.3445823 0.4568962 -0.8200665
vn 0.01168443 0.6444971 -0.7645175
vn -0.320009 0.5635524 -0.7615793
vn -0.3445823 0.4568962 -0.8200665
vn -0.320009 0.5635524 -0.7615793
vn -0.3655942 0.3305688 -0.870095
vn -0.2829842 0.6630046 0.6930691
vn -0.2497788 0.7506271 0.611694
vn -0.2497694 0.7506199 0.6117067
vn -0.2829842 0.6630046 0.6930691
vn -0.2497694 0.7506199 0.6117067
vn -0.01168453 0.6444924 0.7645214
vn -0.01168453 0.6444924 0.7645214
vn 0.2559915 0.7506071 0.6091447
vn 0.2559758 0.7506143 0.6091425
vn -0.01168453 0.6444924 0.7645214
vn 0.2559758 0.7506143 0.6091425
vn 0.5322996 0.6445064 0.5488794
vn 0.5322996 0.6445064 0.5488794
vn 0.6116669 0.7506471 0.2497851
vn 0.6116678 0.7506467 0.2497846
vn 0.5322996 0.6445064 0.5488794
vn 0.6116678 0.7506467 0.2497846
vn 0.7645109 0.644505 0.01167911
vn 0.7645109 0.644505 0.01167911
vn 0.609098 0.7506459 -0.2559893
vn 0.6090978 0.7506464 -0.2559884
vn 0.7645109 0.644505 0.01167911
vn 0.6090978 0.7506464 -0.2559884
vn 0.5488625 0.6444919 -0.5323347
vn 0.5488625 0.6444919 -0.5323347
vn 0.2497788 0.7506271 -0.611694
vn 0.2497694 0.7506199 -0.6117067
vn 0.5488625 0.6444919 -0.5323347
vn 0.2497694 0.7506199 -0.6117067
vn 0.01168443 0.6444971 -0.7645175
vn 0.01168443 0.6444971 -0.7645175
vn -0.2559915 0.7506071 -0.6091447
vn -0.2559758 0.7506143 -0.6091425
vn 0.01168443 0.6444971 -0.7645175
vn -0.2559758 0.7506143 -0.6091425
vn -0.320009 0.5635524 -0.7615793
vn 0.1100959 0.9876786 -0.1112194
vn 0.1558339 0.9856097 -0.06549327
vn 7.553586E-06 1 -3.744071E-08
vn 7.553586E-06 1 -3.744071E-08
vn 0.1564915 0.9856097 0.06390609
vn 0.1564915 0.9856097 0.06390609
vn 7.553586E-06 1 -3.744071E-08
vn 0.06548396 0.9856121 0.1558224
vn 0.06548396 0.9856121 0.1558224
vn -0.1564611 0.9876838 0.0007950962
vn -0.1112056 0.9876786 -0.1101099
vn 7.553586E-06 1 -3.744071E-08
vn 7.553586E-06 1 -3.744071E-08
vn -0.1112056 0.9876786 -0.1101099
vn -0.06548396 0.9856121 -0.1558224
vn 7.553586E-06 1 -3.744071E-08
vn 0.0638969 0.9856121 -0.1564799
vn 0.1100959 0.9876786 -0.1112194
vn -0.0638969 0.9856121 0.1564799
vn -0.1100808 0.9876786 0.1112344
vn 7.553586E-06 1 -3.744071E-08
vn 7.553586E-06 1 -3.744071E-08
vn -0.1100808 0.9876786 0.1112344
vn -0.1564611 0.9876838 0.0007950962
vn -0.003075864 -0.7948133 -0.6068462
vn -0.2467751 -0.770848 -0.5872781
vn -0.4312472 -0.7948399 -0.4269139
vn -0.4312472 -0.7948399 -0.4269139
vn -0.5897055 -0.7708853 -0.2407973
vn -0.5897055 -0.7708853 -0.2407973
vn -0.4268608 -0.7948747 0.4312355
vn -0.5872031 -0.7709072 0.2467683
vn -0.5872031 -0.7709072 0.2467683
vn -0.2407736 -0.7709015 0.589694
vn -0.2407736 -0.7709015 0.589694
vn -0.4268608 -0.7948747 0.4312355
vn 0.4312794 -0.7948211 0.4269163
vn 0.2467702 -0.770868 0.5872539
vn 0.4312794 -0.7948211 0.4269163
vn 0.4312794 -0.7948211 0.4269163
vn 0.4312794 -0.7948211 0.4269163
vn 0.60686 -0.7948027 -0.003088951
vn 0.60686 -0.7948027 -0.003088951
vn 0.4269434 -0.7947863 -0.4313166
vn 0.4269434 -0.7947863 -0.4313166
vn 0.4269434 -0.7947863 -0.4313166
vn 0.4269434 -0.7947863 -0.4313166
vn -0.003075864 -0.7948133 -0.6068462
vn -0.00549862 -0.6556773 -0.7550213
vn -0.00549862 -0.6556773 -0.7550213
vn -0.003608215 -0.7554349 -0.6552137
vn -0.003608215 -0.7554349 -0.6552137
vn -0.003956174 -0.8395799 -0.543222
vn -0.001043676 -0.8885675 -0.4587447
vn -0.003608215 -0.7554349 -0.6552137
vn -0.001043676 -0.8885675 -0.4587447
vn 6.010698E-05 -0.9287089 -0.3708096
vn 6.010698E-05 -0.9287089 -0.3708096
vn -0.001043676 -0.8885675 -0.4587447
vn -2.884615E-05 -0.981432 -0.1918104
vn 0.9999871 0 -0.005081713
vn 0.9999871 0 -0.005081713
vn 0.9999871 0 -0.005081713
vn 0.9999871 0 -0.005081713
vn 0.9999871 0 -0.005081713
vn 0.9999871 0 -0.005081713
vn -0.0005064292 -0.9950218 -0.0996571
vn -0.001245345 -0.9695061 -0.2450642
vn -0.001258338 -0.9694976 -0.2450974
vn -0.001258338 -0.9694976 -0.2450974
vn -0.001245345 -0.9695061 -0.2450642
vn -0.002931545 -0.8279163 -0.560844
vn -0.001258338 -0.9694976 -0.2450974
vn -0.002931545 -0.8279163 -0.560844
vn -0.00291926 -0.8279443 -0.5608026
vn -0.00291926 -0.8279443 -0.5608026
vn -0.002931545 -0.8279163 -0.560844
vn -0.004535778 -0.4948612 -0.8689602
vn -0.00291926 -0.8279443 -0.5608026
vn -0.004535778 -0.4948612 -0.8689602
vn -0.004178385 -0.5691224 -0.8222422
vn -0.001957118 -0.9228601 -0.3851302
vn -0.00285036 -0.8278762 -0.5609037
vn -0.002931545 -0.8279163 -0.560844
vn -0.002931545 -0.8279163 -0.560844
vn -0.00285036 -0.8278762 -0.5609037
vn -0.004472717 -0.4945291 -0.8691496
vn -0.002931545 -0.8279163 -0.560844
vn -0.004472717 -0.4945291 -0.8691496
vn -0.004535778 -0.4948612 -0.8689602
vn -0.004472717 -0.4945291 -0.8691496
vn -0.003643638 -0.6998625 -0.7142684
vn -0.00463145 -0.4163712 -0.9091829
vn -0.004466688 0.4768459 -0.8789756
vn -0.004351989 0.4766602 -0.8790769
vn -0.00477089 0.3266816 -0.9451225
vn -0.004466688 0.4768459 -0.8789756
vn -0.00477089 0.3266816 -0.9451225
vn -0.004502755 0.4764936 -0.8791664
vn -0.004502755 0.4764936 -0.8791664
vn -0.00477089 0.3266816 -0.9451225
vn -0.004940808 0.2457522 -0.9693201
vn -0.004502755 0.4764936 -0.8791664
vn -0.004940808 0.2457522 -0.9693201
vn -0.004541791 0.4763524 -0.8792427
vn -0.004541791 0.4763524 -0.8792427
vn -0.004940808 0.2457522 -0.9693201
vn -0.005046231 0.1633015 -0.9865633
vn -0.004541791 0.4763524 -0.8792427
vn -0.005046231 0.1633015 -0.9865633
vn -0.00480319 0.3265223 -0.9451773
vn -0.001245852 -0.9694808 -0.2451641
vn 1.905009E-10 -1 -7.488921E-09
vn -4.283999E-10 -1 1.250169E-09
vn -0.001245852 -0.9694808 -0.2451641
vn -4.283999E-10 -1 1.250169E-09
vn -0.001000002 -0.980446 -0.1967858
vn -0.001000002 -0.980446 -0.1967858
vn -4.283999E-10 -1 1.250169E-09
vn -4.795718E-10 -1 1.874426E-09
vn -0.001000002 -0.980446 -0.1967858
vn -4.795718E-10 -1 1.874426E-09
vn -1.277111E-10 -1 -3.743328E-09
vn -1.277111E-10 -1 -3.743328E-09
vn -4.795718E-10 -1 1.874426E-09
vn 0.001000001 -0.980446 0.1967858
vn -1.277111E-10 -1 -3.743328E-09
vn 0.001000001 -0.980446 0.1967858
vn 0.001245847 -0.9694808 0.2451641
vn 0.001245847 -0.9694808 0.2451641
vn 0.001000001 -0.980446 0.1967858
vn 0.002560214 -0.8638068 0.5038167
vn 0.001245847 -0.9694808 0.2451641
vn 0.002560214 -0.8638068 0.5038167
vn 0.002780379 -0.8279443 0.5608034
vn 0.002780379 -0.8279443 0.5608034
vn 0.002560214 -0.8638068 0.5038167
vn 0.004178387 -0.5691224 0.8222422
vn 0.002780379 -0.8279443 0.5608034
vn 0.004178387 -0.5691224 0.8222422
vn 0.004295791 -0.4948612 0.8689615
vn 0.004295791 -0.4948612 0.8689615
vn 0.004178387 -0.5691224 0.8222422
vn 0.005038763 -0.129564 0.9915583
vn 0.004295791 -0.4948612 0.8689615
vn 0.005038763 -0.129564 0.9915583
vn 0.005010688 -0.1294009 0.9915798
vn -0.002560212 -0.8638068 -0.5038167
vn -0.001245852 -0.9694808 -0.2451641
vn -0.001000002 -0.980446 -0.1967858
vn -0.002560212 -0.8638068 -0.5038167
vn -0.001000002 -0.980446 -0.1967858
vn -0.001245846 -0.9694809 -0.2451641
vn -0.001245846 -0.9694809 -0.2451641
vn -0.001000002 -0.980446 -0.1967858
vn -1.277111E-10 -1 -3.743328E-09
vn -0.001245846 -0.9694809 -0.2451641
vn -1.277111E-10 -1 -3.743328E-09
vn -1.752296E-11 -1 -1.247903E-09
vn -1.752296E-11 -1 -1.247903E-09
vn -1.277111E-10 -1 -3.743328E-09
vn 0.001245847 -0.9694808 0.2451641
vn -1.752296E-11 -1 -1.247903E-09
vn 0.001245847 -0.9694808 0.2451641
vn 0.001232676 -0.9694976 0.2450975
vn 0.001232676 -0.9694976 0.2450975
vn 0.001245847 -0.9694808 0.2451641
vn 0.002780379 -0.8279443 0.5608034
vn 0.001232676 -0.9694976 0.2450975
vn 0.002780379 -0.8279443 0.5608034
vn 0.002768597 -0.8279163 0.5608448
vn 0.002768597 -0.8279163 0.5608448
vn 0.002780379 -0.8279443 0.5608034
vn 0.004295791 -0.4948612 0.8689615
vn 0.002768597 -0.8279163 0.5608448
vn 0.004295791 -0.4948612 0.8689615
vn 0.00436079 -0.4945291 0.8691502
vn 0.00436079 -0.4945291 0.8691502
vn 0.004295791 -0.4948612 0.8689615
vn 0.005010688 -0.1294009 0.9915798
vn 0.00436079 -0.4945291 0.8691502
vn 0.005010688 -0.1294009 0.9915798
vn 0.005047139 -0.1107095 0.99384
vn 0.004582361 0.4766602 0.8790758
vn 0.004466688 0.4768459 0.8789756
vn 0.004802732 0.326727 0.9451066
vn 0.004802732 0.326727 0.9451066
vn 0.004466688 0.4768459 0.8789756
vn 0.004380867 0.4766602 0.8790768
vn 0.004802732 0.326727 0.9451066
vn 0.004380867 0.4766602 0.8790768
vn 0.004910647 0.2458344 0.9692994
vn 0.004910647 0.2458344 0.9692994
vn 0.004380867 0.4766602 0.8790768
vn 0.00441989 0.476394 0.8792208
vn 0.004910647 0.2458344 0.9692994
vn 0.00441989 0.476394 0.8792208
vn 0.005012664 0.1632966 0.9865643
vn 0.005012664 0.1632966 0.9865643
vn 0.00441989 0.476394 0.8792208
vn 0.004803181 0.3265223 0.9451773
vn -0.3200004 0.5635378 -0.7615938
vn -0.3655868 0.3305764 -0.8700951
vn -0.3655881 0.3305753 -0.870095
vn -0.3200004 0.5635378 -0.7615938
vn -0.3655881 0.3305753 -0.870095
vn 0.01170366 0.6444882 -0.7645248
vn 0.01170366 0.6444882 -0.7645248
vn 0.3567443 0.3305722 -0.8737594
vn 0.3567466 0.3305749 -0.8737576
vn 0.01170366 0.6444882 -0.7645248
vn 0.3567466 0.3305749 -0.8737576
vn 0.5488707 0.6444859 -0.5323334
vn 0.5488707 0.6444859 -0.5323334
vn 0.8700935 0.3305755 -0.3655918
vn 0.8700947 0.330561 -0.3656018
vn 0.5488707 0.6444859 -0.5323334
vn 0.8700947 0.330561 -0.3656018
vn 0.7645232 0.6444904 0.01167947
vn 0.7645232 0.6444904 0.01167947
vn 0.8737733 0.3305503 0.3567308
vn 0.8737649 0.3305644 0.3567384
vn 0.7645232 0.6444904 0.01167947
vn 0.8737649 0.3305644 0.3567384
vn 0.5323193 0.6444939 0.548875
vn 0.5323193 0.6444939 0.548875
vn 0.3656071 0.3305763 0.8700868
vn 0.3656107 0.3305761 0.8700852
vn 0.5323193 0.6444939 0.548875
vn 0.3656107 0.3305761 0.8700852
vn -0.01167775 0.6444933 0.7645208
vn -0.01167775 0.6444933 0.7645208
vn -0.356726 0.3305795 0.8737642
vn -0.3567283 0.330578 0.8737638
vn -0.01167775 0.6444933 0.7645208
vn -0.3567283 0.330578 0.8737638
vn -0.2829595 0.6629962 0.6930873
vn -0.255944 0.7506148 -0.6091553
vn -0.3200004 0.5635378 -0.7615938
vn 0.01170366 0.6444882 -0.7645248
vn -0.255944 0.7506148 -0.6091553
vn 0.01170366 0.6444882 -0.7645248
vn 0.08361174 0.772901 -0.6289937
vn 0.08361174 0.772901 -0.6289937
vn 0.01170366 0.6444882 -0.7645248
vn 0.5488707 0.6444859 -0.5323334
vn 0.08361174 0.772901 -0.6289937
vn 0.5488707 0.6444859 -0.5323334
vn 0.5038684 0.7728954 -0.3856805
vn 0.5038684 0.7728954 -0.3856805
vn 0.5488707 0.6444859 -0.5323334
vn 0.7645232 0.6444904 0.01167947
vn 0.5038684 0.7728954 -0.3856805
vn 0.7645232 0.6444904 0.01167947
vn 0.6289813 0.7729128 0.08359629
vn 0.6289813 0.7729128 0.08359629
vn 0.7645232 0.6444904 0.01167947
vn 0.5323193 0.6444939 0.548875
vn 0.6289813 0.7729128 0.08359629
vn 0.5323193 0.6444939 0.548875
vn 0.3856559 0.7728962 0.5038858
vn 0.3856559 0.7728962 0.5038858
vn 0.5323193 0.6444939 0.548875
vn -0.01167775 0.6444933 0.7645208
vn 0.3856559 0.7728962 0.5038858
vn -0.01167775 0.6444933 0.7645208
vn -0.08357548 0.7728965 0.629004
vn -0.08357548 0.7728965 0.629004
vn -0.01167775 0.6444933 0.7645208
vn -0.2829595 0.6629962 0.6930873
vn -0.08357548 0.7728965 0.629004
vn -0.2829595 0.6629962 0.6930873
vn -0.2497362 0.7506086 0.6117343
vn -0.1100812 0.9876814 0.1112089
vn -0.1564759 0.9876814 0.0007951707
vn 5.627854E-06 1 -2.954448E-08
vn 5.627854E-06 1 -2.954448E-08
vn -0.1564759 0.9876814 0.0007951707
vn -0.1112058 0.9876814 -0.1100843
vn 5.627854E-06 1 -2.954448E-08
vn -0.1112058 0.9876814 -0.1100843
vn -0.06546891 0.9856131 -0.1558226
vn 0.1564851 0.98768 -0.0007952154
vn 0.156486 0.9856105 0.06390739
vn 5.627854E-06 1 -2.954448E-08
vn 5.627854E-06 1 -2.954448E-08
vn 0.06548212 0.9856122 0.1558224
vn 0.06548212 0.9856122 0.1558224
vn 5.627854E-06 1 -2.954448E-08
vn -0.06388185 0.9856131 0.15648
vn -0.1100812 0.9876814 0.1112089
vn 0.06389506 0.9856122 -0.1564799
vn 0.06389506 0.9856122 -0.1564799
vn 5.627854E-06 1 -2.954448E-08
vn 5.627854E-06 1 -2.954448E-08
vn 0.1558284 0.9856105 -0.06549452
vn 0.1564851 0.98768 -0.0007952154
vn 0.003071562 -0.7948133 0.6068463
vn 0.4312544 -0.7948404 0.4269055
vn 0.4312544 -0.7948404 0.4269055
vn 0.4312544 -0.7948404 0.4269055
vn 0.4312544 -0.7948404 0.4269055
vn 0.6067789 -0.7948647 -0.00307852
vn 0.4268682 -0.7948753 -0.4312273
vn 0.6067789 -0.7948647 -0.00307852
vn 0.4268682 -0.7948753 -0.4312273
vn 0.4268682 -0.7948753 -0.4312273
vn 0.2407593 -0.7708983 -0.589704
vn 0.4268682 -0.7948753 -0.4312273
vn -0.4312792 -0.7948335 -0.4268935
vn -0.2467642 -0.7708752 -0.5872469
vn -0.2467642 -0.7708752 -0.5872469
vn -0.4312792 -0.7948335 -0.4268935
vn -0.5897738 -0.7708371 -0.2407843
vn -0.5897738 -0.7708371 -0.2407843
vn -0.5873207 -0.7708153 0.2467757
vn -0.5873207 -0.7708153 0.2467757
vn -0.4269435 -0.7947987 0.4312939
vn -0.4269435 -0.7947987 0.4312939
vn -0.2408032 -0.7708216 0.5897864
vn 0.003071562 -0.7948133 0.6068463
vn 0.9999871 -1.835272E-11 -0.005081654
vn 0.9999871 -1.026544E-11 -0.005081654
vn 0.9999871 6.162588E-13 -0.005081654
vn 0.9999871 -1.835272E-11 -0.005081654
vn 0.9999871 6.162588E-13 -0.005081654
vn 0.9999871 0 -0.005081654
vn 0.9999871 0 -0.005081654
vn 0.9999871 6.162588E-13 -0.005081654
vn 0.9999871 0 -0.005081654
vn 0.9999871 0 -0.005081654
vn 0.9999871 0 -0.005081654
vn 0.9999871 -6.162583E-13 -0.005081654
vn 0.9999871 -1.634322E-11 -0.005081654
vn 0.9999871 4.115833E-12 -0.005081654
vn 0.9999871 -8.503589E-12 -0.005081654
vn 0.9999871 -1.634322E-11 -0.005081654
vn 0.9999871 -8.503589E-12 -0.005081654
vn 0.9999871 -1.026544E-11 -0.005081654
vn 0.9999871 -1.026544E-11 -0.005081654
vn 0.9999871 -8.503589E-12 -0.005081654
vn 0.9999871 9.504966E-13 -0.005081654
vn 0.9999871 -1.026544E-11 -0.005081654
vn 0.9999871 9.504966E-13 -0.005081654
vn 0.9999871 6.162588E-13 -0.005081654
vn 3.34543E-10 1 -1.865848E-09
vn 0.0002013241 0.9992067 0.0398238
vn -6.997981E-07 1 2.934826E-09
vn 3.34543E-10 1 -1.865848E-09
vn -6.997981E-07 1 2.934826E-09
vn -0.0004358744 0.9963783 -0.08503037
vn -0.0004358744 0.9963783 -0.08503037
vn -6.997981E-07 1 2.934826E-09
vn -0.0005528212 0.9941915 -0.1076244
vn -0.0004358744 0.9963783 -0.08503037
vn -0.0005528212 0.9941915 -0.1076244
vn -0.001110245 0.9765608 -0.2152386
vn -0.001110245 0.9765608 -0.2152386
vn -0.0005528212 0.9941915 -0.1076244
vn -0.001216577 0.9719207 -0.2353054
vn -0.001110245 0.9765608 -0.2152386
vn -0.001216577 0.9719207 -0.2353054
vn -0.001525303 0.9555644 -0.2947784
vn -1.9027E-11 -1 -3.744292E-09
vn -0.001920547 -0.981432 -0.1918008
vn -0.000136591 -1 6.885093E-07
vn -1.9027E-11 -1 -3.744292E-09
vn -0.000136591 -1 6.885093E-07
vn 2.884847E-05 -0.981432 0.1918104
vn 2.884847E-05 -0.981432 0.1918104
vn -0.000136591 -1 6.885093E-07
vn 0.0002421749 -0.994872 0.1011418
vn 2.884847E-05 -0.981432 0.1918104
vn 0.0006753593 -0.9593977 0.282056
vn 0.0006753593 -0.9593977 0.282056
vn 0.004935488 -0.6551169 0.7555115
vn 0.004774584 -0.755092 0.6556016
vn 0.003608219 -0.7554349 0.6552138
vn 0.003608219 -0.7554349 0.6552138
vn 0.004774584 -0.755092 0.6556016
vn 0.001043687 -0.8885675 0.4587447
vn 0.003608219 -0.7554349 0.6552138
vn 0.001043687 -0.8885675 0.4587447
vn -0.000431437 -0.9100928 0.4144041
vn -0.000431437 -0.9100928 0.4144041
vn 0.001043687 -0.8885675 0.4587447
vn 2.884847E-05 -0.981432 0.1918104
vn -0.001922496 0.9256741 -0.3783171
vn -0.001820604 0.9255896 -0.3785243
vn -0.001713915 0.9415334 -0.3369153
vn -0.001713915 0.9415334 -0.3369153
vn -0.001820604 0.9255896 -0.3785243
vn -0.001714372 0.9414901 -0.3370363
vn -0.001713915 0.9415334 -0.3369153
vn -0.001714372 0.9414901 -0.3370363
vn -0.001216152 0.9719184 -0.2353151
vn -4.795718E-10 -1 1.874426E-09
vn -4.283999E-10 -1 1.250169E-09
vn 0.001000001 -0.980446 0.1967858
vn 0.001000001 -0.980446 0.1967858
vn -4.283999E-10 -1 1.250169E-09
vn 0.001245852 -0.9694808 0.2451641
vn 0.001000001 -0.980446 0.1967858
vn 0.001245852 -0.9694808 0.2451641
vn 0.002560214 -0.8638068 0.5038167
vn 0.002560214 -0.8638068 0.5038167
vn 0.001245852 -0.9694808 0.2451641
vn 0.002919269 -0.8279443 0.5608027
vn 0.002560214 -0.8638068 0.5038167
vn 0.002919269 -0.8279443 0.5608027
vn 0.004178387 -0.5691224 0.8222422
vn 0.004178387 -0.5691224 0.8222422
vn 0.002919269 -0.8279443 0.5608027
vn 0.00455968 -0.4948849 0.8689466
vn 0.004178387 -0.5691224 0.8222422
vn 0.00455968 -0.4948849 0.8689466
vn 0.005038763 -0.129564 0.9915583
vn 0.005038763 -0.129564 0.9915583
vn 0.00455968 -0.4948849 0.8689466
vn 0.005080572 -0.1293536 0.9915856
vn -0.001714372 0.9414901 -0.3370363
vn -0.001820604 0.9255896 -0.3785243
vn -0.001818911 0.9254852 -0.3787796
vn -4.283999E-10 -1 1.250169E-09
vn 1.905009E-10 -1 -7.488921E-09
vn 0.001245852 -0.9694808 0.2451641
vn 0.001245852 -0.9694808 0.2451641
vn 1.905009E-10 -1 -7.488921E-09
vn 0.001258333 -0.9694976 0.2450974
vn 0.001245852 -0.9694808 0.2451641
vn 0.001258333 -0.9694976 0.2450974
vn 0.002919269 -0.8279443 0.5608027
vn 0.002919269 -0.8279443 0.5608027
vn 0.001258333 -0.9694976 0.2450974
vn 0.002941328 -0.827947 0.5607988
vn 0.002919269 -0.8279443 0.5608027
vn 0.002941328 -0.827947 0.5607988
vn 0.00455968 -0.4948849 0.8689466
vn 0.00455968 -0.4948849 0.8689466
vn 0.002941328 -0.827947 0.5607988
vn 0.004460823 -0.4944937 0.8691698
vn 0.00455968 -0.4948849 0.8689466
vn 0.004460823 -0.4944937 0.8691698
vn 0.005080572 -0.1293536 0.9915856
vn 0.005080572 -0.1293536 0.9915856
vn 0.004460823 -0.4944937 0.8691698
vn 0.005036473 -0.1106285 0.9938491
vn 0.005014271 0.1632453 0.9865729
vn 0.004468267 0.4762838 0.8792803
vn 0.004516277 0.4763 0.8792711
vn 0.005014271 0.1632453 0.9865729
vn 0.004516277 0.4763 0.8792711
vn 0.00495565 0.2458084 0.9693058
vn 0.00495565 0.2458084 0.9693058
vn 0.004516277 0.4763 0.8792711
vn 0.004582361 0.4766602 0.8790758
vn 0.00495565 0.2458084 0.9693058
vn 0.004582361 0.4766602 0.8790758
vn 0.004802732 0.326727 0.9451066
vn -0.3567249 0.3305764 0.8737658
vn -0.3122436 0.5635377 0.7648067
vn -0.3567262 0.3305754 0.8737656
vn -0.3567262 0.3305754 0.8737656
vn -0.3122436 0.5635377 0.7648067
vn 0.01947311 0.6444882 0.7643663
vn 0.3445908 0.4568743 0.8200751
vn 0.01947311 0.6444882 0.7643663
vn 0.3656083 0.3305749 0.8700867
vn 0.3656083 0.3305749 0.8700867
vn 0.01947311 0.6444882 0.7643663
vn 0.5542526 0.644486 0.5267276
vn 0.8235298 0.4568962 0.3362209
vn 0.5542526 0.644486 0.5267276
vn 0.8737655 0.3305611 0.3567399
vn 0.8737655 0.3305611 0.3567399
vn 0.5542526 0.644486 0.5267276
vn 0.764365 0.6444904 -0.01944894
vn 0.8200921 0.4568521 -0.3445798
vn 0.764365 0.6444904 -0.01944894
vn 0.8700941 0.3305644 -0.3656003
vn 0.8700941 0.3305644 -0.3656003
vn 0.764365 0.6444904 -0.01944894
vn 0.5267135 0.6444939 -0.5542567
vn 0.3362357 0.4568947 -0.8235247
vn 0.5267135 0.6444939 -0.5542567
vn 0.3567489 0.3305761 -0.8737562
vn 0.3567489 0.3305761 -0.8737562
vn 0.5267135 0.6444939 -0.5542567
vn -0.01944723 0.6444933 -0.7643626
vn -0.3445717 0.4568886 -0.8200752
vn -0.01944723 0.6444933 -0.7643626
vn -0.3655902 0.330578 -0.8700931
vn -0.3655902 0.330578 -0.8700931
vn -0.01944723 0.6444933 -0.7643626
vn -0.2899889 0.6629962 -0.6901757
vn -0.3122436 0.5635377 0.7648067
vn -0.2497397 0.7506148 0.6117251
vn 0.01947311 0.6444882 0.7643663
vn 0.01947311 0.6444882 0.7643663
vn -0.2497397 0.7506148 0.6117251
vn 0.003222839 0.7758259 0.6309389
vn 0.01947311 0.6444882 0.7643663
vn 0.003222839 0.7758259 0.6309389
vn 0.5542526 0.644486 0.5267276
vn 0.5542526 0.644486 0.5267276
vn 0.2559794 0.7506205 0.6091333
vn 0.448406 0.7758294 0.4438702
vn 0.5542526 0.644486 0.5267276
vn 0.448406 0.7758294 0.4438702
vn 0.764365 0.6444904 -0.01944894
vn 0.764365 0.6444904 -0.01944894
vn 0.6117048 0.7506065 0.2498145
vn 0.630933 0.7758308 -0.003184497
vn 0.764365 0.6444904 -0.01944894
vn 0.630933 0.7758308 -0.003184497
vn 0.5267135 0.6444939 -0.5542567
vn 0.5267135 0.6444939 -0.5542567
vn 0.6091021 0.7506371 -0.256005
vn 0.4438501 0.7758294 -0.4484259
vn 0.5267135 0.6444939 -0.5542567
vn 0.4438501 0.7758294 -0.4484259
vn -0.01944723 0.6444933 -0.7643626
vn -0.01944723 0.6444933 -0.7643626
vn 0.2497806 0.7506085 -0.6117161
vn -0.003188201 0.7758259 -0.6309391
vn -0.01944723 0.6444933 -0.7643626
vn -0.003188201 0.7758259 -0.6309391
vn -0.2899889 0.6629962 -0.6901757
vn -0.2899889 0.6629962 -0.6901757
vn -0.2559406 0.7506086 -0.6091645
vn -0.2559406 0.7506086 -0.6091645
vn -0.1100812 0.9876814 0.1112089
vn -0.1564759 0.9876814 0.0007951707
vn 5.630693E-06 1 -2.861407E-08
vn 5.630693E-06 1 -2.861407E-08
vn -0.1564759 0.9876814 0.0007951707
vn -0.1112058 0.9876814 -0.1100843
vn 5.630693E-06 1 -2.861407E-08
vn -0.1112058 0.9876814 -0.1100843
vn -0.06546891 0.9856131 -0.1558226
vn 0.06389506 0.9856122 -0.1564799
vn 0.06389506 0.9856122 -0.1564799
vn 5.630693E-06 1 -2.861407E-08
vn 5.630693E-06 1 -2.861407E-08
vn 0.1558284 0.9856105 -0.06549452
vn 0.1558284 0.9856105 -0.06549452
vn 5.630693E-06 1 -2.861407E-08
vn 0.156486 0.9856105 0.06390739
vn 0.156486 0.9856105 0.06390739
vn -0.1100812 0.9876814 0.1112089
vn 5.630693E-06 1 -2.861407E-08
vn 0.000801808 0.987681 0.1564789
vn 0.000801808 0.987681 0.1564789
vn 5.630693E-06 1 -2.861407E-08
vn 0.06548212 0.9856122 0.1558224
vn 0.6067789 -0.7948647 -0.003088534
vn 0.4268934 -0.7948404 -0.4312664
vn 0.4268934 -0.7948404 -0.4312664
vn 0.4268934 -0.7948404 -0.4312664
vn 0.4268934 -0.7948404 -0.4312664
vn 0.2407793 -0.7708448 -0.5897658
vn -0.4313048 -0.7947987 -0.4269324
vn -0.2467849 -0.7708216 -0.5873086
vn -0.2467849 -0.7708216 -0.5873086
vn -0.4269183 -0.7948335 0.4312547
vn -0.2407831 -0.7708752 0.5897245
vn -0.4269183 -0.7948335 0.4312547
vn 0.4312288 -0.7948753 0.4268666
vn 0.2467401 -0.7708983 0.5872266
vn 0.4312288 -0.7948753 0.4268666
vn 0.4312288 -0.7948753 0.4268666
vn 0.4312288 -0.7948753 0.4268666
vn 0.6067789 -0.7948647 -0.003088534
vn -0.4269183 -0.7948335 0.4312547
vn -0.4269183 -0.7948335 0.4312547
vn -0.6068562 -0.7948056 0.003078878
vn -0.6068562 -0.7948056 0.003078878
vn -0.4313048 -0.7947987 -0.4269324
vn -0.5897984 -0.7708153 -0.2407939
vn 0.9999871 -9.504966E-13 -0.005081654
vn 0.9999871 8.50575E-12 -0.005081654
vn 0.9999871 1.026544E-11 -0.005081654
vn 0.9999871 -9.504966E-13 -0.005081654
vn 0.9999871 1.026544E-11 -0.005081654
vn 0.9999871 -6.162583E-13 -0.005081654
vn 0.9999871 -6.162583E-13 -0.005081654
vn 0.9999871 1.026544E-11 -0.005081654
vn 0.9999871 1.835272E-11 -0.005081654
vn 0.9999871 -6.162583E-13 -0.005081654
vn 0.9999871 1.835272E-11 -0.005081654
vn 0.9999871 0 -0.005081654
vn 0.9999871 -4.111076E-12 -0.005081654
vn 0.9999871 1.632839E-11 -0.005081654
vn 0.9999871 8.50575E-12 -0.005081654
vn 0.9999871 8.50575E-12 -0.005081654
vn 0.9999871 1.632839E-11 -0.005081654
vn 0.9999871 1.026544E-11 -0.005081654
vn -0.0005527039 0.9941909 -0.1076296
vn -0.001216577 0.9719207 -0.2353054
vn -0.0005528212 0.9941915 -0.1076244
vn -0.0005527039 0.9941909 -0.1076296
vn -0.0005528212 0.9941915 -0.1076244
vn -6.955975E-07 1 3.534865E-09
vn -6.955975E-07 1 3.534865E-09
vn -0.0005528212 0.9941915 -0.1076244
vn -6.997981E-07 1 2.934826E-09
vn -6.955975E-07 1 3.534865E-09
vn -6.997981E-07 1 2.934826E-09
vn 0.0005410095 0.9941915 0.1076244
vn 0.0005410095 0.9941915 0.1076244
vn -6.997981E-07 1 2.934826E-09
vn 0.0002013241 0.9992067 0.0398238
vn 0.0005410095 0.9941915 0.1076244
vn 0.0008796678 0.9845824 0.1749197
vn 0.001077304 0.9765608 0.2152388
vn -0.001888738 -0.755092 -0.6556162
vn -0.004504052 -0.2749236 -0.9614556
vn -0.002371445 -0.7229866 -0.6908581
vn -0.001888738 -0.755092 -0.6556162
vn -0.002371445 -0.7229866 -0.6908581
vn -0.003618659 -0.8885675 -0.4587316
vn -0.003618659 -0.8885675 -0.4587316
vn -0.005029864 -0.8415147 -0.5402107
vn -0.004643028 -0.9100928 -0.4143783
vn -0.003618659 -0.8885675 -0.4587316
vn -0.004643028 -0.9100928 -0.4143783
vn -0.001920547 -0.981432 -0.1918008
vn -0.001920547 -0.981432 -0.1918008
vn -0.002191217 -0.9593977 -0.2820483
vn -0.002191217 -0.9593977 -0.2820483
vn -0.001920547 -0.981432 -0.1918008
vn -0.000785748 -0.994872 -0.1011391
vn -0.000136591 -1 6.885093E-07
vn -3.364531E-10 -1 1.709771E-12
vn -0.001232674 -0.9694976 -0.2450976
vn -0.001487942 -0.9561704 -0.2928071
vn -0.001487942 -0.9561704 -0.2928071
vn -0.001232674 -0.9694976 -0.2450976
vn -0.002758299 -0.827947 -0.5607996
vn -0.001487942 -0.9561704 -0.2928071
vn -0.002758299 -0.827947 -0.5607996
vn -0.003152726 -0.7881894 -0.6154246
vn -0.004925977 0.2457045 -0.9693323
vn -0.005012656 0.1632453 -0.9865729
vn -0.004420134 0.4763 -0.8792718
vn -0.004420134 0.4763 -0.8792718
vn -0.005012656 0.1632453 -0.9865729
vn -0.004895742 0.2458084 -0.9693061
vn -0.004420134 0.4763 -0.8792718
vn -0.004895742 0.2458084 -0.9693061
vn -0.004351989 0.4766602 -0.8790769
vn -0.004351989 0.4766602 -0.8790769
vn -0.004895742 0.2458084 -0.9693061
vn -0.00477089 0.3266816 -0.9451225
vn 0.3395 0.9406044 -0.001725256
vn 0.2359572 0.8793846 -0.4135301
vn 0.3665696 0.9054141 -0.2141307
vn 0.4955914 0 -0.8685559
vn 0.4955914 0 -0.8685559
vn 0.4955914 0 -0.8685559
vn 0.4955914 0 -0.8685559
vn 0.4955914 0 -0.8685559
vn 0.4955914 0 -0.8685558
vn 0.4263866 -0.8695731 -0.2490726
vn 0.2717561 -0.836251 -0.47627
vn 0.2717561 -0.836251 -0.47627
vn 0.4263866 -0.8695731 -0.2490726
vn 0.428896 -0.8695731 0.2447263
vn 0.428896 -0.8695731 0.2447263
vn 0.428896 -0.8695731 0.2447263
vn 0.428896 -0.8695731 0.2447263
vn 0.2765826 -0.836251 0.4734834
vn 0.5043933 0 0.8634741
vn 0.5043933 0 0.8634741
vn 0.5043933 0 0.8634741
vn 0.9999871 0 -0.005081654
vn 0.9999871 0 -0.005081654
vn 0.9999871 0 -0.005081654
vn 0.5043933 0 0.8634741
vn 0.5043933 0 0.8634741
vn 0.5043933 0 0.8634741
vn 0.3687269 0.9054141 0.2103941
vn 0.2401478 0.8793845 0.4111106
vn 0.3395 0.9406044 -0.001725256
vn -0.07197379 -0.8636463 0.4989339
vn -0.07197379 -0.8636463 0.4989339
vn -0.06429094 -0.8641175 0.4991669
vn -0.005081626 1.403139E-13 -0.9999871
vn -0.005081626 7.015696E-14 -0.9999871
vn -0.005081626 9.354261E-14 -0.9999871
vn -0.005081626 9.354261E-14 -0.9999871
vn -0.005081626 7.015696E-14 -0.9999871
vn -0.005081626 4.657919E-14 -0.9999871
vn 0.05398419 0.8648386 0.4991392
vn 0.04238206 0.8652945 0.4994689
vn 0.04625041 0.8651566 0.4993647
vn 0.04625041 0.8651566 0.4993647
vn 0.04238206 0.8652945 0.4994689
vn 0.002541086 0.866 0.5000375
vn -0.02569653 -0.8656952 0.4999116
vn 0.00254065 -0.8660405 0.4999674
vn 0.00254065 -0.8660405 0.4999673
vn 0.00254065 -0.8660405 0.4999673
vn 0.00254065 -0.8660405 0.4999674
vn 0.03887097 -0.8654687 0.4994526
vn 0.00254065 -0.8660405 0.4999673
vn 0.03887097 -0.8654687 0.4994526
vn 0.04696452 -0.8651898 0.4992404
vn 0.04696452 -0.8651898 0.4992404
vn 0.03887097 -0.8654687 0.4994526
vn 0.06317712 -0.8644553 0.4987241
vn 0.04696452 -0.8651898 0.4992404
vn 0.06317712 -0.8644553 0.4987241
vn 0.06723756 -0.8642387 0.4985685
vn 0.06723756 -0.8642387 0.4985685
vn 0.06317712 -0.8644553 0.4987241
vn 0.07941028 -0.8634904 0.4980747
vn -0.00508163 -1.347082E-13 -0.9999871
vn -0.00508163 -1.347011E-13 -0.9999871
vn -0.00508163 -1.347082E-13 -0.9999871
vn 0.07703583 0.863582 0.4982888
vn 0.07703583 0.863582 0.4982888
vn 0.06935614 0.8640531 0.4985999
vn -0.07197379 -0.8636463 0.4989339
vn -0.06044783 -0.864334 0.4992723
vn -0.06429094 -0.8641175 0.4991669
vn -0.06429094 -0.8641175 0.4991669
vn -0.06044783 -0.864334 0.4992723
vn -0.04117672 -0.8652169 0.4997041
vn -0.005081626 1.397376E-13 -0.9999871
vn -0.005081626 6.986879E-14 -0.9999871
vn -0.005081626 4.657919E-14 -0.9999871
vn -0.005081626 4.657919E-14 -0.9999871
vn -0.005081626 6.986879E-14 -0.9999871
vn -0.005081626 0 -0.9999871
vn 0.03077487 0.8656434 0.4997143
vn 0.002542176 0.8659887 0.5000572
vn 0.002541086 0.866 0.5000375
vn 0.002541086 0.866 0.5000375
vn 0.002542176 0.8659887 0.5000572
vn -0.03379175 0.8654515 0.4998517
vn 0.002541086 0.866 0.5000375
vn -0.03379175 0.8654515 0.4998517
vn -0.04188773 0.8651832 0.4997032
vn -0.04188773 0.8651832 0.4997032
vn -0.03379175 0.8654515 0.4998517
vn -0.05810411 0.8644423 0.4993628
vn -0.04188773 0.8651832 0.4997032
vn -0.05810411 0.8644423 0.4993628
vn -0.06216524 0.8642194 0.4992597
vn -0.06216524 0.8642194 0.4992597
vn -0.05810411 0.8644423 0.4993628
vn -0.0743409 0.8634486 0.4989289
vn 0.07941028 -0.8634904 0.4980747
vn 0.07941028 -0.8634904 0.4980747
vn 0.07941028 -0.8634904 0.4980747
vn -0.005081626 1.403139E-13 -0.9999871
vn -0.005081626 1.403139E-13 -0.9999871
vn -0.005081626 9.354261E-14 -0.9999871
vn 0.07703583 0.863582 0.4982888
vn 0.07703582 0.863582 0.4982888
vn 0.06935614 0.8640531 0.4985999
vn 0.06935614 0.8640531 0.4985999
vn 0.05398419 0.8648386 0.4991392
vn 0.04625041 0.8651566 0.4993647
vn -0.04891244 -0.8648935 0.4995666
vn -0.04891244 -0.8648935 0.4995666
vn -0.04117672 -0.8652169 0.4997041
vn -0.04117672 -0.8652169 0.4997041
vn -0.02569653 -0.8656952 0.4999116
vn 0.00254065 -0.8660405 0.4999673
vn -0.005081626 0 -0.9999871
vn -0.005081626 0 -0.9999871
vn -0.005081626 0 -0.9999871
vn -0.005081626 0 -0.9999871
vn -0.005081626 0 -0.9999871
vn -0.005081626 0 -0.9999871
vn -0.005081626 0 -0.9999871
vn -0.005081626 0 -0.9999871
vn -0.005081626 0 -0.9999871
vn -0.005081626 0 -0.9999871
vn -0.005081626 0 -0.9999871
vn -0.005081626 0 -0.9999871
vn -0.005081626 0 -0.9999871
vn -0.005081626 0 -0.9999871
vn -0.005081628 -6.735767E-14 -0.9999871
vn -0.005081628 -6.735767E-14 -0.9999871
vn -0.00508163 -1.347082E-13 -0.9999871
vn -0.00508163 -1.347082E-13 -0.9999871
vn -0.0743395 0.863426 0.4989682
vn -0.0743395 0.863426 0.4989682
vn -0.0743409 0.8634486 0.4989289
vn 0.3395 0.9406044 -0.001725227
vn 0.2359572 0.8793846 -0.41353
vn 0.3665696 0.9054142 -0.2141306
vn 0.4955916 0 -0.8685557
vn 0.4955916 0 -0.8685557
vn 0.4955916 0 -0.8685557
vn 0.4955916 0 -0.8685557
vn 0.4955916 0 -0.8685557
vn 0.4955916 0 -0.8685557
vn 0.4263867 -0.8695731 -0.2490726
vn 0.2717561 -0.836251 -0.4762698
vn 0.2717561 -0.836251 -0.4762698
vn 0.4263867 -0.8695731 -0.2490726
vn 0.428896 -0.8695731 0.2447263
vn 0.428896 -0.8695731 0.2447263
vn 0.428896 -0.8695731 0.2447263
vn 0.428896 -0.8695731 0.2447263
vn 0.2765826 -0.836251 0.4734834
vn 0.5043933 0 0.8634741
vn 0.5043933 0 0.8634741
vn 0.5043933 0 0.8634741
vn 0.9999871 0 -0.005081654
vn 0.9999871 0 -0.005081654
vn 0.9999871 0 -0.005081654
vn 0.5043933 0 0.8634741
vn 0.5043933 0 0.8634741
vn 0.5043933 0 0.8634741
vn 0.3687269 0.9054141 0.2103941
vn 0.2401478 0.8793845 0.4111106
vn 0.3395 0.9406044 -0.001725227
vn -0.07197379 -0.8636463 0.4989339
vn -0.07197379 -0.8636463 0.4989339
vn -0.06429094 -0.8641175 0.4991669
vn -0.005081626 1.403139E-13 -0.9999871
vn -0.005081626 7.015696E-14 -0.9999871
vn -0.005081626 9.354261E-14 -0.9999871
vn -0.005081626 9.354261E-14 -0.9999871
vn -0.005081626 7.015696E-14 -0.9999871
vn -0.005081626 4.657919E-14 -0.9999871
vn 0.05398419 0.8648386 0.4991392
vn 0.04238206 0.8652945 0.4994689
vn 0.04625041 0.8651566 0.4993647
vn 0.04625041 0.8651566 0.4993647
vn 0.04238206 0.8652945 0.4994689
vn 0.002541086 0.866 0.5000375
vn -0.02569653 -0.8656952 0.4999116
vn 0.00254065 -0.8660405 0.4999674
vn 0.00254065 -0.8660405 0.4999673
vn 0.00254065 -0.8660405 0.4999673
vn 0.00254065 -0.8660405 0.4999674
vn 0.03887097 -0.8654687 0.4994526
vn 0.00254065 -0.8660405 0.4999673
vn 0.03887097 -0.8654687 0.4994526
vn 0.04696452 -0.8651898 0.4992404
vn 0.04696452 -0.8651898 0.4992404
vn 0.03887097 -0.8654687 0.4994526
vn 0.06317712 -0.8644553 0.4987241
vn 0.04696452 -0.8651898 0.4992404
vn 0.06317712 -0.8644553 0.4987241
vn 0.06723756 -0.8642387 0.4985685
vn 0.06723756 -0.8642387 0.4985685
vn 0.06317712 -0.8644553 0.4987241
vn 0.07941028 -0.8634904 0.4980747
vn -0.00508163 -1.347082E-13 -0.9999871
vn -0.00508163 -1.347011E-13 -0.9999871
vn -0.00508163 -1.347082E-13 -0.9999871
vn 0.07703583 0.863582 0.4982888
vn 0.07703583 0.863582 0.4982888
vn 0.06935614 0.8640531 0.4985999
vn -0.07197379 -0.8636463 0.4989339
vn -0.06044783 -0.864334 0.4992723
vn -0.06429094 -0.8641175 0.4991669
vn -0.06429094 -0.8641175 0.4991669
vn -0.06044783 -0.864334 0.4992723
vn -0.04117672 -0.8652169 0.4997041
vn -0.005081626 1.397376E-13 -0.9999871
vn -0.005081626 6.986879E-14 -0.9999871
vn -0.005081626 4.657919E-14 -0.9999871
vn -0.005081626 4.657919E-14 -0.9999871
vn -0.005081626 6.986879E-14 -0.9999871
vn -0.005081626 0 -0.9999871
vn 0.03077487 0.8656434 0.4997143
vn 0.002542176 0.8659887 0.5000572
vn 0.002541086 0.866 0.5000375
vn 0.002541086 0.866 0.5000375
vn 0.002542176 0.8659887 0.5000572
vn -0.03379175 0.8654515 0.4998517
vn 0.002541086 0.866 0.5000375
vn -0.03379175 0.8654515 0.4998517
vn -0.04188773 0.8651832 0.4997032
vn -0.04188773 0.8651832 0.4997032
vn -0.03379175 0.8654515 0.4998517
vn -0.05810411 0.8644423 0.4993628
vn -0.04188773 0.8651832 0.4997032
vn -0.05810411 0.8644423 0.4993628
vn -0.06216524 0.8642194 0.4992597
vn -0.06216524 0.8642194 0.4992597
vn -0.05810411 0.8644423 0.4993628
vn -0.0743409 0.8634486 0.4989289
vn 0.07941028 -0.8634904 0.4980747
vn 0.07941028 -0.8634904 0.4980747
vn 0.07941028 -0.8634904 0.4980747
vn -0.005081626 1.403139E-13 -0.9999871
vn -0.005081626 1.403139E-13 -0.9999871
vn -0.005081626 9.354261E-14 -0.9999871
vn 0.07703583 0.863582 0.4982888
vn 0.07703582 0.863582 0.4982888
vn 0.06935614 0.8640531 0.4985999
vn 0.06935614 0.8640531 0.4985999
vn 0.05398419 0.8648386 0.4991392
vn 0.04625041 0.8651566 0.4993647
vn -0.04891244 -0.8648935 0.4995666
vn -0.04891244 -0.8648935 0.4995666
vn -0.04117672 -0.8652169 0.4997041
vn -0.04117672 -0.8652169 0.4997041
vn -0.02569653 -0.8656952 0.4999116
vn 0.00254065 -0.8660405 0.4999673
vn -0.005081626 0 -0.9999871
vn -0.005081626 0 -0.9999871
vn -0.005081626 0 -0.9999871
vn -0.005081626 0 -0.9999871
vn -0.005081626 0 -0.9999871
vn -0.005081626 0 -0.9999871
vn -0.005081626 0 -0.9999871
vn -0.005081626 0 -0.9999871
vn -0.005081626 0 -0.9999871
vn -0.005081626 0 -0.9999871
vn -0.005081626 0 -0.9999871
vn -0.005081626 0 -0.9999871
vn -0.005081626 0 -0.9999871
vn -0.005081626 0 -0.9999871
vn -0.005081628 -6.735767E-14 -0.9999871
vn -0.005081628 -6.735767E-14 -0.9999871
vn -0.00508163 -1.347082E-13 -0.9999871
vn -0.00508163 -1.347082E-13 -0.9999871
vn -0.0743395 0.863426 0.4989682
vn -0.0743395 0.863426 0.4989682
vn -0.0743409 0.8634486 0.4989289
vn 0.3395 0.9406044 -0.001725078
vn 0.2359575 0.8793847 -0.4135296
vn 0.3665697 0.9054142 -0.2141304
vn 0.4955923 0 -0.8685553
vn 0.4955923 0 -0.8685553
vn 0.4955923 0 -0.8685553
vn 0.4955923 0 -0.8685553
vn 0.4955923 0 -0.8685553
vn 0.4955923 0 -0.8685553
vn 0.4263868 -0.8695731 -0.2490724
vn 0.2717565 -0.8362511 -0.4762695
vn 0.2717565 -0.8362511 -0.4762695
vn 0.4263868 -0.8695731 -0.2490724
vn 0.428896 -0.8695731 0.2447263
vn 0.428896 -0.8695731 0.2447263
vn 0.428896 -0.8695731 0.2447263
vn 0.428896 -0.8695731 0.2447263
vn 0.2765826 -0.836251 0.4734834
vn 0.5043933 0 0.8634741
vn 0.5043933 0 0.8634741
vn 0.5043933 0 0.8634741
vn 0.9999871 0 -0.005081654
vn 0.9999871 0 -0.005081654
vn 0.9999871 0 -0.005081654
vn 0.5043933 0 0.8634741
vn 0.5043933 0 0.8634741
vn 0.5043933 0 0.8634741
vn 0.3687269 0.9054141 0.2103941
vn 0.2401478 0.8793845 0.4111106
vn 0.3395 0.9406044 -0.001725078
vn -0.07197335 -0.8636417 0.4989418
vn -0.07197335 -0.8636417 0.4989418
vn -0.06429055 -0.864113 0.4991748
vn -0.005081649 0 -0.9999871
vn -0.005081649 6.98719E-14 -0.9999871
vn -0.005081649 4.658127E-14 -0.9999871
vn -0.005081649 4.658127E-14 -0.9999871
vn -0.005081649 6.98719E-14 -0.9999871
vn -0.005081628 4.658127E-14 -0.9999871
vn 0.05398396 0.8648341 0.4991471
vn 0.04238187 0.8652899 0.4994769
vn 0.04625021 0.8651521 0.4993725
vn 0.04625021 0.8651521 0.4993725
vn 0.04238187 0.8652899 0.4994769
vn 0.002541142 0.8659955 0.5000454
vn -0.02569637 -0.8656906 0.4999194
vn 0.002540678 -0.866036 0.4999752
vn 0.002540678 -0.866036 0.4999753
vn 0.002540678 -0.866036 0.4999753
vn 0.002540678 -0.866036 0.4999752
vn 0.03887084 -0.8654642 0.4994605
vn 0.002540678 -0.866036 0.4999753
vn 0.03887084 -0.8654642 0.4994605
vn 0.04696431 -0.8651851 0.4992484
vn 0.04696431 -0.8651851 0.4992484
vn 0.03887084 -0.8654642 0.4994605
vn 0.06317682 -0.8644507 0.498732
vn 0.04696431 -0.8651851 0.4992484
vn 0.06317682 -0.8644507 0.498732
vn 0.06723725 -0.8642342 0.4985764
vn 0.06723725 -0.8642342 0.4985764
vn 0.06317682 -0.8644507 0.498732
vn 0.07940995 -0.8634859 0.4980825
vn -0.005081647 -6.735056E-14 -0.9999871
vn -0.005081647 -1.347011E-13 -0.9999871
vn -0.005081647 -6.735056E-14 -0.9999871
vn 0.07703547 0.8635774 0.4982967
vn 0.07703548 0.8635775 0.4982967
vn 0.06935586 0.8640486 0.4986078
vn -0.07197335 -0.8636417 0.4989418
vn -0.06044742 -0.8643295 0.4992802
vn -0.06429055 -0.864113 0.4991748
vn -0.06429055 -0.864113 0.4991748
vn -0.06044742 -0.8643295 0.4992802
vn -0.04117646 -0.8652124 0.499712
vn -0.005081649 0 -0.9999871
vn -0.005081618 0 -0.9999871
vn -0.005081628 4.658127E-14 -0.9999871
vn -0.005081628 4.658127E-14 -0.9999871
vn -0.005081618 0 -0.9999871
vn -0.005081618 0 -0.9999871
vn 0.03077473 0.8656389 0.4997222
vn 0.002542205 0.8659841 0.5000651
vn 0.002541142 0.8659955 0.5000454
vn 0.002541142 0.8659955 0.5000454
vn 0.002542205 0.8659841 0.5000651
vn -0.03379151 0.8654469 0.4998597
vn 0.002541142 0.8659955 0.5000454
vn -0.03379151 0.8654469 0.4998597
vn -0.04188748 0.8651787 0.4997111
vn -0.04188748 0.8651787 0.4997111
vn -0.03379151 0.8654469 0.4998597
vn -0.05810378 0.8644379 0.4993707
vn -0.04188748 0.8651787 0.4997111
vn -0.05810378 0.8644379 0.4993707
vn -0.06216488 0.8642149 0.4992676
vn -0.06216488 0.8642149 0.4992676
vn -0.05810378 0.8644379 0.4993707
vn -0.07434046 0.8634441 0.4989368
vn 0.07940995 -0.8634859 0.4980825
vn 0.07940995 -0.8634859 0.4980825
vn 0.07940995 -0.8634859 0.4980825
vn -0.005081649 0 -0.9999871
vn -0.005081649 0 -0.9999871
vn -0.005081649 4.658127E-14 -0.9999871
vn 0.07703548 0.8635775 0.4982967
vn 0.07703548 0.8635775 0.4982967
vn 0.06935586 0.8640486 0.4986078
vn 0.06935586 0.8640486 0.4986078
vn 0.05398396 0.8648341 0.4991471
vn 0.04625021 0.8651521 0.4993725
vn -0.04891213 -0.864889 0.4995746
vn -0.04891213 -0.864889 0.4995746
vn -0.04117646 -0.8652124 0.499712
vn -0.04117646 -0.8652124 0.499712
vn -0.02569637 -0.8656906 0.4999194
vn 0.002540678 -0.866036 0.4999753
vn -0.005081586 0 -0.9999871
vn -0.005081586 0 -0.9999871
vn -0.005081618 0 -0.9999871
vn -0.005081618 0 -0.9999871
vn -0.005081649 0 -0.9999871
vn -0.005081649 0 -0.9999871
vn -0.005081618 0 -0.9999871
vn -0.005081649 0 -0.9999871
vn -0.005081607 -1.861585E-13 -0.9999871
vn -0.005081607 -1.861585E-13 -0.9999871
vn -0.005081586 -2.792357E-13 -0.9999871
vn -0.005081586 -2.792378E-13 -0.9999871
vn -0.005081607 -1.861585E-13 -0.9999871
vn -0.005081586 -2.792378E-13 -0.9999871
vn -0.005081616 -1.396199E-13 -0.9999871
vn -0.005081616 -1.396199E-13 -0.9999871
vn -0.005081647 -6.735056E-14 -0.9999871
vn -0.005081647 -6.735056E-14 -0.9999871
vn -0.07433905 0.8634214 0.4989761
vn -0.07433905 0.8634214 0.4989761
vn -0.07434046 0.8634441 0.4989368
vn 0.3395 0.9406044 -0.001725227
vn 0.2359572 0.8793845 -0.41353
vn 0.3665696 0.9054142 -0.2141306
vn 0.4955916 0 -0.8685557
vn 0.4955916 0 -0.8685557
vn 0.4955916 0 -0.8685557
vn 0.4955916 0 -0.8685557
vn 0.4955916 0 -0.8685557
vn 0.4955916 0 -0.8685557
vn 0.4263867 -0.8695731 -0.2490726
vn 0.2717561 -0.836251 -0.4762699
vn 0.2717561 -0.836251 -0.4762699
vn 0.4263867 -0.8695731 -0.2490726
vn 0.428896 -0.8695731 0.2447263
vn 0.428896 -0.8695731 0.2447263
vn 0.428896 -0.8695731 0.2447263
vn 0.428896 -0.8695731 0.2447263
vn 0.2765826 -0.836251 0.4734834
vn 0.5043933 0 0.8634741
vn 0.5043933 0 0.8634741
vn 0.5043933 0 0.8634741
vn 0.5043933 0 0.8634741
vn 0.5043933 0 0.8634741
vn 0.5043933 0 0.8634741
vn 0.3687269 0.9054141 0.2103941
vn 0.2401478 0.8793845 0.4111106
vn 0.3395 0.9406044 -0.001725227
vn -0.07197378 -0.8636464 0.4989337
vn -0.07197378 -0.8636463 0.4989337
vn -0.06429093 -0.8641176 0.4991667
vn -0.005081649 0 -0.9999871
vn -0.005081649 6.98719E-14 -0.9999871
vn -0.005081649 4.658127E-14 -0.9999871
vn -0.005081649 4.658127E-14 -0.9999871
vn -0.005081649 6.98719E-14 -0.9999871
vn -0.005081628 4.658127E-14 -0.9999871
vn 0.05398421 0.8648387 0.499139
vn 0.04238206 0.8652946 0.4994687
vn 0.04625041 0.8651567 0.4993644
vn 0.04625041 0.8651567 0.4993644
vn 0.04238206 0.8652946 0.4994687
vn 0.002541079 0.8660001 0.5000374
vn -0.02569656 -0.8656953 0.4999114
vn 0.002540647 -0.8660406 0.4999672
vn 0.002540648 -0.8660406 0.4999672
vn 0.002540648 -0.8660406 0.4999672
vn 0.002540647 -0.8660406 0.4999672
vn 0.03887098 -0.8654688 0.4994524
vn 0.002540648 -0.8660406 0.4999672
vn 0.03887098 -0.8654688 0.4994524
vn 0.04696452 -0.8651899 0.4992403
vn 0.04696452 -0.8651899 0.4992403
vn 0.03887098 -0.8654688 0.4994524
vn 0.06317712 -0.8644554 0.4987239
vn 0.04696452 -0.8651899 0.4992403
vn 0.06317712 -0.8644554 0.4987239
vn 0.06723757 -0.8642389 0.4985683
vn 0.06723757 -0.8642389 0.4985683
vn 0.06317712 -0.8644554 0.4987239
vn 0.07941031 -0.8634906 0.4980744
vn -0.005081647 -6.735056E-14 -0.9999871
vn -0.005081647 -1.347011E-13 -0.9999871
vn -0.005081647 -6.735056E-14 -0.9999871
vn 0.07703585 0.8635821 0.4982886
vn 0.07703585 0.8635821 0.4982886
vn 0.06935617 0.8640533 0.4985996
vn -0.07197378 -0.8636463 0.4989337
vn -0.06044782 -0.8643341 0.4992721
vn -0.06429093 -0.8641176 0.4991667
vn -0.06429093 -0.8641176 0.4991667
vn -0.06044782 -0.8643341 0.4992721
vn -0.04117672 -0.865217 0.4997039
vn -0.005081649 0 -0.9999871
vn -0.005081618 0 -0.9999871
vn -0.005081628 4.658127E-14 -0.9999871
vn -0.005081628 4.658127E-14 -0.9999871
vn -0.005081618 0 -0.9999871
vn -0.005081618 0 -0.9999871
vn 0.03077486 0.8656436 0.4997141
vn 0.002542169 0.8659888 0.5000569
vn 0.002541079 0.8660001 0.5000374
vn 0.002541079 0.8660001 0.5000374
vn 0.002542169 0.8659888 0.5000569
vn -0.03379176 0.8654516 0.4998517
vn 0.002541079 0.8660001 0.5000374
vn -0.03379176 0.8654516 0.4998517
vn -0.04188775 0.8651834 0.499703
vn -0.04188775 0.8651834 0.499703
vn -0.03379176 0.8654516 0.4998517
vn -0.05810413 0.8644425 0.4993626
vn -0.04188775 0.8651834 0.499703
vn -0.05810413 0.8644425 0.4993626
vn -0.06216525 0.8642195 0.4992595
vn -0.06216525 0.8642195 0.4992595
vn -0.05810413 0.8644425 0.4993626
vn -0.0743409 0.8634487 0.4989287
vn 0.07941031 -0.8634906 0.4980744
vn 0.07941031 -0.8634906 0.4980744
vn 0.07941031 -0.8634906 0.4980744
vn -0.005081649 0 -0.9999871
vn -0.005081649 0 -0.9999871
vn -0.005081649 4.658127E-14 -0.9999871
vn 0.07703585 0.8635821 0.4982886
vn 0.07703585 0.8635821 0.4982886
vn 0.06935617 0.8640533 0.4985996
vn 0.06935617 0.8640533 0.4985996
vn 0.05398421 0.8648387 0.499139
vn 0.04625041 0.8651567 0.4993644
vn -0.04891244 -0.8648936 0.4995664
vn -0.04891244 -0.8648936 0.4995664
vn -0.04117672 -0.865217 0.4997039
vn -0.04117672 -0.865217 0.4997039
vn -0.02569656 -0.8656953 0.4999114
vn 0.002540648 -0.8660406 0.4999672
vn -0.005081586 0 -0.9999871
vn -0.005081586 0 -0.9999871
vn -0.005081618 0 -0.9999871
vn -0.005081618 0 -0.9999871
vn -0.005081649 0 -0.9999871
vn -0.005081649 0 -0.9999871
vn -0.005081618 0 -0.9999871
vn -0.005081649 0 -0.9999871
vn -0.005081607 -1.861586E-13 -0.9999871
vn -0.005081607 -1.861586E-13 -0.9999871
vn -0.005081586 -2.792358E-13 -0.9999871
vn -0.005081586 -2.792379E-13 -0.9999871
vn -0.005081607 -1.861586E-13 -0.9999871
vn -0.005081586 -2.792379E-13 -0.9999871
vn -0.005081616 -1.3962E-13 -0.9999871
vn -0.005081616 -1.3962E-13 -0.9999871
vn -0.005081647 -6.735056E-14 -0.9999871
vn -0.005081647 -6.735056E-14 -0.9999871
vn -0.07433949 0.8634261 0.498968
vn -0.07433949 0.8634261 0.498968
vn -0.0743409 0.8634487 0.4989287
vn 0.3395 0.9406044 -0.001725227
vn 0.2359572 0.8793846 -0.41353
vn 0.3665696 0.9054142 -0.2141306
vn 0.4955916 0 -0.8685557
vn 0.4955916 0 -0.8685557
vn 0.4955916 0 -0.8685557
vn 0.4955916 0 -0.8685557
vn 0.4955916 0 -0.8685557
vn 0.4955916 0 -0.8685557
vn 0.4263867 -0.8695731 -0.2490726
vn 0.2717561 -0.836251 -0.4762698
vn 0.2717561 -0.836251 -0.4762698
vn 0.4263867 -0.8695731 -0.2490726
vn 0.428896 -0.8695731 0.2447263
vn 0.428896 -0.8695731 0.2447263
vn 0.428896 -0.8695731 0.2447263
vn 0.428896 -0.8695731 0.2447263
vn 0.2765826 -0.836251 0.4734834
vn 0.5043933 0 0.863474
vn 0.5043933 0 0.863474
vn 0.5043933 0 0.863474
vn 0.9999871 0 -0.005081654
vn 0.9999871 0 -0.005081654
vn 0.9999871 0 -0.005081654
vn 0.5043933 0 0.863474
vn 0.5043933 0 0.863474
vn 0.5043933 0 0.863474
vn 0.368727 0.9054141 0.2103941
vn 0.2401478 0.8793845 0.4111106
vn 0.3395 0.9406044 -0.001725227
vn -0.07197335 -0.8636417 0.4989418
vn -0.07197335 -0.8636417 0.4989418
vn -0.06429055 -0.864113 0.4991748
vn -0.005081649 0 -0.9999871
vn -0.005081649 6.98719E-14 -0.9999871
vn -0.005081649 4.658127E-14 -0.9999871
vn -0.005081649 4.658127E-14 -0.9999871
vn -0.005081649 6.98719E-14 -0.9999871
vn -0.005081628 4.658127E-14 -0.9999871
vn 0.05398396 0.8648341 0.4991471
vn 0.04238187 0.8652899 0.4994769
vn 0.04625021 0.8651521 0.4993725
vn 0.04625021 0.8651521 0.4993725
vn 0.04238187 0.8652899 0.4994769
vn 0.002541143 0.8659955 0.5000455
vn -0.02569637 -0.8656906 0.4999194
vn 0.002540676 -0.866036 0.4999753
vn 0.002540676 -0.866036 0.4999753
vn 0.002540676 -0.866036 0.4999753
vn 0.002540676 -0.866036 0.4999753
vn 0.03887084 -0.8654642 0.4994605
vn 0.002540676 -0.866036 0.4999753
vn 0.03887084 -0.8654642 0.4994605
vn 0.0469643 -0.8651851 0.4992484
vn 0.0469643 -0.8651851 0.4992484
vn 0.03887084 -0.8654642 0.4994605
vn 0.06317682 -0.8644507 0.498732
vn 0.0469643 -0.8651851 0.4992484
vn 0.06317682 -0.8644507 0.498732
vn 0.06723725 -0.8642342 0.4985764
vn 0.06723725 -0.8642342 0.4985764
vn 0.06317682 -0.8644507 0.498732
vn 0.07940995 -0.8634859 0.4980825
vn -0.005081647 -6.735056E-14 -0.9999871
vn -0.005081647 -1.347011E-13 -0.9999871
vn -0.005081647 -6.735056E-14 -0.9999871
vn 0.07703547 0.8635774 0.4982967
vn 0.07703548 0.8635775 0.4982967
vn 0.06935586 0.8640486 0.4986078
vn -0.07197335 -0.8636417 0.4989418
vn -0.06044742 -0.8643295 0.4992802
vn -0.06429055 -0.864113 0.4991748
vn -0.06429055 -0.864113 0.4991748
vn -0.06044742 -0.8643295 0.4992802
vn -0.04117646 -0.8652124 0.499712
vn -0.005081649 0 -0.9999871
vn -0.005081618 0 -0.9999871
vn -0.005081628 4.658127E-14 -0.9999871
vn -0.005081628 4.658127E-14 -0.9999871
vn -0.005081618 0 -0.9999871
vn -0.005081618 -3.48767E-14 -0.9999871
vn 0.03077473 0.8656389 0.4997222
vn 0.002542206 0.8659841 0.5000651
vn 0.002541143 0.8659955 0.5000455
vn 0.002541143 0.8659955 0.5000455
vn 0.002542206 0.8659841 0.5000651
vn -0.0337915 0.8654469 0.4998598
vn 0.002541143 0.8659955 0.5000455
vn -0.0337915 0.8654469 0.4998598
vn -0.04188748 0.8651787 0.4997111
vn -0.04188748 0.8651787 0.4997111
vn -0.0337915 0.8654469 0.4998598
vn -0.05810378 0.8644379 0.4993707
vn -0.04188748 0.8651787 0.4997111
vn -0.05810378 0.8644379 0.4993707
vn -0.06216488 0.8642149 0.4992676
vn -0.06216488 0.8642149 0.4992676
vn -0.05810378 0.8644379 0.4993707
vn -0.07434046 0.8634441 0.4989368
vn 0.07940995 -0.8634859 0.4980825
vn 0.07940995 -0.8634859 0.4980825
vn 0.07940995 -0.8634859 0.4980825
vn -0.005081649 0 -0.9999871
vn -0.005081649 0 -0.9999871
vn -0.005081649 4.658127E-14 -0.9999871
vn 0.07703548 0.8635775 0.4982967
vn 0.07703548 0.8635775 0.4982967
vn 0.06935586 0.8640486 0.4986078
vn 0.06935586 0.8640486 0.4986078
vn 0.05398396 0.8648341 0.4991471
vn 0.04625021 0.8651521 0.4993725
vn -0.04891213 -0.864889 0.4995746
vn -0.04891213 -0.864889 0.4995746
vn -0.04117646 -0.8652124 0.499712
vn -0.04117646 -0.8652124 0.499712
vn -0.02569637 -0.8656906 0.4999194
vn 0.002540676 -0.866036 0.4999753
vn -0.005081586 0 -0.9999871
vn -0.005081586 0 -0.9999871
vn -0.005081618 -3.48767E-14 -0.9999871
vn -0.005081618 -3.48767E-14 -0.9999871
vn -0.005081649 0 -0.9999871
vn -0.005081649 -6.97534E-14 -0.9999871
vn -0.005081618 -3.48767E-14 -0.9999871
vn -0.005081649 -6.97534E-14 -0.9999871
vn -0.005081607 -2.326608E-13 -0.9999871
vn -0.005081607 -2.326608E-13 -0.9999871
vn -0.005081586 -2.792357E-13 -0.9999871
vn -0.005081586 -2.792378E-13 -0.9999871
vn -0.005081607 -2.326608E-13 -0.9999871
vn -0.005081586 -2.792378E-13 -0.9999871
vn -0.005081616 -1.396199E-13 -0.9999871
vn -0.005081616 -1.396199E-13 -0.9999871
vn -0.005081647 -6.735056E-14 -0.9999871
vn -0.005081647 -6.735056E-14 -0.9999871
vn -0.07433904 0.8634214 0.4989761
vn -0.07433904 0.8634214 0.4989761
vn -0.07434046 0.8634441 0.4989368
vn 0.3395 0.9406045 -0.001725107
vn 0.2359572 0.8793845 -0.41353
vn 0.3665696 0.9054142 -0.2141307
vn 0.4955916 0 -0.8685557
vn 0.4955916 0 -0.8685557
vn 0.4955916 0 -0.8685557
vn 0.4955916 0 -0.8685557
vn 0.4955916 0 -0.8685557
vn 0.4955916 0 -0.8685557
vn 0.4263866 -0.8695731 -0.2490726
vn 0.2717561 -0.836251 -0.4762699
vn 0.2717561 -0.836251 -0.4762699
vn 0.4263866 -0.8695731 -0.2490726
vn 0.4288959 -0.869573 0.2447265
vn 0.4288959 -0.869573 0.2447265
vn 0.4288959 -0.869573 0.2447265
vn 0.4288959 -0.869573 0.2447265
vn 0.2765823 -0.8362508 0.4734838
vn 0.5043926 0 0.8634745
vn 0.5043927 0 0.8634745
vn 0.5043926 0 0.8634745
vn 0.9999871 0 -0.005081654
vn 0.9999871 0 -0.005081654
vn 0.9999871 0 -0.005081654
vn 0.5043926 0 0.8634745
vn 0.5043926 0 0.8634745
vn 0.5043926 0 0.8634745
vn 0.3687268 0.9054142 0.2103943
vn 0.2401476 0.8793845 0.4111109
vn 0.3395 0.9406045 -0.001725107
vn -0.07197378 -0.8636464 0.4989337
vn -0.07197378 -0.8636463 0.4989337
vn -0.06429093 -0.8641176 0.4991667
vn -0.005081649 0 -0.9999871
vn -0.005081649 6.98719E-14 -0.9999871
vn -0.005081649 4.658127E-14 -0.9999871
vn -0.005081649 4.658127E-14 -0.9999871
vn -0.005081649 6.98719E-14 -0.9999871
vn -0.005081628 4.658127E-14 -0.9999871
vn 0.05398421 0.8648387 0.499139
vn 0.04238206 0.8652946 0.4994687
vn 0.04625041 0.8651567 0.4993644
vn 0.04625041 0.8651567 0.4993644
vn 0.04238206 0.8652946 0.4994687
vn 0.002541082 0.8660001 0.5000373
vn -0.02569656 -0.8656953 0.4999114
vn 0.002540647 -0.8660406 0.4999672
vn 0.002540647 -0.8660406 0.4999672
vn 0.002540647 -0.8660406 0.4999672
vn 0.002540647 -0.8660406 0.4999672
vn 0.03887098 -0.8654689 0.4994524
vn 0.002540647 -0.8660406 0.4999672
vn 0.03887098 -0.8654689 0.4994524
vn 0.04696452 -0.8651899 0.4992402
vn 0.04696452 -0.8651899 0.4992402
vn 0.03887098 -0.8654689 0.4994524
vn 0.06317712 -0.8644554 0.4987239
vn 0.04696452 -0.8651899 0.4992402
vn 0.06317712 -0.8644554 0.4987239
vn 0.06723757 -0.8642389 0.4985683
vn 0.06723757 -0.8642389 0.4985683
vn 0.06317712 -0.8644554 0.4987239
vn 0.07941031 -0.8634906 0.4980744
vn -0.005081647 -6.735056E-14 -0.9999871
vn -0.005081647 -1.347011E-13 -0.9999871
vn -0.005081647 -6.735056E-14 -0.9999871
vn 0.07703585 0.8635821 0.4982886
vn 0.07703585 0.8635821 0.4982886
vn 0.06935617 0.8640533 0.4985996
vn -0.07197378 -0.8636463 0.4989337
vn -0.06044782 -0.8643341 0.4992721
vn -0.06429093 -0.8641176 0.4991667
vn -0.06429093 -0.8641176 0.4991667
vn -0.06044782 -0.8643341 0.4992721
vn -0.04117672 -0.865217 0.4997039
vn -0.005081649 0 -0.9999871
vn -0.005081618 0 -0.9999871
vn -0.005081628 4.658127E-14 -0.9999871
vn -0.005081628 4.658127E-14 -0.9999871
vn -0.005081618 0 -0.9999871
vn -0.005081618 0 -0.9999871
vn 0.03077486 0.8656436 0.4997141
vn 0.002542173 0.8659889 0.500057
vn 0.002541082 0.8660001 0.5000373
vn 0.002541082 0.8660001 0.5000373
vn 0.002542173 0.8659889 0.500057
vn -0.03379176 0.8654516 0.4998516
vn 0.002541082 0.8660001 0.5000373
vn -0.03379176 0.8654516 0.4998516
vn -0.04188775 0.8651834 0.499703
vn -0.04188775 0.8651834 0.499703
vn -0.03379176 0.8654516 0.4998516
vn -0.05810413 0.8644425 0.4993626
vn -0.04188775 0.8651834 0.499703
vn -0.05810413 0.8644425 0.4993626
vn -0.06216525 0.8642195 0.4992595
vn -0.06216525 0.8642195 0.4992595
vn -0.05810413 0.8644425 0.4993626
vn -0.0743409 0.8634487 0.4989287
vn 0.07941031 -0.8634906 0.4980744
vn 0.07941031 -0.8634906 0.4980744
vn 0.07941031 -0.8634906 0.4980744
vn -0.005081649 0 -0.9999871
vn -0.005081649 0 -0.9999871
vn -0.005081649 4.658127E-14 -0.9999871
vn 0.07703585 0.8635821 0.4982886
vn 0.07703585 0.8635821 0.4982886
vn 0.06935617 0.8640533 0.4985996
vn 0.06935617 0.8640533 0.4985996
vn 0.05398421 0.8648387 0.499139
vn 0.04625041 0.8651567 0.4993644
vn -0.04891244 -0.8648936 0.4995664
vn -0.04891244 -0.8648936 0.4995664
vn -0.04117672 -0.865217 0.4997039
vn -0.04117672 -0.865217 0.4997039
vn -0.02569656 -0.8656953 0.4999114
vn 0.002540647 -0.8660406 0.4999672
vn -0.005081586 0 -0.9999871
vn -0.005081586 0 -0.9999871
vn -0.005081618 0 -0.9999871
vn -0.005081618 0 -0.9999871
vn -0.005081649 0 -0.9999871
vn -0.005081649 0 -0.9999871
vn -0.005081618 0 -0.9999871
vn -0.005081649 0 -0.9999871
vn -0.005081607 -1.861586E-13 -0.9999871
vn -0.005081607 -1.861586E-13 -0.9999871
vn -0.005081586 -2.792358E-13 -0.9999871
vn -0.005081586 -2.792379E-13 -0.9999871
vn -0.005081607 -1.861586E-13 -0.9999871
vn -0.005081586 -2.792379E-13 -0.9999871
vn -0.005081616 -1.3962E-13 -0.9999871
vn -0.005081616 -1.3962E-13 -0.9999871
vn -0.005081647 -6.735056E-14 -0.9999871
vn -0.005081647 -6.735056E-14 -0.9999871
vn -0.07433949 0.8634261 0.498968
vn -0.07433949 0.8634261 0.498968
vn -0.0743409 0.8634487 0.4989287
vn -0.0003296453 0.9978938 -0.06486857
vn -0.000110086 0.9997653 -0.02166325
vn -0.0003296453 0.9978938 -0.06486856
vn -0.0003296453 0.9978938 -0.06486856
vn -0.000110086 0.9997653 -0.02166325
vn 1.214119E-09 1 2.389187E-07
vn -0.0003296453 0.9978938 -0.06486856
vn 1.214119E-09 1 2.389187E-07
vn -0.0003296453 0.9978938 -0.06486856
vn -0.0003296453 0.9978938 -0.06486856
vn 1.214119E-09 1 2.389187E-07
vn 1.226753E-09 1 2.414075E-07
vn -0.0003296453 0.9978938 -0.06486856
vn 1.226753E-09 1 2.414075E-07
vn -0.0003296453 0.9978938 -0.06486856
vn -0.0003296453 0.9978938 -0.06486856
vn 1.226753E-09 1 2.414075E-07
vn 1.252364E-09 1 2.438962E-07
vn -0.0003296453 0.9978938 -0.06486856
vn 1.252364E-09 1 2.438962E-07
vn -0.0003296453 0.9978938 -0.06486856
vn -0.0003296453 0.9978938 -0.06486856
vn 1.252364E-09 1 2.438962E-07
vn 1.220602E-09 1 2.389187E-07
vn -0.0003296453 0.9978938 -0.06486856
vn 1.220602E-09 1 2.389187E-07
vn -0.0003296453 0.9978938 -0.06486856
vn -0.0003296453 0.9978938 -0.06486856
vn 1.220602E-09 1 2.389187E-07
vn 1.214119E-09 1 2.389187E-07
vn -0.0003296453 0.9978938 -0.06486856
vn 1.214119E-09 1 2.389187E-07
vn -0.0003296453 0.9978938 -0.06486857
vn -0.0003296453 0.9978938 -0.06486857
vn 1.214119E-09 1 2.389187E-07
vn 0.0001100879 0.9997653 0.02166373
vn -0.0003301072 0.9978878 -0.06496005
vn -0.0001114439 0.9997653 -0.02166373
vn -0.0003304776 0.9978917 -0.06489937
vn -0.0003304776 0.9978917 -0.06489937
vn -0.0001114439 0.9997653 -0.02166373
vn -6.019656E-07 1 1.499685E-05
vn -0.0003304776 0.9978917 -0.06489937
vn -6.019656E-07 1 1.499685E-05
vn -0.0003296453 0.9978938 -0.06486905
vn -0.0003296453 0.9978938 -0.06486905
vn -6.019656E-07 1 1.499685E-05
vn -1.220441E-09 1 -2.401631E-07
vn -0.0003296453 0.9978938 -0.06486905
vn -1.220441E-09 1 -2.401631E-07
vn -0.0003296453 0.9978938 -0.06486905
vn -0.0003296453 0.9978938 -0.06486905
vn -1.220441E-09 1 -2.401631E-07
vn -1.226753E-09 1 -2.414075E-07
vn -0.0003296453 0.9978938 -0.06486905
vn -1.226753E-09 1 -2.414075E-07
vn -0.0003296453 0.9978938 -0.06486905
vn -0.0003296453 0.9978938 -0.06486905
vn -1.226753E-09 1 -2.414075E-07
vn -1.233089E-09 1 -2.426519E-07
vn -0.0003296453 0.9978938 -0.06486905
vn -1.233089E-09 1 -2.426519E-07
vn -0.0003296453 0.9978938 -0.06486905
vn -0.0003296453 0.9978938 -0.06486905
vn -1.233089E-09 1 -2.426519E-07
vn -1.23309E-09 1 -2.426519E-07
vn -0.0003296453 0.9978938 -0.06486905
vn -1.23309E-09 1 -2.426519E-07
vn -0.0003296453 0.9978938 -0.06486905
vn -0.0003296453 0.9978938 -0.06486905
vn -1.23309E-09 1 -2.426519E-07
vn 0.000110086 0.9997653 0.02166325
vn -0.000110086 0.9997653 -0.02166325
vn 0.0003296453 0.9978938 0.06486905
vn 1.214119E-09 1 2.389187E-07
vn 1.214119E-09 1 2.389187E-07
vn 0.0003296453 0.9978938 0.06486905
vn 0.0003296453 0.9978938 0.06486905
vn 1.214119E-09 1 2.389187E-07
vn 0.0003296453 0.9978938 0.06486905
vn 1.226753E-09 1 2.414075E-07
vn 1.226753E-09 1 2.414075E-07
vn 0.0003296453 0.9978938 0.06486905
vn 0.0003296453 0.9978938 0.06486905
vn 1.226753E-09 1 2.414075E-07
vn 0.0003296453 0.9978938 0.06486905
vn 1.252364E-09 1 2.438962E-07
vn 1.252364E-09 1 2.438962E-07
vn 0.0003296453 0.9978938 0.06486905
vn 0.0003296453 0.9978938 0.06486905
vn 1.252364E-09 1 2.438962E-07
vn 0.0003296453 0.9978938 0.06486905
vn 1.220602E-09 1 2.389187E-07
vn 1.220602E-09 1 2.389187E-07
vn 0.0003296453 0.9978938 0.06486905
vn 0.0003296453 0.9978938 0.06486905
vn 1.220602E-09 1 2.389187E-07
vn 0.0003296453 0.9978938 0.06486905
vn 1.214119E-09 1 2.389187E-07
vn 1.214119E-09 1 2.389187E-07
vn 0.0003296453 0.9978938 0.06486905
vn 0.0003296453 0.9978938 0.06486905
vn 1.214119E-09 1 2.389187E-07
vn 0.0003296453 0.9978938 0.06486905
vn 0.0001100879 0.9997653 0.02166373
vn 0.0001100879 0.9997653 0.02166373
vn 0.0003296453 0.9978938 0.06486905
vn 0.0003296453 0.9978938 0.06486905
vn -0.0001114439 0.9997653 -0.02166373
vn 0.0003288599 0.9978908 0.06491418
vn -6.019656E-07 1 1.499685E-05
vn -6.019656E-07 1 1.499685E-05
vn 0.0003288599 0.9978908 0.06491418
vn 0.0003296453 0.9978938 0.06486857
vn -6.019656E-07 1 1.499685E-05
vn 0.0003296453 0.9978938 0.06486857
vn -1.220441E-09 1 -2.401631E-07
vn -1.220441E-09 1 -2.401631E-07
vn 0.0003296453 0.9978938 0.06486857
vn 0.0003296453 0.9978938 0.06486857
vn -1.220441E-09 1 -2.401631E-07
vn 0.0003296453 0.9978938 0.06486857
vn -1.226753E-09 1 -2.414075E-07
vn -1.226753E-09 1 -2.414075E-07
vn 0.0003296453 0.9978938 0.06486857
vn 0.0003296453 0.9978938 0.06486857
vn -1.226753E-09 1 -2.414075E-07
vn 0.0003296453 0.9978938 0.06486857
vn -1.233089E-09 1 -2.426519E-07
vn -1.233089E-09 1 -2.426519E-07
vn 0.0003296453 0.9978938 0.06486856
vn 0.0003296453 0.9978938 0.06486855
vn -1.233089E-09 1 -2.426519E-07
vn 0.0003296453 0.9978938 0.06486855
vn -1.23309E-09 1 -2.426519E-07
vn -1.23309E-09 1 -2.426519E-07
vn 0.0003296453 0.9978938 0.06486857
vn 0.0003296453 0.9978938 0.06486857
vn -1.23309E-09 1 -2.426519E-07
vn 0.0003296453 0.9978938 0.06486857
vn 0.000110086 0.9997653 0.02166325
vn 0.000110086 0.9997653 0.02166325
vn 0.0003296453 0.9978938 0.06486857
vn 0.0003296453 0.9978938 0.06486857
vn -0.001711687 0.9415616 -0.3368365
vn -0.001297269 0.9668649 -0.2552854
vn -0.001716961 0.9415334 -0.3369153
vn -0.001716961 0.9415334 -0.3369153
vn -0.001297269 0.9668649 -0.2552854
vn -0.001181608 0.9719182 -0.2353163
vn -0.001716961 0.9415334 -0.3369153
vn -0.001181608 0.9719182 -0.2353163
vn -0.001698179 0.9415045 -0.3369961
vn -0.001698179 0.9415045 -0.3369961
vn -0.001181608 0.9719182 -0.2353163
vn -0.001172787 0.9719199 -0.2353088
vn -0.001698179 0.9415045 -0.3369961
vn -0.001172787 0.9719199 -0.2353088
vn -0.00174077 0.941464 -0.3371091
vn -0.001172787 0.9719199 -0.2353088
vn -0.001181608 0.9719182 -0.2353163
vn -0.0005431316 0.9941909 -0.1076302
vn -0.0005431316 0.9941909 -0.1076302
vn -0.001181608 0.9719182 -0.2353163
vn -0.0006614812 0.9914916 -0.1301689
vn -0.0005431316 0.9941909 -0.1076302
vn -0.0006614812 0.9914916 -0.1301689
vn -1.665812E-10 1 9.329209E-10
vn -0.001297269 0.9668649 -0.2552854
vn -0.0006614812 0.9914916 -0.1301689
vn -0.001181608 0.9719182 -0.2353163
vn 0.001710332 0.9415334 0.3369153
vn 0.00117545 0.9719184 0.2353153
vn 0.001711029 0.9414901 0.3370363
vn 0.001711029 0.9414901 0.3370363
vn 0.00117545 0.9719184 0.2353153
vn 0.001174922 0.9719207 0.2353056
vn 0.001711029 0.9414901 0.3370363
vn 0.001174922 0.9719207 0.2353056
vn 0.00181823 0.9363278 0.3511227
vn 0.00117545 0.9719184 0.2353153
vn 0.0005411698 0.9941909 0.1076297
vn 0.001174922 0.9719207 0.2353056
vn -0.002758299 -0.827947 -0.5607996
vn -0.001232674 -0.9694976 -0.2450976
vn -0.002780385 -0.8279443 -0.5608034
vn 0.3395 0.9406044 -0.001725256
vn 0.3665696 0.9054141 -0.2141307
vn 0.3687269 0.9054141 0.2103941
vn 0.9999871 0 -0.005081654
vn 0.9999871 0 -0.005081654
vn 0.9999871 0 -0.005081654
vn 0.3395 0.9406044 -0.001725227
vn 0.3665696 0.9054142 -0.2141306
vn 0.3687269 0.9054141 0.2103941
vn 0.9999871 0 -0.005081654
vn 0.9999871 0 -0.005081654
vn 0.9999871 0 -0.005081654
vn 0.3395 0.9406044 -0.001725078
vn 0.3665697 0.9054142 -0.2141304
vn 0.3687269 0.9054141 0.2103941
vn 0.9999871 0 -0.005081654
vn 0.9999871 0 -0.005081654
vn 0.9999871 0 -0.005081654
vn 0.3395 0.9406044 -0.001725227
vn 0.3665696 0.9054142 -0.2141306
vn 0.3687269 0.9054141 0.2103941
vn 0.9999871 0 -0.005081654
vn 0.9999871 0 -0.005081654
vn 0.9999871 0 -0.005081654
vn 0.9999871 0 -0.005081654
vn 0.9999871 0 -0.005081654
vn 0.9999871 0 -0.005081654
vn 0.3395 0.9406044 -0.001725227
vn 0.3665696 0.9054142 -0.2141306
vn 0.368727 0.9054141 0.2103941
vn 0.9999871 0 -0.005081654
vn 0.9999871 0 -0.005081654
vn 0.9999871 0 -0.005081654
vn 0.3395 0.9406045 -0.001725107
vn 0.3665696 0.9054142 -0.2141307
vn 0.3687268 0.9054142 0.2103943
vn 0.9999871 0 -0.005081654
vn 0.9999871 0 -0.005081654
vn 0.9999871 0 -0.005081654
s 1
f 3/3/3 2/2/2 1/1/1
f 6/6/6 5/5/5 4/4/4
f 9/9/9 8/8/8 7/7/7
f 12/12/12 11/11/11 10/10/10
f 15/15/15 14/14/14 13/13/13
f 18/18/18 17/17/17 16/16/16
f 21/21/21 20/20/20 19/19/19
f 24/24/24 23/23/23 22/22/22
f 27/27/27 26/26/26 25/25/25
f 30/30/30 29/29/29 28/28/28
f 33/33/33 32/32/32 31/31/31
f 36/36/36 35/35/35 34/34/34
f 39/39/39 38/38/38 37/37/37
f 42/42/42 41/41/41 40/40/40
f 45/45/45 44/44/44 43/43/43
f 48/48/48 47/47/47 46/46/46
f 51/51/51 50/50/50 49/49/49
f 54/54/54 53/53/53 52/52/52
f 57/57/57 56/56/56 55/55/55
f 60/60/60 59/59/59 58/58/58
f 63/63/63 62/62/62 61/61/61
f 66/66/66 65/65/65 64/64/64
f 69/69/69 68/68/68 67/67/67
f 72/72/72 71/71/71 70/70/70
f 75/75/75 74/74/74 73/73/73
f 78/78/78 77/77/77 76/76/76
f 81/81/81 80/80/80 79/79/79
f 84/84/84 83/83/83 82/82/82
f 87/87/87 86/86/86 85/85/85
f 90/90/90 89/89/89 88/88/88
f 93/93/93 92/92/92 91/91/91
f 96/96/96 95/95/95 94/94/94
f 99/99/99 98/98/98 97/97/97
f 102/102/102 101/101/101 100/100/100
f 105/105/105 104/104/104 103/103/103
f 108/108/108 107/107/107 106/106/106
f 111/111/111 110/110/110 109/109/109
f 114/114/114 113/113/113 112/112/112
f 117/117/117 116/116/116 115/115/115
f 120/120/120 119/119/119 118/118/118
f 123/123/123 122/122/122 121/121/121
f 126/126/126 125/125/125 124/124/124
f 129/129/129 128/128/128 127/127/127
f 132/132/132 131/131/131 130/130/130
f 135/135/135 134/134/134 133/133/133
f 138/138/138 137/137/137 136/136/136
f 141/141/141 140/140/140 139/139/139
f 144/144/144 143/143/143 142/142/142
f 147/147/147 146/146/146 145/145/145
f 150/150/150 149/149/149 148/148/148
f 153/153/153 152/152/152 151/151/151
f 156/156/156 155/155/155 154/154/154
f 159/159/159 158/158/158 157/157/157
f 162/162/162 161/161/161 160/160/160
f 165/165/165 164/164/164 163/163/163
f 168/168/168 167/167/167 166/166/166
f 171/171/171 170/170/170 169/169/169
f 174/174/174 173/173/173 172/172/172
f 177/177/177 176/176/176 175/175/175
f 180/180/180 179/179/179 178/178/178
f 183/183/183 182/182/182 181/181/181
f 186/186/186 185/185/185 184/184/184
f 189/189/189 188/188/188 187/187/187
f 192/192/192 191/191/191 190/190/190
f 195/195/195 194/194/194 193/193/193
f 198/198/198 197/197/197 196/196/196
f 201/201/201 200/200/200 199/199/199
f 204/204/204 203/203/203 202/202/202
f 207/207/207 206/206/206 205/205/205
f 210/210/210 209/209/209 208/208/208
f 213/213/213 212/212/212 211/211/211
f 216/216/216 215/215/215 214/214/214
f 219/219/219 218/218/218 217/217/217
f 222/222/222 221/221/221 220/220/220
f 225/225/225 224/224/224 223/223/223
f 228/228/228 227/227/227 226/226/226
f 231/231/231 230/230/230 229/229/229
f 234/234/234 233/233/233 232/232/232
f 237/237/237 236/236/236 235/235/235
f 240/240/240 239/239/239 238/238/238
f 243/243/243 242/242/242 241/241/241
f 246/246/246 245/245/245 244/244/244
f 249/249/249 248/248/248 247/247/247
f 252/252/252 251/251/251 250/250/250
f 255/255/255 254/254/254 253/253/253
f 258/258/258 257/257/257 256/256/256
f 261/261/261 260/260/260 259/259/259
f 264/264/264 263/263/263 262/262/262
f 267/267/267 266/266/266 265/265/265
f 270/270/270 269/269/269 268/268/268
f 273/273/273 272/272/272 271/271/271
f 276/276/276 275/275/275 274/274/274
f 279/279/279 278/278/278 277/277/277
f 282/282/282 281/281/281 280/280/280
f 285/285/285 284/284/284 283/283/283
f 288/288/288 287/287/287 286/286/286
f 291/291/291 290/290/290 289/289/289
f 294/294/294 293/293/293 292/292/292
f 297/297/297 296/296/296 295/295/295
f 300/300/300 299/299/299 298/298/298
f 303/303/303 302/302/302 301/301/301
f 306/306/306 305/305/305 304/304/304
f 309/309/309 308/308/308 307/307/307
f 312/312/312 311/311/311 310/310/310
f 315/315/315 314/314/314 313/313/313
f 318/318/318 317/317/317 316/316/316
f 321/321/321 320/320/320 319/319/319
f 324/324/324 323/323/323 322/322/322
f 327/327/327 326/326/326 325/325/325
f 330/330/330 329/329/329 328/328/328
f 333/333/333 332/332/332 331/331/331
f 336/336/336 335/335/335 334/334/334
f 339/339/339 338/338/338 337/337/337
f 342/342/342 341/341/341 340/340/340
f 345/345/345 344/344/344 343/343/343
f 348/348/348 347/347/347 346/346/346
f 351/351/351 350/350/350 349/349/349
f 354/354/354 353/353/353 352/352/352
f 357/357/357 356/356/356 355/355/355
f 360/360/360 359/359/359 358/358/358
f 363/363/363 362/362/362 361/361/361
f 366/366/366 365/365/365 364/364/364
f 369/369/369 368/368/368 367/367/367
f 372/372/372 371/371/371 370/370/370
f 375/375/375 374/374/374 373/373/373
f 378/378/378 377/377/377 376/376/376
f 381/381/381 380/380/380 379/379/379
f 384/384/384 383/383/383 382/382/382
f 387/387/387 386/386/386 385/385/385
f 390/390/390 389/389/389 388/388/388
f 393/393/393 392/392/392 391/391/391
f 396/396/396 395/395/395 394/394/394
f 399/399/399 398/398/398 397/397/397
f 402/402/402 401/401/401 400/400/400
f 405/405/405 404/404/404 403/403/403
f 408/408/408 407/407/407 406/406/406
f 411/411/411 410/410/410 409/409/409
f 414/414/414 413/413/413 412/412/412
f 417/417/417 416/416/416 415/415/415
f 420/420/420 419/419/419 418/418/418
f 423/423/423 422/422/422 421/421/421
f 426/426/426 425/425/425 424/424/424
f 429/429/429 428/428/428 427/427/427
f 432/432/432 431/431/431 430/430/430
f 435/435/435 434/434/434 433/433/433
f 438/438/438 437/437/437 436/436/436
f 441/441/441 440/440/440 439/439/439
f 444/444/444 443/443/443 442/442/442
f 447/447/447 446/446/446 445/445/445
f 450/450/450 449/449/449 448/448/448
f 453/453/453 452/452/452 451/451/451
f 456/456/456 455/455/455 454/454/454
f 459/459/459 458/458/458 457/457/457
f 462/462/462 461/461/461 460/460/460
f 465/465/465 464/464/464 463/463/463
f 468/468/468 467/467/467 466/466/466
f 471/471/471 470/470/470 469/469/469
f 474/474/474 473/473/473 472/472/472
f 477/477/477 476/476/476 475/475/475
f 480/480/480 479/479/479 478/478/478
f 483/483/483 482/482/482 481/481/481
f 486/486/486 485/485/485 484/484/484
f 489/489/489 488/488/488 487/487/487
f 492/492/492 491/491/491 490/490/490
f 495/495/495 494/494/494 493/493/493
f 498/498/498 497/497/497 496/496/496
f 501/501/501 500/500/500 499/499/499
f 504/504/504 503/503/503 502/502/502
f 507/507/507 506/506/506 505/505/505
f 510/510/510 509/509/509 508/508/508
f 513/513/513 512/512/512 511/511/511
f 516/516/516 515/515/515 514/514/514
f 519/519/519 518/518/518 517/517/517
f 522/522/522 521/521/521 520/520/520
f 525/525/525 524/524/524 523/523/523
f 528/528/528 527/527/527 526/526/526
f 531/531/531 530/530/530 529/529/529
f 534/534/534 533/533/533 532/532/532
f 537/537/537 536/536/536 535/535/535
f 540/540/540 539/539/539 538/538/538
f 543/543/543 542/542/542 541/541/541
f 546/546/546 545/545/545 544/544/544
f 549/549/549 548/548/548 547/547/547
f 552/552/552 551/551/551 550/550/550
f 555/555/555 554/554/554 553/553/553
f 558/558/558 557/557/557 556/556/556
f 561/561/561 560/560/560 559/559/559
f 564/564/564 563/563/563 562/562/562
f 567/567/567 566/566/566 565/565/565
f 570/570/570 569/569/569 568/568/568
f 573/573/573 572/572/572 571/571/571
f 576/576/576 575/575/575 574/574/574
f 579/579/579 578/578/578 577/577/577
f 582/582/582 581/581/581 580/580/580
f 585/585/585 584/584/584 583/583/583
f 588/588/588 587/587/587 586/586/586
f 591/591/591 590/590/590 589/589/589
f 594/594/594 593/593/593 592/592/592
f 597/597/597 596/596/596 595/595/595
f 600/600/600 599/599/599 598/598/598
f 603/603/603 602/602/602 601/601/601
f 606/606/606 605/605/605 604/604/604
f 609/609/609 608/608/608 607/607/607
f 612/612/612 611/611/611 610/610/610
f 615/615/615 614/614/614 613/613/613
f 618/618/618 617/617/617 616/616/616
f 621/621/621 620/620/620 619/619/619
f 624/624/624 623/623/623 622/622/622
f 627/627/627 626/626/626 625/625/625
f 630/630/630 629/629/629 628/628/628
f 633/633/633 632/632/632 631/631/631
f 636/636/636 635/635/635 634/634/634
f 639/639/639 638/638/638 637/637/637
f 642/642/642 641/641/641 640/640/640
f 645/645/645 644/644/644 643/643/643
f 648/648/648 647/647/647 646/646/646
f 651/651/651 650/650/650 649/649/649
f 654/654/654 653/653/653 652/652/652
f 657/657/657 656/656/656 655/655/655
f 660/660/660 659/659/659 658/658/658
f 663/663/663 662/662/662 661/661/661
f 666/666/666 665/665/665 664/664/664
f 669/669/669 668/668/668 667/667/667
f 672/672/672 671/671/671 670/670/670
f 675/675/675 674/674/674 673/673/673
f 678/678/678 677/677/677 676/676/676
f 681/681/681 680/680/680 679/679/679
f 684/684/684 683/683/683 682/682/682
f 687/687/687 686/686/686 685/685/685
f 690/690/690 689/689/689 688/688/688
f 693/693/693 692/692/692 691/691/691
f 696/696/696 695/695/695 694/694/694
f 699/699/699 698/698/698 697/697/697
f 702/702/702 701/701/701 700/700/700
f 705/705/705 704/704/704 703/703/703
f 708/708/708 707/707/707 706/706/706
f 711/711/711 710/710/710 709/709/709
f 714/714/714 713/713/713 712/712/712
f 717/717/717 716/716/716 715/715/715
f 720/720/720 719/719/719 718/718/718
f 723/723/723 722/722/722 721/721/721
f 726/726/726 725/725/725 724/724/724
f 729/729/729 728/728/728 727/727/727
f 732/732/732 731/731/731 730/730/730
f 735/735/735 734/734/734 733/733/733
f 738/738/738 737/737/737 736/736/736
f 741/741/741 740/740/740 739/739/739
f 744/744/744 743/743/743 742/742/742
f 747/747/747 746/746/746 745/745/745
f 750/750/750 749/749/749 748/748/748
f 753/753/753 752/752/752 751/751/751
f 756/756/756 755/755/755 754/754/754
f 759/759/759 758/758/758 757/757/757
f 762/762/762 761/761/761 760/760/760
f 765/765/765 764/764/764 763/763/763
f 768/768/768 767/767/767 766/766/766
f 771/771/771 770/770/770 769/769/769
f 774/774/774 773/773/773 772/772/772
f 777/777/777 776/776/776 775/775/775
f 780/780/780 779/779/779 778/778/778
f 783/783/783 782/782/782 781/781/781
f 786/786/786 785/785/785 784/784/784
f 789/789/789 788/788/788 787/787/787
f 792/792/792 791/791/791 790/790/790
f 795/795/795 794/794/794 793/793/793
f 798/798/798 797/797/797 796/796/796
f 801/801/801 800/800/800 799/799/799
f 804/804/804 803/803/803 802/802/802
f 807/807/807 806/806/806 805/805/805
f 810/810/810 809/809/809 808/808/808
f 813/813/813 812/812/812 811/811/811
f 816/816/816 815/815/815 814/814/814
f 819/819/819 818/818/818 817/817/817
f 822/822/822 821/821/821 820/820/820
f 825/825/825 824/824/824 823/823/823
f 828/828/828 827/827/827 826/826/826
f 831/831/831 830/830/830 829/829/829
f 834/834/834 833/833/833 832/832/832
f 837/837/837 836/836/836 835/835/835
f 840/840/840 839/839/839 838/838/838
f 843/843/843 842/842/842 841/841/841
f 846/846/846 845/845/845 844/844/844
f 849/849/849 848/848/848 847/847/847
f 852/852/852 851/851/851 850/850/850
f 855/855/855 854/854/854 853/853/853
f 858/858/858 857/857/857 856/856/856
f 861/861/861 860/860/860 859/859/859
f 864/864/864 863/863/863 862/862/862
f 867/867/867 866/866/866 865/865/865
f 870/870/870 869/869/869 868/868/868
f 873/873/873 872/872/872 871/871/871
f 876/876/876 875/875/875 874/874/874
f 879/879/879 878/878/878 877/877/877
f 882/882/882 881/881/881 880/880/880
f 885/885/885 884/884/884 883/883/883
f 888/888/888 887/887/887 886/886/886
f 891/891/891 890/890/890 889/889/889
f 894/894/894 893/893/893 892/892/892
f 897/897/897 896/896/896 895/895/895
f 900/900/900 899/899/899 898/898/898
f 903/903/903 902/902/902 901/901/901
f 906/906/906 905/905/905 904/904/904
f 909/909/909 908/908/908 907/907/907
f 912/912/912 911/911/911 910/910/910
f 915/915/915 914/914/914 913/913/913
f 918/918/918 917/917/917 916/916/916
f 921/921/921 920/920/920 919/919/919
f 924/924/924 923/923/923 922/922/922
f 927/927/927 926/926/926 925/925/925
f 930/930/930 929/929/929 928/928/928
f 933/933/933 932/932/932 931/931/931
f 936/936/936 935/935/935 934/934/934
f 939/939/939 938/938/938 937/937/937
f 942/942/942 941/941/941 940/940/940
f 945/945/945 944/944/944 943/943/943
f 948/948/948 947/947/947 946/946/946
f 951/951/951 950/950/950 949/949/949
f 954/954/954 953/953/953 952/952/952
f 957/957/957 956/956/956 955/955/955
f 960/960/960 959/959/959 958/958/958
f 963/963/963 962/962/962 961/961/961
f 966/966/966 965/965/965 964/964/964
f 969/969/969 968/968/968 967/967/967
f 972/972/972 971/971/971 970/970/970
f 975/975/975 974/974/974 973/973/973
f 978/978/978 977/977/977 976/976/976
f 981/981/981 980/980/980 979/979/979
f 984/984/984 983/983/983 982/982/982
f 987/987/987 986/986/986 985/985/985
f 990/990/990 989/989/989 988/988/988
f 993/993/993 992/992/992 991/991/991
f 996/996/996 995/995/995 994/994/994
f 999/999/999 998/998/998 997/997/997
f 1002/1002/1002 1001/1001/1001 1000/1000/1000
f 1005/1005/1005 1004/1004/1004 1003/1003/1003
f 1008/1008/1008 1007/1007/1007 1006/1006/1006
f 1011/1011/1011 1010/1010/1010 1009/1009/1009
f 1014/1014/1014 1013/1013/1013 1012/1012/1012
f 1017/1017/1017 1016/1016/1016 1015/1015/1015
f 1020/1020/1020 1019/1019/1019 1018/1018/1018
f 1023/1023/1023 1022/1022/1022 1021/1021/1021
f 1026/1026/1026 1025/1025/1025 1024/1024/1024
f 1029/1029/1029 1028/1028/1028 1027/1027/1027
f 1032/1032/1032 1031/1031/1031 1030/1030/1030
f 1035/1035/1035 1034/1034/1034 1033/1033/1033
f 1038/1038/1038 1037/1037/1037 1036/1036/1036
f 1041/1041/1041 1040/1040/1040 1039/1039/1039
f 1044/1044/1044 1043/1043/1043 1042/1042/1042
f 1047/1047/1047 1046/1046/1046 1045/1045/1045
f 1050/1050/1050 1049/1049/1049 1048/1048/1048
f 1053/1053/1053 1052/1052/1052 1051/1051/1051
f 1056/1056/1056 1055/1055/1055 1054/1054/1054
f 1059/1059/1059 1058/1058/1058 1057/1057/1057
f 1062/1062/1062 1061/1061/1061 1060/1060/1060
f 1065/1065/1065 1064/1064/1064 1063/1063/1063
f 1068/1068/1068 1067/1067/1067 1066/1066/1066
f 1071/1071/1071 1070/1070/1070 1069/1069/1069
f 1074/1074/1074 1073/1073/1073 1072/1072/1072
f 1077/1077/1077 1076/1076/1076 1075/1075/1075
f 1080/1080/1080 1079/1079/1079 1078/1078/1078
f 1083/1083/1083 1082/1082/1082 1081/1081/1081
f 1086/1086/1086 1085/1085/1085 1084/1084/1084
f 1089/1089/1089 1088/1088/1088 1087/1087/1087
f 1092/1092/1092 1091/1091/1091 1090/1090/1090
f 1095/1095/1095 1094/1094/1094 1093/1093/1093
f 1098/1098/1098 1097/1097/1097 1096/1096/1096
f 1101/1101/1101 1100/1100/1100 1099/1099/1099
f 1104/1104/1104 1103/1103/1103 1102/1102/1102
f 1107/1107/1107 1106/1106/1106 1105/1105/1105
f 1110/1110/1110 1109/1109/1109 1108/1108/1108
f 1113/1113/1113 1112/1112/1112 1111/1111/1111
f 1116/1116/1116 1115/1115/1115 1114/1114/1114
f 1119/1119/1119 1118/1118/1118 1117/1117/1117
f 1122/1122/1122 1121/1121/1121 1120/1120/1120
f 1125/1125/1125 1124/1124/1124 1123/1123/1123
f 1128/1128/1128 1127/1127/1127 1126/1126/1126
f 1131/1131/1131 1130/1130/1130 1129/1129/1129
f 1134/1134/1134 1133/1133/1133 1132/1132/1132
f 1137/1137/1137 1136/1136/1136 1135/1135/1135
f 1140/1140/1140 1139/1139/1139 1138/1138/1138
f 1143/1143/1143 1142/1142/1142 1141/1141/1141
f 1146/1146/1146 1145/1145/1145 1144/1144/1144
f 1149/1149/1149 1148/1148/1148 1147/1147/1147
f 1152/1152/1152 1151/1151/1151 1150/1150/1150
f 1155/1155/1155 1154/1154/1154 1153/1153/1153
f 1158/1158/1158 1157/1157/1157 1156/1156/1156
f 1161/1161/1161 1160/1160/1160 1159/1159/1159
f 1164/1164/1164 1163/1163/1163 1162/1162/1162
f 1167/1167/1167 1166/1166/1166 1165/1165/1165
f 1170/1170/1170 1169/1169/1169 1168/1168/1168
f 1173/1173/1173 1172/1172/1172 1171/1171/1171
f 1176/1176/1176 1175/1175/1175 1174/1174/1174
f 1179/1179/1179 1178/1178/1178 1177/1177/1177
f 1182/1182/1182 1181/1181/1181 1180/1180/1180
f 1185/1185/1185 1184/1184/1184 1183/1183/1183
f 1188/1188/1188 1187/1187/1187 1186/1186/1186
f 1191/1191/1191 1190/1190/1190 1189/1189/1189
f 1194/1194/1194 1193/1193/1193 1192/1192/1192
f 1197/1197/1197 1196/1196/1196 1195/1195/1195
f 1200/1200/1200 1199/1199/1199 1198/1198/1198
f 1203/1203/1203 1202/1202/1202 1201/1201/1201
f 1206/1206/1206 1205/1205/1205 1204/1204/1204
f 1209/1209/1209 1208/1208/1208 1207/1207/1207
f 1212/1212/1212 1211/1211/1211 1210/1210/1210
f 1215/1215/1215 1214/1214/1214 1213/1213/1213
f 1218/1218/1218 1217/1217/1217 1216/1216/1216
f 1221/1221/1221 1220/1220/1220 1219/1219/1219
f 1224/1224/1224 1223/1223/1223 1222/1222/1222
f 1227/1227/1227 1226/1226/1226 1225/1225/1225
f 1230/1230/1230 1229/1229/1229 1228/1228/1228
f 1233/1233/1233 1232/1232/1232 1231/1231/1231
f 1236/1236/1236 1235/1235/1235 1234/1234/1234
f 1239/1239/1239 1238/1238/1238 1237/1237/1237
f 1242/1242/1242 1241/1241/1241 1240/1240/1240
f 1245/1245/1245 1244/1244/1244 1243/1243/1243
f 1248/1248/1248 1247/1247/1247 1246/1246/1246
f 1251/1251/1251 1250/1250/1250 1249/1249/1249
f 1254/1254/1254 1253/1253/1253 1252/1252/1252
f 1257/1257/1257 1256/1256/1256 1255/1255/1255
f 1260/1260/1260 1259/1259/1259 1258/1258/1258
f 1263/1263/1263 1262/1262/1262 1261/1261/1261
f 1266/1266/1266 1265/1265/1265 1264/1264/1264
f 1269/1269/1269 1268/1268/1268 1267/1267/1267
f 1272/1272/1272 1271/1271/1271 1270/1270/1270
f 1275/1275/1275 1274/1274/1274 1273/1273/1273
f 1278/1278/1278 1277/1277/1277 1276/1276/1276
f 1281/1281/1281 1280/1280/1280 1279/1279/1279
f 1284/1284/1284 1283/1283/1283 1282/1282/1282
f 1287/1287/1287 1286/1286/1286 1285/1285/1285
f 1290/1290/1290 1289/1289/1289 1288/1288/1288
f 1293/1293/1293 1292/1292/1292 1291/1291/1291
f 1296/1296/1296 1295/1295/1295 1294/1294/1294
f 1299/1299/1299 1298/1298/1298 1297/1297/1297
f 1302/1302/1302 1301/1301/1301 1300/1300/1300
f 1305/1305/1305 1304/1304/1304 1303/1303/1303
f 1308/1308/1308 1307/1307/1307 1306/1306/1306
f 1311/1311/1311 1310/1310/1310 1309/1309/1309
f 1314/1314/1314 1313/1313/1313 1312/1312/1312
f 1317/1317/1317 1316/1316/1316 1315/1315/1315
f 1320/1320/1320 1319/1319/1319 1318/1318/1318
f 1323/1323/1323 1322/1322/1322 1321/1321/1321
f 1326/1326/1326 1325/1325/1325 1324/1324/1324
f 1329/1329/1329 1328/1328/1328 1327/1327/1327
f 1332/1332/1332 1331/1331/1331 1330/1330/1330
f 1335/1335/1335 1334/1334/1334 1333/1333/1333
f 1338/1338/1338 1337/1337/1337 1336/1336/1336
f 1341/1341/1341 1340/1340/1340 1339/1339/1339
f 1344/1344/1344 1343/1343/1343 1342/1342/1342
f 1347/1347/1347 1346/1346/1346 1345/1345/1345
f 1350/1350/1350 1349/1349/1349 1348/1348/1348
f 1353/1353/1353 1352/1352/1352 1351/1351/1351
f 1356/1356/1356 1355/1355/1355 1354/1354/1354
f 1359/1359/1359 1358/1358/1358 1357/1357/1357
f 1362/1362/1362 1361/1361/1361 1360/1360/1360
f 1365/1365/1365 1364/1364/1364 1363/1363/1363
f 1368/1368/1368 1367/1367/1367 1366/1366/1366
f 1371/1371/1371 1370/1370/1370 1369/1369/1369
f 1374/1374/1374 1373/1373/1373 1372/1372/1372
f 1377/1377/1377 1376/1376/1376 1375/1375/1375
f 1380/1380/1380 1379/1379/1379 1378/1378/1378
f 1383/1383/1383 1382/1382/1382 1381/1381/1381
f 1386/1386/1386 1385/1385/1385 1384/1384/1384
f 1389/1389/1389 1388/1388/1388 1387/1387/1387
f 1392/1392/1392 1391/1391/1391 1390/1390/1390
f 1395/1395/1395 1394/1394/1394 1393/1393/1393
f 1398/1398/1398 1397/1397/1397 1396/1396/1396
f 1401/1401/1401 1400/1400/1400 1399/1399/1399
f 1404/1404/1404 1403/1403/1403 1402/1402/1402
f 1407/1407/1407 1406/1406/1406 1405/1405/1405
f 1410/1410/1410 1409/1409/1409 1408/1408/1408
f 1413/1413/1413 1412/1412/1412 1411/1411/1411
f 1416/1416/1416 1415/1415/1415 1414/1414/1414
f 1419/1419/1419 1418/1418/1418 1417/1417/1417
f 1422/1422/1422 1421/1421/1421 1420/1420/1420
f 1425/1425/1425 1424/1424/1424 1423/1423/1423
f 1428/1428/1428 1427/1427/1427 1426/1426/1426
f 1431/1431/1431 1430/1430/1430 1429/1429/1429
f 1434/1434/1434 1433/1433/1433 1432/1432/1432
f 1437/1437/1437 1436/1436/1436 1435/1435/1435
f 1440/1440/1440 1439/1439/1439 1438/1438/1438
f 1443/1443/1443 1442/1442/1442 1441/1441/1441
f 1446/1446/1446 1445/1445/1445 1444/1444/1444
f 1449/1449/1449 1448/1448/1448 1447/1447/1447
f 1452/1452/1452 1451/1451/1451 1450/1450/1450
f 1455/1455/1455 1454/1454/1454 1453/1453/1453
f 1458/1458/1458 1457/1457/1457 1456/1456/1456
f 1461/1461/1461 1460/1460/1460 1459/1459/1459
f 1464/1464/1464 1463/1463/1463 1462/1462/1462
f 1467/1467/1467 1466/1466/1466 1465/1465/1465
f 1470/1470/1470 1469/1469/1469 1468/1468/1468
f 1473/1473/1473 1472/1472/1472 1471/1471/1471
f 1476/1476/1476 1475/1475/1475 1474/1474/1474
f 1479/1479/1479 1478/1478/1478 1477/1477/1477
f 1482/1482/1482 1481/1481/1481 1480/1480/1480
f 1485/1485/1485 1484/1484/1484 1483/1483/1483
f 1488/1488/1488 1487/1487/1487 1486/1486/1486
f 1491/1491/1491 1490/1490/1490 1489/1489/1489
f 1494/1494/1494 1493/1493/1493 1492/1492/1492
f 1497/1497/1497 1496/1496/1496 1495/1495/1495
f 1500/1500/1500 1499/1499/1499 1498/1498/1498
f 1503/1503/1503 1502/1502/1502 1501/1501/1501
f 1506/1506/1506 1505/1505/1505 1504/1504/1504
f 1509/1509/1509 1508/1508/1508 1507/1507/1507
f 1512/1512/1512 1511/1511/1511 1510/1510/1510
f 1515/1515/1515 1514/1514/1514 1513/1513/1513
f 1518/1518/1518 1517/1517/1517 1516/1516/1516
f 1521/1521/1521 1520/1520/1520 1519/1519/1519
f 1524/1524/1524 1523/1523/1523 1522/1522/1522
f 1527/1527/1527 1526/1526/1526 1525/1525/1525
f 1530/1530/1530 1529/1529/1529 1528/1528/1528
f 1533/1533/1533 1532/1532/1532 1531/1531/1531
f 1536/1536/1536 1535/1535/1535 1534/1534/1534
f 1539/1539/1539 1538/1538/1538 1537/1537/1537
f 1542/1542/1542 1541/1541/1541 1540/1540/1540
f 1545/1545/1545 1544/1544/1544 1543/1543/1543
f 1548/1548/1548 1547/1547/1547 1546/1546/1546
f 1551/1551/1551 1550/1550/1550 1549/1549/1549
f 1554/1554/1554 1553/1553/1553 1552/1552/1552
f 1557/1557/1557 1556/1556/1556 1555/1555/1555
f 1560/1560/1560 1559/1559/1559 1558/1558/1558
f 1563/1563/1563 1562/1562/1562 1561/1561/1561
f 1566/1566/1566 1565/1565/1565 1564/1564/1564
f 1569/1569/1569 1568/1568/1568 1567/1567/1567
f 1572/1572/1572 1571/1571/1571 1570/1570/1570
f 1575/1575/1575 1574/1574/1574 1573/1573/1573
f 1578/1578/1578 1577/1577/1577 1576/1576/1576
f 1581/1581/1581 1580/1580/1580 1579/1579/1579
f 1584/1584/1584 1583/1583/1583 1582/1582/1582
f 1587/1587/1587 1586/1586/1586 1585/1585/1585
f 1590/1590/1590 1589/1589/1589 1588/1588/1588
f 1593/1593/1593 1592/1592/1592 1591/1591/1591
f 1596/1596/1596 1595/1595/1595 1594/1594/1594
f 1599/1599/1599 1598/1598/1598 1597/1597/1597
f 1602/1602/1602 1601/1601/1601 1600/1600/1600
f 1605/1605/1605 1604/1604/1604 1603/1603/1603
f 1608/1608/1608 1607/1607/1607 1606/1606/1606
f 1611/1611/1611 1610/1610/1610 1609/1609/1609
f 1614/1614/1614 1613/1613/1613 1612/1612/1612
f 1617/1617/1617 1616/1616/1616 1615/1615/1615
f 1620/1620/1620 1619/1619/1619 1618/1618/1618
f 1623/1623/1623 1622/1622/1622 1621/1621/1621
f 1626/1626/1626 1625/1625/1625 1624/1624/1624
f 1629/1629/1629 1628/1628/1628 1627/1627/1627
f 1632/1632/1632 1631/1631/1631 1630/1630/1630
f 1635/1635/1635 1634/1634/1634 1633/1633/1633
f 1638/1638/1638 1637/1637/1637 1636/1636/1636
f 1641/1641/1641 1640/1640/1640 1639/1639/1639
f 1644/1644/1644 1643/1643/1643 1642/1642/1642
f 1647/1647/1647 1646/1646/1646 1645/1645/1645
f 1650/1650/1650 1649/1649/1649 1648/1648/1648
f 1653/1653/1653 1652/1652/1652 1651/1651/1651
f 1656/1656/1656 1655/1655/1655 1654/1654/1654
f 1659/1659/1659 1658/1658/1658 1657/1657/1657
f 1662/1662/1662 1661/1661/1661 1660/1660/1660
f 1665/1665/1665 1664/1664/1664 1663/1663/1663
f 1668/1668/1668 1667/1667/1667 1666/1666/1666
f 1671/1671/1671 1670/1670/1670 1669/1669/1669
f 1674/1674/1674 1673/1673/1673 1672/1672/1672
f 1677/1677/1677 1676/1676/1676 1675/1675/1675
f 1680/1680/1680 1679/1679/1679 1678/1678/1678
f 1683/1683/1683 1682/1682/1682 1681/1681/1681
f 1686/1686/1686 1685/1685/1685 1684/1684/1684
f 1689/1689/1689 1688/1688/1688 1687/1687/1687
f 1692/1692/1692 1691/1691/1691 1690/1690/1690
f 1695/1695/1695 1694/1694/1694 1693/1693/1693
f 1698/1698/1698 1697/1697/1697 1696/1696/1696
f 1701/1701/1701 1700/1700/1700 1699/1699/1699
f 1704/1704/1704 1703/1703/1703 1702/1702/1702
f 1707/1707/1707 1706/1706/1706 1705/1705/1705
f 1710/1710/1710 1709/1709/1709 1708/1708/1708
f 1713/1713/1713 1712/1712/1712 1711/1711/1711
f 1716/1716/1716 1715/1715/1715 1714/1714/1714
f 1719/1719/1719 1718/1718/1718 1717/1717/1717
f 1722/1722/1722 1721/1721/1721 1720/1720/1720
f 1725/1725/1725 1724/1724/1724 1723/1723/1723
f 1728/1728/1728 1727/1727/1727 1726/1726/1726
f 1731/1731/1731 1730/1730/1730 1729/1729/1729
f 1734/1734/1734 1733/1733/1733 1732/1732/1732
f 1737/1737/1737 1736/1736/1736 1735/1735/1735
f 1740/1740/1740 1739/1739/1739 1738/1738/1738
f 1743/1743/1743 1742/1742/1742 1741/1741/1741
f 1746/1746/1746 1745/1745/1745 1744/1744/1744
f 1749/1749/1749 1748/1748/1748 1747/1747/1747
f 1752/1752/1752 1751/1751/1751 1750/1750/1750
f 1755/1755/1755 1754/1754/1754 1753/1753/1753
f 1758/1758/1758 1757/1757/1757 1756/1756/1756
f 1761/1761/1761 1760/1760/1760 1759/1759/1759
f 1764/1764/1764 1763/1763/1763 1762/1762/1762
f 1767/1767/1767 1766/1766/1766 1765/1765/1765
f 1770/1770/1770 1769/1769/1769 1768/1768/1768
f 1773/1773/1773 1772/1772/1772 1771/1771/1771
f 1776/1776/1776 1775/1775/1775 1774/1774/1774
f 1779/1779/1779 1778/1778/1778 1777/1777/1777
f 1782/1782/1782 1781/1781/1781 1780/1780/1780
f 1785/1785/1785 1784/1784/1784 1783/1783/1783
f 1788/1788/1788 1787/1787/1787 1786/1786/1786
f 1791/1791/1791 1790/1790/1790 1789/1789/1789
f 1794/1794/1794 1793/1793/1793 1792/1792/1792
f 1797/1797/1797 1796/1796/1796 1795/1795/1795
f 1800/1800/1800 1799/1799/1799 1798/1798/1798
f 1803/1803/1803 1802/1802/1802 1801/1801/1801
f 1806/1806/1806 1805/1805/1805 1804/1804/1804
f 1809/1809/1809 1808/1808/1808 1807/1807/1807
f 1812/1812/1812 1811/1811/1811 1810/1810/1810
f 1815/1815/1815 1814/1814/1814 1813/1813/1813
f 1818/1818/1818 1817/1817/1817 1816/1816/1816
f 1821/1821/1821 1820/1820/1820 1819/1819/1819
f 1824/1824/1824 1823/1823/1823 1822/1822/1822
f 1827/1827/1827 1826/1826/1826 1825/1825/1825
f 1830/1830/1830 1829/1829/1829 1828/1828/1828
f 1833/1833/1833 1832/1832/1832 1831/1831/1831
f 1836/1836/1836 1835/1835/1835 1834/1834/1834
f 1839/1839/1839 1838/1838/1838 1837/1837/1837
f 1842/1842/1842 1841/1841/1841 1840/1840/1840
f 1845/1845/1845 1844/1844/1844 1843/1843/1843
f 1848/1848/1848 1847/1847/1847 1846/1846/1846
f 1851/1851/1851 1850/1850/1850 1849/1849/1849
f 1854/1854/1854 1853/1853/1853 1852/1852/1852
f 1857/1857/1857 1856/1856/1856 1855/1855/1855
f 1860/1860/1860 1859/1859/1859 1858/1858/1858
f 1863/1863/1863 1862/1862/1862 1861/1861/1861
f 1866/1866/1866 1865/1865/1865 1864/1864/1864
f 1869/1869/1869 1868/1868/1868 1867/1867/1867
f 1872/1872/1872 1871/1871/1871 1870/1870/1870
f 1875/1875/1875 1874/1874/1874 1873/1873/1873
f 1878/1878/1878 1877/1877/1877 1876/1876/1876
f 1881/1881/1881 1880/1880/1880 1879/1879/1879
f 1884/1884/1884 1883/1883/1883 1882/1882/1882
f 1887/1887/1887 1886/1886/1886 1885/1885/1885
f 1890/1890/1890 1889/1889/1889 1888/1888/1888
f 1893/1893/1893 1892/1892/1892 1891/1891/1891
f 1896/1896/1896 1895/1895/1895 1894/1894/1894
f 1899/1899/1899 1898/1898/1898 1897/1897/1897
f 1902/1902/1902 1901/1901/1901 1900/1900/1900
f 1905/1905/1905 1904/1904/1904 1903/1903/1903
f 1908/1908/1908 1907/1907/1907 1906/1906/1906
f 1911/1911/1911 1910/1910/1910 1909/1909/1909
f 1914/1914/1914 1913/1913/1913 1912/1912/1912
f 1917/1917/1917 1916/1916/1916 1915/1915/1915
f 1920/1920/1920 1919/1919/1919 1918/1918/1918
f 1923/1923/1923 1922/1922/1922 1921/1921/1921
f 1926/1926/1926 1925/1925/1925 1924/1924/1924
f 1929/1929/1929 1928/1928/1928 1927/1927/1927
f 1932/1932/1932 1931/1931/1931 1930/1930/1930
f 1935/1935/1935 1934/1934/1934 1933/1933/1933
f 1938/1938/1938 1937/1937/1937 1936/1936/1936
f 1941/1941/1941 1940/1940/1940 1939/1939/1939
f 1944/1944/1944 1943/1943/1943 1942/1942/1942
f 1947/1947/1947 1946/1946/1946 1945/1945/1945
f 1950/1950/1950 1949/1949/1949 1948/1948/1948
f 1953/1953/1953 1952/1952/1952 1951/1951/1951
f 1956/1956/1956 1955/1955/1955 1954/1954/1954
f 1959/1959/1959 1958/1958/1958 1957/1957/1957
f 1962/1962/1962 1961/1961/1961 1960/1960/1960
f 1965/1965/1965 1964/1964/1964 1963/1963/1963
f 1968/1968/1968 1967/1967/1967 1966/1966/1966
f 1971/1971/1971 1970/1970/1970 1969/1969/1969
f 1974/1974/1974 1973/1973/1973 1972/1972/1972
f 1977/1977/1977 1976/1976/1976 1975/1975/1975
f 1980/1980/1980 1979/1979/1979 1978/1978/1978
f 1983/1983/1983 1982/1982/1982 1981/1981/1981
f 1986/1986/1986 1985/1985/1985 1984/1984/1984
f 1989/1989/1989 1988/1988/1988 1987/1987/1987
f 1992/1992/1992 1991/1991/1991 1990/1990/1990
f 1995/1995/1995 1994/1994/1994 1993/1993/1993
f 1998/1998/1998 1997/1997/1997 1996/1996/1996
f 2001/2001/2001 2000/2000/2000 1999/1999/1999
f 2004/2004/2004 2003/2003/2003 2002/2002/2002
f 2007/2007/2007 2006/2006/2006 2005/2005/2005
f 2010/2010/2010 2009/2009/2009 2008/2008/2008
f 2013/2013/2013 2012/2012/2012 2011/2011/2011
f 2016/2016/2016 2015/2015/2015 2014/2014/2014
f 2019/2019/2019 2018/2018/2018 2017/2017/2017
f 2022/2022/2022 2021/2021/2021 2020/2020/2020
f 2025/2025/2025 2024/2024/2024 2023/2023/2023
f 2028/2028/2028 2027/2027/2027 2026/2026/2026
f 2031/2031/2031 2030/2030/2030 2029/2029/2029
f 2034/2034/2034 2033/2033/2033 2032/2032/2032
f 2037/2037/2037 2036/2036/2036 2035/2035/2035
f 2040/2040/2040 2039/2039/2039 2038/2038/2038
f 2043/2043/2043 2042/2042/2042 2041/2041/2041
f 2046/2046/2046 2045/2045/2045 2044/2044/2044
f 2049/2049/2049 2048/2048/2048 2047/2047/2047
f 2052/2052/2052 2051/2051/2051 2050/2050/2050
f 2055/2055/2055 2054/2054/2054 2053/2053/2053
f 2058/2058/2058 2057/2057/2057 2056/2056/2056
f 2061/2061/2061 2060/2060/2060 2059/2059/2059
f 2064/2064/2064 2063/2063/2063 2062/2062/2062
f 2067/2067/2067 2066/2066/2066 2065/2065/2065
f 2070/2070/2070 2069/2069/2069 2068/2068/2068
f 2073/2073/2073 2072/2072/2072 2071/2071/2071
f 2076/2076/2076 2075/2075/2075 2074/2074/2074
f 2079/2079/2079 2078/2078/2078 2077/2077/2077
f 2082/2082/2082 2081/2081/2081 2080/2080/2080
f 2085/2085/2085 2084/2084/2084 2083/2083/2083
f 2088/2088/2088 2087/2087/2087 2086/2086/2086
f 2091/2091/2091 2090/2090/2090 2089/2089/2089
f 2094/2094/2094 2093/2093/2093 2092/2092/2092
f 2097/2097/2097 2096/2096/2096 2095/2095/2095
f 2100/2100/2100 2099/2099/2099 2098/2098/2098
f 2103/2103/2103 2102/2102/2102 2101/2101/2101
f 2106/2106/2106 2105/2105/2105 2104/2104/2104
f 2109/2109/2109 2108/2108/2108 2107/2107/2107
f 2112/2112/2112 2111/2111/2111 2110/2110/2110
f 2115/2115/2115 2114/2114/2114 2113/2113/2113
f 2118/2118/2118 2117/2117/2117 2116/2116/2116
f 2121/2121/2121 2120/2120/2120 2119/2119/2119
f 2124/2124/2124 2123/2123/2123 2122/2122/2122
f 2127/2127/2127 2126/2126/2126 2125/2125/2125
f 2130/2130/2130 2129/2129/2129 2128/2128/2128
f 2133/2133/2133 2132/2132/2132 2131/2131/2131
f 2136/2136/2136 2135/2135/2135 2134/2134/2134
f 2139/2139/2139 2138/2138/2138 2137/2137/2137
f 2142/2142/2142 2141/2141/2141 2140/2140/2140
f 2145/2145/2145 2144/2144/2144 2143/2143/2143
f 2148/2148/2148 2147/2147/2147 2146/2146/2146
f 2151/2151/2151 2150/2150/2150 2149/2149/2149
f 2154/2154/2154 2153/2153/2153 2152/2152/2152
f 2157/2157/2157 2156/2156/2156 2155/2155/2155
f 2160/2160/2160 2159/2159/2159 2158/2158/2158
f 2163/2163/2163 2162/2162/2162 2161/2161/2161
f 2166/2166/2166 2165/2165/2165 2164/2164/2164
f 2169/2169/2169 2168/2168/2168 2167/2167/2167
f 2172/2172/2172 2171/2171/2171 2170/2170/2170
f 2175/2175/2175 2174/2174/2174 2173/2173/2173
f 2178/2178/2178 2177/2177/2177 2176/2176/2176
f 2181/2181/2181 2180/2180/2180 2179/2179/2179
f 2184/2184/2184 2183/2183/2183 2182/2182/2182
f 2187/2187/2187 2186/2186/2186 2185/2185/2185
f 2190/2190/2190 2189/2189/2189 2188/2188/2188
f 2193/2193/2193 2192/2192/2192 2191/2191/2191
f 2196/2196/2196 2195/2195/2195 2194/2194/2194
f 2199/2199/2199 2198/2198/2198 2197/2197/2197
f 2202/2202/2202 2201/2201/2201 2200/2200/2200
f 2205/2205/2205 2204/2204/2204 2203/2203/2203
f 2208/2208/2208 2207/2207/2207 2206/2206/2206
f 2211/2211/2211 2210/2210/2210 2209/2209/2209
f 2214/2214/2214 2213/2213/2213 2212/2212/2212
f 2217/2217/2217 2216/2216/2216 2215/2215/2215
f 2220/2220/2220 2219/2219/2219 2218/2218/2218
f 2223/2223/2223 2222/2222/2222 2221/2221/2221
f 2226/2226/2226 2225/2225/2225 2224/2224/2224
f 2229/2229/2229 2228/2228/2228 2227/2227/2227
f 2232/2232/2232 2231/2231/2231 2230/2230/2230
f 2235/2235/2235 2234/2234/2234 2233/2233/2233
f 2238/2238/2238 2237/2237/2237 2236/2236/2236
f 2241/2241/2241 2240/2240/2240 2239/2239/2239
f 2244/2244/2244 2243/2243/2243 2242/2242/2242
f 2247/2247/2247 2246/2246/2246 2245/2245/2245
f 2250/2250/2250 2249/2249/2249 2248/2248/2248
f 2253/2253/2253 2252/2252/2252 2251/2251/2251
f 2256/2256/2256 2255/2255/2255 2254/2254/2254
f 2259/2259/2259 2258/2258/2258 2257/2257/2257
f 2262/2262/2262 2261/2261/2261 2260/2260/2260
f 2265/2265/2265 2264/2264/2264 2263/2263/2263
f 2268/2268/2268 2267/2267/2267 2266/2266/2266
f 2271/2271/2271 2270/2270/2270 2269/2269/2269
f 2274/2274/2274 2273/2273/2273 2272/2272/2272
f 2277/2277/2277 2276/2276/2276 2275/2275/2275
f 2280/2280/2280 2279/2279/2279 2278/2278/2278
f 2283/2283/2283 2282/2282/2282 2281/2281/2281
f 2286/2286/2286 2285/2285/2285 2284/2284/2284
f 2289/2289/2289 2288/2288/2288 2287/2287/2287
f 2292/2292/2292 2291/2291/2291 2290/2290/2290
f 2295/2295/2295 2294/2294/2294 2293/2293/2293
f 2298/2298/2298 2297/2297/2297 2296/2296/2296
f 2301/2301/2301 2300/2300/2300 2299/2299/2299
f 2304/2304/2304 2303/2303/2303 2302/2302/2302
f 2307/2307/2307 2306/2306/2306 2305/2305/2305
f 2310/2310/2310 2309/2309/2309 2308/2308/2308
f 2313/2313/2313 2312/2312/2312 2311/2311/2311
f 2316/2316/2316 2315/2315/2315 2314/2314/2314
f 2319/2319/2319 2318/2318/2318 2317/2317/2317
f 2322/2322/2322 2321/2321/2321 2320/2320/2320
f 2325/2325/2325 2324/2324/2324 2323/2323/2323
f 2328/2328/2328 2327/2327/2327 2326/2326/2326
f 2331/2331/2331 2330/2330/2330 2329/2329/2329
f 2334/2334/2334 2333/2333/2333 2332/2332/2332
f 2337/2337/2337 2336/2336/2336 2335/2335/2335
f 2340/2340/2340 2339/2339/2339 2338/2338/2338
f 2343/2343/2343 2342/2342/2342 2341/2341/2341
f 2346/2346/2346 2345/2345/2345 2344/2344/2344
f 2349/2349/2349 2348/2348/2348 2347/2347/2347
f 2352/2352/2352 2351/2351/2351 2350/2350/2350
f 2355/2355/2355 2354/2354/2354 2353/2353/2353
f 2358/2358/2358 2357/2357/2357 2356/2356/2356
f 2361/2361/2361 2360/2360/2360 2359/2359/2359
f 2364/2364/2364 2363/2363/2363 2362/2362/2362
f 2367/2367/2367 2366/2366/2366 2365/2365/2365
f 2370/2370/2370 2369/2369/2369 2368/2368/2368
f 2373/2373/2373 2372/2372/2372 2371/2371/2371
f 2376/2376/2376 2375/2375/2375 2374/2374/2374
f 2379/2379/2379 2378/2378/2378 2377/2377/2377
f 2382/2382/2382 2381/2381/2381 2380/2380/2380
f 2385/2385/2385 2384/2384/2384 2383/2383/2383
f 2388/2388/2388 2387/2387/2387 2386/2386/2386
f 2391/2391/2391 2390/2390/2390 2389/2389/2389
f 2394/2394/2394 2393/2393/2393 2392/2392/2392
f 2397/2397/2397 2396/2396/2396 2395/2395/2395
f 2400/2400/2400 2399/2399/2399 2398/2398/2398
f 2403/2403/2403 2402/2402/2402 2401/2401/2401
f 2406/2406/2406 2405/2405/2405 2404/2404/2404
f 2409/2409/2409 2408/2408/2408 2407/2407/2407
f 2412/2412/2412 2411/2411/2411 2410/2410/2410
f 2415/2415/2415 2414/2414/2414 2413/2413/2413
f 2418/2418/2418 2417/2417/2417 2416/2416/2416
f 2421/2421/2421 2420/2420/2420 2419/2419/2419
f 2424/2424/2424 2423/2423/2423 2422/2422/2422
f 2427/2427/2427 2426/2426/2426 2425/2425/2425
f 2430/2430/2430 2429/2429/2429 2428/2428/2428
f 2433/2433/2433 2432/2432/2432 2431/2431/2431
f 2436/2436/2436 2435/2435/2435 2434/2434/2434
f 2439/2439/2439 2438/2438/2438 2437/2437/2437
f 2442/2442/2442 2441/2441/2441 2440/2440/2440
f 2445/2445/2445 2444/2444/2444 2443/2443/2443
f 2448/2448/2448 2447/2447/2447 2446/2446/2446
f 2451/2451/2451 2450/2450/2450 2449/2449/2449
f 2454/2454/2454 2453/2453/2453 2452/2452/2452
f 2457/2457/2457 2456/2456/2456 2455/2455/2455
f 2460/2460/2460 2459/2459/2459 2458/2458/2458
f 2463/2463/2463 2462/2462/2462 2461/2461/2461
f 2466/2466/2466 2465/2465/2465 2464/2464/2464
f 2469/2469/2469 2468/2468/2468 2467/2467/2467
f 2472/2472/2472 2471/2471/2471 2470/2470/2470
f 2475/2475/2475 2474/2474/2474 2473/2473/2473
f 2478/2478/2478 2477/2477/2477 2476/2476/2476
f 2481/2481/2481 2480/2480/2480 2479/2479/2479
f 2484/2484/2484 2483/2483/2483 2482/2482/2482
f 2487/2487/2487 2486/2486/2486 2485/2485/2485
f 2490/2490/2490 2489/2489/2489 2488/2488/2488
f 2493/2493/2493 2492/2492/2492 2491/2491/2491
f 2496/2496/2496 2495/2495/2495 2494/2494/2494
f 2499/2499/2499 2498/2498/2498 2497/2497/2497
f 2502/2502/2502 2501/2501/2501 2500/2500/2500
f 2505/2505/2505 2504/2504/2504 2503/2503/2503
f 2508/2508/2508 2507/2507/2507 2506/2506/2506
f 2511/2511/2511 2510/2510/2510 2509/2509/2509
f 2514/2514/2514 2513/2513/2513 2512/2512/2512
f 2517/2517/2517 2516/2516/2516 2515/2515/2515
f 2520/2520/2520 2519/2519/2519 2518/2518/2518
f 2523/2523/2523 2522/2522/2522 2521/2521/2521
f 2526/2526/2526 2525/2525/2525 2524/2524/2524
f 2529/2529/2529 2528/2528/2528 2527/2527/2527
f 2532/2532/2532 2531/2531/2531 2530/2530/2530
f 2535/2535/2535 2534/2534/2534 2533/2533/2533
f 2538/2538/2538 2537/2537/2537 2536/2536/2536
f 2541/2541/2541 2540/2540/2540 2539/2539/2539
f 2544/2544/2544 2543/2543/2543 2542/2542/2542
f 2547/2547/2547 2546/2546/2546 2545/2545/2545
f 2550/2550/2550 2549/2549/2549 2548/2548/2548
f 2553/2553/2553 2552/2552/2552 2551/2551/2551
f 2556/2556/2556 2555/2555/2555 2554/2554/2554
f 2559/2559/2559 2558/2558/2558 2557/2557/2557
f 2562/2562/2562 2561/2561/2561 2560/2560/2560
f 2565/2565/2565 2564/2564/2564 2563/2563/2563
f 2568/2568/2568 2567/2567/2567 2566/2566/2566
f 2571/2571/2571 2570/2570/2570 2569/2569/2569
f 2574/2574/2574 2573/2573/2573 2572/2572/2572
f 2577/2577/2577 2576/2576/2576 2575/2575/2575
f 2580/2580/2580 2579/2579/2579 2578/2578/2578
f 2583/2583/2583 2582/2582/2582 2581/2581/2581
f 2586/2586/2586 2585/2585/2585 2584/2584/2584
f 2589/2589/2589 2588/2588/2588 2587/2587/2587
f 2592/2592/2592 2591/2591/2591 2590/2590/2590
f 2595/2595/2595 2594/2594/2594 2593/2593/2593
f 2598/2598/2598 2597/2597/2597 2596/2596/2596
f 2601/2601/2601 2600/2600/2600 2599/2599/2599
f 2604/2604/2604 2603/2603/2603 2602/2602/2602
f 2607/2607/2607 2606/2606/2606 2605/2605/2605
f 2610/2610/2610 2609/2609/2609 2608/2608/2608
f 2613/2613/2613 2612/2612/2612 2611/2611/2611
f 2616/2616/2616 2615/2615/2615 2614/2614/2614
f 2619/2619/2619 2618/2618/2618 2617/2617/2617
f 2622/2622/2622 2621/2621/2621 2620/2620/2620
f 2625/2625/2625 2624/2624/2624 2623/2623/2623
f 2628/2628/2628 2627/2627/2627 2626/2626/2626
f 2631/2631/2631 2630/2630/2630 2629/2629/2629
f 2634/2634/2634 2633/2633/2633 2632/2632/2632
f 2637/2637/2637 2636/2636/2636 2635/2635/2635
f 2640/2640/2640 2639/2639/2639 2638/2638/2638
f 2643/2643/2643 2642/2642/2642 2641/2641/2641
f 2646/2646/2646 2645/2645/2645 2644/2644/2644
f 2649/2649/2649 2648/2648/2648 2647/2647/2647
f 2652/2652/2652 2651/2651/2651 2650/2650/2650
f 2655/2655/2655 2654/2654/2654 2653/2653/2653
f 2658/2658/2658 2657/2657/2657 2656/2656/2656
f 2661/2661/2661 2660/2660/2660 2659/2659/2659
f 2664/2664/2664 2663/2663/2663 2662/2662/2662
f 2667/2667/2667 2666/2666/2666 2665/2665/2665
f 2670/2670/2670 2669/2669/2669 2668/2668/2668
f 2673/2673/2673 2672/2672/2672 2671/2671/2671
f 2676/2676/2676 2675/2675/2675 2674/2674/2674
f 2679/2679/2679 2678/2678/2678 2677/2677/2677
f 2682/2682/2682 2681/2681/2681 2680/2680/2680
f 2685/2685/2685 2684/2684/2684 2683/2683/2683
f 2688/2688/2688 2687/2687/2687 2686/2686/2686
f 2691/2691/2691 2690/2690/2690 2689/2689/2689
f 2694/2694/2694 2693/2693/2693 2692/2692/2692
f 2697/2697/2697 2696/2696/2696 2695/2695/2695
f 2700/2700/2700 2699/2699/2699 2698/2698/2698
f 2703/2703/2703 2702/2702/2702 2701/2701/2701
f 2706/2706/2706 2705/2705/2705 2704/2704/2704
f 2709/2709/2709 2708/2708/2708 2707/2707/2707
f 2712/2712/2712 2711/2711/2711 2710/2710/2710
f 2715/2715/2715 2714/2714/2714 2713/2713/2713
f 2718/2718/2718 2717/2717/2717 2716/2716/2716
f 2721/2721/2721 2720/2720/2720 2719/2719/2719
f 2724/2724/2724 2723/2723/2723 2722/2722/2722
f 2727/2727/2727 2726/2726/2726 2725/2725/2725
f 2730/2730/2730 2729/2729/2729 2728/2728/2728
f 2733/2733/2733 2732/2732/2732 2731/2731/2731
f 2736/2736/2736 2735/2735/2735 2734/2734/2734
f 2739/2739/2739 2738/2738/2738 2737/2737/2737
f 2742/2742/2742 2741/2741/2741 2740/2740/2740
f 2745/2745/2745 2744/2744/2744 2743/2743/2743
f 2748/2748/2748 2747/2747/2747 2746/2746/2746
f 2751/2751/2751 2750/2750/2750 2749/2749/2749
f 2754/2754/2754 2753/2753/2753 2752/2752/2752
f 2757/2757/2757 2756/2756/2756 2755/2755/2755
f 2760/2760/2760 2759/2759/2759 2758/2758/2758
f 2763/2763/2763 2762/2762/2762 2761/2761/2761
f 2766/2766/2766 2765/2765/2765 2764/2764/2764
f 2769/2769/2769 2768/2768/2768 2767/2767/2767
f 2772/2772/2772 2771/2771/2771 2770/2770/2770
f 2775/2775/2775 2774/2774/2774 2773/2773/2773
f 2778/2778/2778 2777/2777/2777 2776/2776/2776
f 2781/2781/2781 2780/2780/2780 2779/2779/2779
f 2784/2784/2784 2783/2783/2783 2782/2782/2782
f 2787/2787/2787 2786/2786/2786 2785/2785/2785
f 2790/2790/2790 2789/2789/2789 2788/2788/2788
f 2793/2793/2793 2792/2792/2792 2791/2791/2791
f 2796/2796/2796 2795/2795/2795 2794/2794/2794
f 2799/2799/2799 2798/2798/2798 2797/2797/2797
f 2802/2802/2802 2801/2801/2801 2800/2800/2800
f 2805/2805/2805 2804/2804/2804 2803/2803/2803
f 2808/2808/2808 2807/2807/2807 2806/2806/2806
f 2811/2811/2811 2810/2810/2810 2809/2809/2809
f 2814/2814/2814 2813/2813/2813 2812/2812/2812
f 2817/2817/2817 2816/2816/2816 2815/2815/2815
f 2820/2820/2820 2819/2819/2819 2818/2818/2818
f 2823/2823/2823 2822/2822/2822 2821/2821/2821
f 2826/2826/2826 2825/2825/2825 2824/2824/2824
f 2829/2829/2829 2828/2828/2828 2827/2827/2827
f 2832/2832/2832 2831/2831/2831 2830/2830/2830
f 2835/2835/2835 2834/2834/2834 2833/2833/2833
f 2838/2838/2838 2837/2837/2837 2836/2836/2836
f 2841/2841/2841 2840/2840/2840 2839/2839/2839
f 2844/2844/2844 2843/2843/2843 2842/2842/2842
f 2847/2847/2847 2846/2846/2846 2845/2845/2845
f 2850/2850/2850 2849/2849/2849 2848/2848/2848
f 2853/2853/2853 2852/2852/2852 2851/2851/2851
f 2856/2856/2856 2855/2855/2855 2854/2854/2854
f 2859/2859/2859 2858/2858/2858 2857/2857/2857
f 2862/2862/2862 2861/2861/2861 2860/2860/2860
f 2865/2865/2865 2864/2864/2864 2863/2863/2863
f 2868/2868/2868 2867/2867/2867 2866/2866/2866
f 2871/2871/2871 2870/2870/2870 2869/2869/2869
f 2874/2874/2874 2873/2873/2873 2872/2872/2872
f 2877/2877/2877 2876/2876/2876 2875/2875/2875
f 2880/2880/2880 2879/2879/2879 2878/2878/2878
f 2883/2883/2883 2882/2882/2882 2881/2881/2881
f 2886/2886/2886 2885/2885/2885 2884/2884/2884
f 2889/2889/2889 2888/2888/2888 2887/2887/2887
f 2892/2892/2892 2891/2891/2891 2890/2890/2890
f 2895/2895/2895 2894/2894/2894 2893/2893/2893
f 2898/2898/2898 2897/2897/2897 2896/2896/2896
f 2901/2901/2901 2900/2900/2900 2899/2899/2899
f 2904/2904/2904 2903/2903/2903 2902/2902/2902
f 2907/2907/2907 2906/2906/2906 2905/2905/2905
f 2910/2910/2910 2909/2909/2909 2908/2908/2908
f 2913/2913/2913 2912/2912/2912 2911/2911/2911
f 2916/2916/2916 2915/2915/2915 2914/2914/2914
f 2919/2919/2919 2918/2918/2918 2917/2917/2917
f 2922/2922/2922 2921/2921/2921 2920/2920/2920
f 2925/2925/2925 2924/2924/2924 2923/2923/2923
f 2928/2928/2928 2927/2927/2927 2926/2926/2926
f 2931/2931/2931 2930/2930/2930 2929/2929/2929
f 2934/2934/2934 2933/2933/2933 2932/2932/2932
f 2937/2937/2937 2936/2936/2936 2935/2935/2935
f 2940/2940/2940 2939/2939/2939 2938/2938/2938
f 2943/2943/2943 2942/2942/2942 2941/2941/2941
f 2946/2946/2946 2945/2945/2945 2944/2944/2944
f 2949/2949/2949 2948/2948/2948 2947/2947/2947
f 2952/2952/2952 2951/2951/2951 2950/2950/2950
f 2955/2955/2955 2954/2954/2954 2953/2953/2953
f 2958/2958/2958 2957/2957/2957 2956/2956/2956
f 2961/2961/2961 2960/2960/2960 2959/2959/2959
f 2964/2964/2964 2963/2963/2963 2962/2962/2962
f 2967/2967/2967 2966/2966/2966 2965/2965/2965
f 2970/2970/2970 2969/2969/2969 2968/2968/2968
f 2973/2973/2973 2972/2972/2972 2971/2971/2971
f 2976/2976/2976 2975/2975/2975 2974/2974/2974
f 2979/2979/2979 2978/2978/2978 2977/2977/2977
f 2982/2982/2982 2981/2981/2981 2980/2980/2980
f 2985/2985/2985 2984/2984/2984 2983/2983/2983
f 2988/2988/2988 2987/2987/2987 2986/2986/2986
f 2991/2991/2991 2990/2990/2990 2989/2989/2989
f 2994/2994/2994 2993/2993/2993 2992/2992/2992
f 2997/2997/2997 2996/2996/2996 2995/2995/2995
f 3000/3000/3000 2999/2999/2999 2998/2998/2998
f 3003/3003/3003 3002/3002/3002 3001/3001/3001
f 3006/3006/3006 3005/3005/3005 3004/3004/3004
f 3009/3009/3009 3008/3008/3008 3007/3007/3007
f 3012/3012/3012 3011/3011/3011 3010/3010/3010
f 3015/3015/3015 3014/3014/3014 3013/3013/3013
f 3018/3018/3018 3017/3017/3017 3016/3016/3016
f 3021/3021/3021 3020/3020/3020 3019/3019/3019
f 3024/3024/3024 3023/3023/3023 3022/3022/3022
f 3027/3027/3027 3026/3026/3026 3025/3025/3025
f 3030/3030/3030 3029/3029/3029 3028/3028/3028
f 3033/3033/3033 3032/3032/3032 3031/3031/3031
f 3036/3036/3036 3035/3035/3035 3034/3034/3034
f 3039/3039/3039 3038/3038/3038 3037/3037/3037
f 3042/3042/3042 3041/3041/3041 3040/3040/3040
f 3045/3045/3045 3044/3044/3044 3043/3043/3043
f 3048/3048/3048 3047/3047/3047 3046/3046/3046
f 3051/3051/3051 3050/3050/3050 3049/3049/3049
f 3054/3054/3054 3053/3053/3053 3052/3052/3052
f 3057/3057/3057 3056/3056/3056 3055/3055/3055
f 3060/3060/3060 3059/3059/3059 3058/3058/3058
f 3063/3063/3063 3062/3062/3062 3061/3061/3061
f 3066/3066/3066 3065/3065/3065 3064/3064/3064
f 3069/3069/3069 3068/3068/3068 3067/3067/3067
f 3072/3072/3072 3071/3071/3071 3070/3070/3070
f 3075/3075/3075 3074/3074/3074 3073/3073/3073
f 3078/3078/3078 3077/3077/3077 3076/3076/3076
f 3081/3081/3081 3080/3080/3080 3079/3079/3079
f 3084/3084/3084 3083/3083/3083 3082/3082/3082
f 3087/3087/3087 3086/3086/3086 3085/3085/3085
f 3090/3090/3090 3089/3089/3089 3088/3088/3088
f 3093/3093/3093 3092/3092/3092 3091/3091/3091
f 3096/3096/3096 3095/3095/3095 3094/3094/3094
f 3099/3099/3099 3098/3098/3098 3097/3097/3097
f 3102/3102/3102 3101/3101/3101 3100/3100/3100
f 3105/3105/3105 3104/3104/3104 3103/3103/3103
f 3108/3108/3108 3107/3107/3107 3106/3106/3106
f 3111/3111/3111 3110/3110/3110 3109/3109/3109
f 3114/3114/3114 3113/3113/3113 3112/3112/3112
f 3117/3117/3117 3116/3116/3116 3115/3115/3115
f 3120/3120/3120 3119/3119/3119 3118/3118/3118
f 3123/3123/3123 3122/3122/3122 3121/3121/3121
f 3126/3126/3126 3125/3125/3125 3124/3124/3124
f 3129/3129/3129 3128/3128/3128 3127/3127/3127
f 3132/3132/3132 3131/3131/3131 3130/3130/3130
f 3135/3135/3135 3134/3134/3134 3133/3133/3133
f 3138/3138/3138 3137/3137/3137 3136/3136/3136
f 3141/3141/3141 3140/3140/3140 3139/3139/3139
f 3144/3144/3144 3143/3143/3143 3142/3142/3142
f 3147/3147/3147 3146/3146/3146 3145/3145/3145
f 3150/3150/3150 3149/3149/3149 3148/3148/3148
f 3153/3153/3153 3152/3152/3152 3151/3151/3151
f 3156/3156/3156 3155/3155/3155 3154/3154/3154
f 3159/3159/3159 3158/3158/3158 3157/3157/3157
f 3162/3162/3162 3161/3161/3161 3160/3160/3160
f 3165/3165/3165 3164/3164/3164 3163/3163/3163
f 3168/3168/3168 3167/3167/3167 3166/3166/3166
f 3171/3171/3171 3170/3170/3170 3169/3169/3169
f 3174/3174/3174 3173/3173/3173 3172/3172/3172
f 3177/3177/3177 3176/3176/3176 3175/3175/3175
f 3180/3180/3180 3179/3179/3179 3178/3178/3178
f 3183/3183/3183 3182/3182/3182 3181/3181/3181
f 3186/3186/3186 3185/3185/3185 3184/3184/3184
f 3189/3189/3189 3188/3188/3188 3187/3187/3187
f 3192/3192/3192 3191/3191/3191 3190/3190/3190
f 3195/3195/3195 3194/3194/3194 3193/3193/3193
f 3198/3198/3198 3197/3197/3197 3196/3196/3196
f 3201/3201/3201 3200/3200/3200 3199/3199/3199
f 3204/3204/3204 3203/3203/3203 3202/3202/3202
f 3207/3207/3207 3206/3206/3206 3205/3205/3205
f 3210/3210/3210 3209/3209/3209 3208/3208/3208
f 3213/3213/3213 3212/3212/3212 3211/3211/3211
f 3216/3216/3216 3215/3215/3215 3214/3214/3214
f 3219/3219/3219 3218/3218/3218 3217/3217/3217
f 3222/3222/3222 3221/3221/3221 3220/3220/3220
f 3225/3225/3225 3224/3224/3224 3223/3223/3223
f 3228/3228/3228 3227/3227/3227 3226/3226/3226
f 3231/3231/3231 3230/3230/3230 3229/3229/3229
f 3234/3234/3234 3233/3233/3233 3232/3232/3232
f 3237/3237/3237 3236/3236/3236 3235/3235/3235
f 3240/3240/3240 3239/3239/3239 3238/3238/3238
f 3243/3243/3243 3242/3242/3242 3241/3241/3241
f 3246/3246/3246 3245/3245/3245 3244/3244/3244
f 3249/3249/3249 3248/3248/3248 3247/3247/3247
f 3252/3252/3252 3251/3251/3251 3250/3250/3250
f 3255/3255/3255 3254/3254/3254 3253/3253/3253
f 3258/3258/3258 3257/3257/3257 3256/3256/3256
f 3261/3261/3261 3260/3260/3260 3259/3259/3259
f 3264/3264/3264 3263/3263/3263 3262/3262/3262
f 3267/3267/3267 3266/3266/3266 3265/3265/3265
f 3270/3270/3270 3269/3269/3269 3268/3268/3268
f 3273/3273/3273 3272/3272/3272 3271/3271/3271
f 3276/3276/3276 3275/3275/3275 3274/3274/3274
f 3279/3279/3279 3278/3278/3278 3277/3277/3277
f 3282/3282/3282 3281/3281/3281 3280/3280/3280
f 3285/3285/3285 3284/3284/3284 3283/3283/3283
f 3288/3288/3288 3287/3287/3287 3286/3286/3286
f 3291/3291/3291 3290/3290/3290 3289/3289/3289
f 3294/3294/3294 3293/3293/3293 3292/3292/3292
f 3297/3297/3297 3296/3296/3296 3295/3295/3295
f 3300/3300/3300 3299/3299/3299 3298/3298/3298
f 3303/3303/3303 3302/3302/3302 3301/3301/3301
f 3306/3306/3306 3305/3305/3305 3304/3304/3304
f 3309/3309/3309 3308/3308/3308 3307/3307/3307
f 3312/3312/3312 3311/3311/3311 3310/3310/3310
f 3315/3315/3315 3314/3314/3314 3313/3313/3313
f 3318/3318/3318 3317/3317/3317 3316/3316/3316
f 3321/3321/3321 3320/3320/3320 3319/3319/3319
f 3324/3324/3324 3323/3323/3323 3322/3322/3322
f 3327/3327/3327 3326/3326/3326 3325/3325/3325
f 3330/3330/3330 3329/3329/3329 3328/3328/3328
f 3333/3333/3333 3332/3332/3332 3331/3331/3331
f 3336/3336/3336 3335/3335/3335 3334/3334/3334
f 3339/3339/3339 3338/3338/3338 3337/3337/3337
f 3342/3342/3342 3341/3341/3341 3340/3340/3340
f 3345/3345/3345 3344/3344/3344 3343/3343/3343
f 3348/3348/3348 3347/3347/3347 3346/3346/3346
f 3351/3351/3351 3350/3350/3350 3349/3349/3349
f 3354/3354/3354 3353/3353/3353 3352/3352/3352
f 3357/3357/3357 3356/3356/3356 3355/3355/3355
f 3360/3360/3360 3359/3359/3359 3358/3358/3358
f 3363/3363/3363 3362/3362/3362 3361/3361/3361
f 3366/3366/3366 3365/3365/3365 3364/3364/3364
f 3369/3369/3369 3368/3368/3368 3367/3367/3367
f 3372/3372/3372 3371/3371/3371 3370/3370/3370
f 3375/3375/3375 3374/3374/3374 3373/3373/3373
f 3378/3378/3378 3377/3377/3377 3376/3376/3376
f 3381/3381/3381 3380/3380/3380 3379/3379/3379
f 3384/3384/3384 3383/3383/3383 3382/3382/3382
f 3387/3387/3387 3386/3386/3386 3385/3385/3385
f 3390/3390/3390 3389/3389/3389 3388/3388/3388
f 3393/3393/3393 3392/3392/3392 3391/3391/3391
f 3396/3396/3396 3395/3395/3395 3394/3394/3394
f 3399/3399/3399 3398/3398/3398 3397/3397/3397
f 3402/3402/3402 3401/3401/3401 3400/3400/3400
f 3405/3405/3405 3404/3404/3404 3403/3403/3403
f 3408/3408/3408 3407/3407/3407 3406/3406/3406
f 3411/3411/3411 3410/3410/3410 3409/3409/3409
f 3414/3414/3414 3413/3413/3413 3412/3412/3412
f 3417/3417/3417 3416/3416/3416 3415/3415/3415
f 3420/3420/3420 3419/3419/3419 3418/3418/3418
f 3423/3423/3423 3422/3422/3422 3421/3421/3421
f 3426/3426/3426 3425/3425/3425 3424/3424/3424
f 3429/3429/3429 3428/3428/3428 3427/3427/3427
f 3432/3432/3432 3431/3431/3431 3430/3430/3430
f 3435/3435/3435 3434/3434/3434 3433/3433/3433
f 3438/3438/3438 3437/3437/3437 3436/3436/3436
f 3441/3441/3441 3440/3440/3440 3439/3439/3439
f 3444/3444/3444 3443/3443/3443 3442/3442/3442
f 3447/3447/3447 3446/3446/3446 3445/3445/3445
f 3450/3450/3450 3449/3449/3449 3448/3448/3448
f 3453/3453/3453 3452/3452/3452 3451/3451/3451
f 3456/3456/3456 3455/3455/3455 3454/3454/3454
f 3459/3459/3459 3458/3458/3458 3457/3457/3457
f 3462/3462/3462 3461/3461/3461 3460/3460/3460
f 3465/3465/3465 3464/3464/3464 3463/3463/3463
f 3468/3468/3468 3467/3467/3467 3466/3466/3466
f 3471/3471/3471 3470/3470/3470 3469/3469/3469
f 3474/3474/3474 3473/3473/3473 3472/3472/3472
f 3477/3477/3477 3476/3476/3476 3475/3475/3475
f 3480/3480/3480 3479/3479/3479 3478/3478/3478
f 3483/3483/3483 3482/3482/3482 3481/3481/3481
f 3486/3486/3486 3485/3485/3485 3484/3484/3484
f 3489/3489/3489 3488/3488/3488 3487/3487/3487
f 3492/3492/3492 3491/3491/3491 3490/3490/3490
f 3495/3495/3495 3494/3494/3494 3493/3493/3493
f 3498/3498/3498 3497/3497/3497 3496/3496/3496
f 3501/3501/3501 3500/3500/3500 3499/3499/3499
f 3504/3504/3504 3503/3503/3503 3502/3502/3502
f 3507/3507/3507 3506/3506/3506 3505/3505/3505
f 3510/3510/3510 3509/3509/3509 3508/3508/3508
f 3513/3513/3513 3512/3512/3512 3511/3511/3511
f 3516/3516/3516 3515/3515/3515 3514/3514/3514
f 3519/3519/3519 3518/3518/3518 3517/3517/3517
f 3522/3522/3522 3521/3521/3521 3520/3520/3520
f 3525/3525/3525 3524/3524/3524 3523/3523/3523
f 3528/3528/3528 3527/3527/3527 3526/3526/3526
f 3531/3531/3531 3530/3530/3530 3529/3529/3529
f 3534/3534/3534 3533/3533/3533 3532/3532/3532
f 3537/3537/3537 3536/3536/3536 3535/3535/3535
f 3540/3540/3540 3539/3539/3539 3538/3538/3538
f 3543/3543/3543 3542/3542/3542 3541/3541/3541
f 3546/3546/3546 3545/3545/3545 3544/3544/3544
f 3549/3549/3549 3548/3548/3548 3547/3547/3547
f 3552/3552/3552 3551/3551/3551 3550/3550/3550
f 3555/3555/3555 3554/3554/3554 3553/3553/3553
f 3558/3558/3558 3557/3557/3557 3556/3556/3556
f 3561/3561/3561 3560/3560/3560 3559/3559/3559
f 3564/3564/3564 3563/3563/3563 3562/3562/3562
f 3567/3567/3567 3566/3566/3566 3565/3565/3565
f 3570/3570/3570 3569/3569/3569 3568/3568/3568
f 3573/3573/3573 3572/3572/3572 3571/3571/3571
f 3576/3576/3576 3575/3575/3575 3574/3574/3574
f 3579/3579/3579 3578/3578/3578 3577/3577/3577
f 3582/3582/3582 3581/3581/3581 3580/3580/3580
f 3585/3585/3585 3584/3584/3584 3583/3583/3583
f 3588/3588/3588 3587/3587/3587 3586/3586/3586
f 3591/3591/3591 3590/3590/3590 3589/3589/3589
f 3594/3594/3594 3593/3593/3593 3592/3592/3592
f 3597/3597/3597 3596/3596/3596 3595/3595/3595
f 3600/3600/3600 3599/3599/3599 3598/3598/3598
f 3603/3603/3603 3602/3602/3602 3601/3601/3601
f 3606/3606/3606 3605/3605/3605 3604/3604/3604
f 3609/3609/3609 3608/3608/3608 3607/3607/3607
f 3612/3612/3612 3611/3611/3611 3610/3610/3610
f 3615/3615/3615 3614/3614/3614 3613/3613/3613
f 3618/3618/3618 3617/3617/3617 3616/3616/3616
f 3621/3621/3621 3620/3620/3620 3619/3619/3619
f 3624/3624/3624 3623/3623/3623 3622/3622/3622
f 3627/3627/3627 3626/3626/3626 3625/3625/3625
f 3630/3630/3630 3629/3629/3629 3628/3628/3628
f 3633/3633/3633 3632/3632/3632 3631/3631/3631
f 3636/3636/3636 3635/3635/3635 3634/3634/3634
f 3639/3639/3639 3638/3638/3638 3637/3637/3637
f 3642/3642/3642 3641/3641/3641 3640/3640/3640
f 3645/3645/3645 3644/3644/3644 3643/3643/3643
f 3648/3648/3648 3647/3647/3647 3646/3646/3646
f 3651/3651/3651 3650/3650/3650 3649/3649/3649
f 3654/3654/3654 3653/3653/3653 3652/3652/3652
f 3657/3657/3657 3656/3656/3656 3655/3655/3655
f 3660/3660/3660 3659/3659/3659 3658/3658/3658
f 3663/3663/3663 3662/3662/3662 3661/3661/3661
f 3666/3666/3666 3665/3665/3665 3664/3664/3664
f 3669/3669/3669 3668/3668/3668 3667/3667/3667
f 3672/3672/3672 3671/3671/3671 3670/3670/3670
f 3675/3675/3675 3674/3674/3674 3673/3673/3673
f 3678/3678/3678 3677/3677/3677 3676/3676/3676
f 3681/3681/3681 3680/3680/3680 3679/3679/3679
f 3684/3684/3684 3683/3683/3683 3682/3682/3682
f 3687/3687/3687 3686/3686/3686 3685/3685/3685
f 3690/3690/3690 3689/3689/3689 3688/3688/3688
f 3693/3693/3693 3692/3692/3692 3691/3691/3691
f 3696/3696/3696 3695/3695/3695 3694/3694/3694
f 3699/3699/3699 3698/3698/3698 3697/3697/3697
f 3702/3702/3702 3701/3701/3701 3700/3700/3700
f 3705/3705/3705 3704/3704/3704 3703/3703/3703
f 3708/3708/3708 3707/3707/3707 3706/3706/3706
f 3711/3711/3711 3710/3710/3710 3709/3709/3709
f 3714/3714/3714 3713/3713/3713 3712/3712/3712
f 3717/3717/3717 3716/3716/3716 3715/3715/3715
f 3720/3720/3720 3719/3719/3719 3718/3718/3718
f 3723/3723/3723 3722/3722/3722 3721/3721/3721
f 3726/3726/3726 3725/3725/3725 3724/3724/3724
f 3729/3729/3729 3728/3728/3728 3727/3727/3727
f 3732/3732/3732 3731/3731/3731 3730/3730/3730
f 3735/3735/3735 3734/3734/3734 3733/3733/3733
f 3738/3738/3738 3737/3737/3737 3736/3736/3736
f 3741/3741/3741 3740/3740/3740 3739/3739/3739
f 3744/3744/3744 3743/3743/3743 3742/3742/3742
f 3747/3747/3747 3746/3746/3746 3745/3745/3745
f 3750/3750/3750 3749/3749/3749 3748/3748/3748
f 3753/3753/3753 3752/3752/3752 3751/3751/3751
f 3756/3756/3756 3755/3755/3755 3754/3754/3754
f 3759/3759/3759 3758/3758/3758 3757/3757/3757
f 3762/3762/3762 3761/3761/3761 3760/3760/3760
f 3765/3765/3765 3764/3764/3764 3763/3763/3763
f 3768/3768/3768 3767/3767/3767 3766/3766/3766
f 3771/3771/3771 3770/3770/3770 3769/3769/3769
f 3774/3774/3774 3773/3773/3773 3772/3772/3772
f 3777/3777/3777 3776/3776/3776 3775/3775/3775
f 3780/3780/3780 3779/3779/3779 3778/3778/3778
f 3783/3783/3783 3782/3782/3782 3781/3781/3781
f 3786/3786/3786 3785/3785/3785 3784/3784/3784
f 3789/3789/3789 3788/3788/3788 3787/3787/3787
f 3792/3792/3792 3791/3791/3791 3790/3790/3790
f 3795/3795/3795 3794/3794/3794 3793/3793/3793
f 3798/3798/3798 3797/3797/3797 3796/3796/3796
f 3801/3801/3801 3800/3800/3800 3799/3799/3799
f 3804/3804/3804 3803/3803/3803 3802/3802/3802
f 3807/3807/3807 3806/3806/3806 3805/3805/3805
f 3810/3810/3810 3809/3809/3809 3808/3808/3808
f 3813/3813/3813 3812/3812/3812 3811/3811/3811
f 3816/3816/3816 3815/3815/3815 3814/3814/3814
f 3819/3819/3819 3818/3818/3818 3817/3817/3817
f 3822/3822/3822 3821/3821/3821 3820/3820/3820
f 3825/3825/3825 3824/3824/3824 3823/3823/3823
f 3828/3828/3828 3827/3827/3827 3826/3826/3826
f 3831/3831/3831 3830/3830/3830 3829/3829/3829
f 3834/3834/3834 3833/3833/3833 3832/3832/3832
f 3837/3837/3837 3836/3836/3836 3835/3835/3835
f 3840/3840/3840 3839/3839/3839 3838/3838/3838
f 3843/3843/3843 3842/3842/3842 3841/3841/3841
f 3846/3846/3846 3845/3845/3845 3844/3844/3844
f 3849/3849/3849 3848/3848/3848 3847/3847/3847
f 3852/3852/3852 3851/3851/3851 3850/3850/3850
f 3855/3855/3855 3854/3854/3854 3853/3853/3853
f 3858/3858/3858 3857/3857/3857 3856/3856/3856
f 3861/3861/3861 3860/3860/3860 3859/3859/3859
f 3864/3864/3864 3863/3863/3863 3862/3862/3862
f 3867/3867/3867 3866/3866/3866 3865/3865/3865
f 3870/3870/3870 3869/3869/3869 3868/3868/3868
f 3873/3873/3873 3872/3872/3872 3871/3871/3871
f 3876/3876/3876 3875/3875/3875 3874/3874/3874
f 3879/3879/3879 3878/3878/3878 3877/3877/3877
f 3882/3882/3882 3881/3881/3881 3880/3880/3880
f 3885/3885/3885 3884/3884/3884 3883/3883/3883
f 3888/3888/3888 3887/3887/3887 3886/3886/3886
f 3891/3891/3891 3890/3890/3890 3889/3889/3889
f 3894/3894/3894 3893/3893/3893 3892/3892/3892
f 3897/3897/3897 3896/3896/3896 3895/3895/3895
f 3900/3900/3900 3899/3899/3899 3898/3898/3898
f 3903/3903/3903 3902/3902/3902 3901/3901/3901
f 3906/3906/3906 3905/3905/3905 3904/3904/3904
f 3909/3909/3909 3908/3908/3908 3907/3907/3907
f 3912/3912/3912 3911/3911/3911 3910/3910/3910
f 3915/3915/3915 3914/3914/3914 3913/3913/3913
f 3918/3918/3918 3917/3917/3917 3916/3916/3916
f 3921/3921/3921 3920/3920/3920 3919/3919/3919
f 3924/3924/3924 3923/3923/3923 3922/3922/3922
f 3927/3927/3927 3926/3926/3926 3925/3925/3925
f 3930/3930/3930 3929/3929/3929 3928/3928/3928
f 3933/3933/3933 3932/3932/3932 3931/3931/3931
f 3936/3936/3936 3935/3935/3935 3934/3934/3934
f 3939/3939/3939 3938/3938/3938 3937/3937/3937
f 3942/3942/3942 3941/3941/3941 3940/3940/3940
f 3945/3945/3945 3944/3944/3944 3943/3943/3943
f 3948/3948/3948 3947/3947/3947 3946/3946/3946
f 3951/3951/3951 3950/3950/3950 3949/3949/3949
f 3954/3954/3954 3953/3953/3953 3952/3952/3952
f 3957/3957/3957 3956/3956/3956 3955/3955/3955
f 3960/3960/3960 3959/3959/3959 3958/3958/3958
f 3963/3963/3963 3962/3962/3962 3961/3961/3961
f 3966/3966/3966 3965/3965/3965 3964/3964/3964
f 3969/3969/3969 3968/3968/3968 3967/3967/3967
f 3972/3972/3972 3971/3971/3971 3970/3970/3970
f 3975/3975/3975 3974/3974/3974 3973/3973/3973
f 3978/3978/3978 3977/3977/3977 3976/3976/3976
f 3981/3981/3981 3980/3980/3980 3979/3979/3979
f 3984/3984/3984 3983/3983/3983 3982/3982/3982
f 3987/3987/3987 3986/3986/3986 3985/3985/3985
f 3990/3990/3990 3989/3989/3989 3988/3988/3988
f 3993/3993/3993 3992/3992/3992 3991/3991/3991
f 3996/3996/3996 3995/3995/3995 3994/3994/3994
f 3999/3999/3999 3998/3998/3998 3997/3997/3997
f 4002/4002/4002 4001/4001/4001 4000/4000/4000
f 4005/4005/4005 4004/4004/4004 4003/4003/4003
f 4008/4008/4008 4007/4007/4007 4006/4006/4006
f 4011/4011/4011 4010/4010/4010 4009/4009/4009
f 4014/4014/4014 4013/4013/4013 4012/4012/4012
f 4017/4017/4017 4016/4016/4016 4015/4015/4015
f 4020/4020/4020 4019/4019/4019 4018/4018/4018
f 4023/4023/4023 4022/4022/4022 4021/4021/4021
f 4026/4026/4026 4025/4025/4025 4024/4024/4024
f 4029/4029/4029 4028/4028/4028 4027/4027/4027
f 4032/4032/4032 4031/4031/4031 4030/4030/4030
f 4035/4035/4035 4034/4034/4034 4033/4033/4033
f 4038/4038/4038 4037/4037/4037 4036/4036/4036
f 4041/4041/4041 4040/4040/4040 4039/4039/4039
f 4044/4044/4044 4043/4043/4043 4042/4042/4042
f 4047/4047/4047 4046/4046/4046 4045/4045/4045
f 4050/4050/4050 4049/4049/4049 4048/4048/4048
f 4053/4053/4053 4052/4052/4052 4051/4051/4051
f 4056/4056/4056 4055/4055/4055 4054/4054/4054
f 4059/4059/4059 4058/4058/4058 4057/4057/4057
f 4062/4062/4062 4061/4061/4061 4060/4060/4060
f 4065/4065/4065 4064/4064/4064 4063/4063/4063
f 4068/4068/4068 4067/4067/4067 4066/4066/4066
f 4071/4071/4071 4070/4070/4070 4069/4069/4069
f 4074/4074/4074 4073/4073/4073 4072/4072/4072
f 4077/4077/4077 4076/4076/4076 4075/4075/4075
f 4080/4080/4080 4079/4079/4079 4078/4078/4078
f 4083/4083/4083 4082/4082/4082 4081/4081/4081
f 4086/4086/4086 4085/4085/4085 4084/4084/4084
f 4089/4089/4089 4088/4088/4088 4087/4087/4087
f 4092/4092/4092 4091/4091/4091 4090/4090/4090
f 4095/4095/4095 4094/4094/4094 4093/4093/4093
f 4098/4098/4098 4097/4097/4097 4096/4096/4096
f 4101/4101/4101 4100/4100/4100 4099/4099/4099
f 4104/4104/4104 4103/4103/4103 4102/4102/4102
f 4107/4107/4107 4106/4106/4106 4105/4105/4105
f 4110/4110/4110 4109/4109/4109 4108/4108/4108
f 4113/4113/4113 4112/4112/4112 4111/4111/4111
f 4116/4116/4116 4115/4115/4115 4114/4114/4114
f 4119/4119/4119 4118/4118/4118 4117/4117/4117
f 4122/4122/4122 4121/4121/4121 4120/4120/4120
f 4125/4125/4125 4124/4124/4124 4123/4123/4123
f 4128/4128/4128 4127/4127/4127 4126/4126/4126
f 4131/4131/4131 4130/4130/4130 4129/4129/4129
f 4134/4134/4134 4133/4133/4133 4132/4132/4132
f 4137/4137/4137 4136/4136/4136 4135/4135/4135
f 4140/4140/4140 4139/4139/4139 4138/4138/4138
f 4143/4143/4143 4142/4142/4142 4141/4141/4141
f 4146/4146/4146 4145/4145/4145 4144/4144/4144
f 4149/4149/4149 4148/4148/4148 4147/4147/4147
f 4152/4152/4152 4151/4151/4151 4150/4150/4150
f 4155/4155/4155 4154/4154/4154 4153/4153/4153
f 4158/4158/4158 4157/4157/4157 4156/4156/4156
f 4161/4161/4161 4160/4160/4160 4159/4159/4159
f 4164/4164/4164 4163/4163/4163 4162/4162/4162
f 4167/4167/4167 4166/4166/4166 4165/4165/4165
f 4170/4170/4170 4169/4169/4169 4168/4168/4168
f 4173/4173/4173 4172/4172/4172 4171/4171/4171
f 4176/4176/4176 4175/4175/4175 4174/4174/4174
f 4179/4179/4179 4178/4178/4178 4177/4177/4177
f 4182/4182/4182 4181/4181/4181 4180/4180/4180
f 4185/4185/4185 4184/4184/4184 4183/4183/4183
f 4188/4188/4188 4187/4187/4187 4186/4186/4186
f 4191/4191/4191 4190/4190/4190 4189/4189/4189
f 4194/4194/4194 4193/4193/4193 4192/4192/4192
f 4197/4197/4197 4196/4196/4196 4195/4195/4195
f 4200/4200/4200 4199/4199/4199 4198/4198/4198
f 4203/4203/4203 4202/4202/4202 4201/4201/4201
f 4206/4206/4206 4205/4205/4205 4204/4204/4204
f 4209/4209/4209 4208/4208/4208 4207/4207/4207
f 4212/4212/4212 4211/4211/4211 4210/4210/4210
f 4215/4215/4215 4214/4214/4214 4213/4213/4213
f 4218/4218/4218 4217/4217/4217 4216/4216/4216
f 4221/4221/4221 4220/4220/4220 4219/4219/4219
f 4224/4224/4224 4223/4223/4223 4222/4222/4222
f 4227/4227/4227 4226/4226/4226 4225/4225/4225
f 4230/4230/4230 4229/4229/4229 4228/4228/4228
f 4233/4233/4233 4232/4232/4232 4231/4231/4231
f 4236/4236/4236 4235/4235/4235 4234/4234/4234
f 4239/4239/4239 4238/4238/4238 4237/4237/4237
f 4242/4242/4242 4241/4241/4241 4240/4240/4240
f 4245/4245/4245 4244/4244/4244 4243/4243/4243
f 4248/4248/4248 4247/4247/4247 4246/4246/4246
f 4251/4251/4251 4250/4250/4250 4249/4249/4249
f 4254/4254/4254 4253/4253/4253 4252/4252/4252
f 4257/4257/4257 4256/4256/4256 4255/4255/4255
f 4260/4260/4260 4259/4259/4259 4258/4258/4258
f 4263/4263/4263 4262/4262/4262 4261/4261/4261
f 4266/4266/4266 4265/4265/4265 4264/4264/4264
f 4269/4269/4269 4268/4268/4268 4267/4267/4267
f 4272/4272/4272 4271/4271/4271 4270/4270/4270
f 4275/4275/4275 4274/4274/4274 4273/4273/4273
f 4278/4278/4278 4277/4277/4277 4276/4276/4276
f 4281/4281/4281 4280/4280/4280 4279/4279/4279
f 4284/4284/4284 4283/4283/4283 4282/4282/4282
f 4287/4287/4287 4286/4286/4286 4285/4285/4285
f 4290/4290/4290 4289/4289/4289 4288/4288/4288
f 4293/4293/4293 4292/4292/4292 4291/4291/4291
f 4296/4296/4296 4295/4295/4295 4294/4294/4294
f 4299/4299/4299 4298/4298/4298 4297/4297/4297
f 4302/4302/4302 4301/4301/4301 4300/4300/4300
f 4305/4305/4305 4304/4304/4304 4303/4303/4303
f 4308/4308/4308 4307/4307/4307 4306/4306/4306
f 4311/4311/4311 4310/4310/4310 4309/4309/4309
f 4314/4314/4314 4313/4313/4313 4312/4312/4312
f 4317/4317/4317 4316/4316/4316 4315/4315/4315
f 4320/4320/4320 4319/4319/4319 4318/4318/4318
f 4323/4323/4323 4322/4322/4322 4321/4321/4321
f 4326/4326/4326 4325/4325/4325 4324/4324/4324
f 4329/4329/4329 4328/4328/4328 4327/4327/4327
f 4332/4332/4332 4331/4331/4331 4330/4330/4330
f 4335/4335/4335 4334/4334/4334 4333/4333/4333
f 4338/4338/4338 4337/4337/4337 4336/4336/4336
f 4341/4341/4341 4340/4340/4340 4339/4339/4339
f 4344/4344/4344 4343/4343/4343 4342/4342/4342
f 4347/4347/4347 4346/4346/4346 4345/4345/4345
f 4350/4350/4350 4349/4349/4349 4348/4348/4348
f 4353/4353/4353 4352/4352/4352 4351/4351/4351
f 4356/4356/4356 4355/4355/4355 4354/4354/4354
f 4359/4359/4359 4358/4358/4358 4357/4357/4357
f 4362/4362/4362 4361/4361/4361 4360/4360/4360
f 4365/4365/4365 4364/4364/4364 4363/4363/4363
f 4368/4368/4368 4367/4367/4367 4366/4366/4366
f 4371/4371/4371 4370/4370/4370 4369/4369/4369
f 4374/4374/4374 4373/4373/4373 4372/4372/4372
f 4377/4377/4377 4376/4376/4376 4375/4375/4375
f 4380/4380/4380 4379/4379/4379 4378/4378/4378
f 4383/4383/4383 4382/4382/4382 4381/4381/4381
f 4386/4386/4386 4385/4385/4385 4384/4384/4384
f 4389/4389/4389 4388/4388/4388 4387/4387/4387
f 4392/4392/4392 4391/4391/4391 4390/4390/4390
f 4395/4395/4395 4394/4394/4394 4393/4393/4393
f 4398/4398/4398 4397/4397/4397 4396/4396/4396
f 4401/4401/4401 4400/4400/4400 4399/4399/4399
f 4404/4404/4404 4403/4403/4403 4402/4402/4402
f 4407/4407/4407 4406/4406/4406 4405/4405/4405
f 4410/4410/4410 4409/4409/4409 4408/4408/4408
f 4413/4413/4413 4412/4412/4412 4411/4411/4411
f 4416/4416/4416 4415/4415/4415 4414/4414/4414
f 4419/4419/4419 4418/4418/4418 4417/4417/4417
f 4422/4422/4422 4421/4421/4421 4420/4420/4420
f 4425/4425/4425 4424/4424/4424 4423/4423/4423
f 4428/4428/4428 4427/4427/4427 4426/4426/4426
f 4431/4431/4431 4430/4430/4430 4429/4429/4429
f 4434/4434/4434 4433/4433/4433 4432/4432/4432
f 4437/4437/4437 4436/4436/4436 4435/4435/4435
f 4440/4440/4440 4439/4439/4439 4438/4438/4438
f 4443/4443/4443 4442/4442/4442 4441/4441/4441
f 4446/4446/4446 4445/4445/4445 4444/4444/4444
f 4449/4449/4449 4448/4448/4448 4447/4447/4447
f 4452/4452/4452 4451/4451/4451 4450/4450/4450
f 4455/4455/4455 4454/4454/4454 4453/4453/4453
f 4458/4458/4458 4457/4457/4457 4456/4456/4456
f 4461/4461/4461 4460/4460/4460 4459/4459/4459
f 4464/4464/4464 4463/4463/4463 4462/4462/4462
f 4467/4467/4467 4466/4466/4466 4465/4465/4465
f 4470/4470/4470 4469/4469/4469 4468/4468/4468
f 4473/4473/4473 4472/4472/4472 4471/4471/4471
f 4476/4476/4476 4475/4475/4475 4474/4474/4474
f 4479/4479/4479 4478/4478/4478 4477/4477/4477
f 4482/4482/4482 4481/4481/4481 4480/4480/4480
f 4485/4485/4485 4484/4484/4484 4483/4483/4483
f 4488/4488/4488 4487/4487/4487 4486/4486/4486
f 4491/4491/4491 4490/4490/4490 4489/4489/4489
f 4494/4494/4494 4493/4493/4493 4492/4492/4492
f 4497/4497/4497 4496/4496/4496 4495/4495/4495
f 4500/4500/4500 4499/4499/4499 4498/4498/4498
f 4503/4503/4503 4502/4502/4502 4501/4501/4501
f 4506/4506/4506 4505/4505/4505 4504/4504/4504
f 4509/4509/4509 4508/4508/4508 4507/4507/4507
f 4512/4512/4512 4511/4511/4511 4510/4510/4510
f 4515/4515/4515 4514/4514/4514 4513/4513/4513
f 4518/4518/4518 4517/4517/4517 4516/4516/4516
f 4521/4521/4521 4520/4520/4520 4519/4519/4519
f 4524/4524/4524 4523/4523/4523 4522/4522/4522
f 4527/4527/4527 4526/4526/4526 4525/4525/4525
f 4530/4530/4530 4529/4529/4529 4528/4528/4528
f 4533/4533/4533 4532/4532/4532 4531/4531/4531
f 4536/4536/4536 4535/4535/4535 4534/4534/4534
f 4539/4539/4539 4538/4538/4538 4537/4537/4537
f 4542/4542/4542 4541/4541/4541 4540/4540/4540
f 4545/4545/4545 4544/4544/4544 4543/4543/4543
f 4548/4548/4548 4547/4547/4547 4546/4546/4546
f 4551/4551/4551 4550/4550/4550 4549/4549/4549
f 4554/4554/4554 4553/4553/4553 4552/4552/4552
f 4557/4557/4557 4556/4556/4556 4555/4555/4555
f 4560/4560/4560 4559/4559/4559 4558/4558/4558
f 4563/4563/4563 4562/4562/4562 4561/4561/4561
f 4566/4566/4566 4565/4565/4565 4564/4564/4564
f 4569/4569/4569 4568/4568/4568 4567/4567/4567
f 4572/4572/4572 4571/4571/4571 4570/4570/4570
f 4575/4575/4575 4574/4574/4574 4573/4573/4573
f 4578/4578/4578 4577/4577/4577 4576/4576/4576
f 4581/4581/4581 4580/4580/4580 4579/4579/4579
f 4584/4584/4584 4583/4583/4583 4582/4582/4582
f 4587/4587/4587 4586/4586/4586 4585/4585/4585
f 4590/4590/4590 4589/4589/4589 4588/4588/4588
f 4593/4593/4593 4592/4592/4592 4591/4591/4591
f 4596/4596/4596 4595/4595/4595 4594/4594/4594
f 4599/4599/4599 4598/4598/4598 4597/4597/4597
f 4602/4602/4602 4601/4601/4601 4600/4600/4600
f 4605/4605/4605 4604/4604/4604 4603/4603/4603
f 4608/4608/4608 4607/4607/4607 4606/4606/4606
f 4611/4611/4611 4610/4610/4610 4609/4609/4609
f 4614/4614/4614 4613/4613/4613 4612/4612/4612
f 4617/4617/4617 4616/4616/4616 4615/4615/4615
f 4620/4620/4620 4619/4619/4619 4618/4618/4618
f 4623/4623/4623 4622/4622/4622 4621/4621/4621
f 4626/4626/4626 4625/4625/4625 4624/4624/4624
f 4629/4629/4629 4628/4628/4628 4627/4627/4627
f 4632/4632/4632 4631/4631/4631 4630/4630/4630
f 4635/4635/4635 4634/4634/4634 4633/4633/4633
f 4638/4638/4638 4637/4637/4637 4636/4636/4636
f 4641/4641/4641 4640/4640/4640 4639/4639/4639
f 4644/4644/4644 4643/4643/4643 4642/4642/4642
f 4647/4647/4647 4646/4646/4646 4645/4645/4645
f 4650/4650/4650 4649/4649/4649 4648/4648/4648
f 4653/4653/4653 4652/4652/4652 4651/4651/4651
f 4656/4656/4656 4655/4655/4655 4654/4654/4654
f 4659/4659/4659 4658/4658/4658 4657/4657/4657
f 4662/4662/4662 4661/4661/4661 4660/4660/4660
f 4665/4665/4665 4664/4664/4664 4663/4663/4663
f 4668/4668/4668 4667/4667/4667 4666/4666/4666
f 4671/4671/4671 4670/4670/4670 4669/4669/4669
f 4674/4674/4674 4673/4673/4673 4672/4672/4672
f 4677/4677/4677 4676/4676/4676 4675/4675/4675
f 4680/4680/4680 4679/4679/4679 4678/4678/4678
f 4683/4683/4683 4682/4682/4682 4681/4681/4681
f 4686/4686/4686 4685/4685/4685 4684/4684/4684
f 4689/4689/4689 4688/4688/4688 4687/4687/4687
f 4692/4692/4692 4691/4691/4691 4690/4690/4690
f 4695/4695/4695 4694/4694/4694 4693/4693/4693
f 4698/4698/4698 4697/4697/4697 4696/4696/4696
f 4701/4701/4701 4700/4700/4700 4699/4699/4699
f 4704/4704/4704 4703/4703/4703 4702/4702/4702
f 4707/4707/4707 4706/4706/4706 4705/4705/4705
f 4710/4710/4710 4709/4709/4709 4708/4708/4708
f 4713/4713/4713 4712/4712/4712 4711/4711/4711
f 4716/4716/4716 4715/4715/4715 4714/4714/4714
f 4719/4719/4719 4718/4718/4718 4717/4717/4717
f 4722/4722/4722 4721/4721/4721 4720/4720/4720
f 4725/4725/4725 4724/4724/4724 4723/4723/4723
f 4728/4728/4728 4727/4727/4727 4726/4726/4726
f 4731/4731/4731 4730/4730/4730 4729/4729/4729
f 4734/4734/4734 4733/4733/4733 4732/4732/4732
f 4737/4737/4737 4736/4736/4736 4735/4735/4735
f 4740/4740/4740 4739/4739/4739 4738/4738/4738
f 4743/4743/4743 4742/4742/4742 4741/4741/4741
f 4746/4746/4746 4745/4745/4745 4744/4744/4744
f 4749/4749/4749 4748/4748/4748 4747/4747/4747
f 4752/4752/4752 4751/4751/4751 4750/4750/4750
f 4755/4755/4755 4754/4754/4754 4753/4753/4753
f 4758/4758/4758 4757/4757/4757 4756/4756/4756
f 4761/4761/4761 4760/4760/4760 4759/4759/4759
f 4764/4764/4764 4763/4763/4763 4762/4762/4762
f 4767/4767/4767 4766/4766/4766 4765/4765/4765
f 4770/4770/4770 4769/4769/4769 4768/4768/4768
f 4773/4773/4773 4772/4772/4772 4771/4771/4771
f 4776/4776/4776 4775/4775/4775 4774/4774/4774
f 4779/4779/4779 4778/4778/4778 4777/4777/4777
f 4782/4782/4782 4781/4781/4781 4780/4780/4780
f 4785/4785/4785 4784/4784/4784 4783/4783/4783
f 4788/4788/4788 4787/4787/4787 4786/4786/4786
f 4791/4791/4791 4790/4790/4790 4789/4789/4789
f 4794/4794/4794 4793/4793/4793 4792/4792/4792
f 4797/4797/4797 4796/4796/4796 4795/4795/4795
f 4800/4800/4800 4799/4799/4799 4798/4798/4798
f 4803/4803/4803 4802/4802/4802 4801/4801/4801
f 4806/4806/4806 4805/4805/4805 4804/4804/4804
f 4809/4809/4809 4808/4808/4808 4807/4807/4807
f 4812/4812/4812 4811/4811/4811 4810/4810/4810
f 4815/4815/4815 4814/4814/4814 4813/4813/4813
f 4818/4818/4818 4817/4817/4817 4816/4816/4816
f 4821/4821/4821 4820/4820/4820 4819/4819/4819
f 4824/4824/4824 4823/4823/4823 4822/4822/4822
f 4827/4827/4827 4826/4826/4826 4825/4825/4825
f 4830/4830/4830 4829/4829/4829 4828/4828/4828
f 4833/4833/4833 4832/4832/4832 4831/4831/4831
f 4836/4836/4836 4835/4835/4835 4834/4834/4834
f 4839/4839/4839 4838/4838/4838 4837/4837/4837
f 4842/4842/4842 4841/4841/4841 4840/4840/4840
f 4845/4845/4845 4844/4844/4844 4843/4843/4843
f 4848/4848/4848 4847/4847/4847 4846/4846/4846
f 4851/4851/4851 4850/4850/4850 4849/4849/4849
f 4854/4854/4854 4853/4853/4853 4852/4852/4852
f 4857/4857/4857 4856/4856/4856 4855/4855/4855
f 4860/4860/4860 4859/4859/4859 4858/4858/4858
f 4863/4863/4863 4862/4862/4862 4861/4861/4861
f 4866/4866/4866 4865/4865/4865 4864/4864/4864
f 4869/4869/4869 4868/4868/4868 4867/4867/4867
f 4872/4872/4872 4871/4871/4871 4870/4870/4870
f 4875/4875/4875 4874/4874/4874 4873/4873/4873
f 4878/4878/4878 4877/4877/4877 4876/4876/4876
f 4881/4881/4881 4880/4880/4880 4879/4879/4879
f 4884/4884/4884 4883/4883/4883 4882/4882/4882
f 4887/4887/4887 4886/4886/4886 4885/4885/4885
f 4890/4890/4890 4889/4889/4889 4888/4888/4888
f 4893/4893/4893 4892/4892/4892 4891/4891/4891
f 4896/4896/4896 4895/4895/4895 4894/4894/4894
f 4899/4899/4899 4898/4898/4898 4897/4897/4897
f 4902/4902/4902 4901/4901/4901 4900/4900/4900
f 4905/4905/4905 4904/4904/4904 4903/4903/4903
f 4908/4908/4908 4907/4907/4907 4906/4906/4906
f 4911/4911/4911 4910/4910/4910 4909/4909/4909
f 4914/4914/4914 4913/4913/4913 4912/4912/4912
f 4917/4917/4917 4916/4916/4916 4915/4915/4915
f 4920/4920/4920 4919/4919/4919 4918/4918/4918
f 4923/4923/4923 4922/4922/4922 4921/4921/4921
f 4926/4926/4926 4925/4925/4925 4924/4924/4924
f 4929/4929/4929 4928/4928/4928 4927/4927/4927
f 4932/4932/4932 4931/4931/4931 4930/4930/4930
f 4935/4935/4935 4934/4934/4934 4933/4933/4933
f 4938/4938/4938 4937/4937/4937 4936/4936/4936
f 4941/4941/4941 4940/4940/4940 4939/4939/4939
f 4944/4944/4944 4943/4943/4943 4942/4942/4942
f 4947/4947/4947 4946/4946/4946 4945/4945/4945
f 4950/4950/4950 4949/4949/4949 4948/4948/4948
f 4953/4953/4953 4952/4952/4952 4951/4951/4951
f 4956/4956/4956 4955/4955/4955 4954/4954/4954
f 4959/4959/4959 4958/4958/4958 4957/4957/4957
f 4962/4962/4962 4961/4961/4961 4960/4960/4960
f 4965/4965/4965 4964/4964/4964 4963/4963/4963
f 4968/4968/4968 4967/4967/4967 4966/4966/4966
f 4971/4971/4971 4970/4970/4970 4969/4969/4969
f 4974/4974/4974 4973/4973/4973 4972/4972/4972
f 4977/4977/4977 4976/4976/4976 4975/4975/4975
f 4980/4980/4980 4979/4979/4979 4978/4978/4978
f 4983/4983/4983 4982/4982/4982 4981/4981/4981
f 4986/4986/4986 4985/4985/4985 4984/4984/4984
f 4989/4989/4989 4988/4988/4988 4987/4987/4987
f 4992/4992/4992 4991/4991/4991 4990/4990/4990
f 4995/4995/4995 4994/4994/4994 4993/4993/4993
f 4998/4998/4998 4997/4997/4997 4996/4996/4996
f 5001/5001/5001 5000/5000/5000 4999/4999/4999
f 5004/5004/5004 5003/5003/5003 5002/5002/5002
f 5007/5007/5007 5006/5006/5006 5005/5005/5005
f 5010/5010/5010 5009/5009/5009 5008/5008/5008
f 5013/5013/5013 5012/5012/5012 5011/5011/5011
f 5016/5016/5016 5015/5015/5015 5014/5014/5014
f 5019/5019/5019 5018/5018/5018 5017/5017/5017
f 5022/5022/5022 5021/5021/5021 5020/5020/5020
f 5025/5025/5025 5024/5024/5024 5023/5023/5023
f 5028/5028/5028 5027/5027/5027 5026/5026/5026
f 5031/5031/5031 5030/5030/5030 5029/5029/5029
f 5034/5034/5034 5033/5033/5033 5032/5032/5032
f 5037/5037/5037 5036/5036/5036 5035/5035/5035
f 5040/5040/5040 5039/5039/5039 5038/5038/5038
f 5043/5043/5043 5042/5042/5042 5041/5041/5041
f 5046/5046/5046 5045/5045/5045 5044/5044/5044
f 5049/5049/5049 5048/5048/5048 5047/5047/5047
f 5052/5052/5052 5051/5051/5051 5050/5050/5050
f 5055/5055/5055 5054/5054/5054 5053/5053/5053
f 5058/5058/5058 5057/5057/5057 5056/5056/5056
f 5061/5061/5061 5060/5060/5060 5059/5059/5059
f 5064/5064/5064 5063/5063/5063 5062/5062/5062
f 5067/5067/5067 5066/5066/5066 5065/5065/5065
f 5070/5070/5070 5069/5069/5069 5068/5068/5068
f 5073/5073/5073 5072/5072/5072 5071/5071/5071
f 5076/5076/5076 5075/5075/5075 5074/5074/5074
f 5079/5079/5079 5078/5078/5078 5077/5077/5077
f 5082/5082/5082 5081/5081/5081 5080/5080/5080
f 5085/5085/5085 5084/5084/5084 5083/5083/5083
f 5088/5088/5088 5087/5087/5087 5086/5086/5086
f 5091/5091/5091 5090/5090/5090 5089/5089/5089
f 5094/5094/5094 5093/5093/5093 5092/5092/5092
f 5097/5097/5097 5096/5096/5096 5095/5095/5095
f 5100/5100/5100 5099/5099/5099 5098/5098/5098
f 5103/5103/5103 5102/5102/5102 5101/5101/5101
f 5106/5106/5106 5105/5105/5105 5104/5104/5104
f 5109/5109/5109 5108/5108/5108 5107/5107/5107
f 5112/5112/5112 5111/5111/5111 5110/5110/5110
f 5115/5115/5115 5114/5114/5114 5113/5113/5113
f 5118/5118/5118 5117/5117/5117 5116/5116/5116
f 5121/5121/5121 5120/5120/5120 5119/5119/5119
f 5124/5124/5124 5123/5123/5123 5122/5122/5122
f 5127/5127/5127 5126/5126/5126 5125/5125/5125
f 5130/5130/5130 5129/5129/5129 5128/5128/5128
f 5133/5133/5133 5132/5132/5132 5131/5131/5131
f 5136/5136/5136 5135/5135/5135 5134/5134/5134
f 5139/5139/5139 5138/5138/5138 5137/5137/5137
f 5142/5142/5142 5141/5141/5141 5140/5140/5140
f 5145/5145/5145 5144/5144/5144 5143/5143/5143
f 5148/5148/5148 5147/5147/5147 5146/5146/5146
f 5151/5151/5151 5150/5150/5150 5149/5149/5149
f 5154/5154/5154 5153/5153/5153 5152/5152/5152
f 5157/5157/5157 5156/5156/5156 5155/5155/5155
f 5160/5160/5160 5159/5159/5159 5158/5158/5158
f 5163/5163/5163 5162/5162/5162 5161/5161/5161
f 5166/5166/5166 5165/5165/5165 5164/5164/5164
f 5169/5169/5169 5168/5168/5168 5167/5167/5167
f 5172/5172/5172 5171/5171/5171 5170/5170/5170
f 5175/5175/5175 5174/5174/5174 5173/5173/5173
f 5178/5178/5178 5177/5177/5177 5176/5176/5176
f 5181/5181/5181 5180/5180/5180 5179/5179/5179
f 5184/5184/5184 5183/5183/5183 5182/5182/5182
f 5187/5187/5187 5186/5186/5186 5185/5185/5185
f 5190/5190/5190 5189/5189/5189 5188/5188/5188
f 5193/5193/5193 5192/5192/5192 5191/5191/5191
f 5196/5196/5196 5195/5195/5195 5194/5194/5194
f 5199/5199/5199 5198/5198/5198 5197/5197/5197
f 5202/5202/5202 5201/5201/5201 5200/5200/5200
f 5205/5205/5205 5204/5204/5204 5203/5203/5203
f 5208/5208/5208 5207/5207/5207 5206/5206/5206
f 5211/5211/5211 5210/5210/5210 5209/5209/5209
f 5214/5214/5214 5213/5213/5213 5212/5212/5212
f 5217/5217/5217 5216/5216/5216 5215/5215/5215
f 5220/5220/5220 5219/5219/5219 5218/5218/5218
f 5223/5223/5223 5222/5222/5222 5221/5221/5221
f 5226/5226/5226 5225/5225/5225 5224/5224/5224
f 5229/5229/5229 5228/5228/5228 5227/5227/5227
f 5232/5232/5232 5231/5231/5231 5230/5230/5230
f 5235/5235/5235 5234/5234/5234 5233/5233/5233
f 5238/5238/5238 5237/5237/5237 5236/5236/5236
f 5241/5241/5241 5240/5240/5240 5239/5239/5239
f 5244/5244/5244 5243/5243/5243 5242/5242/5242
f 5247/5247/5247 5246/5246/5246 5245/5245/5245
f 5250/5250/5250 5249/5249/5249 5248/5248/5248
f 5253/5253/5253 5252/5252/5252 5251/5251/5251
f 5256/5256/5256 5255/5255/5255 5254/5254/5254
f 5259/5259/5259 5258/5258/5258 5257/5257/5257
f 5262/5262/5262 5261/5261/5261 5260/5260/5260
f 5265/5265/5265 5264/5264/5264 5263/5263/5263
f 5268/5268/5268 5267/5267/5267 5266/5266/5266
f 5271/5271/5271 5270/5270/5270 5269/5269/5269
f 5274/5274/5274 5273/5273/5273 5272/5272/5272
f 5277/5277/5277 5276/5276/5276 5275/5275/5275
f 5280/5280/5280 5279/5279/5279 5278/5278/5278
f 5283/5283/5283 5282/5282/5282 5281/5281/5281
f 5286/5286/5286 5285/5285/5285 5284/5284/5284
f 5289/5289/5289 5288/5288/5288 5287/5287/5287
f 5292/5292/5292 5291/5291/5291 5290/5290/5290
f 5295/5295/5295 5294/5294/5294 5293/5293/5293
f 5298/5298/5298 5297/5297/5297 5296/5296/5296
f 5301/5301/5301 5300/5300/5300 5299/5299/5299
f 5304/5304/5304 5303/5303/5303 5302/5302/5302
f 5307/5307/5307 5306/5306/5306 5305/5305/5305
f 5310/5310/5310 5309/5309/5309 5308/5308/5308
f 5313/5313/5313 5312/5312/5312 5311/5311/5311
f 5316/5316/5316 5315/5315/5315 5314/5314/5314
f 5319/5319/5319 5318/5318/5318 5317/5317/5317
f 5322/5322/5322 5321/5321/5321 5320/5320/5320
f 5325/5325/5325 5324/5324/5324 5323/5323/5323
f 5328/5328/5328 5327/5327/5327 5326/5326/5326
f 5331/5331/5331 5330/5330/5330 5329/5329/5329
f 5334/5334/5334 5333/5333/5333 5332/5332/5332
f 5337/5337/5337 5336/5336/5336 5335/5335/5335
f 5340/5340/5340 5339/5339/5339 5338/5338/5338
f 5343/5343/5343 5342/5342/5342 5341/5341/5341
f 5346/5346/5346 5345/5345/5345 5344/5344/5344
f 5349/5349/5349 5348/5348/5348 5347/5347/5347
f 5352/5352/5352 5351/5351/5351 5350/5350/5350
f 5355/5355/5355 5354/5354/5354 5353/5353/5353
f 5358/5358/5358 5357/5357/5357 5356/5356/5356
f 5361/5361/5361 5360/5360/5360 5359/5359/5359
f 5364/5364/5364 5363/5363/5363 5362/5362/5362
f 5367/5367/5367 5366/5366/5366 5365/5365/5365
f 5370/5370/5370 5369/5369/5369 5368/5368/5368
f 5373/5373/5373 5372/5372/5372 5371/5371/5371
f 5376/5376/5376 5375/5375/5375 5374/5374/5374
f 5379/5379/5379 5378/5378/5378 5377/5377/5377
f 5382/5382/5382 5381/5381/5381 5380/5380/5380
f 5385/5385/5385 5384/5384/5384 5383/5383/5383
f 5388/5388/5388 5387/5387/5387 5386/5386/5386
f 5391/5391/5391 5390/5390/5390 5389/5389/5389
f 5394/5394/5394 5393/5393/5393 5392/5392/5392
f 5397/5397/5397 5396/5396/5396 5395/5395/5395
f 5400/5400/5400 5399/5399/5399 5398/5398/5398
f 5403/5403/5403 5402/5402/5402 5401/5401/5401
f 5406/5406/5406 5405/5405/5405 5404/5404/5404
f 5409/5409/5409 5408/5408/5408 5407/5407/5407
f 5412/5412/5412 5411/5411/5411 5410/5410/5410
f 5415/5415/5415 5414/5414/5414 5413/5413/5413
f 5418/5418/5418 5417/5417/5417 5416/5416/5416
f 5421/5421/5421 5420/5420/5420 5419/5419/5419
f 5424/5424/5424 5423/5423/5423 5422/5422/5422
f 5427/5427/5427 5426/5426/5426 5425/5425/5425
f 5430/5430/5430 5429/5429/5429 5428/5428/5428
f 5433/5433/5433 5432/5432/5432 5431/5431/5431
f 5436/5436/5436 5435/5435/5435 5434/5434/5434
f 5439/5439/5439 5438/5438/5438 5437/5437/5437
f 5442/5442/5442 5441/5441/5441 5440/5440/5440
f 5445/5445/5445 5444/5444/5444 5443/5443/5443
f 5448/5448/5448 5447/5447/5447 5446/5446/5446
f 5451/5451/5451 5450/5450/5450 5449/5449/5449
f 5454/5454/5454 5453/5453/5453 5452/5452/5452
f 5457/5457/5457 5456/5456/5456 5455/5455/5455
f 5460/5460/5460 5459/5459/5459 5458/5458/5458
f 5463/5463/5463 5462/5462/5462 5461/5461/5461
f 5466/5466/5466 5465/5465/5465 5464/5464/5464
f 5469/5469/5469 5468/5468/5468 5467/5467/5467
f 5472/5472/5472 5471/5471/5471 5470/5470/5470
f 5475/5475/5475 5474/5474/5474 5473/5473/5473
f 5478/5478/5478 5477/5477/5477 5476/5476/5476
f 5481/5481/5481 5480/5480/5480 5479/5479/5479
f 5484/5484/5484 5483/5483/5483 5482/5482/5482
f 5487/5487/5487 5486/5486/5486 5485/5485/5485
f 5490/5490/5490 5489/5489/5489 5488/5488/5488
f 5493/5493/5493 5492/5492/5492 5491/5491/5491
f 5496/5496/5496 5495/5495/5495 5494/5494/5494
f 5499/5499/5499 5498/5498/5498 5497/5497/5497
f 5502/5502/5502 5501/5501/5501 5500/5500/5500
f 5505/5505/5505 5504/5504/5504 5503/5503/5503
f 5508/5508/5508 5507/5507/5507 5506/5506/5506
f 5511/5511/5511 5510/5510/5510 5509/5509/5509
f 5514/5514/5514 5513/5513/5513 5512/5512/5512
f 5517/5517/5517 5516/5516/5516 5515/5515/5515
f 5520/5520/5520 5519/5519/5519 5518/5518/5518
f 5523/5523/5523 5522/5522/5522 5521/5521/5521
f 5526/5526/5526 5525/5525/5525 5524/5524/5524
f 5529/5529/5529 5528/5528/5528 5527/5527/5527
f 5532/5532/5532 5531/5531/5531 5530/5530/5530
f 5535/5535/5535 5534/5534/5534 5533/5533/5533
f 5538/5538/5538 5537/5537/5537 5536/5536/5536
f 5541/5541/5541 5540/5540/5540 5539/5539/5539
f 5544/5544/5544 5543/5543/5543 5542/5542/5542
f 5547/5547/5547 5546/5546/5546 5545/5545/5545
f 5550/5550/5550 5549/5549/5549 5548/5548/5548
f 5553/5553/5553 5552/5552/5552 5551/5551/5551
f 5556/5556/5556 5555/5555/5555 5554/5554/5554
f 5559/5559/5559 5558/5558/5558 5557/5557/5557
f 5562/5562/5562 5561/5561/5561 5560/5560/5560
f 5565/5565/5565 5564/5564/5564 5563/5563/5563
f 5568/5568/5568 5567/5567/5567 5566/5566/5566
f 5571/5571/5571 5570/5570/5570 5569/5569/5569
f 5574/5574/5574 5573/5573/5573 5572/5572/5572
f 5577/5577/5577 5576/5576/5576 5575/5575/5575
f 5580/5580/5580 5579/5579/5579 5578/5578/5578
f 5583/5583/5583 5582/5582/5582 5581/5581/5581
f 5586/5586/5586 5585/5585/5585 5584/5584/5584
f 5589/5589/5589 5588/5588/5588 5587/5587/5587
f 5592/5592/5592 5591/5591/5591 5590/5590/5590
f 5595/5595/5595 5594/5594/5594 5593/5593/5593
f 5598/5598/5598 5597/5597/5597 5596/5596/5596
f 5601/5601/5601 5600/5600/5600 5599/5599/5599
f 5604/5604/5604 5603/5603/5603 5602/5602/5602
f 5607/5607/5607 5606/5606/5606 5605/5605/5605
f 5610/5610/5610 5609/5609/5609 5608/5608/5608
f 5613/5613/5613 5612/5612/5612 5611/5611/5611
f 5616/5616/5616 5615/5615/5615 5614/5614/5614
f 5619/5619/5619 5618/5618/5618 5617/5617/5617
f 5622/5622/5622 5621/5621/5621 5620/5620/5620
f 5625/5625/5625 5624/5624/5624 5623/5623/5623
f 5628/5628/5628 5627/5627/5627 5626/5626/5626
f 5631/5631/5631 5630/5630/5630 5629/5629/5629
f 5634/5634/5634 5633/5633/5633 5632/5632/5632
f 5637/5637/5637 5636/5636/5636 5635/5635/5635
f 5640/5640/5640 5639/5639/5639 5638/5638/5638
f 5643/5643/5643 5642/5642/5642 5641/5641/5641
f 5646/5646/5646 5645/5645/5645 5644/5644/5644
f 5649/5649/5649 5648/5648/5648 5647/5647/5647
f 5652/5652/5652 5651/5651/5651 5650/5650/5650
f 5655/5655/5655 5654/5654/5654 5653/5653/5653
f 5658/5658/5658 5657/5657/5657 5656/5656/5656
f 5661/5661/5661 5660/5660/5660 5659/5659/5659
f 5664/5664/5664 5663/5663/5663 5662/5662/5662
f 5667/5667/5667 5666/5666/5666 5665/5665/5665
f 5670/5670/5670 5669/5669/5669 5668/5668/5668
f 5673/5673/5673 5672/5672/5672 5671/5671/5671
f 5676/5676/5676 5675/5675/5675 5674/5674/5674
f 5679/5679/5679 5678/5678/5678 5677/5677/5677
f 5682/5682/5682 5681/5681/5681 5680/5680/5680
f 5685/5685/5685 5684/5684/5684 5683/5683/5683
f 5688/5688/5688 5687/5687/5687 5686/5686/5686
f 5691/5691/5691 5690/5690/5690 5689/5689/5689
f 5694/5694/5694 5693/5693/5693 5692/5692/5692
f 5697/5697/5697 5696/5696/5696 5695/5695/5695
f 5700/5700/5700 5699/5699/5699 5698/5698/5698
f 5703/5703/5703 5702/5702/5702 5701/5701/5701
f 5706/5706/5706 5705/5705/5705 5704/5704/5704
f 5709/5709/5709 5708/5708/5708 5707/5707/5707
f 5712/5712/5712 5711/5711/5711 5710/5710/5710
f 5715/5715/5715 5714/5714/5714 5713/5713/5713
f 5718/5718/5718 5717/5717/5717 5716/5716/5716
f 5721/5721/5721 5720/5720/5720 5719/5719/5719
f 5724/5724/5724 5723/5723/5723 5722/5722/5722
f 5727/5727/5727 5726/5726/5726 5725/5725/5725
f 5730/5730/5730 5729/5729/5729 5728/5728/5728
f 5733/5733/5733 5732/5732/5732 5731/5731/5731
f 5736/5736/5736 5735/5735/5735 5734/5734/5734
f 5739/5739/5739 5738/5738/5738 5737/5737/5737
f 5742/5742/5742 5741/5741/5741 5740/5740/5740
f 5745/5745/5745 5744/5744/5744 5743/5743/5743
f 5748/5748/5748 5747/5747/5747 5746/5746/5746
f 5751/5751/5751 5750/5750/5750 5749/5749/5749
f 5754/5754/5754 5753/5753/5753 5752/5752/5752
f 5757/5757/5757 5756/5756/5756 5755/5755/5755
f 5760/5760/5760 5759/5759/5759 5758/5758/5758
f 5763/5763/5763 5762/5762/5762 5761/5761/5761
f 5766/5766/5766 5765/5765/5765 5764/5764/5764
f 5769/5769/5769 5768/5768/5768 5767/5767/5767
f 5772/5772/5772 5771/5771/5771 5770/5770/5770
f 5775/5775/5775 5774/5774/5774 5773/5773/5773
f 5778/5778/5778 5777/5777/5777 5776/5776/5776
f 5781/5781/5781 5780/5780/5780 5779/5779/5779
f 5784/5784/5784 5783/5783/5783 5782/5782/5782
f 5787/5787/5787 5786/5786/5786 5785/5785/5785
f 5790/5790/5790 5789/5789/5789 5788/5788/5788
f 5793/5793/5793 5792/5792/5792 5791/5791/5791
f 5796/5796/5796 5795/5795/5795 5794/5794/5794
f 5799/5799/5799 5798/5798/5798 5797/5797/5797
f 5802/5802/5802 5801/5801/5801 5800/5800/5800
f 5805/5805/5805 5804/5804/5804 5803/5803/5803
f 5808/5808/5808 5807/5807/5807 5806/5806/5806
f 5811/5811/5811 5810/5810/5810 5809/5809/5809
f 5814/5814/5814 5813/5813/5813 5812/5812/5812
f 5817/5817/5817 5816/5816/5816 5815/5815/5815
f 5820/5820/5820 5819/5819/5819 5818/5818/5818
f 5823/5823/5823 5822/5822/5822 5821/5821/5821
f 5826/5826/5826 5825/5825/5825 5824/5824/5824
f 5829/5829/5829 5828/5828/5828 5827/5827/5827
f 5832/5832/5832 5831/5831/5831 5830/5830/5830
f 5835/5835/5835 5834/5834/5834 5833/5833/5833
f 5838/5838/5838 5837/5837/5837 5836/5836/5836
f 5841/5841/5841 5840/5840/5840 5839/5839/5839
f 5844/5844/5844 5843/5843/5843 5842/5842/5842
f 5847/5847/5847 5846/5846/5846 5845/5845/5845
f 5850/5850/5850 5849/5849/5849 5848/5848/5848
f 5853/5853/5853 5852/5852/5852 5851/5851/5851
f 5856/5856/5856 5855/5855/5855 5854/5854/5854
f 5859/5859/5859 5858/5858/5858 5857/5857/5857
f 5862/5862/5862 5861/5861/5861 5860/5860/5860
f 5865/5865/5865 5864/5864/5864 5863/5863/5863
f 5868/5868/5868 5867/5867/5867 5866/5866/5866
f 5871/5871/5871 5870/5870/5870 5869/5869/5869
f 5874/5874/5874 5873/5873/5873 5872/5872/5872
f 5877/5877/5877 5876/5876/5876 5875/5875/5875
f 5880/5880/5880 5879/5879/5879 5878/5878/5878
f 5883/5883/5883 5882/5882/5882 5881/5881/5881
f 5886/5886/5886 5885/5885/5885 5884/5884/5884
f 5889/5889/5889 5888/5888/5888 5887/5887/5887
f 5892/5892/5892 5891/5891/5891 5890/5890/5890
f 5895/5895/5895 5894/5894/5894 5893/5893/5893
f 5898/5898/5898 5897/5897/5897 5896/5896/5896
f 5901/5901/5901 5900/5900/5900 5899/5899/5899
f 5904/5904/5904 5903/5903/5903 5902/5902/5902
f 5907/5907/5907 5906/5906/5906 5905/5905/5905
f 5910/5910/5910 5909/5909/5909 5908/5908/5908
f 5913/5913/5913 5912/5912/5912 5911/5911/5911
f 5916/5916/5916 5915/5915/5915 5914/5914/5914
f 5919/5919/5919 5918/5918/5918 5917/5917/5917
f 5922/5922/5922 5921/5921/5921 5920/5920/5920
f 5925/5925/5925 5924/5924/5924 5923/5923/5923
f 5928/5928/5928 5927/5927/5927 5926/5926/5926
f 5931/5931/5931 5930/5930/5930 5929/5929/5929
f 5934/5934/5934 5933/5933/5933 5932/5932/5932
f 5937/5937/5937 5936/5936/5936 5935/5935/5935
f 5940/5940/5940 5939/5939/5939 5938/5938/5938
f 5943/5943/5943 5942/5942/5942 5941/5941/5941
f 5946/5946/5946 5945/5945/5945 5944/5944/5944
f 5949/5949/5949 5948/5948/5948 5947/5947/5947
f 5952/5952/5952 5951/5951/5951 5950/5950/5950
f 5955/5955/5955 5954/5954/5954 5953/5953/5953
f 5958/5958/5958 5957/5957/5957 5956/5956/5956
f 5961/5961/5961 5960/5960/5960 5959/5959/5959
f 5964/5964/5964 5963/5963/5963 5962/5962/5962
f 5967/5967/5967 5966/5966/5966 5965/5965/5965
f 5970/5970/5970 5969/5969/5969 5968/5968/5968
f 5973/5973/5973 5972/5972/5972 5971/5971/5971
f 5976/5976/5976 5975/5975/5975 5974/5974/5974
f 5979/5979/5979 5978/5978/5978 5977/5977/5977
f 5982/5982/5982 5981/5981/5981 5980/5980/5980
f 5985/5985/5985 5984/5984/5984 5983/5983/5983
f 5988/5988/5988 5987/5987/5987 5986/5986/5986
f 5991/5991/5991 5990/5990/5990 5989/5989/5989
f 5994/5994/5994 5993/5993/5993 5992/5992/5992
f 5997/5997/5997 5996/5996/5996 5995/5995/5995
f 6000/6000/6000 5999/5999/5999 5998/5998/5998
f 6003/6003/6003 6002/6002/6002 6001/6001/6001
f 6006/6006/6006 6005/6005/6005 6004/6004/6004
f 6009/6009/6009 6008/6008/6008 6007/6007/6007
f 6012/6012/6012 6011/6011/6011 6010/6010/6010
f 6015/6015/6015 6014/6014/6014 6013/6013/6013
f 6018/6018/6018 6017/6017/6017 6016/6016/6016
f 6021/6021/6021 6020/6020/6020 6019/6019/6019
f 6024/6024/6024 6023/6023/6023 6022/6022/6022
f 6027/6027/6027 6026/6026/6026 6025/6025/6025
f 6030/6030/6030 6029/6029/6029 6028/6028/6028
f 6033/6033/6033 6032/6032/6032 6031/6031/6031
f 6036/6036/6036 6035/6035/6035 6034/6034/6034
f 6039/6039/6039 6038/6038/6038 6037/6037/6037
f 6042/6042/6042 6041/6041/6041 6040/6040/6040
f 6045/6045/6045 6044/6044/6044 6043/6043/6043
f 6048/6048/6048 6047/6047/6047 6046/6046/6046
f 6051/6051/6051 6050/6050/6050 6049/6049/6049
f 6054/6054/6054 6053/6053/6053 6052/6052/6052
f 6057/6057/6057 6056/6056/6056 6055/6055/6055
f 6060/6060/6060 6059/6059/6059 6058/6058/6058
f 6063/6063/6063 6062/6062/6062 6061/6061/6061
f 6066/6066/6066 6065/6065/6065 6064/6064/6064
f 6069/6069/6069 6068/6068/6068 6067/6067/6067
f 6072/6072/6072 6071/6071/6071 6070/6070/6070
f 6075/6075/6075 6074/6074/6074 6073/6073/6073
f 6078/6078/6078 6077/6077/6077 6076/6076/6076
f 6081/6081/6081 6080/6080/6080 6079/6079/6079
f 6084/6084/6084 6083/6083/6083 6082/6082/6082
f 6087/6087/6087 6086/6086/6086 6085/6085/6085
f 6090/6090/6090 6089/6089/6089 6088/6088/6088
f 6093/6093/6093 6092/6092/6092 6091/6091/6091
f 6096/6096/6096 6095/6095/6095 6094/6094/6094
f 6099/6099/6099 6098/6098/6098 6097/6097/6097
f 6102/6102/6102 6101/6101/6101 6100/6100/6100
f 6105/6105/6105 6104/6104/6104 6103/6103/6103
f 6108/6108/6108 6107/6107/6107 6106/6106/6106
f 6111/6111/6111 6110/6110/6110 6109/6109/6109
f 6114/6114/6114 6113/6113/6113 6112/6112/6112
f 6117/6117/6117 6116/6116/6116 6115/6115/6115
f 6120/6120/6120 6119/6119/6119 6118/6118/6118
f 6123/6123/6123 6122/6122/6122 6121/6121/6121
f 6126/6126/6126 6125/6125/6125 6124/6124/6124
f 6129/6129/6129 6128/6128/6128 6127/6127/6127
f 6132/6132/6132 6131/6131/6131 6130/6130/6130
f 6135/6135/6135 6134/6134/6134 6133/6133/6133
f 6138/6138/6138 6137/6137/6137 6136/6136/6136
f 6141/6141/6141 6140/6140/6140 6139/6139/6139
f 6144/6144/6144 6143/6143/6143 6142/6142/6142
f 6147/6147/6147 6146/6146/6146 6145/6145/6145
f 6150/6150/6150 6149/6149/6149 6148/6148/6148
f 6153/6153/6153 6152/6152/6152 6151/6151/6151
f 6156/6156/6156 6155/6155/6155 6154/6154/6154
f 6159/6159/6159 6158/6158/6158 6157/6157/6157
f 6162/6162/6162 6161/6161/6161 6160/6160/6160
f 6165/6165/6165 6164/6164/6164 6163/6163/6163
f 6168/6168/6168 6167/6167/6167 6166/6166/6166
f 6171/6171/6171 6170/6170/6170 6169/6169/6169
f 6174/6174/6174 6173/6173/6173 6172/6172/6172
f 6177/6177/6177 6176/6176/6176 6175/6175/6175
f 6180/6180/6180 6179/6179/6179 6178/6178/6178
f 6183/6183/6183 6182/6182/6182 6181/6181/6181
f 6186/6186/6186 6185/6185/6185 6184/6184/6184
f 6189/6189/6189 6188/6188/6188 6187/6187/6187
f 6192/6192/6192 6191/6191/6191 6190/6190/6190
f 6195/6195/6195 6194/6194/6194 6193/6193/6193
f 6198/6198/6198 6197/6197/6197 6196/6196/6196
f 6201/6201/6201 6200/6200/6200 6199/6199/6199
f 6204/6204/6204 6203/6203/6203 6202/6202/6202
f 6207/6207/6207 6206/6206/6206 6205/6205/6205
f 6210/6210/6210 6209/6209/6209 6208/6208/6208
f 6213/6213/6213 6212/6212/6212 6211/6211/6211
f 6216/6216/6216 6215/6215/6215 6214/6214/6214
f 6219/6219/6219 6218/6218/6218 6217/6217/6217
f 6222/6222/6222 6221/6221/6221 6220/6220/6220
f 6225/6225/6225 6224/6224/6224 6223/6223/6223
f 6228/6228/6228 6227/6227/6227 6226/6226/6226
f 6231/6231/6231 6230/6230/6230 6229/6229/6229
f 6234/6234/6234 6233/6233/6233 6232/6232/6232
f 6237/6237/6237 6236/6236/6236 6235/6235/6235
f 6240/6240/6240 6239/6239/6239 6238/6238/6238
f 6243/6243/6243 6242/6242/6242 6241/6241/6241
f 6246/6246/6246 6245/6245/6245 6244/6244/6244
f 6249/6249/6249 6248/6248/6248 6247/6247/6247
f 6252/6252/6252 6251/6251/6251 6250/6250/6250
f 6255/6255/6255 6254/6254/6254 6253/6253/6253
f 6258/6258/6258 6257/6257/6257 6256/6256/6256
f 6261/6261/6261 6260/6260/6260 6259/6259/6259
f 6264/6264/6264 6263/6263/6263 6262/6262/6262
f 6267/6267/6267 6266/6266/6266 6265/6265/6265
f 6270/6270/6270 6269/6269/6269 6268/6268/6268
f 6273/6273/6273 6272/6272/6272 6271/6271/6271
f 6276/6276/6276 6275/6275/6275 6274/6274/6274
f 6279/6279/6279 6278/6278/6278 6277/6277/6277
f 6282/6282/6282 6281/6281/6281 6280/6280/6280
f 6285/6285/6285 6284/6284/6284 6283/6283/6283
f 6288/6288/6288 6287/6287/6287 6286/6286/6286
f 6291/6291/6291 6290/6290/6290 6289/6289/6289
f 6294/6294/6294 6293/6293/6293 6292/6292/6292
f 6297/6297/6297 6296/6296/6296 6295/6295/6295
f 6300/6300/6300 6299/6299/6299 6298/6298/6298
f 6303/6303/6303 6302/6302/6302 6301/6301/6301
f 6306/6306/6306 6305/6305/6305 6304/6304/6304
f 6309/6309/6309 6308/6308/6308 6307/6307/6307
f 6312/6312/6312 6311/6311/6311 6310/6310/6310
f 6315/6315/6315 6314/6314/6314 6313/6313/6313
f 6318/6318/6318 6317/6317/6317 6316/6316/6316
f 6321/6321/6321 6320/6320/6320 6319/6319/6319
f 6324/6324/6324 6323/6323/6323 6322/6322/6322
f 6327/6327/6327 6326/6326/6326 6325/6325/6325
f 6330/6330/6330 6329/6329/6329 6328/6328/6328
f 6333/6333/6333 6332/6332/6332 6331/6331/6331
f 6336/6336/6336 6335/6335/6335 6334/6334/6334
f 6339/6339/6339 6338/6338/6338 6337/6337/6337
f 6342/6342/6342 6341/6341/6341 6340/6340/6340
f 6345/6345/6345 6344/6344/6344 6343/6343/6343
f 6348/6348/6348 6347/6347/6347 6346/6346/6346
f 6351/6351/6351 6350/6350/6350 6349/6349/6349
f 6354/6354/6354 6353/6353/6353 6352/6352/6352
f 6357/6357/6357 6356/6356/6356 6355/6355/6355
f 6360/6360/6360 6359/6359/6359 6358/6358/6358
f 6363/6363/6363 6362/6362/6362 6361/6361/6361
f 6366/6366/6366 6365/6365/6365 6364/6364/6364
f 6369/6369/6369 6368/6368/6368 6367/6367/6367
f 6372/6372/6372 6371/6371/6371 6370/6370/6370
f 6375/6375/6375 6374/6374/6374 6373/6373/6373
f 6378/6378/6378 6377/6377/6377 6376/6376/6376
f 6381/6381/6381 6380/6380/6380 6379/6379/6379
f 6384/6384/6384 6383/6383/6383 6382/6382/6382
f 6387/6387/6387 6386/6386/6386 6385/6385/6385
f 6390/6390/6390 6389/6389/6389 6388/6388/6388
f 6393/6393/6393 6392/6392/6392 6391/6391/6391
f 6396/6396/6396 6395/6395/6395 6394/6394/6394
f 6399/6399/6399 6398/6398/6398 6397/6397/6397
f 6402/6402/6402 6401/6401/6401 6400/6400/6400
f 6405/6405/6405 6404/6404/6404 6403/6403/6403
f 6408/6408/6408 6407/6407/6407 6406/6406/6406
f 6411/6411/6411 6410/6410/6410 6409/6409/6409
f 6414/6414/6414 6413/6413/6413 6412/6412/6412
f 6417/6417/6417 6416/6416/6416 6415/6415/6415
f 6420/6420/6420 6419/6419/6419 6418/6418/6418
f 6423/6423/6423 6422/6422/6422 6421/6421/6421
f 6426/6426/6426 6425/6425/6425 6424/6424/6424
f 6429/6429/6429 6428/6428/6428 6427/6427/6427
f 6432/6432/6432 6431/6431/6431 6430/6430/6430
f 6435/6435/6435 6434/6434/6434 6433/6433/6433
f 6438/6438/6438 6437/6437/6437 6436/6436/6436
f 6441/6441/6441 6440/6440/6440 6439/6439/6439
f 6444/6444/6444 6443/6443/6443 6442/6442/6442
f 6447/6447/6447 6446/6446/6446 6445/6445/6445
f 6450/6450/6450 6449/6449/6449 6448/6448/6448
f 6453/6453/6453 6452/6452/6452 6451/6451/6451
f 6456/6456/6456 6455/6455/6455 6454/6454/6454
f 6459/6459/6459 6458/6458/6458 6457/6457/6457
f 6462/6462/6462 6461/6461/6461 6460/6460/6460
f 6465/6465/6465 6464/6464/6464 6463/6463/6463
f 6468/6468/6468 6467/6467/6467 6466/6466/6466
f 6471/6471/6471 6470/6470/6470 6469/6469/6469
f 6474/6474/6474 6473/6473/6473 6472/6472/6472
f 6477/6477/6477 6476/6476/6476 6475/6475/6475
f 6480/6480/6480 6479/6479/6479 6478/6478/6478
f 6483/6483/6483 6482/6482/6482 6481/6481/6481
f 6486/6486/6486 6485/6485/6485 6484/6484/6484
f 6489/6489/6489 6488/6488/6488 6487/6487/6487
f 6492/6492/6492 6491/6491/6491 6490/6490/6490
f 6495/6495/6495 6494/6494/6494 6493/6493/6493
f 6498/6498/6498 6497/6497/6497 6496/6496/6496
f 6501/6501/6501 6500/6500/6500 6499/6499/6499
f 6504/6504/6504 6503/6503/6503 6502/6502/6502
f 6507/6507/6507 6506/6506/6506 6505/6505/6505
f 6510/6510/6510 6509/6509/6509 6508/6508/6508
f 6513/6513/6513 6512/6512/6512 6511/6511/6511
f 6516/6516/6516 6515/6515/6515 6514/6514/6514
f 6519/6519/6519 6518/6518/6518 6517/6517/6517
f 6522/6522/6522 6521/6521/6521 6520/6520/6520
f 6525/6525/6525 6524/6524/6524 6523/6523/6523
f 6528/6528/6528 6527/6527/6527 6526/6526/6526
f 6531/6531/6531 6530/6530/6530 6529/6529/6529
f 6534/6534/6534 6533/6533/6533 6532/6532/6532
f 6537/6537/6537 6536/6536/6536 6535/6535/6535
f 6540/6540/6540 6539/6539/6539 6538/6538/6538
f 6543/6543/6543 6542/6542/6542 6541/6541/6541
f 6546/6546/6546 6545/6545/6545 6544/6544/6544
f 6549/6549/6549 6548/6548/6548 6547/6547/6547
f 6552/6552/6552 6551/6551/6551 6550/6550/6550
f 6555/6555/6555 6554/6554/6554 6553/6553/6553
f 6558/6558/6558 6557/6557/6557 6556/6556/6556
f 6561/6561/6561 6560/6560/6560 6559/6559/6559
f 6564/6564/6564 6563/6563/6563 6562/6562/6562
f 6567/6567/6567 6566/6566/6566 6565/6565/6565
f 6570/6570/6570 6569/6569/6569 6568/6568/6568
f 6573/6573/6573 6572/6572/6572 6571/6571/6571
f 6576/6576/6576 6575/6575/6575 6574/6574/6574
f 6579/6579/6579 6578/6578/6578 6577/6577/6577
f 6582/6582/6582 6581/6581/6581 6580/6580/6580
f 6585/6585/6585 6584/6584/6584 6583/6583/6583
f 6588/6588/6588 6587/6587/6587 6586/6586/6586
f 6591/6591/6591 6590/6590/6590 6589/6589/6589
f 6594/6594/6594 6593/6593/6593 6592/6592/6592
f 6597/6597/6597 6596/6596/6596 6595/6595/6595
f 6600/6600/6600 6599/6599/6599 6598/6598/6598
f 6603/6603/6603 6602/6602/6602 6601/6601/6601
f 6606/6606/6606 6605/6605/6605 6604/6604/6604
f 6609/6609/6609 6608/6608/6608 6607/6607/6607
f 6612/6612/6612 6611/6611/6611 6610/6610/6610
f 6615/6615/6615 6614/6614/6614 6613/6613/6613
f 6618/6618/6618 6617/6617/6617 6616/6616/6616
f 6621/6621/6621 6620/6620/6620 6619/6619/6619
f 6624/6624/6624 6623/6623/6623 6622/6622/6622
f 6627/6627/6627 6626/6626/6626 6625/6625/6625
f 6630/6630/6630 6629/6629/6629 6628/6628/6628
f 6633/6633/6633 6632/6632/6632 6631/6631/6631
f 6636/6636/6636 6635/6635/6635 6634/6634/6634
f 6639/6639/6639 6638/6638/6638 6637/6637/6637
f 6642/6642/6642 6641/6641/6641 6640/6640/6640
f 6645/6645/6645 6644/6644/6644 6643/6643/6643
f 6648/6648/6648 6647/6647/6647 6646/6646/6646
f 6651/6651/6651 6650/6650/6650 6649/6649/6649
f 6654/6654/6654 6653/6653/6653 6652/6652/6652
f 6657/6657/6657 6656/6656/6656 6655/6655/6655
f 6660/6660/6660 6659/6659/6659 6658/6658/6658
f 6663/6663/6663 6662/6662/6662 6661/6661/6661
f 6666/6666/6666 6665/6665/6665 6664/6664/6664
f 6669/6669/6669 6668/6668/6668 6667/6667/6667
f 6672/6672/6672 6671/6671/6671 6670/6670/6670
f 6675/6675/6675 6674/6674/6674 6673/6673/6673
f 6678/6678/6678 6677/6677/6677 6676/6676/6676
f 6681/6681/6681 6680/6680/6680 6679/6679/6679
f 6684/6684/6684 6683/6683/6683 6682/6682/6682
f 6687/6687/6687 6686/6686/6686 6685/6685/6685
f 6690/6690/6690 6689/6689/6689 6688/6688/6688
f 6693/6693/6693 6692/6692/6692 6691/6691/6691
f 6696/6696/6696 6695/6695/6695 6694/6694/6694
f 6699/6699/6699 6698/6698/6698 6697/6697/6697
f 6702/6702/6702 6701/6701/6701 6700/6700/6700
f 6705/6705/6705 6704/6704/6704 6703/6703/6703
f 6708/6708/6708 6707/6707/6707 6706/6706/6706
f 6711/6711/6711 6710/6710/6710 6709/6709/6709
f 6714/6714/6714 6713/6713/6713 6712/6712/6712
f 6717/6717/6717 6716/6716/6716 6715/6715/6715
f 6720/6720/6720 6719/6719/6719 6718/6718/6718
f 6723/6723/6723 6722/6722/6722 6721/6721/6721
f 6726/6726/6726 6725/6725/6725 6724/6724/6724
f 6729/6729/6729 6728/6728/6728 6727/6727/6727
f 6732/6732/6732 6731/6731/6731 6730/6730/6730
f 6735/6735/6735 6734/6734/6734 6733/6733/6733
f 6738/6738/6738 6737/6737/6737 6736/6736/6736
f 6741/6741/6741 6740/6740/6740 6739/6739/6739
f 6744/6744/6744 6743/6743/6743 6742/6742/6742
f 6747/6747/6747 6746/6746/6746 6745/6745/6745
f 6750/6750/6750 6749/6749/6749 6748/6748/6748
f 6753/6753/6753 6752/6752/6752 6751/6751/6751
f 6756/6756/6756 6755/6755/6755 6754/6754/6754
f 6759/6759/6759 6758/6758/6758 6757/6757/6757
f 6762/6762/6762 6761/6761/6761 6760/6760/6760
f 6765/6765/6765 6764/6764/6764 6763/6763/6763
f 6768/6768/6768 6767/6767/6767 6766/6766/6766
f 6771/6771/6771 6770/6770/6770 6769/6769/6769
f 6774/6774/6774 6773/6773/6773 6772/6772/6772
f 6777/6777/6777 6776/6776/6776 6775/6775/6775
f 6780/6780/6780 6779/6779/6779 6778/6778/6778
f 6783/6783/6783 6782/6782/6782 6781/6781/6781
f 6786/6786/6786 6785/6785/6785 6784/6784/6784
f 6789/6789/6789 6788/6788/6788 6787/6787/6787
f 6792/6792/6792 6791/6791/6791 6790/6790/6790
f 6795/6795/6795 6794/6794/6794 6793/6793/6793
f 6798/6798/6798 6797/6797/6797 6796/6796/6796
f 6801/6801/6801 6800/6800/6800 6799/6799/6799
f 6804/6804/6804 6803/6803/6803 6802/6802/6802
f 6807/6807/6807 6806/6806/6806 6805/6805/6805
f 6810/6810/6810 6809/6809/6809 6808/6808/6808
f 6813/6813/6813 6812/6812/6812 6811/6811/6811
f 6816/6816/6816 6815/6815/6815 6814/6814/6814
f 6819/6819/6819 6818/6818/6818 6817/6817/6817
f 6822/6822/6822 6821/6821/6821 6820/6820/6820
f 6825/6825/6825 6824/6824/6824 6823/6823/6823
f 6828/6828/6828 6827/6827/6827 6826/6826/6826
f 6831/6831/6831 6830/6830/6830 6829/6829/6829
f 6834/6834/6834 6833/6833/6833 6832/6832/6832
f 6837/6837/6837 6836/6836/6836 6835/6835/6835
f 6840/6840/6840 6839/6839/6839 6838/6838/6838
f 6843/6843/6843 6842/6842/6842 6841/6841/6841
f 6846/6846/6846 6845/6845/6845 6844/6844/6844
f 6849/6849/6849 6848/6848/6848 6847/6847/6847
f 6852/6852/6852 6851/6851/6851 6850/6850/6850
f 6855/6855/6855 6854/6854/6854 6853/6853/6853
f 6858/6858/6858 6857/6857/6857 6856/6856/6856
f 6861/6861/6861 6860/6860/6860 6859/6859/6859
f 6864/6864/6864 6863/6863/6863 6862/6862/6862
f 6867/6867/6867 6866/6866/6866 6865/6865/6865
f 6870/6870/6870 6869/6869/6869 6868/6868/6868
f 6873/6873/6873 6872/6872/6872 6871/6871/6871
f 6876/6876/6876 6875/6875/6875 6874/6874/6874
f 6879/6879/6879 6878/6878/6878 6877/6877/6877
f 6882/6882/6882 6881/6881/6881 6880/6880/6880
f 6885/6885/6885 6884/6884/6884 6883/6883/6883
f 6888/6888/6888 6887/6887/6887 6886/6886/6886
f 6891/6891/6891 6890/6890/6890 6889/6889/6889
f 6894/6894/6894 6893/6893/6893 6892/6892/6892
f 6897/6897/6897 6896/6896/6896 6895/6895/6895
f 6900/6900/6900 6899/6899/6899 6898/6898/6898
f 6903/6903/6903 6902/6902/6902 6901/6901/6901
f 6906/6906/6906 6905/6905/6905 6904/6904/6904
f 6909/6909/6909 6908/6908/6908 6907/6907/6907
f 6912/6912/6912 6911/6911/6911 6910/6910/6910
f 6915/6915/6915 6914/6914/6914 6913/6913/6913
f 6918/6918/6918 6917/6917/6917 6916/6916/6916
f 6921/6921/6921 6920/6920/6920 6919/6919/6919
f 6924/6924/6924 6923/6923/6923 6922/6922/6922
f 6927/6927/6927 6926/6926/6926 6925/6925/6925
f 6930/6930/6930 6929/6929/6929 6928/6928/6928
f 6933/6933/6933 6932/6932/6932 6931/6931/6931
f 6936/6936/6936 6935/6935/6935 6934/6934/6934
f 6939/6939/6939 6938/6938/6938 6937/6937/6937
f 6942/6942/6942 6941/6941/6941 6940/6940/6940
f 6945/6945/6945 6944/6944/6944 6943/6943/6943
f 6948/6948/6948 6947/6947/6947 6946/6946/6946
f 6951/6951/6951 6950/6950/6950 6949/6949/6949
f 6954/6954/6954 6953/6953/6953 6952/6952/6952
f 6957/6957/6957 6956/6956/6956 6955/6955/6955
f 6960/6960/6960 6959/6959/6959 6958/6958/6958
f 6963/6963/6963 6962/6962/6962 6961/6961/6961
f 6966/6966/6966 6965/6965/6965 6964/6964/6964
f 6969/6969/6969 6968/6968/6968 6967/6967/6967
f 6972/6972/6972 6971/6971/6971 6970/6970/6970
f 6975/6975/6975 6974/6974/6974 6973/6973/6973
f 6978/6978/6978 6977/6977/6977 6976/6976/6976
f 6981/6981/6981 6980/6980/6980 6979/6979/6979
f 6984/6984/6984 6983/6983/6983 6982/6982/6982
f 6987/6987/6987 6986/6986/6986 6985/6985/6985
f 6990/6990/6990 6989/6989/6989 6988/6988/6988
f 6993/6993/6993 6992/6992/6992 6991/6991/6991
f 6996/6996/6996 6995/6995/6995 6994/6994/6994
f 6999/6999/6999 6998/6998/6998 6997/6997/6997
f 7002/7002/7002 7001/7001/7001 7000/7000/7000
f 7005/7005/7005 7004/7004/7004 7003/7003/7003
f 7008/7008/7008 7007/7007/7007 7006/7006/7006
f 7011/7011/7011 7010/7010/7010 7009/7009/7009
f 7014/7014/7014 7013/7013/7013 7012/7012/7012
f 7017/7017/7017 7016/7016/7016 7015/7015/7015
f 7020/7020/7020 7019/7019/7019 7018/7018/7018
f 7023/7023/7023 7022/7022/7022 7021/7021/7021
f 7026/7026/7026 7025/7025/7025 7024/7024/7024
f 7029/7029/7029 7028/7028/7028 7027/7027/7027
f 7032/7032/7032 7031/7031/7031 7030/7030/7030
f 7035/7035/7035 7034/7034/7034 7033/7033/7033
f 7038/7038/7038 7037/7037/7037 7036/7036/7036
f 7041/7041/7041 7040/7040/7040 7039/7039/7039
f 7044/7044/7044 7043/7043/7043 7042/7042/7042
f 7047/7047/7047 7046/7046/7046 7045/7045/7045
f 7050/7050/7050 7049/7049/7049 7048/7048/7048
f 7053/7053/7053 7052/7052/7052 7051/7051/7051
f 7056/7056/7056 7055/7055/7055 7054/7054/7054
f 7059/7059/7059 7058/7058/7058 7057/7057/7057
f 7062/7062/7062 7061/7061/7061 7060/7060/7060
f 7065/7065/7065 7064/7064/7064 7063/7063/7063
f 7068/7068/7068 7067/7067/7067 7066/7066/7066
f 7071/7071/7071 7070/7070/7070 7069/7069/7069
f 7074/7074/7074 7073/7073/7073 7072/7072/7072
f 7077/7077/7077 7076/7076/7076 7075/7075/7075
f 7080/7080/7080 7079/7079/7079 7078/7078/7078
f 7083/7083/7083 7082/7082/7082 7081/7081/7081
f 7086/7086/7086 7085/7085/7085 7084/7084/7084
f 7089/7089/7089 7088/7088/7088 7087/7087/7087
f 7092/7092/7092 7091/7091/7091 7090/7090/7090
f 7095/7095/7095 7094/7094/7094 7093/7093/7093
f 7098/7098/7098 7097/7097/7097 7096/7096/7096
f 7101/7101/7101 7100/7100/7100 7099/7099/7099
f 7104/7104/7104 7103/7103/7103 7102/7102/7102
f 7107/7107/7107 7106/7106/7106 7105/7105/7105
f 7110/7110/7110 7109/7109/7109 7108/7108/7108
f 7113/7113/7113 7112/7112/7112 7111/7111/7111
f 7116/7116/7116 7115/7115/7115 7114/7114/7114
f 7119/7119/7119 7118/7118/7118 7117/7117/7117
f 7122/7122/7122 7121/7121/7121 7120/7120/7120
f 7125/7125/7125 7124/7124/7124 7123/7123/7123
f 7128/7128/7128 7127/7127/7127 7126/7126/7126
f 7131/7131/7131 7130/7130/7130 7129/7129/7129
f 7134/7134/7134 7133/7133/7133 7132/7132/7132
f 7137/7137/7137 7136/7136/7136 7135/7135/7135
f 7140/7140/7140 7139/7139/7139 7138/7138/7138
f 7143/7143/7143 7142/7142/7142 7141/7141/7141
f 7146/7146/7146 7145/7145/7145 7144/7144/7144
f 7149/7149/7149 7148/7148/7148 7147/7147/7147
f 7152/7152/7152 7151/7151/7151 7150/7150/7150
f 7155/7155/7155 7154/7154/7154 7153/7153/7153
f 7158/7158/7158 7157/7157/7157 7156/7156/7156
f 7161/7161/7161 7160/7160/7160 7159/7159/7159
f 7164/7164/7164 7163/7163/7163 7162/7162/7162
f 7167/7167/7167 7166/7166/7166 7165/7165/7165
f 7170/7170/7170 7169/7169/7169 7168/7168/7168
f 7173/7173/7173 7172/7172/7172 7171/7171/7171
f 7176/7176/7176 7175/7175/7175 7174/7174/7174
f 7179/7179/7179 7178/7178/7178 7177/7177/7177
f 7182/7182/7182 7181/7181/7181 7180/7180/7180
f 7185/7185/7185 7184/7184/7184 7183/7183/7183
f 7188/7188/7188 7187/7187/7187 7186/7186/7186
f 7191/7191/7191 7190/7190/7190 7189/7189/7189
f 7194/7194/7194 7193/7193/7193 7192/7192/7192
f 7197/7197/7197 7196/7196/7196 7195/7195/7195
f 7200/7200/7200 7199/7199/7199 7198/7198/7198
f 7203/7203/7203 7202/7202/7202 7201/7201/7201
f 7206/7206/7206 7205/7205/7205 7204/7204/7204
f 7209/7209/7209 7208/7208/7208 7207/7207/7207
f 7212/7212/7212 7211/7211/7211 7210/7210/7210
f 7215/7215/7215 7214/7214/7214 7213/7213/7213
f 7218/7218/7218 7217/7217/7217 7216/7216/7216
f 7221/7221/7221 7220/7220/7220 7219/7219/7219
f 7224/7224/7224 7223/7223/7223 7222/7222/7222
f 7227/7227/7227 7226/7226/7226 7225/7225/7225
f 7230/7230/7230 7229/7229/7229 7228/7228/7228
f 7233/7233/7233 7232/7232/7232 7231/7231/7231
f 7236/7236/7236 7235/7235/7235 7234/7234/7234
f 7239/7239/7239 7238/7238/7238 7237/7237/7237
f 7242/7242/7242 7241/7241/7241 7240/7240/7240
f 7245/7245/7245 7244/7244/7244 7243/7243/7243
f 7248/7248/7248 7247/7247/7247 7246/7246/7246
f 7251/7251/7251 7250/7250/7250 7249/7249/7249
f 7254/7254/7254 7253/7253/7253 7252/7252/7252
f 7257/7257/7257 7256/7256/7256 7255/7255/7255
f 7260/7260/7260 7259/7259/7259 7258/7258/7258
f 7263/7263/7263 7262/7262/7262 7261/7261/7261
f 7266/7266/7266 7265/7265/7265 7264/7264/7264
f 7269/7269/7269 7268/7268/7268 7267/7267/7267
f 7272/7272/7272 7271/7271/7271 7270/7270/7270
f 7275/7275/7275 7274/7274/7274 7273/7273/7273
f 7278/7278/7278 7277/7277/7277 7276/7276/7276
f 7281/7281/7281 7280/7280/7280 7279/7279/7279
f 7284/7284/7284 7283/7283/7283 7282/7282/7282
f 7287/7287/7287 7286/7286/7286 7285/7285/7285
f 7290/7290/7290 7289/7289/7289 7288/7288/7288
f 7293/7293/7293 7292/7292/7292 7291/7291/7291
f 7296/7296/7296 7295/7295/7295 7294/7294/7294
f 7299/7299/7299 7298/7298/7298 7297/7297/7297
f 7302/7302/7302 7301/7301/7301 7300/7300/7300
f 7305/7305/7305 7304/7304/7304 7303/7303/7303
f 7308/7308/7308 7307/7307/7307 7306/7306/7306
f 7311/7311/7311 7310/7310/7310 7309/7309/7309
f 7314/7314/7314 7313/7313/7313 7312/7312/7312
f 7317/7317/7317 7316/7316/7316 7315/7315/7315
f 7320/7320/7320 7319/7319/7319 7318/7318/7318
f 7323/7323/7323 7322/7322/7322 7321/7321/7321
f 7326/7326/7326 7325/7325/7325 7324/7324/7324
f 7329/7329/7329 7328/7328/7328 7327/7327/7327
f 7332/7332/7332 7331/7331/7331 7330/7330/7330
f 7335/7335/7335 7334/7334/7334 7333/7333/7333
f 7338/7338/7338 7337/7337/7337 7336/7336/7336
f 7341/7341/7341 7340/7340/7340 7339/7339/7339
f 7344/7344/7344 7343/7343/7343 7342/7342/7342
f 7347/7347/7347 7346/7346/7346 7345/7345/7345
f 7350/7350/7350 7349/7349/7349 7348/7348/7348
f 7353/7353/7353 7352/7352/7352 7351/7351/7351
f 7356/7356/7356 7355/7355/7355 7354/7354/7354
f 7359/7359/7359 7358/7358/7358 7357/7357/7357
f 7362/7362/7362 7361/7361/7361 7360/7360/7360
f 7365/7365/7365 7364/7364/7364 7363/7363/7363
f 7368/7368/7368 7367/7367/7367 7366/7366/7366
f 7371/7371/7371 7370/7370/7370 7369/7369/7369
f 7374/7374/7374 7373/7373/7373 7372/7372/7372
f 7377/7377/7377 7376/7376/7376 7375/7375/7375
f 7380/7380/7380 7379/7379/7379 7378/7378/7378
f 7383/7383/7383 7382/7382/7382 7381/7381/7381
f 7386/7386/7386 7385/7385/7385 7384/7384/7384
f 7389/7389/7389 7388/7388/7388 7387/7387/7387
f 7392/7392/7392 7391/7391/7391 7390/7390/7390
f 7395/7395/7395 7394/7394/7394 7393/7393/7393
f 7398/7398/7398 7397/7397/7397 7396/7396/7396
f 7401/7401/7401 7400/7400/7400 7399/7399/7399
f 7404/7404/7404 7403/7403/7403 7402/7402/7402
f 7407/7407/7407 7406/7406/7406 7405/7405/7405
f 7410/7410/7410 7409/7409/7409 7408/7408/7408
f 7413/7413/7413 7412/7412/7412 7411/7411/7411
f 7416/7416/7416 7415/7415/7415 7414/7414/7414
f 7419/7419/7419 7418/7418/7418 7417/7417/7417
f 7422/7422/7422 7421/7421/7421 7420/7420/7420
f 7425/7425/7425 7424/7424/7424 7423/7423/7423
f 7428/7428/7428 7427/7427/7427 7426/7426/7426
f 7431/7431/7431 7430/7430/7430 7429/7429/7429
f 7434/7434/7434 7433/7433/7433 7432/7432/7432
f 7437/7437/7437 7436/7436/7436 7435/7435/7435
f 7440/7440/7440 7439/7439/7439 7438/7438/7438
f 7443/7443/7443 7442/7442/7442 7441/7441/7441
f 7446/7446/7446 7445/7445/7445 7444/7444/7444
f 7449/7449/7449 7448/7448/7448 7447/7447/7447
f 7452/7452/7452 7451/7451/7451 7450/7450/7450
f 7455/7455/7455 7454/7454/7454 7453/7453/7453
f 7458/7458/7458 7457/7457/7457 7456/7456/7456
f 7461/7461/7461 7460/7460/7460 7459/7459/7459
f 7464/7464/7464 7463/7463/7463 7462/7462/7462
f 7467/7467/7467 7466/7466/7466 7465/7465/7465
f 7470/7470/7470 7469/7469/7469 7468/7468/7468
f 7473/7473/7473 7472/7472/7472 7471/7471/7471
f 7476/7476/7476 7475/7475/7475 7474/7474/7474
f 7479/7479/7479 7478/7478/7478 7477/7477/7477
f 7482/7482/7482 7481/7481/7481 7480/7480/7480
f 7485/7485/7485 7484/7484/7484 7483/7483/7483
f 7488/7488/7488 7487/7487/7487 7486/7486/7486
f 7491/7491/7491 7490/7490/7490 7489/7489/7489
f 7494/7494/7494 7493/7493/7493 7492/7492/7492
f 7497/7497/7497 7496/7496/7496 7495/7495/7495
f 7500/7500/7500 7499/7499/7499 7498/7498/7498
f 7503/7503/7503 7502/7502/7502 7501/7501/7501
f 7506/7506/7506 7505/7505/7505 7504/7504/7504
f 7509/7509/7509 7508/7508/7508 7507/7507/7507
f 7512/7512/7512 7511/7511/7511 7510/7510/7510
f 7515/7515/7515 7514/7514/7514 7513/7513/7513
f 7518/7518/7518 7517/7517/7517 7516/7516/7516
f 7521/7521/7521 7520/7520/7520 7519/7519/7519
f 7524/7524/7524 7523/7523/7523 7522/7522/7522
f 7527/7527/7527 7526/7526/7526 7525/7525/7525
f 7530/7530/7530 7529/7529/7529 7528/7528/7528
f 7533/7533/7533 7532/7532/7532 7531/7531/7531
f 7536/7536/7536 7535/7535/7535 7534/7534/7534
f 7539/7539/7539 7538/7538/7538 7537/7537/7537
f 7542/7542/7542 7541/7541/7541 7540/7540/7540
f 7545/7545/7545 7544/7544/7544 7543/7543/7543
f 7548/7548/7548 7547/7547/7547 7546/7546/7546
f 7551/7551/7551 7550/7550/7550 7549/7549/7549
f 7554/7554/7554 7553/7553/7553 7552/7552/7552
f 7557/7557/7557 7556/7556/7556 7555/7555/7555
f 7560/7560/7560 7559/7559/7559 7558/7558/7558
f 7563/7563/7563 7562/7562/7562 7561/7561/7561
f 7566/7566/7566 7565/7565/7565 7564/7564/7564
f 7569/7569/7569 7568/7568/7568 7567/7567/7567
f 7572/7572/7572 7571/7571/7571 7570/7570/7570
f 7575/7575/7575 7574/7574/7574 7573/7573/7573
f 7578/7578/7578 7577/7577/7577 7576/7576/7576
f 7581/7581/7581 7580/7580/7580 7579/7579/7579
f 7584/7584/7584 7583/7583/7583 7582/7582/7582
f 7587/7587/7587 7586/7586/7586 7585/7585/7585
f 7590/7590/7590 7589/7589/7589 7588/7588/7588
f 7593/7593/7593 7592/7592/7592 7591/7591/7591
f 7596/7596/7596 7595/7595/7595 7594/7594/7594
f 7599/7599/7599 7598/7598/7598 7597/7597/7597
f 7602/7602/7602 7601/7601/7601 7600/7600/7600
f 7605/7605/7605 7604/7604/7604 7603/7603/7603
f 7608/7608/7608 7607/7607/7607 7606/7606/7606
f 7611/7611/7611 7610/7610/7610 7609/7609/7609
f 7614/7614/7614 7613/7613/7613 7612/7612/7612
f 7617/7617/7617 7616/7616/7616 7615/7615/7615
f 7620/7620/7620 7619/7619/7619 7618/7618/7618
f 7623/7623/7623 7622/7622/7622 7621/7621/7621
f 7626/7626/7626 7625/7625/7625 7624/7624/7624
f 7629/7629/7629 7628/7628/7628 7627/7627/7627
f 7632/7632/7632 7631/7631/7631 7630/7630/7630
f 7635/7635/7635 7634/7634/7634 7633/7633/7633
f 7638/7638/7638 7637/7637/7637 7636/7636/7636
f 7641/7641/7641 7640/7640/7640 7639/7639/7639
f 7644/7644/7644 7643/7643/7643 7642/7642/7642
f 7647/7647/7647 7646/7646/7646 7645/7645/7645
f 7650/7650/7650 7649/7649/7649 7648/7648/7648
f 7653/7653/7653 7652/7652/7652 7651/7651/7651
f 7656/7656/7656 7655/7655/7655 7654/7654/7654
f 7659/7659/7659 7658/7658/7658 7657/7657/7657
f 7662/7662/7662 7661/7661/7661 7660/7660/7660
f 7665/7665/7665 7664/7664/7664 7663/7663/7663
f 7668/7668/7668 7667/7667/7667 7666/7666/7666
f 7671/7671/7671 7670/7670/7670 7669/7669/7669
f 7674/7674/7674 7673/7673/7673 7672/7672/7672
f 7677/7677/7677 7676/7676/7676 7675/7675/7675
f 7680/7680/7680 7679/7679/7679 7678/7678/7678
f 7683/7683/7683 7682/7682/7682 7681/7681/7681
f 7686/7686/7686 7685/7685/7685 7684/7684/7684
f 7689/7689/7689 7688/7688/7688 7687/7687/7687
f 7692/7692/7692 7691/7691/7691 7690/7690/7690
f 7695/7695/7695 7694/7694/7694 7693/7693/7693
f 7698/7698/7698 7697/7697/7697 7696/7696/7696
f 7701/7701/7701 7700/7700/7700 7699/7699/7699
f 7704/7704/7704 7703/7703/7703 7702/7702/7702
f 7707/7707/7707 7706/7706/7706 7705/7705/7705
f 7710/7710/7710 7709/7709/7709 7708/7708/7708
f 7713/7713/7713 7712/7712/7712 7711/7711/7711
f 7716/7716/7716 7715/7715/7715 7714/7714/7714
f 7719/7719/7719 7718/7718/7718 7717/7717/7717
f 7722/7722/7722 7721/7721/7721 7720/7720/7720
f 7725/7725/7725 7724/7724/7724 7723/7723/7723
f 7728/7728/7728 7727/7727/7727 7726/7726/7726
f 7731/7731/7731 7730/7730/7730 7729/7729/7729
f 7734/7734/7734 7733/7733/7733 7732/7732/7732
f 7737/7737/7737 7736/7736/7736 7735/7735/7735
f 7740/7740/7740 7739/7739/7739 7738/7738/7738
f 7743/7743/7743 7742/7742/7742 7741/7741/7741
f 7746/7746/7746 7745/7745/7745 7744/7744/7744
f 7749/7749/7749 7748/7748/7748 7747/7747/7747
f 7752/7752/7752 7751/7751/7751 7750/7750/7750
f 7755/7755/7755 7754/7754/7754 7753/7753/7753
f 7758/7758/7758 7757/7757/7757 7756/7756/7756
f 7761/7761/7761 7760/7760/7760 7759/7759/7759
f 7764/7764/7764 7763/7763/7763 7762/7762/7762
f 7767/7767/7767 7766/7766/7766 7765/7765/7765
