# Extracted model tunnel.obj
v -3.70980 7.53938 -5.67497
v -3.40210 7.78705 -6.46583
v -4.29830 7.94376 -6.14234
v -5.07540 7.69220 -0.09813
v -4.97470 7.71523 0.61469
v -4.54600 8.34413 0.14653
v -4.78630 7.94026 -0.67727
v -5.07540 7.69220 -0.09813
v -4.54600 8.34413 0.14653
v 2.71030 7.66202 -0.59758
v 2.79230 7.70215 -0.26449
v 3.13890 7.74154 -0.56123
v 2.85650 7.57412 -0.88768
v 2.71030 7.66202 -0.59758
v 3.13890 7.74154 -0.56123
v 3.06520 7.67938 -3.00925
v 2.70570 7.90986 -2.86560
v 3.16690 7.98126 -2.42253
v 1.82410 7.61061 -3.13562
v 2.48880 6.81264 -2.61585
v 2.98740 8.11790 -3.05007
v 3.83040 5.47590 -1.41297
v 4.15560 4.54471 1.33090
v 4.24940 4.31563 1.08653
v 4.33180 4.11085 0.96890
v 3.83040 5.47590 -1.41297
v 4.24940 4.31563 1.08653
v 5.98040 0.00000 -1.38153
v 3.83040 5.47590 -1.41297
v 4.33180 4.11085 0.96890
v 5.94570 0.00000 0.99251
v 5.98040 0.00000 -1.38153
v 4.33180 4.11085 0.96890
v 3.70810 5.47590 6.95518
v 4.22200 4.31563 2.95918
v 4.13540 4.54471 2.71218
v 4.30090 4.11085 3.07915
v 4.22200 4.31563 2.95918
v 3.70810 5.47590 6.95518
v 5.89030 0.00000 4.77736
v 4.30090 4.11085 3.07915
v 3.70810 5.47590 6.95518
v 5.91480 0.00000 3.10277
v 4.30090 4.11085 3.07915
v 5.89030 0.00000 4.77736
v -0.61170 6.33422 -1.47794
v -3.77710 6.33422 -1.52425
v -3.82720 6.33422 1.90492
v -0.66180 6.33422 1.95123
v -0.61170 6.33422 -1.47794
v -3.82720 6.33422 1.90492
v 2.55370 6.33422 -1.43164
v -0.61170 6.33422 -1.47794
v -0.66180 6.33422 1.95123
v 2.50360 6.33422 1.99752
v 2.55370 6.33422 -1.43164
v -0.66180 6.33422 1.95123
v 3.83040 6.33421 -1.41297
v 2.55370 6.33422 -1.43164
v 2.50360 6.33422 1.99752
v 3.78030 6.33421 2.01619
v 3.83040 6.33421 -1.41297
v 2.50360 6.33422 1.99752
v 2.51900 0.00000 0.94240
v 5.94570 0.00000 0.99251
v 4.33180 4.11085 0.96890
v 2.51900 4.11085 0.94240
v 2.51900 0.00000 0.94240
v 4.33180 4.11085 0.96890
v -0.64640 0.00000 0.89610
v 2.51900 0.00000 0.94240
v 2.51900 4.11085 0.94240
v -0.64640 4.11085 0.89610
v -0.64640 0.00000 0.89610
v 2.51900 4.11085 0.94240
v -3.81180 0.00000 0.84980
v -0.64640 0.00000 0.89610
v -0.64640 4.11085 0.89610
v -3.81180 4.11085 0.84980
v -3.81180 0.00000 0.84980
v -0.64640 4.11085 0.89610
v -7.23850 0.00000 0.79969
v -3.81180 0.00000 0.84980
v -3.81180 4.11085 0.84980
v -5.62460 4.11085 0.82329
v -7.23850 0.00000 0.79969
v -3.81180 4.11085 0.84980
v 2.48980 4.31563 2.93385
v 4.30090 4.11085 3.07915
v 2.48810 4.11085 3.05264
v 4.22200 4.31563 2.95918
v 4.30090 4.11085 3.07915
v 2.48980 4.31563 2.93385
v 2.49350 4.54471 2.68816
v 4.22200 4.31563 2.95918
v 2.48980 4.31563 2.93385
v 4.13540 4.54471 2.71218
v 4.22200 4.31563 2.95918
v 2.49350 4.54471 2.68816
v 2.49770 4.66603 2.39560
v 4.13540 4.54471 2.71218
v 2.49350 4.54471 2.68816
v 4.09220 4.66603 2.41893
v 4.13540 4.54471 2.71218
v 2.49770 4.66603 2.39560
v 2.50360 4.72080 1.99752
v 4.09220 4.66603 2.41893
v 2.49770 4.66603 2.39560
v 4.07690 4.72080 2.02054
v 4.09220 4.66603 2.41893
v 2.50360 4.72080 1.99752
v 2.50940 4.66603 1.59942
v 4.07690 4.72080 2.02054
v 2.50360 4.72080 1.99752
v 4.10380 4.66603 1.62273
v 4.07690 4.72080 2.02054
v 2.50940 4.66603 1.59942
v 2.51360 4.54471 1.30688
v 4.10380 4.66603 1.62273
v 2.50940 4.66603 1.59942
v 4.15560 4.54471 1.33090
v 4.10380 4.66603 1.62273
v 2.51360 4.54471 1.30688
v 2.51720 4.31563 1.06120
v 4.15560 4.54471 1.33090
v 2.51360 4.54471 1.30688
v 4.24940 4.31563 1.08653
v 4.15560 4.54471 1.33090
v 2.51720 4.31563 1.06120
v 2.51900 4.11085 0.94240
v 4.24940 4.31563 1.08653
v 2.51720 4.31563 1.06120
v 4.33180 4.11085 0.96890
v 4.24940 4.31563 1.08653
v 2.51900 4.11085 0.94240
v -3.81350 4.31563 0.96861
v -5.62460 4.11085 0.82329
v -3.81180 4.11085 0.84980
v -5.54570 4.31563 0.94327
v -5.62460 4.11085 0.82329
v -3.81350 4.31563 0.96861
v -3.81710 4.54471 1.21428
v -5.54570 4.31563 0.94327
v -3.81350 4.31563 0.96861
v -5.45910 4.54471 1.19027
v -5.54570 4.31563 0.94327
v -3.81710 4.54471 1.21428
v -3.82140 4.66603 1.50684
v -5.45910 4.54471 1.19027
v -3.81710 4.54471 1.21428
v -5.41590 4.66603 1.48353
v -5.45910 4.54471 1.19027
v -3.82140 4.66603 1.50684
v -3.82720 4.72080 1.90492
v -5.41590 4.66603 1.48353
v -3.82140 4.66603 1.50684
v -5.40050 4.72080 1.88190
v -5.41590 4.66603 1.48353
v -3.82720 4.72080 1.90492
v -3.83300 4.66603 2.30304
v -5.40050 4.72080 1.88190
v -3.82720 4.72080 1.90492
v -5.42750 4.66603 2.27970
v -5.40050 4.72080 1.88190
v -3.83300 4.66603 2.30304
v -3.83730 4.54471 2.59556
v -5.42750 4.66603 2.27970
v -3.83300 4.66603 2.30304
v -5.47930 4.54471 2.57156
v -5.42750 4.66603 2.27970
v -3.83730 4.54471 2.59556
v -3.84090 4.31563 2.84124
v -5.47930 4.54471 2.57156
v -3.83730 4.54471 2.59556
v -5.57310 4.31563 2.81592
v -5.47930 4.54471 2.57156
v -3.84090 4.31563 2.84124
v -3.84270 4.11085 2.96006
v -5.57310 4.31563 2.81592
v -3.84090 4.31563 2.84124
v -5.65540 4.11085 2.93355
v -5.57310 4.31563 2.81592
v -3.84270 4.11085 2.96006
v 2.48810 4.11085 3.05264
v 4.30090 4.11085 3.07915
v 5.91480 0.00000 3.10277
v 2.48810 0.00000 3.05264
v 2.48810 4.11085 3.05264
v 5.91480 0.00000 3.10277
v -0.67730 4.11085 3.00633
v 2.48810 4.11085 3.05264
v 2.48810 0.00000 3.05264
v -0.67730 0.00000 3.00633
v -0.67730 4.11085 3.00633
v 2.48810 0.00000 3.05264
v -3.84270 4.11085 2.96006
v -0.67730 4.11085 3.00633
v -0.67730 0.00000 3.00633
v -3.84270 0.00000 2.96006
v -3.84270 4.11085 2.96006
v -0.67730 0.00000 3.00633
v -5.65540 4.11085 2.93355
v -3.84270 4.11085 2.96006
v -3.84270 0.00000 2.96006
v -7.26930 0.00000 2.90995
v -5.65540 4.11085 2.93355
v -3.84270 0.00000 2.96006
v -0.73410 6.33422 6.89023
v -3.82720 6.33422 1.90492
v -3.89940 6.33422 6.84095
v -0.66180 6.33422 1.95123
v -3.82720 6.33422 1.90492
v -0.73410 6.33422 6.89023
v 2.50360 6.33422 1.99752
v -0.66180 6.33422 1.95123
v -0.73410 6.33422 6.89023
v 2.55370 6.33422 -1.43164
v 3.83040 6.33421 -1.41297
v 3.91510 6.33421 -7.20138
v 2.64240 6.33422 -7.49863
v 2.55370 6.33422 -1.43164
v 3.91510 6.33421 -7.20138
v -0.61170 6.33422 -1.47794
v 2.55370 6.33422 -1.43164
v 2.64240 6.33422 -7.49863
v -0.52300 6.33422 -7.54491
v -0.61170 6.33422 -1.47794
v 2.64240 6.33422 -7.49863
v -3.77710 6.33422 -1.52425
v -0.61170 6.33422 -1.47794
v -0.52300 6.33422 -7.54491
v -3.68830 6.33422 -7.59122
v -3.77710 6.33422 -1.52425
v -0.52300 6.33422 -7.54491
v 2.43020 6.33422 7.01146
v 2.50360 6.33422 1.99752
v -0.73410 6.33422 6.89023
v 3.78030 6.33421 2.01619
v 2.50360 6.33422 1.99752
v 2.43020 6.33422 7.01146
v 3.70810 6.33421 6.95518
v 3.78030 6.33421 2.01619
v 2.43020 6.33422 7.01146
v 6.97080 2.10622 -2.15856
v 6.81900 2.10622 -3.20266
v 6.80380 2.10622 -2.16101
v 6.98600 2.10622 -3.20022
v 6.81900 2.10622 -3.20266
v 6.97080 2.10622 -2.15856
v 6.97080 1.70395 -2.15856
v 6.98600 2.10622 -3.20022
v 6.97080 2.10622 -2.15856
v 6.98600 1.70395 -3.20022
v 6.98600 2.10622 -3.20022
v 6.97080 1.70395 -2.15856
v 6.80380 1.70395 -2.16101
v 6.98600 1.70395 -3.20022
v 6.97080 1.70395 -2.15856
v 6.81900 1.70395 -3.20266
v 6.98600 1.70395 -3.20022
v 6.80380 1.70395 -2.16101
v 6.95590 2.10622 -1.13713
v 6.78880 1.70395 -1.13957
v 6.95590 1.70395 -1.13713
v 6.78880 2.10622 -1.13957
v 6.78880 1.70395 -1.13957
v 6.95590 2.10622 -1.13713
v 6.81900 2.10622 -3.20266
v 6.98600 1.70395 -3.20022
v 6.81900 1.70395 -3.20266
v 6.98600 2.10622 -3.20022
v 6.98600 1.70395 -3.20022
v 6.81900 2.10622 -3.20266
v 6.79350 2.21645 -1.64319
v 6.78890 0.82333 -1.32956
v 6.79240 0.82333 -1.57127
v 6.78990 2.22561 -1.40188
v 6.78890 0.82333 -1.32956
v 6.79350 2.21645 -1.64319
v 6.67470 2.21645 -1.64494
v 6.78990 2.22561 -1.40188
v 6.79350 2.21645 -1.64319
v 6.67110 2.22561 -1.40360
v 6.78990 2.22561 -1.40188
v 6.67470 2.21645 -1.64494
v 6.67710 0.82542 -1.57302
v 6.79350 2.21645 -1.64319
v 6.79240 0.82333 -1.57127
v 6.67470 2.21645 -1.64494
v 6.79350 2.21645 -1.64319
v 6.67710 0.82542 -1.57302
v 5.85260 0.82333 -1.41362
v 6.68240 1.63695 -1.58052
v 6.68320 1.64021 -1.41152
v 5.85500 0.82333 -1.58256
v 6.68240 1.63695 -1.58052
v 5.85260 0.82333 -1.41362
v 5.68700 0.82333 -1.58502
v 6.68240 1.63695 -1.58052
v 5.85500 0.82333 -1.58256
v 6.68640 1.80895 -1.58047
v 6.68240 1.63695 -1.58052
v 5.68700 0.82333 -1.58502
v 6.81180 2.29127 -2.90059
v 6.80970 0.82333 -2.75361
v 6.81320 0.82333 -2.99537
v 6.80830 2.27967 -2.65939
v 6.80970 0.82333 -2.75361
v 6.81180 2.29127 -2.90059
v 6.69310 2.29127 -2.90233
v 6.80830 2.27967 -2.65939
v 6.81180 2.29127 -2.90059
v 6.68950 2.27967 -2.66113
v 6.80830 2.27967 -2.65939
v 6.69310 2.29127 -2.90233
v 6.70320 0.83082 -2.99662
v 6.81180 2.29127 -2.90059
v 6.81320 0.82333 -2.99537
v 6.69310 2.29127 -2.90233
v 6.81180 2.29127 -2.90059
v 6.70320 0.83082 -2.99662
v 5.87220 0.82333 -2.75911
v 6.70180 1.68609 -2.90247
v 6.70260 1.68115 -2.73350
v 5.87470 0.82333 -2.92807
v 6.70180 1.68609 -2.90247
v 5.87220 0.82333 -2.75911
v 5.70670 0.82333 -2.93051
v 6.70180 1.68609 -2.90247
v 5.87470 0.82333 -2.92807
v 6.70570 1.85788 -2.89407
v 6.70180 1.68609 -2.90247
v 5.70670 0.82333 -2.93051
v 6.78990 2.22561 -1.40188
v 6.67810 0.83000 -1.33143
v 6.78890 0.82333 -1.32956
v 6.67110 2.22561 -1.40360
v 6.67810 0.83000 -1.33143
v 6.78990 2.22561 -1.40188
v 6.68400 1.80895 -1.41151
v 5.68700 0.82333 -1.58502
v 5.68460 0.82333 -1.41606
v 6.68640 1.80895 -1.58047
v 5.68700 0.82333 -1.58502
v 6.68400 1.80895 -1.41151
v 6.68320 1.64021 -1.41152
v 5.68460 0.82333 -1.41606
v 5.85260 0.82333 -1.41362
v 6.68400 1.80895 -1.41151
v 5.68460 0.82333 -1.41606
v 6.68320 1.64021 -1.41152
v 6.80830 2.27967 -2.65939
v 6.69400 0.82502 -2.75521
v 6.80970 0.82333 -2.75361
v 6.68950 2.27967 -2.66113
v 6.69400 0.82502 -2.75521
v 6.80830 2.27967 -2.65939
v 6.70320 1.84969 -2.72531
v 5.70670 0.82333 -2.93051
v 5.70420 0.82333 -2.76156
v 6.70570 1.85788 -2.89407
v 5.70670 0.82333 -2.93051
v 6.70320 1.84969 -2.72531
v 6.70260 1.68115 -2.73350
v 5.70420 0.82333 -2.76156
v 5.87220 0.82333 -2.75911
v 6.70320 1.84969 -2.72531
v 5.70420 0.82333 -2.76156
v 6.70260 1.68115 -2.73350
v 7.11050 0.83906 -1.26268
v 5.62800 0.83906 -3.07203
v 5.60180 0.83906 -1.28476
v 7.13660 0.83906 -3.04997
v 5.62800 0.83906 -3.07203
v 7.11050 0.83906 -1.26268
v 7.13790 0.61532 -3.13678
v 5.62930 0.61532 -3.15885
v 5.62800 0.83906 -3.07203
v 7.13660 0.83906 -3.04997
v 7.13790 0.61532 -3.13678
v 5.62800 0.83906 -3.07203
v 7.10920 0.61532 -1.17586
v 7.13790 0.61532 -3.13678
v 7.13660 0.83906 -3.04997
v 7.11050 0.83906 -1.26268
v 7.10920 0.61532 -1.17586
v 7.13660 0.83906 -3.04997
v 5.60060 0.61532 -1.19792
v 7.10920 0.61532 -1.17586
v 7.11050 0.83906 -1.26268
v 5.60180 0.83906 -1.28476
v 5.60060 0.61532 -1.19792
v 7.11050 0.83906 -1.26268
v 6.93990 2.10622 -0.04830
v 6.78810 2.10622 -1.09239
v 6.77290 2.10622 -0.05074
v 6.95520 2.10622 -1.08995
v 6.78810 2.10622 -1.09239
v 6.93990 2.10622 -0.04830
v 6.93990 1.70395 -0.04830
v 6.95520 2.10622 -1.08995
v 6.93990 2.10622 -0.04830
v 6.95520 1.70395 -1.08995
v 6.95520 2.10622 -1.08995
v 6.93990 1.70395 -0.04830
v 6.77290 1.70395 -0.05074
v 6.95520 1.70395 -1.08995
v 6.93990 1.70395 -0.04830
v 6.78810 1.70395 -1.09239
v 6.95520 1.70395 -1.08995
v 6.77290 1.70395 -0.05074
v 6.92500 2.10622 0.97312
v 6.75800 1.70395 0.97068
v 6.92500 1.70395 0.97312
v 6.75800 2.10622 0.97068
v 6.75800 1.70395 0.97068
v 6.92500 2.10622 0.97312
v 6.78810 2.10622 -1.09239
v 6.95520 1.70395 -1.08995
v 6.78810 1.70395 -1.09239
v 6.95520 2.10622 -1.08995
v 6.95520 1.70395 -1.08995
v 6.78810 2.10622 -1.09239
v 6.76260 2.21645 0.46707
v 6.75800 0.82333 0.78068
v 6.76150 0.82333 0.53899
v 6.75910 2.22561 0.70838
v 6.75800 0.82333 0.78068
v 6.76260 2.21645 0.46707
v 6.64380 2.21645 0.46533
v 6.75910 2.22561 0.70838
v 6.76260 2.21645 0.46707
v 6.64030 2.22561 0.70666
v 6.75910 2.22561 0.70838
v 6.64380 2.21645 0.46533
v 6.64620 0.82542 0.53724
v 6.76260 2.21645 0.46707
v 6.76150 0.82333 0.53899
v 6.64380 2.21645 0.46533
v 6.76260 2.21645 0.46707
v 6.64620 0.82542 0.53724
v 5.82170 0.82333 0.69665
v 6.65160 1.63695 0.52974
v 6.65240 1.64021 0.69874
v 5.82420 0.82333 0.52770
v 6.65160 1.63695 0.52974
v 5.82170 0.82333 0.69665
v 5.65620 0.82333 0.52524
v 6.65160 1.63695 0.52974
v 5.82420 0.82333 0.52770
v 6.65560 1.80895 0.52980
v 6.65160 1.63695 0.52974
v 5.65620 0.82333 0.52524
v 6.65870 2.27967 -0.55087
v 6.67240 0.83082 -0.88636
v 6.66310 0.82502 -0.64494
v 6.66220 2.29127 -0.79209
v 6.67240 0.83082 -0.88636
v 6.65870 2.27967 -0.55087
v 6.78100 2.29127 -0.79035
v 6.77880 0.82333 -0.64331
v 6.78240 0.82333 -0.88511
v 6.77750 2.27967 -0.54913
v 6.77880 0.82333 -0.64331
v 6.78100 2.29127 -0.79035
v 6.66220 2.29127 -0.79209
v 6.77750 2.27967 -0.54913
v 6.78100 2.29127 -0.79035
v 6.65870 2.27967 -0.55087
v 6.77750 2.27967 -0.54913
v 6.66220 2.29127 -0.79209
v 6.67240 0.83082 -0.88636
v 6.78100 2.29127 -0.79035
v 6.78240 0.82333 -0.88511
v 6.66220 2.29127 -0.79209
v 6.78100 2.29127 -0.79035
v 6.67240 0.83082 -0.88636
v 5.84140 0.82333 -0.64885
v 6.67090 1.68609 -0.79222
v 6.67170 1.68115 -0.62326
v 5.84380 0.82333 -0.81781
v 6.67090 1.68609 -0.79222
v 5.84140 0.82333 -0.64885
v 5.67590 0.82333 -0.82027
v 6.67090 1.68609 -0.79222
v 5.84380 0.82333 -0.81781
v 6.67480 1.85788 -0.78383
v 6.67090 1.68609 -0.79222
v 5.67590 0.82333 -0.82027
v 6.75910 2.22561 0.70838
v 6.64720 0.83000 0.77881
v 6.75800 0.82333 0.78068
v 6.64030 2.22561 0.70666
v 6.64720 0.83000 0.77881
v 6.75910 2.22561 0.70838
v 6.65310 1.80895 0.69875
v 5.65620 0.82333 0.52524
v 5.65370 0.82333 0.69420
v 6.65560 1.80895 0.52980
v 5.65620 0.82333 0.52524
v 6.65310 1.80895 0.69875
v 6.65240 1.64021 0.69874
v 5.65370 0.82333 0.69420
v 5.82170 0.82333 0.69665
v 6.65310 1.80895 0.69875
v 5.65370 0.82333 0.69420
v 6.65240 1.64021 0.69874
v 6.77750 2.27967 -0.54913
v 6.66310 0.82502 -0.64494
v 6.77880 0.82333 -0.64331
v 6.65870 2.27967 -0.55087
v 6.66310 0.82502 -0.64494
v 6.77750 2.27967 -0.54913
v 6.67230 1.84969 -0.61505
v 5.67590 0.82333 -0.82027
v 5.67340 0.82333 -0.65132
v 6.67480 1.85788 -0.78383
v 5.67590 0.82333 -0.82027
v 6.67230 1.84969 -0.61505
v 6.67170 1.68115 -0.62326
v 5.67340 0.82333 -0.65132
v 5.84140 0.82333 -0.64885
v 6.67230 1.84969 -0.61505
v 5.67340 0.82333 -0.65132
v 6.67170 1.68115 -0.62326
v 7.07960 0.83906 0.84755
v 5.59710 0.83906 -0.96178
v 5.57100 0.83906 0.82550
v 7.10570 0.83906 -0.93972
v 5.59710 0.83906 -0.96178
v 7.07960 0.83906 0.84755
v 7.10700 0.61532 -1.02653
v 5.59840 0.61532 -1.04860
v 5.59710 0.83906 -0.96178
v 7.10570 0.83906 -0.93972
v 7.10700 0.61532 -1.02653
v 5.59710 0.83906 -0.96178
v 7.07830 0.61532 0.93438
v 7.10700 0.61532 -1.02653
v 7.10570 0.83906 -0.93972
v 7.07960 0.83906 0.84755
v 7.07830 0.61532 0.93438
v 7.10570 0.83906 -0.93972
v 5.56970 0.61532 0.91231
v 7.07830 0.61532 0.93438
v 7.07960 0.83906 0.84755
v 5.57100 0.83906 0.82550
v 5.56970 0.61532 0.91231
v 7.07960 0.83906 0.84755
v 6.37340 0.69518 -2.82875
v 6.69060 0.63036 -2.86741
v 6.37400 0.63036 -2.87206
v 6.68990 0.69518 -2.82412
v 6.69060 0.63036 -2.86741
v 6.37340 0.69518 -2.82875
v -1.71220 7.01842 -7.09164
v -1.28690 5.93198 -6.32994
v -2.13890 5.93198 -7.10455
v -0.99260 7.01842 -5.97991
v -1.28690 5.93198 -6.32994
v -1.71220 7.01842 -7.09164
v -1.46230 8.42472 -6.51126
v -0.99260 7.01842 -5.97991
v -1.71220 7.01842 -7.09164
v -1.17880 8.42472 -5.37069
v -0.99260 7.01842 -5.97991
v -1.46230 8.42472 -6.51126
v -1.75790 9.27523 -5.58367
v -1.17880 8.42472 -5.37069
v -1.46230 8.42472 -6.51126
v -1.96870 9.27523 -4.95223
v -1.17880 8.42472 -5.37069
v -1.75790 9.27523 -5.58367
v -2.53840 9.53127 -5.55694
v -1.96870 9.27523 -4.95223
v -1.75790 9.27523 -5.58367
v -0.99260 7.01842 -5.97991
v -1.16790 5.93198 -5.10252
v -1.28690 5.93198 -6.32994
v -1.17840 7.01842 -4.62039
v -1.16790 5.93198 -5.10252
v -0.99260 7.01842 -5.97991
v -1.17880 8.42472 -5.37069
v -1.17840 7.01842 -4.62039
v -0.99260 7.01842 -5.97991
v -1.69160 8.42472 -4.33922
v -1.17840 7.01842 -4.62039
v -1.17880 8.42472 -5.37069
v -1.96870 9.27523 -4.95223
v -1.69160 8.42472 -4.33922
v -1.17880 8.42472 -5.37069
v -2.51320 9.27523 -4.67501
v -1.69160 8.42472 -4.33922
v -1.96870 9.27523 -4.95223
v -2.53840 9.53127 -5.55694
v -2.51320 9.27523 -4.67501
v -1.96870 9.27523 -4.95223
v -1.17840 7.01842 -4.62039
v -1.85170 5.93198 -4.14128
v -1.16790 5.93198 -5.10252
v -2.16100 7.01842 -3.80950
v -1.85170 5.93198 -4.14128
v -1.17840 7.01842 -4.62039
v -1.69160 8.42472 -4.33922
v -2.16100 7.01842 -3.80950
v -1.17840 7.01842 -4.62039
v -2.70050 8.42472 -4.02107
v -2.16100 7.01842 -3.80950
v -1.69160 8.42472 -4.33922
v -2.51320 9.27523 -4.67501
v -2.70050 8.42472 -4.02107
v -1.69160 8.42472 -4.33922
v -3.07240 9.27523 -4.91444
v -2.70050 8.42472 -4.02107
v -2.51320 9.27523 -4.67501
v -2.53840 9.53127 -5.55694
v -3.07240 9.27523 -4.91444
v -2.51320 9.27523 -4.67501
v -2.00430 9.27523 -6.19944
v -2.53840 9.53127 -5.55694
v -1.75790 9.27523 -5.58367
v -1.46230 8.42472 -6.51126
v -2.00430 9.27523 -6.19944
v -1.75790 9.27523 -5.58367
v -2.37630 8.42472 -7.09281
v -2.00430 9.27523 -6.19944
v -1.46230 8.42472 -6.51126
v -1.71220 7.01842 -7.09164
v -2.37630 8.42472 -7.09281
v -1.46230 8.42472 -6.51126
v -2.91580 7.01842 -7.30439
v -2.37630 8.42472 -7.09281
v -1.71220 7.01842 -7.09164
v -2.13890 5.93198 -7.10455
v -2.91580 7.01842 -7.30439
v -1.71220 7.01842 -7.09164
v -2.70050 8.42472 -4.02107
v -3.36450 7.01842 -4.02223
v -2.16100 7.01842 -3.80950
v -3.61440 8.42472 -4.60262
v -3.36450 7.01842 -4.02223
v -2.70050 8.42472 -4.02107
v -3.07240 9.27523 -4.91444
v -3.61440 8.42472 -4.60262
v -2.70050 8.42472 -4.02107
v -3.31890 9.27523 -5.53021
v -3.61440 8.42472 -4.60262
v -3.07240 9.27523 -4.91444
v -2.53840 9.53127 -5.55694
v -3.31890 9.27523 -5.53021
v -3.07240 9.27523 -4.91444
v -3.61440 8.42472 -4.60262
v -4.08420 7.25412 -5.13397
v -3.36450 7.01842 -4.02223
v -3.89800 8.42472 -5.74319
v -4.08420 7.25412 -5.13397
v -3.61440 8.42472 -4.60262
v -3.31890 9.27523 -5.53021
v -3.89800 8.42472 -5.74319
v -3.61440 8.42472 -4.60262
v -3.10810 9.27523 -6.16165
v -3.89800 8.42472 -5.74319
v -3.31890 9.27523 -5.53021
v -2.53840 9.53127 -5.55694
v -3.10810 9.27523 -6.16165
v -3.31890 9.27523 -5.53021
v -3.89800 8.42472 -5.74319
v -3.89830 7.25412 -6.49348
v -4.08420 7.25412 -5.13397
v -3.38510 8.42472 -6.77465
v -3.89830 7.25412 -6.49348
v -3.89800 8.42472 -5.74319
v -3.10810 9.27523 -6.16165
v -3.38510 8.42472 -6.77465
v -3.89800 8.42472 -5.74319
v -2.56360 9.27523 -6.43886
v -3.38510 8.42472 -6.77465
v -3.10810 9.27523 -6.16165
v -2.53840 9.53127 -5.55694
v -2.56360 9.27523 -6.43886
v -3.10810 9.27523 -6.16165
v -3.38510 8.42472 -6.77465
v -2.91580 7.01842 -7.30439
v -3.89830 7.25412 -6.49348
v -2.37630 8.42472 -7.09281
v -2.91580 7.01842 -7.30439
v -3.38510 8.42472 -6.77465
v -2.56360 9.27523 -6.43886
v -2.37630 8.42472 -7.09281
v -3.38510 8.42472 -6.77465
v -2.00430 9.27523 -6.19944
v -2.37630 8.42472 -7.09281
v -2.56360 9.27523 -6.43886
v -2.53840 9.53127 -5.55694
v -2.00430 9.27523 -6.19944
v -2.56360 9.27523 -6.43886
v -3.40210 7.78705 -6.46583
v -4.17220 8.04634 -6.62662
v -4.29830 7.94376 -6.14234
v -3.57460 7.65673 -7.34149
v -4.17220 8.04634 -6.62662
v -3.40210 7.78705 -6.46583
v -2.71170 7.14339 -6.93783
v -3.57460 7.65673 -7.34149
v -3.40210 7.78705 -6.46583
v -3.14690 6.57008 -7.79193
v -3.57460 7.65673 -7.34149
v -2.71170 7.14339 -6.93783
v -2.35200 6.08757 -7.21121
v -3.14690 6.57008 -7.79193
v -2.71170 7.14339 -6.93783
v -2.86660 5.68572 -7.80680
v -3.14690 6.57008 -7.79193
v -2.35200 6.08757 -7.21121
v -3.57460 7.65673 -7.34149
v -4.32150 7.93164 -7.09949
v -4.17220 8.04634 -6.62662
v -4.12610 7.22476 -7.78900
v -4.32150 7.93164 -7.09949
v -3.57460 7.65673 -7.34149
v -3.14690 6.57008 -7.79193
v -4.12610 7.22476 -7.78900
v -3.57460 7.65673 -7.34149
v -3.87250 5.99905 -7.95680
v -4.12610 7.22476 -7.78900
v -3.14690 6.57008 -7.79193
v -2.86660 5.68572 -7.80680
v -3.87250 5.99905 -7.95680
v -3.14690 6.57008 -7.79193
v -3.35780 7.80278 -3.91561
v -4.11910 8.04924 -3.69223
v -4.08010 7.87073 -3.21679
v -3.57390 7.79743 -4.78797
v -4.11910 8.04924 -3.69223
v -3.35780 7.80278 -3.91561
v -2.88620 7.26858 -4.75934
v -3.57390 7.79743 -4.78797
v -3.35780 7.80278 -3.91561
v -3.39040 7.42802 -3.11252
v -4.08010 7.87073 -3.21679
v -4.32100 7.56936 -2.93712
v -3.35780 7.80278 -3.91561
v -4.08010 7.87073 -3.21679
v -3.39040 7.42802 -3.11252
v -2.64950 7.01646 -3.77776
v -3.35780 7.80278 -3.91561
v -3.39040 7.42802 -3.11252
v -2.88620 7.26858 -4.75934
v -3.35780 7.80278 -3.91561
v -2.64950 7.01646 -3.77776
v -3.57390 7.79743 -4.78797
v -4.41500 8.00030 -4.08492
v -4.11910 8.04924 -3.69223
v -4.47560 7.41510 -4.93405
v -4.41500 8.00030 -4.08492
v -3.57390 7.79743 -4.78797
v -3.57740 6.80897 -5.42517
v -4.47560 7.41510 -4.93405
v -3.57390 7.79743 -4.78797
v -1.71580 7.80312 -3.46074
v -1.15100 6.66505 -2.76873
v -1.72820 6.22506 -3.70973
v -1.34590 7.90304 -2.25321
v -1.15100 6.66505 -2.76873
v -1.71580 7.80312 -3.46074
v -2.03910 9.07896 -2.74103
v -1.34590 7.90304 -2.25321
v -1.71580 7.80312 -3.46074
v -2.07380 9.00687 -1.63140
v -1.34590 7.90304 -2.25321
v -2.03910 9.07896 -2.74103
v -2.83860 9.74244 -1.89724
v -2.07380 9.00687 -1.63140
v -2.03910 9.07896 -2.74103
v -3.19280 9.56130 -1.38745
v -2.07380 9.00687 -1.63140
v -2.83860 9.74244 -1.89724
v -3.64430 9.71670 -2.06755
v -3.19280 9.56130 -1.38745
v -2.83860 9.74244 -1.89724
v -1.34590 7.90304 -2.25321
v -1.35800 6.28024 -1.62753
v -1.15100 6.66505 -2.76873
v -1.86440 7.38022 -1.07946
v -1.35800 6.28024 -1.62753
v -1.34590 7.90304 -2.25321
v -2.07380 9.00687 -1.63140
v -1.86440 7.38022 -1.07946
v -1.34590 7.90304 -2.25321
v -2.80590 8.64624 -0.84652
v -1.86440 7.38022 -1.07946
v -2.07380 9.00687 -1.63140
v -3.19280 9.56130 -1.38745
v -2.80590 8.64624 -0.84652
v -2.07380 9.00687 -1.63140
v -3.76000 9.30822 -1.29206
v -2.80590 8.64624 -0.84652
v -3.19280 9.56130 -1.38745
v -3.64430 9.71670 -2.06755
v -3.76000 9.30822 -1.29206
v -3.19280 9.56130 -1.38745
v -1.86440 7.38022 -1.07946
v -2.22780 5.86510 -0.95463
v -1.35800 6.28024 -1.62753
v -2.96770 6.87425 -0.62705
v -2.22780 5.86510 -0.95463
v -1.86440 7.38022 -1.07946
v -2.80590 8.64624 -0.84652
v -2.96770 6.87425 -0.62705
v -1.86440 7.38022 -1.07946
v -3.80670 8.20833 -0.84616
v -2.96770 6.87425 -0.62705
v -2.80590 8.64624 -0.84652
v -3.76000 9.30822 -1.29206
v -3.80670 8.20833 -0.84616
v -2.80590 8.64624 -0.84652
v -4.20800 9.13145 -1.66699
v -3.80670 8.20833 -0.84616
v -3.76000 9.30822 -1.29206
v -3.64430 9.71670 -2.06755
v -4.20800 9.13145 -1.66699
v -3.76000 9.30822 -1.29206
v -2.75750 7.13898 -3.99469
v -1.72820 6.22506 -3.70973
v -2.75140 5.78706 -3.89930
v -1.71580 7.80312 -3.46074
v -1.72820 6.22506 -3.70973
v -2.75750 7.13898 -3.99469
v -2.72220 8.82030 -3.52541
v -1.71580 7.80312 -3.46074
v -2.75750 7.13898 -3.99469
v -2.03910 9.07896 -2.74103
v -1.71580 7.80312 -3.46074
v -2.72220 8.82030 -3.52541
v -2.90490 9.74553 -2.52285
v -2.03910 9.07896 -2.74103
v -2.72220 8.82030 -3.52541
v -2.83860 9.74244 -1.89724
v -2.03910 9.07896 -2.74103
v -2.90490 9.74553 -2.52285
v -3.64430 9.71670 -2.06755
v -2.83860 9.74244 -1.89724
v -2.90490 9.74553 -2.52285
v -3.80670 8.20833 -0.84616
v -4.00940 6.68153 -1.16099
v -2.96770 6.87425 -0.62705
v -4.48980 7.94967 -1.63054
v -4.00940 6.68153 -1.16099
v -3.80670 8.20833 -0.84616
v -4.20800 9.13145 -1.66699
v -4.48980 7.94967 -1.63054
v -3.80670 8.20833 -0.84616
v -4.27420 9.13454 -2.29258
v -4.48980 7.94967 -1.63054
v -4.20800 9.13145 -1.66699
v -3.64430 9.71670 -2.06755
v -4.27420 9.13454 -2.29258
v -4.20800 9.13145 -1.66699
v -3.35280 9.56876 -2.89776
v -3.64430 9.71670 -2.06755
v -2.90490 9.74553 -2.52285
v -2.72220 8.82030 -3.52541
v -3.35280 9.56876 -2.89776
v -2.90490 9.74553 -2.52285
v -3.72300 8.38240 -3.52504
v -3.35280 9.56876 -2.89776
v -2.72220 8.82030 -3.52541
v -2.75750 7.13898 -3.99469
v -3.72300 8.38240 -3.52504
v -2.72220 8.82030 -3.52541
v -4.27420 9.13454 -2.29258
v -4.45510 8.02177 -2.74017
v -4.48980 7.94967 -1.63054
v -3.92000 9.31568 -2.80238
v -4.45510 8.02177 -2.74017
v -4.27420 9.13454 -2.29258
v -3.64430 9.71670 -2.06755
v -3.92000 9.31568 -2.80238
v -4.27420 9.13454 -2.29258
v -3.92000 9.31568 -2.80238
v -3.72300 8.38240 -3.52504
v -4.45510 8.02177 -2.74017
v -3.35280 9.56876 -2.89776
v -3.72300 8.38240 -3.52504
v -3.92000 9.31568 -2.80238
v -3.64430 9.71670 -2.06755
v -3.35280 9.56876 -2.89776
v -3.92000 9.31568 -2.80238
v -2.36780 7.44873 -1.30431
v -1.56410 6.74524 -0.45275
v -2.14970 6.39851 -1.52703
v -1.95350 7.65135 0.07266
v -1.56410 6.74524 -0.45275
v -2.36780 7.44873 -1.30431
v -2.87990 8.34558 -0.55159
v -1.95350 7.65135 0.07266
v -2.36780 7.44873 -1.30431
v -2.83980 8.28690 0.71212
v -1.95350 7.65135 0.07266
v -2.87990 8.34558 -0.55159
v -3.74450 8.61775 0.35834
v -2.83980 8.28690 0.71212
v -2.87990 8.34558 -0.55159
v -4.03360 8.36969 0.93746
v -2.83980 8.28690 0.71212
v -3.74450 8.61775 0.35834
v -4.54600 8.34413 0.14653
v -4.03360 8.36969 0.93746
v -3.74450 8.61775 0.35834
v -1.95350 7.65135 0.07266
v -1.67850 6.33724 0.84618
v -1.56410 6.74524 -0.45275
v -2.34920 7.03861 1.40732
v -1.67850 6.33724 0.84618
v -1.95350 7.65135 0.07266
v -2.83980 8.28690 0.71212
v -2.34920 7.03861 1.40732
v -1.95350 7.65135 0.07266
v -3.45480 7.78288 1.60293
v -2.34920 7.03861 1.40732
v -2.83980 8.28690 0.71212
v -4.03360 8.36969 0.93746
v -3.45480 7.78288 1.60293
v -2.83980 8.28690 0.71212
v -4.54320 7.99586 1.04366
v -3.45480 7.78288 1.60293
v -4.03360 8.36969 0.93746
v -4.54600 8.34413 0.14653
v -4.54320 7.99586 1.04366
v -4.03360 8.36969 0.93746
v -2.34920 7.03861 1.40732
v -2.42600 5.74683 1.60888
v -1.67850 6.33724 0.84618
v -3.32310 6.30279 1.91784
v -2.42600 5.74683 1.60888
v -2.34920 7.03861 1.40732
v -3.45480 7.78288 1.60293
v -3.32310 6.30279 1.91784
v -2.34920 7.03861 1.40732
v -4.36460 7.12875 1.59902
v -3.32310 6.30279 1.91784
v -3.45480 7.78288 1.60293
v -4.54320 7.99586 1.04366
v -4.36460 7.12875 1.59902
v -3.45480 7.78288 1.60293
v -4.97470 7.71523 0.61469
v -4.36460 7.12875 1.59902
v -4.54320 7.99586 1.04366
v -4.54600 8.34413 0.14653
v -4.97470 7.71523 0.61469
v -4.54320 7.99586 1.04366
v -3.84520 8.59472 -0.35450
v -4.54600 8.34413 0.14653
v -3.74450 8.61775 0.35834
v -2.87990 8.34558 -0.55159
v -3.84520 8.59472 -0.35450
v -3.74450 8.61775 0.35834
v -3.55170 7.92453 -1.44792
v -3.84520 8.59472 -0.35450
v -2.87990 8.34558 -0.55159
v -2.36780 7.44873 -1.30431
v -3.55170 7.92453 -1.44792
v -2.87990 8.34558 -0.55159
v -4.78630 7.94026 -0.67727
v -4.27670 8.31410 -0.78346
v -4.46160 7.27041 -1.45186
v -4.54600 8.34413 0.14653
v -4.27670 8.31410 -0.78346
v -4.78630 7.94026 -0.67727
v -4.27670 8.31410 -0.78346
v -3.55170 7.92453 -1.44792
v -4.46160 7.27041 -1.45186
v -3.84520 8.59472 -0.35450
v -3.55170 7.92453 -1.44792
v -4.27670 8.31410 -0.78346
v -4.54600 8.34413 0.14653
v -3.84520 8.59472 -0.35450
v -4.27670 8.31410 -0.78346
v -3.05420 7.33104 1.45086
v -2.23990 6.68991 1.80269
v -3.18760 6.46649 1.70967
v -2.06240 7.59140 1.86658
v -2.23990 6.68991 1.80269
v -3.05420 7.33104 1.45086
v -2.82700 8.32615 1.70715
v -2.06240 7.59140 1.86658
v -3.05420 7.33104 1.45086
v -2.14230 8.53879 2.38864
v -2.06240 7.59140 1.86658
v -2.82700 8.32615 1.70715
v -2.79950 9.07124 2.53371
v -2.14230 8.53879 2.38864
v -2.82700 8.32615 1.70715
v -2.68950 9.14490 3.11722
v -2.14230 8.53879 2.38864
v -2.79950 9.07124 2.53371
v -3.40290 9.17314 2.98423
v -2.68950 9.14490 3.11722
v -2.79950 9.07124 2.53371
v -2.06240 7.59140 1.86658
v -1.63930 6.89643 2.64048
v -2.23990 6.68991 1.80269
v -1.62960 7.78210 2.97264
v -1.63930 6.89643 2.64048
v -2.06240 7.59140 1.86658
v -2.14230 8.53879 2.38864
v -1.62960 7.78210 2.97264
v -2.06240 7.59140 1.86658
v -2.08610 8.63892 3.43633
v -1.62960 7.78210 2.97264
v -2.14230 8.53879 2.38864
v -2.68950 9.14490 3.11722
v -2.08610 8.63892 3.43633
v -2.14230 8.53879 2.38864
v -2.97200 9.12309 3.62682
v -2.08610 8.63892 3.43633
v -2.68950 9.14490 3.11722
v -3.40290 9.17314 2.98423
v -2.97200 9.12309 3.62682
v -2.68950 9.14490 3.11722
v -1.62960 7.78210 2.97264
v -1.73760 6.96508 3.73230
v -1.63930 6.89643 2.64048
v -2.00930 7.79141 4.12116
v -1.73760 6.96508 3.73230
v -1.62960 7.78210 2.97264
v -2.08610 8.63892 3.43633
v -2.00930 7.79141 4.12116
v -1.62960 7.78210 2.97264
v -2.69130 8.56789 4.23650
v -2.00930 7.79141 4.12116
v -2.08610 8.63892 3.43633
v -2.97200 9.12309 3.62682
v -2.69130 8.56789 4.23650
v -2.08610 8.63892 3.43633
v -3.48140 9.01859 3.76401
v -2.69130 8.56789 4.23650
v -2.97200 9.12309 3.62682
v -3.40290 9.17314 2.98423
v -3.48140 9.01859 3.76401
v -2.97200 9.12309 3.62682
v -3.23740 8.94526 2.21813
v -3.40290 9.17314 2.98423
v -2.79950 9.07124 2.53371
v -2.82700 8.32615 1.70715
v -3.23740 8.94526 2.21813
v -2.79950 9.07124 2.53371
v -3.73920 8.12556 1.79109
v -3.23740 8.94526 2.21813
v -2.82700 8.32615 1.70715
v -3.05420 7.33104 1.45086
v -3.73920 8.12556 1.79109
v -2.82700 8.32615 1.70715
v -4.02400 7.15351 1.96901
v -3.73920 8.12556 1.79109
v -3.05420 7.33104 1.45086
v -3.18760 6.46649 1.70967
v -4.02400 7.15351 1.96901
v -3.05420 7.33104 1.45086
v -3.91940 8.89260 3.44841
v -3.40290 9.17314 2.98423
v -4.02940 8.81894 2.86491
v -4.28810 8.15466 3.63896
v -3.91940 8.89260 3.44841
v -4.02940 8.81894 2.86491
v -3.60340 8.36730 4.32045
v -3.91940 8.89260 3.44841
v -4.28810 8.15466 3.63896
v -3.97090 7.35352 4.22357
v -3.60340 8.36730 4.32045
v -4.28810 8.15466 3.63896
v -4.28810 8.15466 3.63896
v -4.40370 7.16283 3.11751
v -3.97090 7.35352 4.22357
v -4.34430 8.05452 2.59126
v -4.40370 7.16283 3.11751
v -4.28810 8.15466 3.63896
v -4.02940 8.81894 2.86491
v -4.34430 8.05452 2.59126
v -4.28810 8.15466 3.63896
v -3.74690 8.84075 2.35531
v -4.34430 8.05452 2.59126
v -4.02940 8.81894 2.86491
v -3.40290 9.17314 2.98423
v -3.74690 8.84075 2.35531
v -4.02940 8.81894 2.86491
v -4.34430 8.05452 2.59126
v -4.02400 7.15351 1.96901
v -4.40370 7.16283 3.11751
v -3.73920 8.12556 1.79109
v -4.02400 7.15351 1.96901
v -4.34430 8.05452 2.59126
v -3.74690 8.84075 2.35531
v -3.73920 8.12556 1.79109
v -4.34430 8.05452 2.59126
v -3.23740 8.94526 2.21813
v -3.73920 8.12556 1.79109
v -3.74690 8.84075 2.35531
v -3.40290 9.17314 2.98423
v -3.23740 8.94526 2.21813
v -3.74690 8.84075 2.35531
v -3.48140 9.01859 3.76401
v -3.60340 8.36730 4.32045
v -2.69130 8.56789 4.23650
v -3.91940 8.89260 3.44841
v -3.60340 8.36730 4.32045
v -3.48140 9.01859 3.76401
v -3.40290 9.17314 2.98423
v -3.91940 8.89260 3.44841
v -3.48140 9.01859 3.76401
v -4.13930 7.90986 6.88988
v -4.60110 7.98126 6.44750
v -4.49850 7.67938 7.03407
v -3.68030 7.38609 7.19513
v -4.13930 7.90986 6.88988
v -4.49850 7.67938 7.03407
v -3.34520 7.74113 6.50641
v -4.13930 7.90986 6.88988
v -3.68030 7.38609 7.19513
v -2.96600 6.67471 6.82115
v -3.34520 7.74113 6.50641
v -3.68030 7.38609 7.19513
v -2.84870 7.21559 5.86407
v -3.34520 7.74113 6.50641
v -2.96600 6.67471 6.82115
v -2.61220 6.11817 6.26847
v -2.84870 7.21559 5.86407
v -2.96600 6.67471 6.82115
v -2.96600 6.67471 6.82115
v -3.06080 5.71893 6.88956
v -2.61220 6.11817 6.26847
v -3.61290 6.20320 7.30431
v -3.06080 5.71893 6.88956
v -2.96600 6.67471 6.82115
v -3.68030 7.38609 7.19513
v -3.61290 6.20320 7.30431
v -2.96600 6.67471 6.82115
v -4.34670 6.99405 7.32199
v -3.61290 6.20320 7.30431
v -3.68030 7.38609 7.19513
v -4.49850 7.67938 7.03407
v -4.34670 6.99405 7.32199
v -3.68030 7.38609 7.19513
v -4.86970 7.53651 6.80600
v -4.34670 6.99405 7.32199
v -4.49850 7.67938 7.03407
v -4.60110 7.98126 6.44750
v -4.86970 7.53651 6.80600
v -4.49850 7.67938 7.03407
v -4.00250 8.09293 6.45790
v -4.60110 7.98126 6.44750
v -4.13930 7.90986 6.88988
v -3.34520 7.74113 6.50641
v -4.00250 8.09293 6.45790
v -4.13930 7.90986 6.88988
v -3.53770 7.85119 5.65927
v -4.00250 8.09293 6.45790
v -3.34520 7.74113 6.50641
v -2.84870 7.21559 5.86407
v -3.53770 7.85119 5.65927
v -3.34520 7.74113 6.50641
v -4.86970 7.53651 6.80600
v -4.95410 6.79466 6.81265
v -4.34670 6.99405 7.32199
v -5.03540 7.56494 6.33924
v -4.95410 6.79466 6.81265
v -4.86970 7.53651 6.80600
v -4.60110 7.98126 6.44750
v -5.03540 7.56494 6.33924
v -4.86970 7.53651 6.80600
v -5.03540 7.56494 6.33924
v -5.14650 6.90472 5.96551
v -4.95410 6.79466 6.81265
v -4.89850 7.74801 5.90723
v -5.14650 6.90472 5.96551
v -5.03540 7.56494 6.33924
v -4.60110 7.98126 6.44750
v -4.89850 7.74801 5.90723
v -5.03540 7.56494 6.33924
v -4.89850 7.74801 5.90723
v -4.81150 7.25976 5.27679
v -5.14650 6.90472 5.96551
v -4.53930 7.97849 5.76305
v -4.81150 7.25976 5.27679
v -4.89850 7.74801 5.90723
v -4.60110 7.98126 6.44750
v -4.53930 7.97849 5.76305
v -4.89850 7.74801 5.90723
v -4.53930 7.97849 5.76305
v -4.14500 7.65180 5.14994
v -4.81150 7.25976 5.27679
v -4.16820 8.12136 5.99114
v -4.14500 7.65180 5.14994
v -4.53930 7.97849 5.76305
v -4.60110 7.98126 6.44750
v -4.16820 8.12136 5.99114
v -4.53930 7.97849 5.76305
v -4.16820 8.12136 5.99114
v -3.53770 7.85119 5.65927
v -4.14500 7.65180 5.14994
v -4.00250 8.09293 6.45790
v -3.53770 7.85119 5.65927
v -4.16820 8.12136 5.99114
v -4.60110 7.98126 6.44750
v -4.00250 8.09293 6.45790
v -4.16820 8.12136 5.99114
v -3.16650 9.04470 5.36661
v -4.00610 8.88810 5.35206
v -3.35850 8.78797 5.97245
v -2.24480 8.55134 5.43466
v -3.16650 9.04470 5.36661
v -3.35850 8.78797 5.97245
v -2.51470 8.70568 4.24663
v -3.16650 9.04470 5.36661
v -2.24480 8.55134 5.43466
v -1.54850 7.81434 4.53387
v -2.51470 8.70568 4.24663
v -2.24480 8.55134 5.43466
v -2.22300 7.75836 3.31335
v -2.51470 8.70568 4.24663
v -1.54850 7.81434 4.53387
v -1.33460 6.85872 3.84874
v -2.22300 7.75836 3.31335
v -1.54850 7.81434 4.53387
v -1.54850 7.81434 4.53387
v -1.21690 6.37019 5.10097
v -1.33460 6.85872 3.84874
v -1.71300 7.15066 5.87602
v -1.21690 6.37019 5.10097
v -1.54850 7.81434 4.53387
v -2.24480 8.55134 5.43466
v -1.71300 7.15066 5.87602
v -1.54850 7.81434 4.53387
v -2.71480 8.05344 6.40050
v -1.71300 7.15066 5.87602
v -2.24480 8.55134 5.43466
v -3.35850 8.78797 5.97245
v -2.71480 8.05344 6.40050
v -2.24480 8.55134 5.43466
v -3.86220 8.46475 6.17466
v -2.71480 8.05344 6.40050
v -3.35850 8.78797 5.97245
v -4.00610 8.88810 5.35206
v -3.86220 8.46475 6.17466
v -3.35850 8.78797 5.97245
v -1.71300 7.15066 5.87602
v -1.84600 5.81029 5.97199
v -1.21690 6.37019 5.10097
v -2.62030 6.48943 6.55361
v -1.84600 5.81029 5.97199
v -1.71300 7.15066 5.87602
v -2.71480 8.05344 6.40050
v -2.62030 6.48943 6.55361
v -1.71300 7.15066 5.87602
v -3.64940 7.26795 6.57840
v -2.62030 6.48943 6.55361
v -2.71480 8.05344 6.40050
v -3.86220 8.46475 6.17466
v -3.64940 7.26795 6.57840
v -2.71480 8.05344 6.40050
v -4.38280 8.26439 5.85478
v -3.64940 7.26795 6.57840
v -3.86220 8.46475 6.17466
v -4.00610 8.88810 5.35206
v -4.38280 8.26439 5.85478
v -3.86220 8.46475 6.17466
v -2.62030 6.48943 6.55361
v -2.85340 5.27131 5.95159
v -1.84600 5.81029 5.97199
v -3.73870 5.98227 6.16970
v -2.85340 5.27131 5.95159
v -2.62030 6.48943 6.55361
v -3.64940 7.26795 6.57840
v -3.73870 5.98227 6.16970
v -2.62030 6.48943 6.55361
v -4.50110 6.98833 5.86413
v -3.73870 5.98227 6.16970
v -3.64940 7.26795 6.57840
v -4.38280 8.26439 5.85478
v -4.50110 6.98833 5.86413
v -3.64940 7.26795 6.57840
v -4.61510 8.30426 5.20022
v -4.50110 6.98833 5.86413
v -4.38280 8.26439 5.85478
v -4.00610 8.88810 5.35206
v -4.61510 8.30426 5.20022
v -4.38280 8.26439 5.85478
v -3.39890 9.08456 4.71206
v -4.00610 8.88810 5.35206
v -3.16650 9.04470 5.36661
v -2.51470 8.70568 4.24663
v -3.39890 9.08456 4.71206
v -3.16650 9.04470 5.36661
v -3.36650 8.42606 3.53235
v -3.39890 9.08456 4.71206
v -2.51470 8.70568 4.24663
v -2.22300 7.75836 3.31335
v -3.36650 8.42606 3.53235
v -2.51470 8.70568 4.24663
v -4.61510 8.30426 5.20022
v -4.77100 7.37838 4.67612
v -4.50110 6.98833 5.86413
v -4.42320 8.56099 4.59440
v -4.77100 7.37838 4.67612
v -4.61510 8.30426 5.20022
v -4.00610 8.88810 5.35206
v -4.42320 8.56099 4.59440
v -4.61510 8.30426 5.20022
v -4.42320 8.56099 4.59440
v -4.30100 7.87628 3.71026
v -4.77100 7.37838 4.67612
v -3.91940 8.88421 4.39219
v -4.30100 7.87628 3.71026
v -4.42320 8.56099 4.59440
v -4.00610 8.88810 5.35206
v -3.91940 8.88421 4.39219
v -4.42320 8.56099 4.59440
v -3.91940 8.88421 4.39219
v -3.36650 8.42606 3.53235
v -4.30100 7.87628 3.71026
v -3.39890 9.08456 4.71206
v -3.36650 8.42606 3.53235
v -3.91940 8.88421 4.39219
v -4.00610 8.88810 5.35206
v -3.39890 9.08456 4.71206
v -3.91940 8.88421 4.39219
v 1.90410 9.56876 6.92080
v 2.19690 9.71670 6.09105
v 1.45680 9.74553 6.54519
v 1.27260 8.82030 7.54749
v 1.90410 9.56876 6.92080
v 1.45680 9.74553 6.54519
v 2.27330 8.38240 7.54868
v 1.90410 9.56876 6.92080
v 1.27260 8.82030 7.54749
v 1.30710 7.13898 8.01682
v 2.27330 8.38240 7.54868
v 1.27260 8.82030 7.54749
v 2.41110 6.63302 7.56611
v 2.27330 8.38240 7.54868
v 1.30710 7.13898 8.01682
v 1.30120 5.78706 7.92141
v 2.41110 6.63302 7.56611
v 1.30710 7.13898 8.01682
v 1.30710 7.13898 8.01682
v 0.27820 6.22506 7.73028
v 1.30120 5.78706 7.92141
v 0.26620 7.80312 7.48127
v 0.27820 6.22506 7.73028
v 1.30710 7.13898 8.01682
v 1.27260 8.82030 7.54749
v 0.26620 7.80312 7.48127
v 1.30710 7.13898 8.01682
v 0.59060 9.07896 6.76206
v 0.26620 7.80312 7.48127
v 1.27260 8.82030 7.54749
v 1.45680 9.74553 6.54519
v 0.59060 9.07896 6.76206
v 1.27260 8.82030 7.54749
v 1.39150 9.74244 5.91951
v 0.59060 9.07896 6.76206
v 1.45680 9.74553 6.54519
v 2.19690 9.71670 6.09105
v 1.39150 9.74244 5.91951
v 1.45680 9.74553 6.54519
v 0.59060 9.07896 6.76206
v -0.10180 7.90304 6.27318
v 0.26620 7.80312 7.48127
v 0.62710 9.00687 5.65248
v -0.10180 7.90304 6.27318
v 0.59060 9.07896 6.76206
v 1.39150 9.74244 5.91951
v 0.62710 9.00687 5.65248
v 0.59060 9.07896 6.76206
v 1.74640 9.56130 5.41024
v 0.62710 9.00687 5.65248
v 1.39150 9.74244 5.91951
v 2.19690 9.71670 6.09105
v 1.74640 9.56130 5.41024
v 1.39150 9.74244 5.91951
v 0.62710 9.00687 5.65248
v 0.41850 7.38022 5.10022
v -0.10180 7.90304 6.27318
v 1.36040 8.64624 4.86873
v 0.41850 7.38022 5.10022
v 0.62710 9.00687 5.65248
v 1.74640 9.56130 5.41024
v 1.36040 8.64624 4.86873
v 0.62710 9.00687 5.65248
v 2.31380 9.30822 5.31574
v 1.36040 8.64624 4.86873
v 1.74640 9.56130 5.41024
v 2.19690 9.71670 6.09105
v 2.31380 9.30822 5.31574
v 1.74640 9.56130 5.41024
v 2.76120 9.13145 5.69136
v 2.19690 9.71670 6.09105
v 2.82650 9.13454 6.31704
v 3.04300 7.94967 5.65535
v 2.76120 9.13145 5.69136
v 2.82650 9.13454 6.31704
v 2.36110 8.20833 4.86992
v 2.76120 9.13145 5.69136
v 3.04300 7.94967 5.65535
v 2.56340 6.44583 5.18505
v 2.36110 8.20833 4.86992
v 3.04300 7.94967 5.65535
v 3.04300 7.94967 5.65535
v 2.93140 6.34590 6.39315
v 2.56340 6.44583 5.18505
v 3.00660 8.02177 6.76493
v 2.93140 6.34590 6.39315
v 3.04300 7.94967 5.65535
v 2.82650 9.13454 6.31704
v 3.00660 8.02177 6.76493
v 3.04300 7.94967 5.65535
v 2.47150 9.31568 6.82630
v 3.00660 8.02177 6.76493
v 2.82650 9.13454 6.31704
v 2.19690 9.71670 6.09105
v 2.47150 9.31568 6.82630
v 2.82650 9.13454 6.31704
v 3.00660 8.02177 6.76493
v 2.41110 6.63302 7.56611
v 2.93140 6.34590 6.39315
v 2.27330 8.38240 7.54868
v 2.41110 6.63302 7.56611
v 3.00660 8.02177 6.76493
v 2.47150 9.31568 6.82630
v 2.27330 8.38240 7.54868
v 3.00660 8.02177 6.76493
v 1.90410 9.56876 6.92080
v 2.27330 8.38240 7.54868
v 2.47150 9.31568 6.82630
v 2.19690 9.71670 6.09105
v 1.90410 9.56876 6.92080
v 2.47150 9.31568 6.82630
v 2.31380 9.30822 5.31574
v 2.36110 8.20833 4.86992
v 1.36040 8.64624 4.86873
v 2.76120 9.13145 5.69136
v 2.36110 8.20833 4.86992
v 2.31380 9.30822 5.31574
v 2.19690 9.71670 6.09105
v 2.76120 9.13145 5.69136
v 2.31380 9.30822 5.31574
v 2.58180 7.47883 7.04818
v 2.10490 7.01665 6.75953
v 2.52660 6.89515 7.22625
v 2.22150 7.52570 6.40987
v 2.10490 7.01665 6.75953
v 2.58180 7.47883 7.04818
v 2.73820 7.98554 6.56721
v 2.22150 7.52570 6.40987
v 2.58180 7.47883 7.04818
v 2.58970 7.91844 5.94087
v 2.22150 7.52570 6.40987
v 2.73820 7.98554 6.56721
v 3.07930 8.17120 5.97772
v 2.58970 7.91844 5.94087
v 2.73820 7.98554 6.56721
v 3.17590 8.04088 5.65403
v 2.58970 7.91844 5.94087
v 3.07930 8.17120 5.97772
v 3.52060 8.08268 5.97834
v 3.17590 8.04088 5.65403
v 3.07930 8.17120 5.97772
v 2.22150 7.52570 6.40987
v 2.03570 6.89725 6.09717
v 2.10490 7.01665 6.75953
v 2.29940 7.31299 5.69613
v 2.03570 6.89725 6.09717
v 2.22150 7.52570 6.40987
v 2.58970 7.91844 5.94087
v 2.29940 7.31299 5.69613
v 2.22150 7.52570 6.40987
v 2.82970 7.66286 5.42263
v 2.29940 7.31299 5.69613
v 2.58970 7.91844 5.94087
v 3.17590 8.04088 5.65403
v 2.82970 7.66286 5.42263
v 2.58970 7.91844 5.94087
v 3.43820 7.86918 5.54026
v 2.82970 7.66286 5.42263
v 3.17590 8.04088 5.65403
v 3.52060 8.08268 5.97834
v 3.43820 7.86918 5.54026
v 3.17590 8.04088 5.65403
v 2.29940 7.31299 5.69613
v 2.35940 6.60691 5.62712
v 2.03570 6.89725 6.09717
v 2.76970 6.96531 5.32505
v 2.35940 6.60691 5.62712
v 2.29940 7.31299 5.69613
v 2.82970 7.66286 5.42263
v 2.76970 6.96531 5.32505
v 2.29940 7.31299 5.69613
v 3.31740 7.36852 5.31611
v 2.76970 6.96531 5.32505
v 2.82970 7.66286 5.42263
v 3.43820 7.86918 5.54026
v 3.31740 7.36852 5.31611
v 2.82970 7.66286 5.42263
v 3.71240 7.75667 5.70303
v 3.31740 7.36852 5.31611
v 3.43820 7.86918 5.54026
v 3.52060 8.08268 5.97834
v 3.71240 7.75667 5.70303
v 3.43820 7.86918 5.54026
v 2.76970 6.96531 5.32505
v 2.88650 6.08000 5.62477
v 2.35940 6.60691 5.62712
v 3.35710 6.45062 5.51399
v 2.88650 6.08000 5.62477
v 2.76970 6.96531 5.32505
v 3.31740 7.36852 5.31611
v 3.35710 6.45062 5.51399
v 2.76970 6.96531 5.32505
v 3.76730 7.20785 5.68370
v 3.35710 6.45062 5.51399
v 3.31740 7.36852 5.31611
v 3.71240 7.75667 5.70303
v 3.76730 7.20785 5.68370
v 3.31740 7.36852 5.31611
v 3.83800 7.76925 6.04705
v 3.76730 7.20785 5.68370
v 3.71240 7.75667 5.70303
v 3.52060 8.08268 5.97834
v 3.83800 7.76925 6.04705
v 3.71240 7.75667 5.70303
v 3.35710 6.45062 5.51399
v 3.30810 5.95851 6.09150
v 2.88650 6.08000 5.62477
v 3.71740 6.40376 6.15227
v 3.30810 5.95851 6.09150
v 3.35710 6.45062 5.51399
v 3.76730 7.20785 5.68370
v 3.71740 6.40376 6.15227
v 3.35710 6.45062 5.51399
v 3.91580 7.27496 6.31006
v 3.71740 6.40376 6.15227
v 3.76730 7.20785 5.68370
v 3.83800 7.76925 6.04705
v 3.91580 7.27496 6.31006
v 3.76730 7.20785 5.68370
v 3.74130 7.89957 6.37076
v 3.91580 7.27496 6.31006
v 3.83800 7.76925 6.04705
v 3.52060 8.08268 5.97834
v 3.74130 7.89957 6.37076
v 3.83800 7.76925 6.04705
v 3.74130 7.89957 6.37076
v 3.52060 8.08268 5.97834
v 3.47910 8.07128 6.48454
v 3.67590 7.53053 6.82827
v 3.74130 7.89957 6.37076
v 3.47910 8.07128 6.48454
v 3.91580 7.27496 6.31006
v 3.74130 7.89957 6.37076
v 3.67590 7.53053 6.82827
v 3.63960 6.85217 6.86603
v 3.91580 7.27496 6.31006
v 3.67590 7.53053 6.82827
v 3.71740 6.40376 6.15227
v 3.91580 7.27496 6.31006
v 3.63960 6.85217 6.86603
v 3.37730 6.07790 6.75388
v 3.71740 6.40376 6.15227
v 3.63960 6.85217 6.86603
v 3.63960 6.85217 6.86603
v 3.05360 6.60395 7.22391
v 3.37730 6.07790 6.75388
v 3.16920 7.19985 7.23713
v 3.05360 6.60395 7.22391
v 3.63960 6.85217 6.86603
v 3.67590 7.53053 6.82827
v 3.16920 7.19985 7.23713
v 3.63960 6.85217 6.86603
v 3.18810 7.82487 6.93479
v 3.16920 7.19985 7.23713
v 3.67590 7.53053 6.82827
v 3.47910 8.07128 6.48454
v 3.18810 7.82487 6.93479
v 3.67590 7.53053 6.82827
v 3.20480 8.18379 6.32173
v 3.18810 7.82487 6.93479
v 3.47910 8.07128 6.48454
v 3.52060 8.08268 5.97834
v 3.20480 8.18379 6.32173
v 3.47910 8.07128 6.48454
v 3.16920 7.19985 7.23713
v 2.52660 6.89515 7.22625
v 3.05360 6.60395 7.22391
v 2.58180 7.47883 7.04818
v 2.52660 6.89515 7.22625
v 3.16920 7.19985 7.23713
v 3.18810 7.82487 6.93479
v 2.58180 7.47883 7.04818
v 3.16920 7.19985 7.23713
v 2.73820 7.98554 6.56721
v 2.58180 7.47883 7.04818
v 3.18810 7.82487 6.93479
v 3.20480 8.18379 6.32173
v 2.73820 7.98554 6.56721
v 3.18810 7.82487 6.93479
v 3.07930 8.17120 5.97772
v 2.73820 7.98554 6.56721
v 3.20480 8.18379 6.32173
v 3.52060 8.08268 5.97834
v 3.07930 8.17120 5.97772
v 3.20480 8.18379 6.32173
v 1.43480 8.34558 4.57390
v 0.50940 7.65135 3.94823
v 0.92160 7.44873 5.32583
v 1.39660 8.28690 3.31014
v 0.50940 7.65135 3.94823
v 1.43480 8.34558 4.57390
v 2.30090 8.61775 3.66533
v 1.39660 8.28690 3.31014
v 1.43480 8.34558 4.57390
v 2.59090 8.36969 3.08664
v 1.39660 8.28690 3.31014
v 2.30090 8.61775 3.66533
v 3.10200 8.34413 3.87838
v 2.59090 8.36969 3.08664
v 2.30090 8.61775 3.66533
v 1.39660 8.28690 3.31014
v 0.90710 7.03861 2.61419
v 0.50940 7.65135 3.94823
v 2.01300 7.78288 2.42028
v 0.90710 7.03861 2.61419
v 1.39660 8.28690 3.31014
v 2.59090 8.36969 3.08664
v 2.01300 7.78288 2.42028
v 1.39660 8.28690 3.31014
v 3.10060 7.99586 2.98124
v 2.01300 7.78288 2.42028
v 2.59090 8.36969 3.08664
v 3.10200 8.34413 3.87838
v 3.10060 7.99586 2.98124
v 2.59090 8.36969 3.08664
v 2.01300 7.78288 2.42028
v 1.88180 6.30279 2.10515
v 0.90710 7.03861 2.61419
v 2.92290 6.89305 2.42561
v 1.88180 6.30279 2.10515
v 2.01300 7.78288 2.42028
v 3.10060 7.99586 2.98124
v 2.92290 6.89305 2.42561
v 2.01300 7.78288 2.42028
v 3.53140 7.71523 3.41086
v 2.92290 6.89305 2.42561
v 3.10060 7.99586 2.98124
v 3.10200 8.34413 3.87838
v 3.53140 7.71523 3.41086
v 3.10060 7.99586 2.98124
v 2.92290 6.89305 2.42561
v 2.86250 5.63922 2.71932
v 1.88180 6.30279 2.10515
v 3.59320 6.47201 3.32299
v 2.86250 5.63922 2.71932
v 2.92290 6.89305 2.42561
v 3.53140 7.71523 3.41086
v 3.59320 6.47201 3.32299
v 2.92290 6.89305 2.42561
v 3.63100 7.69220 4.12386
v 3.59320 6.47201 3.32299
v 3.53140 7.71523 3.41086
v 3.10200 8.34413 3.87838
v 3.63100 7.69220 4.12386
v 3.53140 7.71523 3.41086
v 3.59320 6.47201 3.32299
v 3.27470 5.43661 4.09690
v 2.86250 5.63922 2.71932
v 3.63150 6.53068 4.58676
v 3.27470 5.43661 4.09690
v 3.59320 6.47201 3.32299
v 3.63100 7.69220 4.12386
v 3.63150 6.53068 4.58676
v 3.59320 6.47201 3.32299
v 3.34100 7.94026 4.70253
v 3.63150 6.53068 4.58676
v 3.63100 7.69220 4.12386
v 3.10200 8.34413 3.87838
v 3.34100 7.94026 4.70253
v 3.63100 7.69220 4.12386
v 3.63150 6.53068 4.58676
v 2.87700 5.81364 5.43098
v 3.27470 5.43661 4.09690
v 3.01510 7.03470 5.47662
v 2.87700 5.81364 5.43098
v 3.63150 6.53068 4.58676
v 3.34100 7.94026 4.70253
v 3.01510 7.03470 5.47662
v 3.63150 6.53068 4.58676
v 2.83130 8.31410 4.80795
v 3.01510 7.03470 5.47662
v 3.34100 7.94026 4.70253
v 3.10200 8.34413 3.87838
v 2.83130 8.31410 4.80795
v 3.34100 7.94026 4.70253
v 2.40050 8.59472 4.37831
v 3.10200 8.34413 3.87838
v 2.30090 8.61775 3.66533
v 1.43480 8.34558 4.57390
v 2.40050 8.59472 4.37831
v 2.30090 8.61775 3.66533
v 2.10520 7.92453 5.47130
v 2.40050 8.59472 4.37831
v 1.43480 8.34558 4.57390
v 0.92160 7.44873 5.32583
v 2.10520 7.92453 5.47130
v 1.43480 8.34558 4.57390
v 2.83130 8.31410 4.80795
v 2.10520 7.92453 5.47130
v 3.01510 7.03470 5.47662
v 2.40050 8.59472 4.37831
v 2.10520 7.92453 5.47130
v 2.83130 8.31410 4.80795
v 3.10200 8.34413 3.87838
v 2.40050 8.59472 4.37831
v 2.83130 8.31410 4.80795
v 3.62850 7.24817 1.13640
v 3.65670 7.43208 1.59957
v 3.78610 7.04982 1.37454
v 3.40600 6.58199 0.83773
v 3.62850 7.24817 1.13640
v 3.78610 7.04982 1.37454
v 3.05040 7.27157 0.79866
v 3.62850 7.24817 1.13640
v 3.40600 6.58199 0.83773
v 2.77710 6.40420 0.62333
v 3.05040 7.27157 0.79866
v 3.40600 6.58199 0.83773
v 2.38330 7.14609 0.84617
v 3.05040 7.27157 0.79866
v 2.77710 6.40420 0.62333
v 2.20510 6.22841 0.73818
v 2.38330 7.14609 0.84617
v 2.77710 6.40420 0.62333
v 2.77020 7.64365 1.88305
v 2.19420 7.39633 1.51629
v 2.32070 7.24404 2.24118
v 2.78700 7.61369 1.23165
v 2.19420 7.39633 1.51629
v 2.77020 7.64365 1.88305
v 3.29860 7.67382 1.45625
v 2.78700 7.61369 1.23165
v 2.77020 7.64365 1.88305
v 3.42660 7.50664 1.17026
v 2.78700 7.61369 1.23165
v 3.29860 7.67382 1.45625
v 3.65670 7.43208 1.59957
v 3.42660 7.50664 1.17026
v 3.29860 7.67382 1.45625
v 2.78700 7.61369 1.23165
v 2.38330 7.14609 0.84617
v 2.19420 7.39633 1.51629
v 3.05040 7.27157 0.79866
v 2.38330 7.14609 0.84617
v 2.78700 7.61369 1.23165
v 3.42660 7.50664 1.17026
v 3.05040 7.27157 0.79866
v 2.78700 7.61369 1.23165
v 3.62850 7.24817 1.13640
v 3.05040 7.27157 0.79866
v 3.42660 7.50664 1.17026
v 3.65670 7.43208 1.59957
v 3.62850 7.24817 1.13640
v 3.42660 7.50664 1.17026
v 3.40600 6.58199 0.83773
v 3.14500 5.93859 0.97831
v 2.77710 6.40420 0.62333
v 3.64540 6.28223 1.32597
v 3.14500 5.93859 0.97831
v 3.40600 6.58199 0.83773
v 3.78610 7.04982 1.37454
v 3.64540 6.28223 1.32597
v 3.40600 6.58199 0.83773
v 3.80710 7.02778 1.74516
v 3.64540 6.28223 1.32597
v 3.78610 7.04982 1.37454
v 3.65670 7.43208 1.59957
v 3.80710 7.02778 1.74516
v 3.78610 7.04982 1.37454
v 3.67910 7.19496 2.03117
v 3.65670 7.43208 1.59957
v 3.47720 7.45343 2.06501
v 3.36520 6.89002 2.41034
v 3.67910 7.19496 2.03117
v 3.47720 7.45343 2.06501
v 3.62850 6.31219 1.97737
v 3.67910 7.19496 2.03117
v 3.36520 6.89002 2.41034
v 3.08240 6.03654 2.37331
v 3.62850 6.31219 1.97737
v 3.36520 6.89002 2.41034
v 3.36520 6.89002 2.41034
v 2.68860 6.77843 2.59617
v 3.08240 6.03654 2.37331
v 3.00960 7.34389 2.37128
v 2.68860 6.77843 2.59617
v 3.36520 6.89002 2.41034
v 3.47720 7.45343 2.06501
v 3.00960 7.34389 2.37128
v 3.36520 6.89002 2.41034
v 3.31960 7.65178 1.82688
v 3.00960 7.34389 2.37128
v 3.47720 7.45343 2.06501
v 3.65670 7.43208 1.59957
v 3.31960 7.65178 1.82688
v 3.47720 7.45343 2.06501
v 3.00960 7.34389 2.37128
v 2.32070 7.24404 2.24118
v 2.68860 6.77843 2.59617
v 2.77020 7.64365 1.88305
v 2.32070 7.24404 2.24118
v 3.00960 7.34389 2.37128
v 3.31960 7.65178 1.82688
v 2.77020 7.64365 1.88305
v 3.00960 7.34389 2.37128
v 3.29860 7.67382 1.45625
v 2.77020 7.64365 1.88305
v 3.31960 7.65178 1.82688
v 3.65670 7.43208 1.59957
v 3.29860 7.67382 1.45625
v 3.31960 7.65178 1.82688
v 3.80710 7.02778 1.74516
v 3.62850 6.31219 1.97737
v 3.64540 6.28223 1.32597
v 3.67910 7.19496 2.03117
v 3.62850 6.31219 1.97737
v 3.80710 7.02778 1.74516
v 3.65670 7.43208 1.59957
v 3.67910 7.19496 2.03117
v 3.80710 7.02778 1.74516
v 1.35920 9.07124 1.48848
v 1.96330 9.17314 1.03892
v 1.25010 9.14490 0.90480
v 0.70170 8.53879 1.63255
v 1.35920 9.07124 1.48848
v 1.25010 9.14490 0.90480
v 1.38540 8.32615 2.31509
v 1.35920 9.07124 1.48848
v 0.70170 8.53879 1.63255
v 0.62100 7.59140 2.15447
v 1.38540 8.32615 2.31509
v 0.70170 8.53879 1.63255
v 1.61220 7.33104 2.57174
v 1.38540 8.32615 2.31509
v 0.62100 7.59140 2.15447
v 0.79850 6.68991 2.21866
v 1.61220 7.33104 2.57174
v 0.62100 7.59140 2.15447
v 0.62100 7.59140 2.15447
v 0.19920 6.89643 1.37993
v 0.79850 6.68991 2.21866
v 0.19000 7.78210 1.04774
v 0.19920 6.89643 1.37993
v 0.62100 7.59140 2.15447
v 0.70170 8.53879 1.63255
v 0.19000 7.78210 1.04774
v 0.62100 7.59140 2.15447
v 0.64710 8.63892 0.58478
v 0.19000 7.78210 1.04774
v 0.70170 8.53879 1.63255
v 1.25010 9.14490 0.90480
v 0.64710 8.63892 0.58478
v 0.70170 8.53879 1.63255
v 1.53340 9.12309 0.39564
v 0.64710 8.63892 0.58478
v 1.25010 9.14490 0.90480
v 1.96330 9.17314 1.03892
v 1.53340 9.12309 0.39564
v 1.25010 9.14490 0.90480
v 0.19000 7.78210 1.04774
v 0.29910 6.96508 0.28827
v 0.19920 6.89643 1.37993
v 0.57150 7.79141 -0.10015
v 0.29910 6.96508 0.28827
v 0.19000 7.78210 1.04774
v 0.64710 8.63892 0.58478
v 0.57150 7.79141 -0.10015
v 0.19000 7.78210 1.04774
v 1.25360 8.56789 -0.21448
v 0.57150 7.79141 -0.10015
v 0.64710 8.63892 0.58478
v 1.53340 9.12309 0.39564
v 1.25360 8.56789 -0.21448
v 0.64710 8.63892 0.58478
v 2.04300 9.01859 0.25924
v 1.25360 8.56789 -0.21448
v 1.53340 9.12309 0.39564
v 1.96330 9.17314 1.03892
v 2.04300 9.01859 0.25924
v 1.53340 9.12309 0.39564
v 2.58960 8.81894 1.15920
v 1.96330 9.17314 1.03892
v 2.30630 8.84075 1.66836
v 2.90410 8.05452 1.43332
v 2.58960 8.81894 1.15920
v 2.30630 8.84075 1.66836
v 2.84950 8.15466 0.38555
v 2.58960 8.81894 1.15920
v 2.90410 8.05452 1.43332
v 2.96430 7.16283 0.90719
v 2.84950 8.15466 0.38555
v 2.90410 8.05452 1.43332
v 2.53320 7.35352 -0.19956
v 2.84950 8.15466 0.38555
v 2.96430 7.16283 0.90719
v 2.58660 6.42568 0.51635
v 2.53320 7.35352 -0.19956
v 2.96430 7.16283 0.90719
v 2.48050 8.89260 0.57550
v 1.96330 9.17314 1.03892
v 2.58960 8.81894 1.15920
v 2.84950 8.15466 0.38555
v 2.48050 8.89260 0.57550
v 2.58960 8.81894 1.15920
v 2.16580 8.36730 -0.29701
v 2.48050 8.89260 0.57550
v 2.84950 8.15466 0.38555
v 2.53320 7.35352 -0.19956
v 2.16580 8.36730 -0.29701
v 2.84950 8.15466 0.38555
v 2.90410 8.05452 1.43332
v 2.58280 7.15351 2.05509
v 2.96430 7.16283 0.90719
v 2.29770 8.12556 2.23257
v 2.58280 7.15351 2.05509
v 2.90410 8.05452 1.43332
v 2.30630 8.84075 1.66836
v 2.29770 8.12556 2.23257
v 2.90410 8.05452 1.43332
v 1.79660 8.94526 1.80476
v 2.29770 8.12556 2.23257
v 2.30630 8.84075 1.66836
v 1.96330 9.17314 1.03892
v 1.79660 8.94526 1.80476
v 2.30630 8.84075 1.66836
v 2.29770 8.12556 2.23257
v 1.61220 7.33104 2.57174
v 2.58280 7.15351 2.05509
v 1.38540 8.32615 2.31509
v 1.61220 7.33104 2.57174
v 2.29770 8.12556 2.23257
v 1.79660 8.94526 1.80476
v 1.38540 8.32615 2.31509
v 2.29770 8.12556 2.23257
v 1.35920 9.07124 1.48848
v 1.38540 8.32615 2.31509
v 1.79660 8.94526 1.80476
v 1.96330 9.17314 1.03892
v 1.35920 9.07124 1.48848
v 1.79660 8.94526 1.80476
v 2.04300 9.01859 0.25924
v 2.16580 8.36730 -0.29701
v 1.25360 8.56789 -0.21448
v 2.48050 8.89260 0.57550
v 2.16580 8.36730 -0.29701
v 2.04300 9.01859 0.25924
v 1.96330 9.17314 1.03892
v 2.48050 8.89260 0.57550
v 2.04300 9.01859 0.25924
v 3.15120 6.63123 -1.14584
v 3.30190 5.82789 -0.90232
v 2.71800 5.92688 -1.14157
v 3.56690 6.60039 -0.75564
v 3.30190 5.82789 -0.90232
v 3.15120 6.63123 -1.14584
v 3.40720 7.45877 -0.78395
v 3.56690 6.60039 -0.75564
v 3.15120 6.63123 -1.14584
v 3.48920 7.49889 -0.45084
v 3.56690 6.60039 -0.75564
v 3.40720 7.45877 -0.78395
v 3.13890 7.74154 -0.56123
v 3.48920 7.49889 -0.45084
v 3.40720 7.45877 -0.78395
v 3.56690 6.60039 -0.75564
v 3.58620 5.87262 -0.27046
v 3.30190 5.82789 -0.90232
v 3.63270 6.69215 -0.15785
v 3.58620 5.87262 -0.27046
v 3.56690 6.60039 -0.75564
v 3.48920 7.49889 -0.45084
v 3.63270 6.69215 -0.15785
v 3.56690 6.60039 -0.75564
v 3.34300 7.58680 -0.16073
v 3.63270 6.69215 -0.15785
v 3.48920 7.49889 -0.45084
v 3.13890 7.74154 -0.56123
v 3.34300 7.58680 -0.16073
v 3.48920 7.49889 -0.45084
v 3.63270 6.69215 -0.15785
v 3.40450 6.03485 0.38393
v 3.58620 5.87262 -0.27046
v 3.31020 7.08846 0.29734
v 3.40450 6.03485 0.38393
v 3.63270 6.69215 -0.15785
v 3.34300 7.58680 -0.16073
v 3.31020 7.08846 0.29734
v 3.63270 6.69215 -0.15785
v 3.05430 7.67098 -0.08354
v 3.31020 7.08846 0.29734
v 3.34300 7.58680 -0.16073
v 3.13890 7.74154 -0.56123
v 3.05430 7.67098 -0.08354
v 3.34300 7.58680 -0.16073
v 3.31020 7.08846 0.29734
v 2.86320 6.21955 0.67748
v 3.40450 6.03485 0.38393
v 2.78820 7.22382 0.34331
v 2.86320 6.21955 0.67748
v 3.31020 7.08846 0.29734
v 3.05430 7.67098 -0.08354
v 2.78820 7.22382 0.34331
v 3.31020 7.08846 0.29734
v 2.79230 7.70215 -0.26449
v 2.78820 7.22382 0.34331
v 3.05430 7.67098 -0.08354
v 3.13890 7.74154 -0.56123
v 2.79230 7.70215 -0.26449
v 3.05430 7.67098 -0.08354
v 2.85650 7.57412 -0.88768
v 3.14520 7.48993 -0.96489
v 2.62910 6.76659 -1.09987
v 3.13890 7.74154 -0.56123
v 3.14520 7.48993 -0.96489
v 2.85650 7.57412 -0.88768
v 3.14520 7.48993 -0.96489
v 3.15120 6.63123 -1.14584
v 2.62910 6.76659 -1.09987
v 3.40720 7.45877 -0.78395
v 3.15120 6.63123 -1.14584
v 3.14520 7.48993 -0.96489
v 3.13890 7.74154 -0.56123
v 3.40720 7.45877 -0.78395
v 3.14520 7.48993 -0.96489
v 3.43600 7.53651 -2.78057
v 3.16690 7.98126 -2.42253
v 3.60090 7.56494 -2.31358
v 3.52040 6.55896 -2.78712
v 3.43600 7.53651 -2.78057
v 3.60090 7.56494 -2.31358
v 2.91380 6.75835 -3.29739
v 3.43600 7.53651 -2.78057
v 3.52040 6.55896 -2.78712
v 2.97710 5.84157 -3.00586
v 2.91380 6.75835 -3.29739
v 3.52040 6.55896 -2.78712
v 3.52040 6.55896 -2.78712
v 3.45670 5.80164 -2.13480
v 2.97710 5.84157 -3.00586
v 3.71160 6.66902 -1.93968
v 3.45670 5.80164 -2.13480
v 3.52040 6.55896 -2.78712
v 3.60090 7.56494 -2.31358
v 3.71160 6.66902 -1.93968
v 3.52040 6.55896 -2.78712
v 3.46350 7.74801 -1.88180
v 3.71160 6.66902 -1.93968
v 3.60090 7.56494 -2.31358
v 3.16690 7.98126 -2.42253
v 3.46350 7.74801 -1.88180
v 3.60090 7.56494 -2.31358
v 3.71160 6.66902 -1.93968
v 3.33790 6.10682 -1.17791
v 3.45670 5.80164 -2.13480
v 3.37540 7.25976 -1.25147
v 3.33790 6.10682 -1.17791
v 3.71160 6.66902 -1.93968
v 3.46350 7.74801 -1.88180
v 3.37540 7.25976 -1.25147
v 3.71160 6.66902 -1.93968
v 3.10400 7.97849 -1.73815
v 3.37540 7.25976 -1.25147
v 3.46350 7.74801 -1.88180
v 3.16690 7.98126 -2.42253
v 3.10400 7.97849 -1.73815
v 3.46350 7.74801 -1.88180
v 3.37540 7.25976 -1.25147
v 2.69030 6.57833 -0.69575
v 3.33790 6.10682 -1.17791
v 2.70870 7.65180 -1.12565
v 2.69030 6.57833 -0.69575
v 3.37540 7.25976 -1.25147
v 3.10400 7.97849 -1.73815
v 2.70870 7.65180 -1.12565
v 3.37540 7.25976 -1.25147
v 2.73320 8.12136 -1.96683
v 2.70870 7.65180 -1.12565
v 3.10400 7.97849 -1.73815
v 3.16690 7.98126 -2.42253
v 2.73320 8.12136 -1.96683
v 3.10400 7.97849 -1.73815
v 2.70870 7.65180 -1.12565
v 1.89320 7.17567 -0.97074
v 2.69030 6.57833 -0.69575
v 2.10220 7.85119 -1.63593
v 1.89320 7.17567 -0.97074
v 2.70870 7.65180 -1.12565
v 2.73320 8.12136 -1.96683
v 2.10220 7.85119 -1.63593
v 2.70870 7.65180 -1.12565
v 2.56820 8.09293 -2.43381
v 2.10220 7.85119 -1.63593
v 2.73320 8.12136 -1.96683
v 3.16690 7.98126 -2.42253
v 2.56820 8.09293 -2.43381
v 2.73320 8.12136 -1.96683
v 2.56820 8.09293 -2.43381
v 1.91100 7.74113 -2.48336
v 2.10220 7.85119 -1.63593
v 2.70570 7.90986 -2.86560
v 1.91100 7.74113 -2.48336
v 2.56820 8.09293 -2.43381
v 3.16690 7.98126 -2.42253
v 2.70570 7.90986 -2.86560
v 2.56820 8.09293 -2.43381
v 3.06520 7.67938 -3.00925
v 3.43600 7.53651 -2.78057
v 2.91380 6.75835 -3.29739
v 3.16690 7.98126 -2.42253
v 3.43600 7.53651 -2.78057
v 3.06520 7.67938 -3.00925
v 1.73060 9.04470 -1.34384
v 2.57010 8.88810 -1.32799
v 1.92350 8.78797 -1.94937
v 0.80900 8.55134 -1.41330
v 1.73060 9.04470 -1.34384
v 1.92350 8.78797 -1.94937
v 1.07710 8.70568 -0.22489
v 1.73060 9.04470 -1.34384
v 0.80900 8.55134 -1.41330
v 0.11130 7.81434 -0.51359
v 1.07710 8.70568 -0.22489
v 0.80900 8.55134 -1.41330
v 0.78390 7.75836 0.70795
v 1.07710 8.70568 -0.22489
v 0.11130 7.81434 -0.51359
v -0.10370 6.85872 0.17119
v 0.78390 7.75836 0.70795
v 0.11130 7.81434 -0.51359
v 0.11130 7.81434 -0.51359
v -0.21940 6.37019 -1.08119
v -0.10370 6.85872 0.17119
v 0.27790 7.15066 -1.85549
v -0.21940 6.37019 -1.08119
v 0.11130 7.81434 -0.51359
v 0.80900 8.55134 -1.41330
v 0.27790 7.15066 -1.85549
v 0.11130 7.81434 -0.51359
v 1.28040 8.05344 -2.37843
v 0.27790 7.15066 -1.85549
v 0.80900 8.55134 -1.41330
v 1.92350 8.78797 -1.94937
v 1.28040 8.05344 -2.37843
v 0.80900 8.55134 -1.41330
v 2.42750 8.46475 -2.15079
v 1.28040 8.05344 -2.37843
v 1.92350 8.78797 -1.94937
v 2.57010 8.88810 -1.32799
v 2.42750 8.46475 -2.15079
v 1.92350 8.78797 -1.94937
v 1.28040 8.05344 -2.37843
v 1.18610 6.48943 -2.53168
v 0.27790 7.15066 -1.85549
v 2.21530 7.26795 -2.55488
v 1.18610 6.48943 -2.53168
v 1.28040 8.05344 -2.37843
v 2.42750 8.46475 -2.15079
v 2.21530 7.26795 -2.55488
v 1.28040 8.05344 -2.37843
v 2.94760 8.26439 -1.83012
v 2.21530 7.26795 -2.55488
v 2.42750 8.46475 -2.15079
v 2.57010 8.88810 -1.32799
v 2.94760 8.26439 -1.83012
v 2.42750 8.46475 -2.15079
v 3.17890 8.30426 -1.17520
v 2.57010 8.88810 -1.32799
v 2.98610 8.56099 -0.56968
v 3.33400 7.14268 -0.65086
v 3.17890 8.30426 -1.17520
v 2.98610 8.56099 -0.56968
v 3.06590 6.98833 -1.83929
v 3.17890 8.30426 -1.17520
v 3.33400 7.14268 -0.65086
v 2.97660 5.92629 -0.92450
v 3.06590 6.98833 -1.83929
v 3.33400 7.14268 -0.65086
v 2.98610 8.56099 -0.56968
v 2.57010 8.88810 -1.32799
v 2.48200 8.88421 -0.36826
v 2.86250 7.87628 0.31426
v 2.98610 8.56099 -0.56968
v 2.48200 8.88421 -0.36826
v 3.33400 7.14268 -0.65086
v 2.98610 8.56099 -0.56968
v 2.86250 7.87628 0.31426
v 2.81000 6.35426 0.41742
v 3.33400 7.14268 -0.65086
v 2.86250 7.87628 0.31426
v 2.86250 7.87628 0.31426
v 1.90180 7.01550 1.09360
v 2.81000 6.35426 0.41742
v 1.92770 8.42606 0.49071
v 1.90180 7.01550 1.09360
v 2.86250 7.87628 0.31426
v 2.48200 8.88421 -0.36826
v 1.92770 8.42606 0.49071
v 2.86250 7.87628 0.31426
v 1.96200 9.08456 -0.68892
v 1.92770 8.42606 0.49071
v 2.48200 8.88421 -0.36826
v 2.57010 8.88810 -1.32799
v 1.96200 9.08456 -0.68892
v 2.48200 8.88421 -0.36826
v 1.92770 8.42606 0.49071
v 0.78390 7.75836 0.70795
v 1.90180 7.01550 1.09360
v 1.07710 8.70568 -0.22489
v 0.78390 7.75836 0.70795
v 1.92770 8.42606 0.49071
v 1.96200 9.08456 -0.68892
v 1.07710 8.70568 -0.22489
v 1.92770 8.42606 0.49071
v 1.73060 9.04470 -1.34384
v 1.07710 8.70568 -0.22489
v 1.96200 9.08456 -0.68892
v 2.57010 8.88810 -1.32799
v 1.73060 9.04470 -1.34384
v 1.96200 9.08456 -0.68892
v 2.94760 8.26439 -1.83012
v 3.06590 6.98833 -1.83929
v 2.21530 7.26795 -2.55488
v 3.17890 8.30426 -1.17520
v 3.06590 6.98833 -1.83929
v 2.94760 8.26439 -1.83012
v 2.57010 8.88810 -1.32799
v 3.17890 8.30426 -1.17520
v 2.94760 8.26439 -1.83012
v 3.60170 8.49949 -4.88090
v 4.02100 8.51963 -4.27632
v 3.95150 8.16931 -4.92969
v 2.95520 7.90330 -5.34741
v 3.60170 8.49949 -4.88090
v 3.95150 8.16931 -4.92969
v 2.52440 8.37069 -4.71572
v 3.60170 8.49949 -4.88090
v 2.95520 7.90330 -5.34741
v 1.84160 7.14172 -5.17343
v 2.52440 8.37069 -4.71572
v 2.95520 7.90330 -5.34741
v 2.95520 7.90330 -5.34741
v 2.51360 6.48287 -5.49771
v 1.84160 7.14172 -5.17343
v 3.57760 7.09551 -5.28918
v 2.51360 6.48287 -5.49771
v 2.95520 7.90330 -5.34741
v 3.95150 8.16931 -4.92969
v 3.57760 7.09551 -5.28918
v 2.95520 7.90330 -5.34741
v 4.24190 7.93658 -4.58128
v 3.57760 7.09551 -5.28918
v 3.95150 8.16931 -4.92969
v 4.02100 8.51963 -4.27632
v 4.24190 7.93658 -4.58128
v 3.95150 8.16931 -4.92969
v 3.57760 7.09551 -5.28918
v 3.17840 5.92061 -4.97790
v 2.51360 6.48287 -5.49771
v 4.02720 6.75383 -4.57513
v 3.17840 5.92061 -4.97790
v 3.57760 7.09551 -5.28918
v 4.24190 7.93658 -4.58128
v 4.02720 6.75383 -4.57513
v 3.57760 7.09551 -5.28918
v 4.30280 7.93762 -4.03976
v 4.02720 6.75383 -4.57513
v 4.24190 7.93658 -4.58128
v 4.02100 8.51963 -4.27632
v 4.30280 7.93762 -4.03976
v 4.24190 7.93658 -4.58128
v 4.02720 6.75383 -4.57513
v 3.44650 5.78430 -3.91851
v 3.17840 5.92061 -4.97790
v 4.04050 6.84272 -3.62355
v 3.44650 5.78430 -3.91851
v 4.02720 6.75383 -4.57513
v 4.30280 7.93762 -4.03976
v 4.04050 6.84272 -3.62355
v 4.02720 6.75383 -4.57513
v 4.09860 8.17183 -3.62236
v 4.04050 6.84272 -3.62355
v 4.30280 7.93762 -4.03976
v 4.02100 8.51963 -4.27632
v 4.09860 8.17183 -3.62236
v 4.30280 7.93762 -4.03976
v 4.04050 6.84272 -3.62355
v 3.16090 6.15379 -2.94010
v 3.44650 5.78430 -3.91851
v 3.60980 7.54581 -2.99185
v 3.16090 6.15379 -2.94010
v 4.04050 6.84272 -3.62355
v 4.09860 8.17183 -3.62236
v 3.60980 7.54581 -2.99185
v 4.04050 6.84272 -3.62355
v 3.74870 8.50201 -3.57357
v 3.60980 7.54581 -2.99185
v 4.09860 8.17183 -3.62236
v 4.02100 8.51963 -4.27632
v 3.74870 8.50201 -3.57357
v 4.09860 8.17183 -3.62236
v 3.60980 7.54581 -2.99185
v 2.48880 6.81264 -2.61585
v 3.16090 6.15379 -2.94010
v 2.98740 8.11790 -3.05007
v 2.48880 6.81264 -2.61585
v 3.60980 7.54581 -2.99185
v 3.74870 8.50201 -3.57357
v 2.98740 8.11790 -3.05007
v 3.60980 7.54581 -2.99185
v 3.45830 8.73474 -3.92198
v 2.98740 8.11790 -3.05007
v 3.74870 8.50201 -3.57357
v 4.02100 8.51963 -4.27632
v 3.45830 8.73474 -3.92198
v 3.74870 8.50201 -3.57357
v 3.45830 8.73474 -3.92198
v 2.53780 8.45958 -3.76412
v 2.98740 8.11790 -3.05007
v 3.39740 8.73370 -4.46350
v 2.53780 8.45958 -3.76412
v 3.45830 8.73474 -3.92198
v 4.02100 8.51963 -4.27632
v 3.39740 8.73370 -4.46350
v 3.45830 8.73474 -3.92198
v 3.39740 8.73370 -4.46350
v 2.52440 8.37069 -4.71572
v 2.53780 8.45958 -3.76412
v 3.60170 8.49949 -4.88090
v 2.52440 8.37069 -4.71572
v 3.39740 8.73370 -4.46350
v 4.02100 8.51963 -4.27632
v 3.60170 8.49949 -4.88090
v 3.39740 8.73370 -4.46350
v 2.06450 7.87612 -2.33553
v 0.92370 7.07247 -2.28686
v 1.73210 6.64990 -2.45647
v 1.13990 8.32073 -2.44848
v 0.92370 7.07247 -2.28686
v 2.06450 7.87612 -2.33553
v 2.22140 9.23844 -2.67103
v 1.13990 8.32073 -2.44848
v 2.06450 7.87612 -2.33553
v 1.48560 9.54834 -3.10891
v 1.13990 8.32073 -2.44848
v 2.22140 9.23844 -2.67103
v 2.29120 10.17180 -3.53595
v 1.48560 9.54834 -3.10891
v 2.22140 9.23844 -2.67103
v 2.05600 10.22508 -4.03877
v 1.48560 9.54834 -3.10891
v 2.29120 10.17180 -3.53595
v 2.76950 10.18196 -4.14457
v 2.05600 10.22508 -4.03877
v 2.29120 10.17180 -3.53595
v 1.13990 8.32073 -2.44848
v 0.21910 7.34607 -2.88994
v 0.92370 7.07247 -2.28686
v 0.50810 8.52161 -3.34137
v 0.21910 7.34607 -2.88994
v 1.13990 8.32073 -2.44848
v 1.48560 9.54834 -3.10891
v 0.50810 8.52161 -3.34137
v 1.13990 8.32073 -2.44848
v 1.18030 9.58116 -4.04966
v 0.50810 8.52161 -3.34137
v 1.48560 9.54834 -3.10891
v 2.05600 10.22508 -4.03877
v 1.18030 9.58116 -4.04966
v 1.48560 9.54834 -3.10891
v 2.16440 10.10311 -4.57955
v 1.18030 9.58116 -4.04966
v 2.05600 10.22508 -4.03877
v 2.76950 10.18196 -4.14457
v 2.16440 10.10311 -4.57955
v 2.05600 10.22508 -4.03877
v 0.50810 8.52161 -3.34137
v 0.03100 7.31043 -3.91244
v 0.21910 7.34607 -2.88994
v 0.53930 8.36110 -4.49118
v 0.03100 7.31043 -3.91244
v 0.50810 8.52161 -3.34137
v 1.18030 9.58116 -4.04966
v 0.53930 8.36110 -4.49118
v 0.50810 8.52161 -3.34137
v 1.48440 9.31769 -4.94221
v 0.53930 8.36110 -4.49118
v 1.18030 9.58116 -4.04966
v 2.16440 10.10311 -4.57955
v 1.48440 9.31769 -4.94221
v 1.18030 9.58116 -4.04966
v 2.55270 9.87734 -4.84154
v 1.48440 9.31769 -4.94221
v 2.16440 10.10311 -4.57955
v 2.76950 10.18196 -4.14457
v 2.55270 9.87734 -4.84154
v 2.16440 10.10311 -4.57955
v 0.53930 8.36110 -4.49118
v 0.46970 6.98643 -4.75540
v 0.03100 7.31043 -3.91244
v 1.21520 7.93322 -5.22431
v 0.46970 6.98643 -4.75540
v 0.53930 8.36110 -4.49118
v 1.48440 9.31769 -4.94221
v 1.21520 7.93322 -5.22431
v 0.53930 8.36110 -4.49118
v 2.21970 8.91225 -5.26372
v 1.21520 7.93322 -5.22431
v 1.48440 9.31769 -4.94221
v 2.55270 9.87734 -4.84154
v 2.21970 8.91225 -5.26372
v 1.48440 9.31769 -4.94221
v 2.99360 9.68002 -4.67122
v 2.21970 8.91225 -5.26372
v 2.55270 9.87734 -4.84154
v 2.76950 10.18196 -4.14457
v 2.99360 9.68002 -4.67122
v 2.55270 9.87734 -4.84154
v 2.73210 9.97447 -3.36563
v 2.76950 10.18196 -4.14457
v 2.29120 10.17180 -3.53595
v 2.22140 9.23844 -2.67103
v 2.73210 9.97447 -3.36563
v 2.29120 10.17180 -3.53595
v 2.95660 8.83300 -2.99255
v 2.73210 9.97447 -3.36563
v 2.22140 9.23844 -2.67103
v 2.06450 7.87612 -2.33553
v 2.95660 8.83300 -2.99255
v 2.22140 9.23844 -2.67103
v 2.74040 7.44823 -3.06867
v 2.95660 8.83300 -2.99255
v 2.06450 7.87612 -2.33553
v 1.73210 6.64990 -2.45647
v 2.74040 7.44823 -3.06867
v 2.06450 7.87612 -2.33553
v 2.21970 8.91225 -5.26372
v 2.13980 7.48861 -5.11135
v 1.21520 7.93322 -5.22431
v 2.95550 8.60236 -4.82584
v 2.13980 7.48861 -5.11135
v 2.21970 8.91225 -5.26372
v 2.99360 9.68002 -4.67122
v 2.95550 8.60236 -4.82584
v 2.21970 8.91225 -5.26372
v 3.22880 9.62673 -4.16838
v 2.95550 8.60236 -4.82584
v 2.99360 9.68002 -4.67122
v 2.76950 10.18196 -4.14457
v 3.22880 9.62673 -4.16838
v 2.99360 9.68002 -4.67122
v 3.12050 9.74870 -3.62759
v 2.76950 10.18196 -4.14457
v 2.73210 9.97447 -3.36563
v 2.95660 8.83300 -2.99255
v 3.12050 9.74870 -3.62759
v 2.73210 9.97447 -3.36563
v 3.26070 8.56953 -3.88509
v 3.12050 9.74870 -3.62759
v 2.95660 8.83300 -2.99255
v 2.74040 7.44823 -3.06867
v 3.26070 8.56953 -3.88509
v 2.95660 8.83300 -2.99255
v 3.22880 9.62673 -4.16838
v 3.26070 8.56953 -3.88509
v 2.95550 8.60236 -4.82584
v 3.12050 9.74870 -3.62759
v 3.26070 8.56953 -3.88509
v 3.22880 9.62673 -4.16838
v 2.76950 10.18196 -4.14457
v 3.12050 9.74870 -3.62759
v 3.22880 9.62673 -4.16838
v 0.55820 8.20235 -5.18283
v -0.21280 7.42096 -5.64907
v 0.47690 7.24522 -4.86641
v -0.02600 8.25098 -6.24385
v -0.21280 7.42096 -5.64907
v 0.55820 8.20235 -5.18283
v 0.81280 9.02516 -5.99304
v -0.02600 8.25098 -6.24385
v 0.55820 8.20235 -5.18283
v 0.57990 8.89111 -7.02529
v -0.02600 8.25098 -6.24385
v 0.81280 9.02516 -5.99304
v 1.38040 9.31962 -6.96497
v 0.57990 8.89111 -7.02529
v 0.81280 9.02516 -5.99304
v 1.54790 9.09663 -7.49090
v 0.57990 8.89111 -7.02529
v 1.38040 9.31962 -6.96497
v 2.10960 9.18361 -6.95120
v 1.54790 9.09663 -7.49090
v 1.38040 9.31962 -6.96497
v -0.02600 8.25098 -6.24385
v -0.31330 7.20136 -6.73684
v -0.21280 7.42096 -5.64907
v 0.11870 7.87925 -7.40937
v -0.31330 7.20136 -6.73684
v -0.02600 8.25098 -6.24385
v 0.57990 8.89111 -7.02529
v 0.11870 7.87925 -7.40937
v -0.02600 8.25098 -6.24385
v 0.98940 8.45865 -7.86355
v 0.11870 7.87925 -7.40937
v 0.57990 8.89111 -7.02529
v 1.54790 9.09663 -7.49090
v 0.98940 8.45865 -7.86355
v 0.57990 8.89111 -7.02529
v 1.98580 8.81590 -7.66584
v 0.98940 8.45865 -7.86355
v 1.54790 9.09663 -7.49090
v 2.10960 9.18361 -6.95120
v 1.98580 8.81590 -7.66584
v 1.54790 9.09663 -7.49090
v 0.11870 7.87925 -7.40937
v 0.23430 6.71506 -7.49254
v -0.31330 7.20136 -6.73684
v 0.90750 7.30493 -7.99667
v 0.23430 6.71506 -7.49254
v 0.11870 7.87925 -7.40937
v 0.98940 8.45865 -7.86355
v 0.90750 7.30493 -7.99667
v 0.11870 7.87925 -7.40937
v 1.80140 7.98113 -8.01681
v 0.90750 7.30493 -7.99667
v 0.98940 8.45865 -7.86355
v 1.98580 8.81590 -7.66584
v 1.80140 7.98113 -8.01681
v 0.98940 8.45865 -7.86355
v 2.43750 8.64188 -7.38734
v 1.80140 7.98113 -8.01681
v 1.98580 8.81590 -7.66584
v 2.10960 9.18361 -6.95120
v 2.43750 8.64188 -7.38734
v 1.98580 8.81590 -7.66584
v 0.90750 7.30493 -7.99667
v 1.10920 6.01121 -7.47345
v 0.23430 6.71506 -7.49254
v 1.87840 6.62873 -7.66172
v 1.10920 6.01121 -7.47345
v 0.90750 7.30493 -7.99667
v 1.80140 7.98113 -8.01681
v 1.87840 6.62873 -7.66172
v 0.90750 7.30493 -7.99667
v 2.54020 7.73826 -7.39529
v 1.87840 6.62873 -7.66172
v 1.80140 7.98113 -8.01681
v 2.43750 8.64188 -7.38734
v 2.54020 7.73826 -7.39529
v 1.80140 7.98113 -8.01681
v 2.63840 8.67650 -6.81849
v 2.54020 7.73826 -7.39529
v 2.43750 8.64188 -7.38734
v 2.10960 9.18361 -6.95120
v 2.63840 8.67650 -6.81849
v 2.43750 8.64188 -7.38734
v 2.63840 8.67650 -6.81849
v 2.10960 9.18361 -6.95120
v 2.47090 8.89949 -6.29255
v 2.77310 7.87232 -6.36306
v 2.63840 8.67650 -6.81849
v 2.47090 8.89949 -6.29255
v 2.54020 7.73826 -7.39529
v 2.63840 8.67650 -6.81849
v 2.77310 7.87232 -6.36306
v 2.46270 6.58010 -6.60071
v 2.54020 7.73826 -7.39529
v 2.77310 7.87232 -6.36306
v 1.87840 6.62873 -7.66172
v 2.54020 7.73826 -7.39529
v 2.46270 6.58010 -6.60071
v 1.79890 5.83547 -6.69080
v 1.87840 6.62873 -7.66172
v 2.46270 6.58010 -6.60071
v 1.58140 9.35425 -6.39612
v 2.10960 9.18361 -6.95120
v 1.38040 9.31962 -6.96497
v 0.81280 9.02516 -5.99304
v 1.58140 9.35425 -6.39612
v 1.38040 9.31962 -6.96497
v 1.55160 8.78229 -5.37152
v 1.58140 9.35425 -6.39612
v 0.81280 9.02516 -5.99304
v 0.55820 8.20235 -5.18283
v 1.55160 8.78229 -5.37152
v 0.81280 9.02516 -5.99304
v 1.52910 7.76186 -4.84787
v 1.55160 8.78229 -5.37152
v 0.55820 8.20235 -5.18283
v 0.47690 7.24522 -4.86641
v 1.52910 7.76186 -4.84787
v 0.55820 8.20235 -5.18283
v 2.77310 7.87232 -6.36306
v 2.31800 7.18753 -5.43518
v 2.46270 6.58010 -6.60071
v 2.36360 8.30477 -5.52478
v 2.31800 7.18753 -5.43518
v 2.77310 7.87232 -6.36306
v 2.47090 8.89949 -6.29255
v 2.36360 8.30477 -5.52478
v 2.77310 7.87232 -6.36306
v 2.03310 9.18022 -6.11760
v 2.36360 8.30477 -5.52478
v 2.47090 8.89949 -6.29255
v 2.10960 9.18361 -6.95120
v 2.03310 9.18022 -6.11760
v 2.47090 8.89949 -6.29255
v 2.36360 8.30477 -5.52478
v 1.52910 7.76186 -4.84787
v 2.31800 7.18753 -5.43518
v 1.55160 8.78229 -5.37152
v 1.52910 7.76186 -4.84787
v 2.36360 8.30477 -5.52478
v 2.03310 9.18022 -6.11760
v 1.55160 8.78229 -5.37152
v 2.36360 8.30477 -5.52478
v 1.58140 9.35425 -6.39612
v 1.55160 8.78229 -5.37152
v 2.03310 9.18022 -6.11760
v 2.10960 9.18361 -6.95120
v 1.58140 9.35425 -6.39612
v 2.03310 9.18022 -6.11760
v 2.98740 7.64043 -5.81058
v 3.50290 7.40466 -6.08730
v 2.97440 7.65190 -6.31774
v 2.21300 7.50163 -5.76603
v 2.98740 7.64043 -5.81058
v 2.97440 7.65190 -6.31774
v 2.56440 7.15880 -5.06951
v 2.98740 7.64043 -5.81058
v 2.21300 7.50163 -5.76603
v 1.61590 6.61621 -5.28144
v 2.56440 7.15880 -5.06951
v 2.21300 7.50163 -5.76603
v 3.19180 7.43778 -6.68981
v 3.50290 7.40466 -6.08730
v 3.51220 7.12350 -6.70879
v 2.71390 6.77100 -7.20413
v 3.19180 7.43778 -6.68981
v 3.51220 7.12350 -6.70879
v 2.27490 7.43863 -6.65021
v 3.19180 7.43778 -6.68981
v 2.71390 6.77100 -7.20413
v 1.79030 6.44038 -7.17142
v 2.27490 7.43863 -6.65021
v 2.71390 6.77100 -7.20413
v 2.71390 6.77100 -7.20413
v 2.42380 5.81848 -7.42189
v 1.79030 6.44038 -7.17142
v 3.27280 6.22316 -7.10331
v 2.42380 5.81848 -7.42189
v 2.71390 6.77100 -7.20413
v 3.51220 7.12350 -6.70879
v 3.27280 6.22316 -7.10331
v 2.71390 6.77100 -7.20413
v 3.74800 6.65746 -6.36360
v 3.27280 6.22316 -7.10331
v 3.51220 7.12350 -6.70879
v 3.50290 7.40466 -6.08730
v 3.74800 6.65746 -6.36360
v 3.51220 7.12350 -6.70879
v 3.22320 7.41009 -5.46541
v 2.56440 7.15880 -5.06951
v 3.12330 6.37526 -4.96870
v 2.98740 7.64043 -5.81058
v 2.56440 7.15880 -5.06951
v 3.22320 7.41009 -5.46541
v 3.50290 7.40466 -6.08730
v 2.98740 7.64043 -5.81058
v 3.22320 7.41009 -5.46541
v 2.97440 7.65190 -6.31774
v 2.27490 7.43863 -6.65021
v 2.21300 7.50163 -5.76603
v 3.19180 7.43778 -6.68981
v 2.27490 7.43863 -6.65021
v 2.97440 7.65190 -6.31774
v 3.50290 7.40466 -6.08730
v 3.19180 7.43778 -6.68981
v 2.97440 7.65190 -6.31774
v 3.74800 6.65746 -6.36360
v 3.62430 5.88033 -6.40680
v 3.27280 6.22316 -7.10331
v 3.76100 6.64599 -5.85643
v 3.62430 5.88033 -6.40680
v 3.74800 6.65746 -6.36360
v 3.50290 7.40466 -6.08730
v 3.76100 6.64599 -5.85643
v 3.74800 6.65746 -6.36360
v 3.76100 6.64599 -5.85643
v 3.56230 5.94333 -5.52261
v 3.62430 5.88033 -6.40680
v 3.54370 6.86011 -5.48439
v 3.56230 5.94333 -5.52261
v 3.76100 6.64599 -5.85643
v 3.50290 7.40466 -6.08730
v 3.54370 6.86011 -5.48439
v 3.76100 6.64599 -5.85643
v 3.54370 6.86011 -5.48439
v 3.12330 6.37526 -4.96870
v 3.56230 5.94333 -5.52261
v 3.22320 7.41009 -5.46541
v 3.12330 6.37526 -4.96870
v 3.54370 6.86011 -5.48439
v 3.50290 7.40466 -6.08730
v 3.22320 7.41009 -5.46541
v 3.54370 6.86011 -5.48439
v 3.78030 5.47590 2.01619
v 4.10380 4.66603 1.62273
v 4.15560 4.54471 1.33090
v 4.07690 4.72080 2.02054
v 4.10380 4.66603 1.62273
v 3.78030 5.47590 2.01619
v 4.09220 4.66603 2.41893
v 4.07690 4.72080 2.02054
v 3.78030 5.47590 2.01619
v 3.83040 5.47590 -1.41297
v 3.91510 5.47590 -7.20138
v 3.91510 6.33421 -7.20138
v 6.04240 0.00000 -5.61804
v 3.91510 5.47590 -7.20138
v 3.83040 5.47590 -1.41297
v 5.98040 0.00000 -1.38153
v 6.04240 0.00000 -5.61804
v 3.83040 5.47590 -1.41297
v 3.78030 5.47590 2.01619
v 3.78030 6.33421 2.01619
v 3.70810 6.33421 6.95518
v 3.83040 6.33421 -1.41297
v 3.78030 6.33421 2.01619
v 3.78030 5.47590 2.01619
v 3.83040 5.47590 -1.41297
v 3.83040 6.33421 -1.41297
v 3.78030 5.47590 2.01619
v 3.91510 6.33421 -7.20138
v 3.83040 6.33421 -1.41297
v 3.83040 5.47590 -1.41297
v 3.78030 5.47590 2.01619
v 4.13540 4.54471 2.71218
v 4.09220 4.66603 2.41893
v 3.70810 5.47590 6.95518
v 4.13540 4.54471 2.71218
v 3.78030 5.47590 2.01619
v 3.70810 6.33421 6.95518
v 3.70810 5.47590 6.95518
v 3.78030 5.47590 2.01619
v -3.84090 4.31563 2.84124
v -0.67730 4.11085 3.00633
v -3.84270 4.11085 2.96006
v -0.67550 4.31563 2.88756
v -0.67730 4.11085 3.00633
v -3.84090 4.31563 2.84124
v -3.83730 4.54471 2.59556
v -0.67550 4.31563 2.88756
v -3.84090 4.31563 2.84124
v -0.67190 4.54471 2.64185
v -0.67550 4.31563 2.88756
v -3.83730 4.54471 2.59556
v -3.83300 4.66603 2.30304
v -0.67190 4.54471 2.64185
v -3.83730 4.54471 2.59556
v -0.66770 4.66603 2.34932
v -0.67190 4.54471 2.64185
v -3.83300 4.66603 2.30304
v -3.82720 4.72080 1.90492
v -0.66770 4.66603 2.34932
v -3.83300 4.66603 2.30304
v -0.66180 4.72080 1.95123
v -0.66770 4.66603 2.34932
v -3.82720 4.72080 1.90492
v -3.82140 4.66603 1.50684
v -0.66180 4.72080 1.95123
v -3.82720 4.72080 1.90492
v -0.65600 4.66603 1.55313
v -0.66180 4.72080 1.95123
v -3.82140 4.66603 1.50684
v -3.81710 4.54471 1.21428
v -0.65600 4.66603 1.55313
v -3.82140 4.66603 1.50684
v -0.65170 4.54471 1.26059
v -0.65600 4.66603 1.55313
v -3.81710 4.54471 1.21428
v -3.81350 4.31563 0.96861
v -0.65170 4.54471 1.26059
v -3.81710 4.54471 1.21428
v -0.64820 4.31563 1.01491
v -0.65170 4.54471 1.26059
v -3.81350 4.31563 0.96861
v -3.81180 4.11085 0.84980
v -0.64820 4.31563 1.01491
v -3.81350 4.31563 0.96861
v -0.64640 4.11085 0.89610
v -0.64820 4.31563 1.01491
v -3.81180 4.11085 0.84980
v 2.51720 4.31563 1.06120
v -0.64640 4.11085 0.89610
v 2.51900 4.11085 0.94240
v -0.64820 4.31563 1.01491
v -0.64640 4.11085 0.89610
v 2.51720 4.31563 1.06120
v 2.51360 4.54471 1.30688
v -0.64820 4.31563 1.01491
v 2.51720 4.31563 1.06120
v -0.65170 4.54471 1.26059
v -0.64820 4.31563 1.01491
v 2.51360 4.54471 1.30688
v 2.50940 4.66603 1.59942
v -0.65170 4.54471 1.26059
v 2.51360 4.54471 1.30688
v -0.65600 4.66603 1.55313
v -0.65170 4.54471 1.26059
v 2.50940 4.66603 1.59942
v 2.50360 4.72080 1.99752
v -0.65600 4.66603 1.55313
v 2.50940 4.66603 1.59942
v -0.66180 4.72080 1.95123
v -0.65600 4.66603 1.55313
v 2.50360 4.72080 1.99752
v 2.49770 4.66603 2.39560
v -0.66180 4.72080 1.95123
v 2.50360 4.72080 1.99752
v -0.66770 4.66603 2.34932
v -0.66180 4.72080 1.95123
v 2.49770 4.66603 2.39560
v 2.49350 4.54471 2.68816
v -0.66770 4.66603 2.34932
v 2.49770 4.66603 2.39560
v -0.67190 4.54471 2.64185
v -0.66770 4.66603 2.34932
v 2.49350 4.54471 2.68816
v 2.48980 4.31563 2.93385
v -0.67190 4.54471 2.64185
v 2.49350 4.54471 2.68816
v -0.67550 4.31563 2.88756
v -0.67190 4.54471 2.64185
v 2.48980 4.31563 2.93385
v 2.48810 4.11085 3.05264
v -0.67550 4.31563 2.88756
v 2.48980 4.31563 2.93385
v -0.67730 4.11085 3.00633
v -0.67550 4.31563 2.88756
v 2.48810 4.11085 3.05264
v 7.17350 2.09557 -1.57910
v 7.02070 2.14821 -1.43548
v 7.17160 2.10123 -1.45034
v 7.02310 2.14086 -1.60246
v 7.02070 2.14821 -1.43548
v 7.17350 2.09557 -1.57910
v 7.17480 2.00049 -1.66616
v 7.02310 2.14086 -1.60246
v 7.17350 2.09557 -1.57910
v 7.02480 2.01757 -1.71535
v 7.02310 2.14086 -1.60246
v 7.17480 2.00049 -1.66616
v 7.17470 1.87170 -1.66049
v 7.02480 2.01757 -1.71535
v 7.17480 2.00049 -1.66616
v 7.02470 1.85057 -1.70800
v 7.02480 2.01757 -1.71535
v 7.17470 1.87170 -1.66049
v 7.17330 1.78464 -1.56546
v 7.02470 1.85057 -1.70800
v 7.17470 1.87170 -1.66049
v 7.02290 1.73767 -1.58471
v 7.02470 1.85057 -1.70800
v 7.17330 1.78464 -1.56546
v 7.17140 1.79031 -1.43666
v 7.02290 1.73767 -1.58471
v 7.17330 1.78464 -1.56546
v 7.02040 1.74502 -1.41772
v 7.02290 1.73767 -1.58471
v 7.17140 1.79031 -1.43666
v 7.17010 1.88538 -1.34962
v 7.02040 1.74502 -1.41772
v 7.17140 1.79031 -1.43666
v 7.01880 1.86830 -1.30485
v 7.02040 1.74502 -1.41772
v 7.17010 1.88538 -1.34962
v 7.17020 2.01417 -1.35528
v 7.01880 1.86830 -1.30485
v 7.17010 1.88538 -1.34962
v 7.01890 2.03531 -1.31220
v 7.01880 1.86830 -1.30485
v 7.17020 2.01417 -1.35528
v 7.17160 2.10123 -1.45034
v 7.01890 2.03531 -1.31220
v 7.17020 2.01417 -1.35528
v 7.02070 2.14821 -1.43548
v 7.01890 2.03531 -1.31220
v 7.17160 2.10123 -1.45034
v 7.19280 2.10196 -2.76770
v 7.04770 2.02420 -2.63508
v 7.19140 2.00728 -2.67518
v 7.04950 2.14375 -2.75190
v 7.04770 2.02420 -2.63508
v 7.19280 2.10196 -2.76770
v 7.19470 2.10348 -2.90003
v 7.04950 2.14375 -2.75190
v 7.19280 2.10196 -2.76770
v 7.05190 2.14568 -2.91906
v 7.04950 2.14375 -2.75190
v 7.19470 2.10348 -2.90003
v 7.19610 2.01096 -2.99472
v 7.05190 2.14568 -2.91906
v 7.19470 2.10348 -2.90003
v 7.05360 2.02884 -3.03858
v 7.05190 2.14568 -2.91906
v 7.19610 2.01096 -2.99472
v 7.19610 1.87859 -2.99623
v 7.05360 2.02884 -3.03858
v 7.19610 2.01096 -2.99472
v 7.05370 1.86168 -3.04051
v 7.05360 2.02884 -3.03858
v 7.19610 1.87859 -2.99623
v 7.19480 1.78391 -2.90372
v 7.05370 1.86168 -3.04051
v 7.19610 1.87859 -2.99623
v 7.05200 1.74212 -2.92369
v 7.05370 1.86168 -3.04051
v 7.19480 1.78391 -2.90372
v 7.19280 1.78239 -2.77138
v 7.05200 1.74212 -2.92369
v 7.19480 1.78391 -2.90372
v 7.04950 1.74020 -2.75656
v 7.05200 1.74212 -2.92369
v 7.19280 1.78239 -2.77138
v 7.19140 1.87491 -2.67671
v 7.04950 1.74020 -2.75656
v 7.19280 1.78239 -2.77138
v 7.04780 1.85704 -2.63700
v 7.04950 1.74020 -2.75656
v 7.19140 1.87491 -2.67671
v 7.19140 2.00728 -2.67518
v 7.04780 1.85704 -2.63700
v 7.19140 1.87491 -2.67671
v 7.04770 2.02420 -2.63508
v 7.04780 1.85704 -2.63700
v 7.19140 2.00728 -2.67518
v 6.97080 1.70395 -2.15856
v 6.95590 1.70395 -1.13713
v 6.78880 1.70395 -1.13957
v 6.95590 2.10622 -1.13713
v 6.95590 1.70395 -1.13713
v 6.97080 1.70395 -2.15856
v 6.97080 2.10622 -2.15856
v 6.95590 2.10622 -1.13713
v 6.97080 1.70395 -2.15856
v 6.78880 2.10622 -1.13957
v 6.95590 2.10622 -1.13713
v 6.97080 2.10622 -2.15856
v 6.80380 2.10622 -2.16101
v 6.78880 2.10622 -1.13957
v 6.97080 2.10622 -2.15856
v 6.80380 1.70395 -2.16101
v 6.97080 1.70395 -2.15856
v 6.78880 1.70395 -1.13957
v 7.14260 2.09557 0.53114
v 6.98980 2.14821 0.67478
v 7.14070 2.10123 0.65991
v 6.99230 2.14086 0.50779
v 6.98980 2.14821 0.67478
v 7.14260 2.09557 0.53114
v 7.14390 2.00049 0.44408
v 6.99230 2.14086 0.50779
v 7.14260 2.09557 0.53114
v 6.99390 2.01757 0.39490
v 6.99230 2.14086 0.50779
v 7.14390 2.00049 0.44408
v 7.14380 1.87170 0.44975
v 6.99390 2.01757 0.39490
v 7.14390 2.00049 0.44408
v 6.99380 1.85057 0.40225
v 6.99390 2.01757 0.39490
v 7.14380 1.87170 0.44975
v 7.14240 1.78464 0.54481
v 6.99380 1.85057 0.40225
v 7.14380 1.87170 0.44975
v 6.99200 1.73767 0.52553
v 6.99380 1.85057 0.40225
v 7.14240 1.78464 0.54481
v 7.14050 1.79031 0.67359
v 6.99200 1.73767 0.52553
v 7.14240 1.78464 0.54481
v 6.98960 1.74502 0.69252
v 6.99200 1.73767 0.52553
v 7.14050 1.79031 0.67359
v 7.13930 1.88538 0.76064
v 6.98960 1.74502 0.69252
v 7.14050 1.79031 0.67359
v 6.98790 1.86830 0.80541
v 6.98960 1.74502 0.69252
v 7.13930 1.88538 0.76064
v 7.13930 2.01417 0.75498
v 6.98790 1.86830 0.80541
v 7.13930 1.88538 0.76064
v 6.98800 2.03531 0.79806
v 6.98790 1.86830 0.80541
v 7.13930 2.01417 0.75498
v 7.14070 2.10123 0.65991
v 6.98800 2.03531 0.79806
v 7.13930 2.01417 0.75498
v 6.98980 2.14821 0.67478
v 6.98800 2.03531 0.79806
v 7.14070 2.10123 0.65991
v 7.16190 2.10196 -0.65743
v 7.01690 2.02420 -0.52482
v 7.16060 2.00728 -0.56491
v 7.01860 2.14375 -0.64166
v 7.01690 2.02420 -0.52482
v 7.16190 2.10196 -0.65743
v 7.16390 2.10348 -0.78979
v 7.01860 2.14375 -0.64166
v 7.16190 2.10196 -0.65743
v 7.02100 2.14568 -0.80879
v 7.01860 2.14375 -0.64166
v 7.16390 2.10348 -0.78979
v 7.16520 2.01096 -0.88447
v 7.02100 2.14568 -0.80879
v 7.16390 2.10348 -0.78979
v 7.02280 2.02884 -0.92835
v 7.02100 2.14568 -0.80879
v 7.16520 2.01096 -0.88447
v 7.16530 1.87859 -0.88598
v 7.02280 2.02884 -0.92835
v 7.16520 2.01096 -0.88447
v 7.02280 1.86168 -0.93027
v 7.02280 2.02884 -0.92835
v 7.16530 1.87859 -0.88598
v 7.16390 1.78391 -0.79349
v 7.02280 1.86168 -0.93027
v 7.16530 1.87859 -0.88598
v 7.02110 1.74212 -0.81343
v 7.02280 1.86168 -0.93027
v 7.16390 1.78391 -0.79349
v 7.16200 1.78239 -0.66112
v 7.02110 1.74212 -0.81343
v 7.16390 1.78391 -0.79349
v 7.01870 1.74020 -0.64630
v 7.02110 1.74212 -0.81343
v 7.16200 1.78239 -0.66112
v 7.16060 1.87491 -0.56645
v 7.01870 1.74020 -0.64630
v 7.16200 1.78239 -0.66112
v 7.01690 1.85704 -0.52674
v 7.01870 1.74020 -0.64630
v 7.16060 1.87491 -0.56645
v 7.16060 2.00728 -0.56491
v 7.01690 1.85704 -0.52674
v 7.16060 1.87491 -0.56645
v 7.01690 2.02420 -0.52482
v 7.01690 1.85704 -0.52674
v 7.16060 2.00728 -0.56491
v 6.93990 1.70395 -0.04830
v 6.92500 1.70395 0.97312
v 6.75800 1.70395 0.97068
v 6.92500 2.10622 0.97312
v 6.92500 1.70395 0.97312
v 6.93990 1.70395 -0.04830
v 6.93990 2.10622 -0.04830
v 6.92500 2.10622 0.97312
v 6.93990 1.70395 -0.04830
v 6.75800 2.10622 0.97068
v 6.92500 2.10622 0.97312
v 6.93990 2.10622 -0.04830
v 6.77290 2.10622 -0.05074
v 6.75800 2.10622 0.97068
v 6.93990 2.10622 -0.04830
v 6.77290 1.70395 -0.05074
v 6.93990 1.70395 -0.04830
v 6.75800 1.70395 0.97068
v 3.83040 5.47590 -1.41297
v 3.78030 5.47590 2.01619
v 4.15560 4.54471 1.33090
v 7.26930 1.94294 -2.83461
v 7.19140 2.00728 -2.67518
v 7.19140 1.87491 -2.67671
v 7.19280 2.10196 -2.76770
v 7.19140 2.00728 -2.67518
v 7.26930 1.94294 -2.83461
v 7.19470 2.10348 -2.90003
v 7.19280 2.10196 -2.76770
v 7.26930 1.94294 -2.83461
v 7.26930 1.94294 -2.83461
v 7.19610 2.01096 -2.99472
v 7.19470 2.10348 -2.90003
v 7.19610 1.87859 -2.99623
v 7.19610 2.01096 -2.99472
v 7.26930 1.94294 -2.83461
v 7.19480 1.78391 -2.90372
v 7.19610 1.87859 -2.99623
v 7.26930 1.94294 -2.83461
v 7.26930 1.94294 -2.83461
v 7.19280 1.78239 -2.77138
v 7.19480 1.78391 -2.90372
v 7.19140 1.87491 -2.67671
v 7.19280 1.78239 -2.77138
v 7.26930 1.94294 -2.83461
v 7.24040 1.94294 -1.50690
v 7.17160 2.10123 -1.45034
v 7.17020 2.01417 -1.35528
v 7.17350 2.09557 -1.57910
v 7.17160 2.10123 -1.45034
v 7.24040 1.94294 -1.50690
v 7.17480 2.00049 -1.66616
v 7.17350 2.09557 -1.57910
v 7.24040 1.94294 -1.50690
v 7.24040 1.94294 -1.50690
v 7.17470 1.87170 -1.66049
v 7.17480 2.00049 -1.66616
v 7.17330 1.78464 -1.56546
v 7.17470 1.87170 -1.66049
v 7.24040 1.94294 -1.50690
v 7.17140 1.79031 -1.43666
v 7.17330 1.78464 -1.56546
v 7.24040 1.94294 -1.50690
v 7.24040 1.94294 -1.50690
v 7.17010 1.88538 -1.34962
v 7.17140 1.79031 -1.43666
v 7.17020 2.01417 -1.35528
v 7.17010 1.88538 -1.34962
v 7.24040 1.94294 -1.50690
v 7.23840 1.94294 -0.72434
v 7.16060 2.00728 -0.56491
v 7.16060 1.87491 -0.56645
v 7.16190 2.10196 -0.65743
v 7.16060 2.00728 -0.56491
v 7.23840 1.94294 -0.72434
v 7.16390 2.10348 -0.78979
v 7.16190 2.10196 -0.65743
v 7.23840 1.94294 -0.72434
v 7.23840 1.94294 -0.72434
v 7.16520 2.01096 -0.88447
v 7.16390 2.10348 -0.78979
v 7.16530 1.87859 -0.88598
v 7.16520 2.01096 -0.88447
v 7.23840 1.94294 -0.72434
v 7.16390 1.78391 -0.79349
v 7.16530 1.87859 -0.88598
v 7.23840 1.94294 -0.72434
v 7.23840 1.94294 -0.72434
v 7.16200 1.78239 -0.66112
v 7.16390 1.78391 -0.79349
v 7.16060 1.87491 -0.56645
v 7.16200 1.78239 -0.66112
v 7.23840 1.94294 -0.72434
v 7.20950 1.94294 0.60335
v 7.14070 2.10123 0.65991
v 7.13930 2.01417 0.75498
v 7.14260 2.09557 0.53114
v 7.14070 2.10123 0.65991
v 7.20950 1.94294 0.60335
v 7.14390 2.00049 0.44408
v 7.14260 2.09557 0.53114
v 7.20950 1.94294 0.60335
v 7.20950 1.94294 0.60335
v 7.14380 1.87170 0.44975
v 7.14390 2.00049 0.44408
v 7.14240 1.78464 0.54481
v 7.14380 1.87170 0.44975
v 7.20950 1.94294 0.60335
v 7.14050 1.79031 0.67359
v 7.14240 1.78464 0.54481
v 7.20950 1.94294 0.60335
v 7.20950 1.94294 0.60335
v 7.13930 1.88538 0.76064
v 7.14050 1.79031 0.67359
v 7.13930 2.01417 0.75498
v 7.13930 1.88538 0.76064
v 7.20950 1.94294 0.60335
vt 0.83153 0.60367
vt 0.90253 0.61349
vt 0.88926 0.58322
vt 0.85536 0.57998
vt 0.88926 0.58322
vt 0.87687 0.55624
vt 0.85536 0.57998
vt 0.88926 0.58322
vt 0.87687 0.55624
vt 0.85536 0.57998
vt 0.88926 0.58322
vt 0.87687 0.55624
vt 0.85536 0.57998
vt 0.88926 0.58322
vt 0.87687 0.55624
vt 0.89341 0.58167
vt 0.91166 0.55490
vt 0.88166 0.55278
vt 0.81635 0.61907
vt 0.91291 0.63870
vt 0.90253 0.61349
vt 0.67787 0.95397
vt 0.53436 0.90518
vt 0.54723 0.89317
vt 0.55346 0.88244
vt 0.67787 0.95397
vt 0.54723 0.89317
vt 0.67787 0.66704
vt 0.67787 0.95397
vt 0.55346 0.88244
vt 0.55346 0.66704
vt 0.67787 0.66704
vt 0.55346 0.88244
vt 0.96167 0.95397
vt 0.54723 0.89317
vt 0.53436 0.90518
vt 0.54866 0.88805
vt 0.54723 0.89317
vt 0.96167 0.95397
vt 0.91865 0.66615
vt 0.54866 0.88805
vt 0.96167 0.95397
vt 0.54866 0.66704
vt 0.54866 0.88805
vt 0.91865 0.66615
vt 0.15350 0.91231
vt 0.15350 0.96607
vt 0.15174 0.96607
vt 0.15174 0.91231
vt 0.15350 0.91231
vt 0.15174 0.96607
vt 0.15350 0.96614
vt 0.15350 0.91231
vt 0.15174 0.91231
vt 0.15174 0.96614
vt 0.15350 0.96614
vt 0.15174 0.91231
vt 0.15350 0.98857
vt 0.15350 0.96614
vt 0.15174 0.96614
vt 0.15174 0.98857
vt 0.15350 0.98857
vt 0.15174 0.96614
vt 0.09464 -0.01752
vt 0.00470 -0.01752
vt 0.00470 0.29656
vt 0.04861 0.29656
vt 0.09464 -0.01752
vt 0.00470 0.29656
vt 0.10325 -0.01752
vt 0.09464 -0.01752
vt 0.04861 0.29656
vt 0.10313 0.29656
vt 0.10325 -0.01752
vt 0.04861 0.29656
vt 0.09464 -0.01752
vt 0.10325 -0.01752
vt 0.10313 0.29656
vt 0.04861 0.29656
vt 0.09464 -0.01752
vt 0.10313 0.29656
vt 0.00470 -0.01752
vt 0.09464 -0.01752
vt 0.04861 0.29656
vt 0.00470 0.29656
vt 0.00470 -0.01752
vt 0.04861 0.29656
vt 0.06854 0.35547
vt 0.06329 0.32138
vt 0.06329 0.35546
vt 0.06854 0.32138
vt 0.06329 0.32138
vt 0.06854 0.35547
vt 0.08691 0.35551
vt 0.06854 0.32138
vt 0.06854 0.35547
vt 0.08691 0.32138
vt 0.06854 0.32138
vt 0.08691 0.35551
vt 0.09896 0.35555
vt 0.08691 0.32138
vt 0.08691 0.35551
vt 0.09896 0.32138
vt 0.08691 0.32138
vt 0.09896 0.35555
vt 0.11896 0.35555
vt 0.09896 0.32138
vt 0.09896 0.35555
vt 0.11896 0.32138
vt 0.09896 0.32138
vt 0.11896 0.35555
vt 0.09896 0.35555
vt 0.11896 0.32138
vt 0.11896 0.35555
vt 0.09896 0.32138
vt 0.11896 0.32138
vt 0.09896 0.35555
vt 0.08691 0.35551
vt 0.09896 0.32138
vt 0.09896 0.35555
vt 0.08691 0.32138
vt 0.09896 0.32138
vt 0.08691 0.35551
vt 0.06854 0.35547
vt 0.08691 0.32138
vt 0.08691 0.35551
vt 0.06854 0.32138
vt 0.08691 0.32138
vt 0.06854 0.35547
vt 0.06329 0.35546
vt 0.06854 0.32138
vt 0.06854 0.35547
vt 0.06329 0.32138
vt 0.06854 0.32138
vt 0.06329 0.35546
vt 0.06854 0.35547
vt 0.06329 0.32138
vt 0.06329 0.35546
vt 0.06854 0.32138
vt 0.06329 0.32138
vt 0.06854 0.35547
vt 0.08691 0.35551
vt 0.06854 0.32138
vt 0.06854 0.35547
vt 0.08691 0.32138
vt 0.06854 0.32138
vt 0.08691 0.35551
vt 0.09896 0.35555
vt 0.08691 0.32138
vt 0.08691 0.35551
vt 0.09896 0.32138
vt 0.08691 0.32138
vt 0.09896 0.35555
vt 0.11896 0.35555
vt 0.09896 0.32138
vt 0.09896 0.35555
vt 0.11896 0.32138
vt 0.09896 0.32138
vt 0.11896 0.35555
vt 0.09896 0.35555
vt 0.11896 0.32138
vt 0.11896 0.35555
vt 0.09896 0.32138
vt 0.11896 0.32138
vt 0.09896 0.35555
vt 0.08691 0.35551
vt 0.09896 0.32138
vt 0.09896 0.35555
vt 0.08691 0.32138
vt 0.09896 0.32138
vt 0.08691 0.35551
vt 0.06854 0.35547
vt 0.08691 0.32138
vt 0.08691 0.35551
vt 0.06854 0.32138
vt 0.08691 0.32138
vt 0.06854 0.35547
vt 0.06329 0.35546
vt 0.06854 0.32138
vt 0.06854 0.35547
vt 0.06329 0.32138
vt 0.06854 0.32138
vt 0.06329 0.35546
vt 0.04861 0.29656
vt 0.00470 0.29656
vt 0.00470 -0.01752
vt 0.09464 -0.01752
vt 0.04861 0.29656
vt 0.00470 -0.01752
vt 0.10320 0.29656
vt 0.04861 0.29656
vt 0.09464 -0.01752
vt 0.10325 -0.01752
vt 0.10320 0.29656
vt 0.09464 -0.01752
vt 0.04861 0.29656
vt 0.10320 0.29656
vt 0.10325 -0.01752
vt 0.09464 -0.01752
vt 0.04861 0.29656
vt 0.10325 -0.01752
vt 0.00470 0.29656
vt 0.04861 0.29656
vt 0.09464 -0.01752
vt 0.00470 -0.01752
vt 0.00470 0.29656
vt 0.09464 -0.01752
vt 0.15174 0.91231
vt 0.15350 0.96607
vt 0.15174 0.96607
vt 0.15350 0.91231
vt 0.15350 0.96607
vt 0.15174 0.91231
vt 0.15350 0.96614
vt 0.15350 0.91231
vt 0.15174 0.91231
vt 0.15350 0.96614
vt 0.15350 0.98857
vt 0.15174 0.98857
vt 0.15174 0.96614
vt 0.15350 0.96614
vt 0.15174 0.98857
vt 0.15350 0.91231
vt 0.15350 0.96614
vt 0.15174 0.96614
vt 0.15174 0.91231
vt 0.15350 0.91231
vt 0.15174 0.96614
vt 0.15350 0.96607
vt 0.15350 0.91231
vt 0.15174 0.91231
vt 0.15174 0.96607
vt 0.15350 0.96607
vt 0.15174 0.91231
vt 0.15174 0.96614
vt 0.15350 0.96614
vt 0.15174 0.91231
vt 0.15350 0.98857
vt 0.15350 0.96614
vt 0.15174 0.96614
vt 0.15174 0.98857
vt 0.15350 0.98857
vt 0.15174 0.96614
vt 0.90998 0.28513
vt 0.99966 0.31184
vt 0.90998 0.31184
vt 0.99966 0.28513
vt 0.99966 0.31184
vt 0.90998 0.28513
vt 0.90998 0.24814
vt 0.99966 0.28513
vt 0.90998 0.28513
vt 0.99966 0.24814
vt 0.99966 0.28513
vt 0.90998 0.24814
vt 0.90998 0.28513
vt 0.99966 0.24814
vt 0.90998 0.24814
vt 0.99966 0.28513
vt 0.99966 0.24814
vt 0.90998 0.28513
vt 0.94229 0.13031
vt 0.91371 0.14683
vt 0.91371 0.13031
vt 0.94229 0.14683
vt 0.91371 0.14683
vt 0.94229 0.13031
vt 0.94229 0.13031
vt 0.91376 0.14690
vt 0.91376 0.13031
vt 0.94229 0.14690
vt 0.91376 0.14690
vt 0.94229 0.13031
vt 0.96130 0.12833
vt 0.94488 0.00142
vt 0.96203 0.00210
vt 0.94416 0.12833
vt 0.94488 0.00142
vt 0.96130 0.12833
vt 0.96123 0.13641
vt 0.94416 0.12833
vt 0.96130 0.12833
vt 0.94410 0.13641
vt 0.94416 0.12833
vt 0.96123 0.13641
vt 0.97305 0.00191
vt 0.96231 0.14979
vt 0.96203 0.00210
vt 0.97305 0.14979
vt 0.96231 0.14979
vt 0.97305 0.00191
vt 0.91536 0.00228
vt 0.92647 0.05771
vt 0.91536 0.05792
vt 0.92647 0.00228
vt 0.92647 0.05771
vt 0.91536 0.00228
vt 0.96231 0.14979
vt 0.97305 0.00191
vt 0.97305 0.14979
vt 0.96231 0.00191
vt 0.97305 0.00191
vt 0.96231 0.14979
vt 0.94416 0.12833
vt 0.96203 0.00210
vt 0.94488 0.00142
vt 0.96129 0.12833
vt 0.96203 0.00210
vt 0.94416 0.12833
vt 0.94410 0.13641
vt 0.96129 0.12833
vt 0.94416 0.12833
vt 0.96123 0.13641
vt 0.96129 0.12833
vt 0.94410 0.13641
vt 0.97305 0.00191
vt 0.96231 0.14979
vt 0.96231 0.00191
vt 0.97305 0.14979
vt 0.96231 0.14979
vt 0.97305 0.00191
vt 0.91542 0.00228
vt 0.92653 0.05716
vt 0.91542 0.05738
vt 0.92653 0.00228
vt 0.92653 0.05716
vt 0.91542 0.00228
vt 0.96231 0.14979
vt 0.97305 0.00191
vt 0.97305 0.14979
vt 0.96231 0.00191
vt 0.97305 0.00191
vt 0.96231 0.14979
vt 0.97305 0.14979
vt 0.96231 0.00191
vt 0.97305 0.00191
vt 0.96231 0.14979
vt 0.96231 0.00191
vt 0.97305 0.14979
vt 0.92841 0.12755
vt 0.94382 0.07810
vt 0.92841 0.07810
vt 0.94382 0.12755
vt 0.94382 0.07810
vt 0.92841 0.12755
vt 0.97305 0.14979
vt 0.96231 0.00191
vt 0.97305 0.00191
vt 0.96231 0.14979
vt 0.96231 0.00191
vt 0.97305 0.14979
vt 0.97305 0.14979
vt 0.96231 0.00191
vt 0.97305 0.00191
vt 0.96231 0.14979
vt 0.96231 0.00191
vt 0.97305 0.14979
vt 0.94382 0.12755
vt 0.92841 0.07810
vt 0.94382 0.07810
vt 0.92841 0.12755
vt 0.92841 0.07810
vt 0.94382 0.12755
vt 0.97305 0.14979
vt 0.96231 0.00191
vt 0.97305 0.00191
vt 0.96231 0.14979
vt 0.96231 0.00191
vt 0.97305 0.14979
vt 0.90218 0.35560
vt 0.82886 0.44377
vt 0.82886 0.35560
vt 0.90218 0.44377
vt 0.82886 0.44377
vt 0.90218 0.35560
vt 0.99732 0.15118
vt 0.99732 0.00189
vt 0.97530 0.00189
vt 0.97626 0.15118
vt 0.99732 0.15118
vt 0.97530 0.00189
vt 0.99732 0.00189
vt 0.99732 0.15118
vt 0.97626 0.15118
vt 0.97530 0.00189
vt 0.99732 0.00189
vt 0.97626 0.15118
vt 0.99732 0.15118
vt 0.99732 0.00189
vt 0.97530 0.00189
vt 0.97626 0.15118
vt 0.99732 0.15118
vt 0.97530 0.00189
vt 0.90998 0.28513
vt 0.99966 0.31184
vt 0.90998 0.31184
vt 0.99966 0.28513
vt 0.99966 0.31184
vt 0.90998 0.28513
vt 0.90998 0.24814
vt 0.99966 0.28513
vt 0.90998 0.28513
vt 0.99966 0.24814
vt 0.99966 0.28513
vt 0.90998 0.24814
vt 0.90998 0.28513
vt 0.99966 0.24814
vt 0.90998 0.24814
vt 0.99966 0.28513
vt 0.99966 0.24814
vt 0.90998 0.28513
vt 0.94229 0.13031
vt 0.91371 0.14683
vt 0.91371 0.13031
vt 0.94229 0.14683
vt 0.91371 0.14683
vt 0.94229 0.13031
vt 0.94229 0.13031
vt 0.91376 0.14690
vt 0.91376 0.13031
vt 0.94229 0.14690
vt 0.91376 0.14690
vt 0.94229 0.13031
vt 0.96130 0.12833
vt 0.94488 0.00142
vt 0.96203 0.00210
vt 0.94416 0.12833
vt 0.94488 0.00142
vt 0.96130 0.12833
vt 0.96123 0.13641
vt 0.94416 0.12833
vt 0.96130 0.12833
vt 0.94410 0.13641
vt 0.94416 0.12833
vt 0.96123 0.13641
vt 0.97305 0.00191
vt 0.96231 0.14979
vt 0.96203 0.00210
vt 0.97305 0.14979
vt 0.96231 0.14979
vt 0.97305 0.00191
vt 0.91536 0.00228
vt 0.92647 0.05771
vt 0.91536 0.05792
vt 0.92647 0.00228
vt 0.92647 0.05771
vt 0.91536 0.00228
vt 0.96231 0.14979
vt 0.97305 0.00191
vt 0.97305 0.14979
vt 0.96231 0.00191
vt 0.97305 0.00191
vt 0.96231 0.14979
vt 0.96099 0.12736
vt 0.94581 0.00166
vt 0.96110 0.00167
vt 0.94570 0.12735
vt 0.94581 0.00166
vt 0.96099 0.12736
vt 0.94416 0.12833
vt 0.96203 0.00210
vt 0.94488 0.00142
vt 0.96129 0.12833
vt 0.96203 0.00210
vt 0.94416 0.12833
vt 0.94410 0.13641
vt 0.96129 0.12833
vt 0.94416 0.12833
vt 0.96123 0.13641
vt 0.96129 0.12833
vt 0.94410 0.13641
vt 0.97305 0.00191
vt 0.96231 0.14979
vt 0.96231 0.00191
vt 0.97305 0.14979
vt 0.96231 0.14979
vt 0.97305 0.00191
vt 0.91542 0.00228
vt 0.92653 0.05716
vt 0.91542 0.05738
vt 0.92653 0.00228
vt 0.92653 0.05716
vt 0.91542 0.00228
vt 0.96231 0.14979
vt 0.97305 0.00191
vt 0.97305 0.14979
vt 0.96231 0.00191
vt 0.97305 0.00191
vt 0.96231 0.14979
vt 0.97305 0.14979
vt 0.96231 0.00191
vt 0.97305 0.00191
vt 0.96231 0.14979
vt 0.96231 0.00191
vt 0.97305 0.14979
vt 0.92841 0.12755
vt 0.94382 0.07810
vt 0.92841 0.07810
vt 0.94382 0.12755
vt 0.94382 0.07810
vt 0.92841 0.12755
vt 0.97305 0.14979
vt 0.96231 0.00191
vt 0.97305 0.00191
vt 0.96231 0.14979
vt 0.96231 0.00191
vt 0.97305 0.14979
vt 0.97305 0.14979
vt 0.96231 0.00191
vt 0.97305 0.00191
vt 0.96231 0.14979
vt 0.96231 0.00191
vt 0.97305 0.14979
vt 0.94382 0.12755
vt 0.92841 0.07810
vt 0.94382 0.07810
vt 0.92841 0.12755
vt 0.92841 0.07810
vt 0.94382 0.12755
vt 0.97305 0.14979
vt 0.96231 0.00191
vt 0.97305 0.00191
vt 0.96231 0.14979
vt 0.96231 0.00191
vt 0.97305 0.14979
vt 0.90218 0.35560
vt 0.82886 0.44377
vt 0.82886 0.35560
vt 0.90218 0.44377
vt 0.82886 0.44377
vt 0.90218 0.35560
vt 0.99732 0.15118
vt 0.99732 0.00189
vt 0.97530 0.00189
vt 0.97626 0.15118
vt 0.99732 0.15118
vt 0.97530 0.00189
vt 0.99732 0.00189
vt 0.99732 0.15118
vt 0.97626 0.15118
vt 0.97530 0.00189
vt 0.99732 0.00189
vt 0.97626 0.15118
vt 0.99732 0.15118
vt 0.99732 0.00189
vt 0.97530 0.00189
vt 0.97626 0.15118
vt 0.99732 0.15118
vt 0.97530 0.00189
vt 0.19913 0.61148
vt 0.18245 0.56058
vt 0.18245 0.61487
vt 0.19913 0.56397
vt 0.18245 0.56058
vt 0.19913 0.61148
vt 0.91291 0.63870
vt 0.79475 0.63998
vt 0.92316 0.66460
vt 0.81635 0.61907
vt 0.79475 0.63998
vt 0.91291 0.63870
vt 0.90253 0.61349
vt 0.81635 0.61907
vt 0.91291 0.63870
vt 0.83153 0.60367
vt 0.81635 0.61907
vt 0.90253 0.61349
vt 0.88926 0.58322
vt 0.83153 0.60367
vt 0.90253 0.61349
vt 0.85536 0.57998
vt 0.83153 0.60367
vt 0.88926 0.58322
vt 0.87687 0.55624
vt 0.85536 0.57998
vt 0.88926 0.58322
vt 0.91291 0.63870
vt 0.79475 0.63998
vt 0.92316 0.66460
vt 0.81635 0.61907
vt 0.79475 0.63998
vt 0.91291 0.63870
vt 0.90253 0.61349
vt 0.81635 0.61907
vt 0.91291 0.63870
vt 0.83153 0.60367
vt 0.81635 0.61907
vt 0.90253 0.61349
vt 0.88926 0.58322
vt 0.83153 0.60367
vt 0.90253 0.61349
vt 0.85536 0.57998
vt 0.83153 0.60367
vt 0.88926 0.58322
vt 0.87687 0.55624
vt 0.85536 0.57998
vt 0.88926 0.58322
vt 0.91291 0.63870
vt 0.79475 0.63998
vt 0.92316 0.66460
vt 0.81635 0.61907
vt 0.79475 0.63998
vt 0.91291 0.63870
vt 0.90253 0.61349
vt 0.81635 0.61907
vt 0.91291 0.63870
vt 0.83153 0.60367
vt 0.81635 0.61907
vt 0.90253 0.61349
vt 0.88926 0.58322
vt 0.83153 0.60367
vt 0.90253 0.61349
vt 0.85536 0.57998
vt 0.83153 0.60367
vt 0.88926 0.58322
vt 0.87687 0.55624
vt 0.85536 0.57998
vt 0.88926 0.58322
vt 0.88926 0.58322
vt 0.87687 0.55624
vt 0.85536 0.57998
vt 0.83153 0.60367
vt 0.88926 0.58322
vt 0.85536 0.57998
vt 0.90253 0.61349
vt 0.88926 0.58322
vt 0.83153 0.60367
vt 0.81635 0.61907
vt 0.90253 0.61349
vt 0.83153 0.60367
vt 0.91291 0.63870
vt 0.90253 0.61349
vt 0.81635 0.61907
vt 0.79475 0.63998
vt 0.91291 0.63870
vt 0.81635 0.61907
vt 0.90253 0.61349
vt 0.81635 0.61907
vt 0.91291 0.63870
vt 0.83153 0.60367
vt 0.81635 0.61907
vt 0.90253 0.61349
vt 0.88926 0.58322
vt 0.83153 0.60367
vt 0.90253 0.61349
vt 0.85536 0.57998
vt 0.83153 0.60367
vt 0.88926 0.58322
vt 0.87687 0.55624
vt 0.85536 0.57998
vt 0.88926 0.58322
vt 0.90253 0.61349
vt 0.81635 0.61907
vt 0.91291 0.63870
vt 0.83153 0.60367
vt 0.81635 0.61907
vt 0.90253 0.61349
vt 0.88926 0.58322
vt 0.83153 0.60367
vt 0.90253 0.61349
vt 0.85536 0.57998
vt 0.83153 0.60367
vt 0.88926 0.58322
vt 0.87687 0.55624
vt 0.85536 0.57998
vt 0.88926 0.58322
vt 0.90253 0.61349
vt 0.81635 0.61907
vt 0.91291 0.63870
vt 0.83153 0.60367
vt 0.81635 0.61907
vt 0.90253 0.61349
vt 0.88926 0.58322
vt 0.83153 0.60367
vt 0.90253 0.61349
vt 0.85536 0.57998
vt 0.83153 0.60367
vt 0.88926 0.58322
vt 0.87687 0.55624
vt 0.85536 0.57998
vt 0.88926 0.58322
vt 0.90253 0.61349
vt 0.81635 0.61907
vt 0.91291 0.63870
vt 0.83153 0.60367
vt 0.81635 0.61907
vt 0.90253 0.61349
vt 0.88926 0.58322
vt 0.83153 0.60367
vt 0.90253 0.61349
vt 0.85536 0.57998
vt 0.83153 0.60367
vt 0.88926 0.58322
vt 0.87687 0.55624
vt 0.85536 0.57998
vt 0.88926 0.58322
vt 0.83153 0.60367
vt 0.88926 0.58322
vt 0.85536 0.57998
vt 0.90253 0.61349
vt 0.88926 0.58322
vt 0.83153 0.60367
vt 0.81635 0.61907
vt 0.90253 0.61349
vt 0.83153 0.60367
vt 0.91291 0.63870
vt 0.90253 0.61349
vt 0.81635 0.61907
vt 0.79475 0.63998
vt 0.91291 0.63870
vt 0.81635 0.61907
vt 0.92316 0.66460
vt 0.91291 0.63870
vt 0.79475 0.63998
vt 0.83153 0.60367
vt 0.88926 0.58322
vt 0.85536 0.57998
vt 0.90253 0.61349
vt 0.88926 0.58322
vt 0.83153 0.60367
vt 0.81635 0.61907
vt 0.90253 0.61349
vt 0.83153 0.60367
vt 0.91291 0.63870
vt 0.90253 0.61349
vt 0.81635 0.61907
vt 0.79475 0.63998
vt 0.91291 0.63870
vt 0.81635 0.61907
vt 0.83153 0.60367
vt 0.88926 0.58322
vt 0.85536 0.57998
vt 0.90253 0.61349
vt 0.88926 0.58322
vt 0.83153 0.60367
vt 0.81635 0.61907
vt 0.90253 0.61349
vt 0.83153 0.60367
vt 0.83153 0.60367
vt 0.88926 0.58322
vt 0.85536 0.57998
vt 0.90253 0.61349
vt 0.88926 0.58322
vt 0.83153 0.60367
vt 0.81635 0.61907
vt 0.90253 0.61349
vt 0.83153 0.60367
vt 0.91291 0.63870
vt 0.90253 0.61349
vt 0.81635 0.61907
vt 0.83153 0.60367
vt 0.88926 0.58322
vt 0.85536 0.57998
vt 0.90253 0.61349
vt 0.88926 0.58322
vt 0.83153 0.60367
vt 0.81635 0.61907
vt 0.90253 0.61349
vt 0.83153 0.60367
vt 0.97158 0.56175
vt 0.92622 0.66289
vt 0.99916 0.56565
vt 0.91626 0.63824
vt 0.92622 0.66289
vt 0.97158 0.56175
vt 0.94453 0.55832
vt 0.91626 0.63824
vt 0.97158 0.56175
vt 0.90631 0.61360
vt 0.91626 0.63824
vt 0.94453 0.55832
vt 0.91166 0.55490
vt 0.90631 0.61360
vt 0.94453 0.55832
vt 0.89341 0.58167
vt 0.90631 0.61360
vt 0.91166 0.55490
vt 0.88166 0.55278
vt 0.89341 0.58167
vt 0.91166 0.55490
vt 0.97158 0.56175
vt 0.92622 0.66289
vt 0.99916 0.56565
vt 0.91626 0.63824
vt 0.92622 0.66289
vt 0.97158 0.56175
vt 0.94453 0.55832
vt 0.91626 0.63824
vt 0.97158 0.56175
vt 0.90631 0.61360
vt 0.91626 0.63824
vt 0.94453 0.55832
vt 0.91166 0.55490
vt 0.90631 0.61360
vt 0.94453 0.55832
vt 0.89341 0.58167
vt 0.90631 0.61360
vt 0.91166 0.55490
vt 0.88166 0.55278
vt 0.89341 0.58167
vt 0.91166 0.55490
vt 0.97158 0.56175
vt 0.92622 0.66289
vt 0.99916 0.56565
vt 0.91626 0.63824
vt 0.92622 0.66289
vt 0.97158 0.56175
vt 0.94453 0.55832
vt 0.91626 0.63824
vt 0.97158 0.56175
vt 0.90631 0.61360
vt 0.91626 0.63824
vt 0.94453 0.55832
vt 0.91166 0.55490
vt 0.90631 0.61360
vt 0.94453 0.55832
vt 0.89341 0.58167
vt 0.90631 0.61360
vt 0.91166 0.55490
vt 0.88166 0.55278
vt 0.89341 0.58167
vt 0.91166 0.55490
vt 0.97158 0.56175
vt 0.92622 0.66289
vt 0.99916 0.56565
vt 0.91626 0.63824
vt 0.92622 0.66289
vt 0.97158 0.56175
vt 0.94453 0.55832
vt 0.91626 0.63824
vt 0.97158 0.56175
vt 0.90631 0.61360
vt 0.91626 0.63824
vt 0.94453 0.55832
vt 0.91166 0.55490
vt 0.90631 0.61360
vt 0.94453 0.55832
vt 0.89341 0.58167
vt 0.90631 0.61360
vt 0.91166 0.55490
vt 0.88166 0.55278
vt 0.89341 0.58167
vt 0.91166 0.55490
vt 0.94453 0.55832
vt 0.91626 0.63824
vt 0.97158 0.56175
vt 0.90631 0.61360
vt 0.91626 0.63824
vt 0.94453 0.55832
vt 0.91166 0.55490
vt 0.90631 0.61360
vt 0.94453 0.55832
vt 0.89341 0.58167
vt 0.90631 0.61360
vt 0.91166 0.55490
vt 0.88166 0.55278
vt 0.89341 0.58167
vt 0.91166 0.55490
vt 0.91166 0.55490
vt 0.88166 0.55278
vt 0.89341 0.58167
vt 0.90631 0.61360
vt 0.91166 0.55490
vt 0.89341 0.58167
vt 0.94453 0.55832
vt 0.91166 0.55490
vt 0.90631 0.61360
vt 0.91626 0.63824
vt 0.94453 0.55832
vt 0.90631 0.61360
vt 0.91166 0.55490
vt 0.90631 0.61360
vt 0.94453 0.55832
vt 0.89341 0.58167
vt 0.90631 0.61360
vt 0.91166 0.55490
vt 0.88166 0.55278
vt 0.89341 0.58167
vt 0.91166 0.55490
vt 0.91166 0.55490
vt 0.90631 0.61360
vt 0.94453 0.55832
vt 0.89341 0.58167
vt 0.90631 0.61360
vt 0.91166 0.55490
vt 0.88166 0.55278
vt 0.89341 0.58167
vt 0.91166 0.55490
vt 0.91291 0.63870
vt 0.79475 0.63998
vt 0.92316 0.66460
vt 0.81635 0.61907
vt 0.79475 0.63998
vt 0.91291 0.63870
vt 0.90253 0.61349
vt 0.81635 0.61907
vt 0.91291 0.63870
vt 0.83153 0.60367
vt 0.81635 0.61907
vt 0.90253 0.61349
vt 0.88926 0.58322
vt 0.83153 0.60367
vt 0.90253 0.61349
vt 0.85536 0.57998
vt 0.83153 0.60367
vt 0.88926 0.58322
vt 0.87687 0.55624
vt 0.85536 0.57998
vt 0.88926 0.58322
vt 0.91291 0.63870
vt 0.79475 0.63998
vt 0.92316 0.66460
vt 0.81635 0.61907
vt 0.79475 0.63998
vt 0.91291 0.63870
vt 0.90253 0.61349
vt 0.81635 0.61907
vt 0.91291 0.63870
vt 0.83153 0.60367
vt 0.81635 0.61907
vt 0.90253 0.61349
vt 0.88926 0.58322
vt 0.83153 0.60367
vt 0.90253 0.61349
vt 0.85536 0.57998
vt 0.83153 0.60367
vt 0.88926 0.58322
vt 0.87687 0.55624
vt 0.85536 0.57998
vt 0.88926 0.58322
vt 0.91291 0.63870
vt 0.79475 0.63998
vt 0.92316 0.66460
vt 0.81635 0.61907
vt 0.79475 0.63998
vt 0.91291 0.63870
vt 0.90253 0.61349
vt 0.81635 0.61907
vt 0.91291 0.63870
vt 0.83153 0.60367
vt 0.81635 0.61907
vt 0.90253 0.61349
vt 0.88926 0.58322
vt 0.83153 0.60367
vt 0.90253 0.61349
vt 0.85536 0.57998
vt 0.83153 0.60367
vt 0.88926 0.58322
vt 0.87687 0.55624
vt 0.85536 0.57998
vt 0.88926 0.58322
vt 0.88926 0.58322
vt 0.87687 0.55624
vt 0.85536 0.57998
vt 0.83153 0.60367
vt 0.88926 0.58322
vt 0.85536 0.57998
vt 0.90253 0.61349
vt 0.88926 0.58322
vt 0.83153 0.60367
vt 0.81635 0.61907
vt 0.90253 0.61349
vt 0.83153 0.60367
vt 0.88926 0.58322
vt 0.85536 0.57998
vt 0.83153 0.60367
vt 0.87687 0.55624
vt 0.85536 0.57998
vt 0.88926 0.58322
vt 0.88926 0.58322
vt 0.83153 0.60367
vt 0.90253 0.61349
vt 0.85536 0.57998
vt 0.83153 0.60367
vt 0.88926 0.58322
vt 0.87687 0.55624
vt 0.85536 0.57998
vt 0.88926 0.58322
vt 0.91291 0.63870
vt 0.79475 0.63998
vt 0.92316 0.66460
vt 0.81635 0.61907
vt 0.79475 0.63998
vt 0.91291 0.63870
vt 0.90253 0.61349
vt 0.81635 0.61907
vt 0.91291 0.63870
vt 0.83153 0.60367
vt 0.81635 0.61907
vt 0.90253 0.61349
vt 0.88926 0.58322
vt 0.83153 0.60367
vt 0.90253 0.61349
vt 0.85536 0.57998
vt 0.83153 0.60367
vt 0.88926 0.58322
vt 0.87687 0.55624
vt 0.85536 0.57998
vt 0.88926 0.58322
vt 0.91291 0.63870
vt 0.79475 0.63998
vt 0.92316 0.66460
vt 0.81635 0.61907
vt 0.79475 0.63998
vt 0.91291 0.63870
vt 0.90253 0.61349
vt 0.81635 0.61907
vt 0.91291 0.63870
vt 0.83153 0.60367
vt 0.81635 0.61907
vt 0.90253 0.61349
vt 0.88926 0.58322
vt 0.83153 0.60367
vt 0.90253 0.61349
vt 0.85536 0.57998
vt 0.83153 0.60367
vt 0.88926 0.58322
vt 0.87687 0.55624
vt 0.85536 0.57998
vt 0.88926 0.58322
vt 0.91291 0.63870
vt 0.79475 0.63998
vt 0.92316 0.66460
vt 0.81635 0.61907
vt 0.79475 0.63998
vt 0.91291 0.63870
vt 0.90253 0.61349
vt 0.81635 0.61907
vt 0.91291 0.63870
vt 0.83153 0.60367
vt 0.81635 0.61907
vt 0.90253 0.61349
vt 0.88926 0.58322
vt 0.83153 0.60367
vt 0.90253 0.61349
vt 0.85536 0.57998
vt 0.83153 0.60367
vt 0.88926 0.58322
vt 0.87687 0.55624
vt 0.85536 0.57998
vt 0.88926 0.58322
vt 0.88926 0.58322
vt 0.87687 0.55624
vt 0.85536 0.57998
vt 0.83153 0.60367
vt 0.88926 0.58322
vt 0.85536 0.57998
vt 0.90253 0.61349
vt 0.88926 0.58322
vt 0.83153 0.60367
vt 0.81635 0.61907
vt 0.90253 0.61349
vt 0.83153 0.60367
vt 0.91291 0.63870
vt 0.90253 0.61349
vt 0.81635 0.61907
vt 0.79475 0.63998
vt 0.91291 0.63870
vt 0.81635 0.61907
vt 0.88926 0.58322
vt 0.87687 0.55624
vt 0.85536 0.57998
vt 0.83153 0.60367
vt 0.88926 0.58322
vt 0.85536 0.57998
vt 0.90253 0.61349
vt 0.88926 0.58322
vt 0.83153 0.60367
vt 0.81635 0.61907
vt 0.90253 0.61349
vt 0.83153 0.60367
vt 0.90253 0.61349
vt 0.81635 0.61907
vt 0.91291 0.63870
vt 0.83153 0.60367
vt 0.81635 0.61907
vt 0.90253 0.61349
vt 0.88926 0.58322
vt 0.83153 0.60367
vt 0.90253 0.61349
vt 0.85536 0.57998
vt 0.83153 0.60367
vt 0.88926 0.58322
vt 0.87687 0.55624
vt 0.85536 0.57998
vt 0.88926 0.58322
vt 0.90253 0.61349
vt 0.81635 0.61907
vt 0.91291 0.63870
vt 0.83153 0.60367
vt 0.81635 0.61907
vt 0.90253 0.61349
vt 0.88926 0.58322
vt 0.83153 0.60367
vt 0.90253 0.61349
vt 0.85536 0.57998
vt 0.83153 0.60367
vt 0.88926 0.58322
vt 0.87687 0.55624
vt 0.85536 0.57998
vt 0.88926 0.58322
vt 0.88926 0.58322
vt 0.83153 0.60367
vt 0.90253 0.61349
vt 0.85536 0.57998
vt 0.83153 0.60367
vt 0.88926 0.58322
vt 0.87687 0.55624
vt 0.85536 0.57998
vt 0.88926 0.58322
vt 0.91166 0.55490
vt 0.88166 0.55278
vt 0.89341 0.58167
vt 0.90631 0.61360
vt 0.91166 0.55490
vt 0.89341 0.58167
vt 0.94453 0.55832
vt 0.91166 0.55490
vt 0.90631 0.61360
vt 0.91626 0.63824
vt 0.94453 0.55832
vt 0.90631 0.61360
vt 0.97158 0.56175
vt 0.94453 0.55832
vt 0.91626 0.63824
vt 0.92622 0.66289
vt 0.97158 0.56175
vt 0.91626 0.63824
vt 0.97158 0.56175
vt 0.92622 0.66289
vt 0.99916 0.56565
vt 0.91626 0.63824
vt 0.92622 0.66289
vt 0.97158 0.56175
vt 0.94453 0.55832
vt 0.91626 0.63824
vt 0.97158 0.56175
vt 0.90631 0.61360
vt 0.91626 0.63824
vt 0.94453 0.55832
vt 0.91166 0.55490
vt 0.90631 0.61360
vt 0.94453 0.55832
vt 0.89341 0.58167
vt 0.90631 0.61360
vt 0.91166 0.55490
vt 0.88166 0.55278
vt 0.89341 0.58167
vt 0.91166 0.55490
vt 0.91166 0.55490
vt 0.88166 0.55278
vt 0.89341 0.58167
vt 0.90631 0.61360
vt 0.91166 0.55490
vt 0.89341 0.58167
vt 0.94453 0.55832
vt 0.91166 0.55490
vt 0.90631 0.61360
vt 0.91626 0.63824
vt 0.94453 0.55832
vt 0.90631 0.61360
vt 0.91166 0.55490
vt 0.90631 0.61360
vt 0.94453 0.55832
vt 0.89341 0.58167
vt 0.90631 0.61360
vt 0.91166 0.55490
vt 0.88166 0.55278
vt 0.89341 0.58167
vt 0.91166 0.55490
vt 0.91166 0.55490
vt 0.90631 0.61360
vt 0.94453 0.55832
vt 0.89341 0.58167
vt 0.90631 0.61360
vt 0.91166 0.55490
vt 0.88166 0.55278
vt 0.89341 0.58167
vt 0.91166 0.55490
vt 0.91166 0.55490
vt 0.90631 0.61360
vt 0.94453 0.55832
vt 0.89341 0.58167
vt 0.90631 0.61360
vt 0.91166 0.55490
vt 0.88166 0.55278
vt 0.89341 0.58167
vt 0.91166 0.55490
vt 0.91166 0.55490
vt 0.90631 0.61360
vt 0.94453 0.55832
vt 0.89341 0.58167
vt 0.90631 0.61360
vt 0.91166 0.55490
vt 0.88166 0.55278
vt 0.89341 0.58167
vt 0.91166 0.55490
vt 0.91166 0.55490
vt 0.90631 0.61360
vt 0.94453 0.55832
vt 0.89341 0.58167
vt 0.90631 0.61360
vt 0.91166 0.55490
vt 0.88166 0.55278
vt 0.89341 0.58167
vt 0.91166 0.55490
vt 0.91166 0.55490
vt 0.88166 0.55278
vt 0.89341 0.58167
vt 0.90631 0.61360
vt 0.91166 0.55490
vt 0.89341 0.58167
vt 0.94453 0.55832
vt 0.91166 0.55490
vt 0.90631 0.61360
vt 0.91626 0.63824
vt 0.94453 0.55832
vt 0.90631 0.61360
vt 0.97158 0.56175
vt 0.94453 0.55832
vt 0.91626 0.63824
vt 0.92622 0.66289
vt 0.97158 0.56175
vt 0.91626 0.63824
vt 0.97158 0.56175
vt 0.92622 0.66289
vt 0.99916 0.56565
vt 0.91626 0.63824
vt 0.92622 0.66289
vt 0.97158 0.56175
vt 0.94453 0.55832
vt 0.91626 0.63824
vt 0.97158 0.56175
vt 0.90631 0.61360
vt 0.91626 0.63824
vt 0.94453 0.55832
vt 0.91166 0.55490
vt 0.90631 0.61360
vt 0.94453 0.55832
vt 0.89341 0.58167
vt 0.90631 0.61360
vt 0.91166 0.55490
vt 0.88166 0.55278
vt 0.89341 0.58167
vt 0.91166 0.55490
vt 0.97158 0.56175
vt 0.92622 0.66289
vt 0.99916 0.56565
vt 0.91626 0.63824
vt 0.92622 0.66289
vt 0.97158 0.56175
vt 0.94453 0.55832
vt 0.91626 0.63824
vt 0.97158 0.56175
vt 0.90631 0.61360
vt 0.91626 0.63824
vt 0.94453 0.55832
vt 0.91166 0.55490
vt 0.90631 0.61360
vt 0.94453 0.55832
vt 0.89341 0.58167
vt 0.90631 0.61360
vt 0.91166 0.55490
vt 0.88166 0.55278
vt 0.89341 0.58167
vt 0.91166 0.55490
vt 0.97158 0.56175
vt 0.92622 0.66289
vt 0.99916 0.56565
vt 0.91626 0.63824
vt 0.92622 0.66289
vt 0.97158 0.56175
vt 0.94453 0.55832
vt 0.91626 0.63824
vt 0.97158 0.56175
vt 0.90631 0.61360
vt 0.91626 0.63824
vt 0.94453 0.55832
vt 0.91166 0.55490
vt 0.90631 0.61360
vt 0.94453 0.55832
vt 0.89341 0.58167
vt 0.90631 0.61360
vt 0.91166 0.55490
vt 0.88166 0.55278
vt 0.89341 0.58167
vt 0.91166 0.55490
vt 0.91166 0.55490
vt 0.88166 0.55278
vt 0.89341 0.58167
vt 0.90631 0.61360
vt 0.91166 0.55490
vt 0.89341 0.58167
vt 0.94453 0.55832
vt 0.91166 0.55490
vt 0.90631 0.61360
vt 0.91626 0.63824
vt 0.94453 0.55832
vt 0.90631 0.61360
vt 0.91166 0.55490
vt 0.90631 0.61360
vt 0.94453 0.55832
vt 0.89341 0.58167
vt 0.90631 0.61360
vt 0.91166 0.55490
vt 0.88166 0.55278
vt 0.89341 0.58167
vt 0.91166 0.55490
vt 0.91166 0.55490
vt 0.90631 0.61360
vt 0.94453 0.55832
vt 0.89341 0.58167
vt 0.90631 0.61360
vt 0.91166 0.55490
vt 0.88166 0.55278
vt 0.89341 0.58167
vt 0.91166 0.55490
vt 0.91166 0.55490
vt 0.90631 0.61360
vt 0.94453 0.55832
vt 0.89341 0.58167
vt 0.90631 0.61360
vt 0.91166 0.55490
vt 0.88166 0.55278
vt 0.89341 0.58167
vt 0.91166 0.55490
vt 0.91166 0.55490
vt 0.88166 0.55278
vt 0.89341 0.58167
vt 0.90631 0.61360
vt 0.91166 0.55490
vt 0.89341 0.58167
vt 0.94453 0.55832
vt 0.91166 0.55490
vt 0.90631 0.61360
vt 0.91626 0.63824
vt 0.94453 0.55832
vt 0.90631 0.61360
vt 0.97158 0.56175
vt 0.94453 0.55832
vt 0.91626 0.63824
vt 0.92622 0.66289
vt 0.97158 0.56175
vt 0.91626 0.63824
vt 0.97158 0.56175
vt 0.92622 0.66289
vt 0.99916 0.56565
vt 0.91626 0.63824
vt 0.92622 0.66289
vt 0.97158 0.56175
vt 0.94453 0.55832
vt 0.91626 0.63824
vt 0.97158 0.56175
vt 0.90631 0.61360
vt 0.91626 0.63824
vt 0.94453 0.55832
vt 0.91166 0.55490
vt 0.90631 0.61360
vt 0.94453 0.55832
vt 0.89341 0.58167
vt 0.90631 0.61360
vt 0.91166 0.55490
vt 0.88166 0.55278
vt 0.89341 0.58167
vt 0.91166 0.55490
vt 0.94453 0.55832
vt 0.91626 0.63824
vt 0.97158 0.56175
vt 0.90631 0.61360
vt 0.91626 0.63824
vt 0.94453 0.55832
vt 0.91166 0.55490
vt 0.90631 0.61360
vt 0.94453 0.55832
vt 0.89341 0.58167
vt 0.90631 0.61360
vt 0.91166 0.55490
vt 0.88166 0.55278
vt 0.89341 0.58167
vt 0.91166 0.55490
vt 0.94453 0.55832
vt 0.91626 0.63824
vt 0.97158 0.56175
vt 0.90631 0.61360
vt 0.91626 0.63824
vt 0.94453 0.55832
vt 0.91166 0.55490
vt 0.90631 0.61360
vt 0.94453 0.55832
vt 0.89341 0.58167
vt 0.90631 0.61360
vt 0.91166 0.55490
vt 0.88166 0.55278
vt 0.89341 0.58167
vt 0.91166 0.55490
vt 0.91166 0.55490
vt 0.88166 0.55278
vt 0.89341 0.58167
vt 0.90631 0.61360
vt 0.91166 0.55490
vt 0.89341 0.58167
vt 0.94453 0.55832
vt 0.91166 0.55490
vt 0.90631 0.61360
vt 0.91626 0.63824
vt 0.94453 0.55832
vt 0.90631 0.61360
vt 0.94453 0.55832
vt 0.91626 0.63824
vt 0.97158 0.56175
vt 0.90631 0.61360
vt 0.91626 0.63824
vt 0.94453 0.55832
vt 0.91166 0.55490
vt 0.90631 0.61360
vt 0.94453 0.55832
vt 0.89341 0.58167
vt 0.90631 0.61360
vt 0.91166 0.55490
vt 0.88166 0.55278
vt 0.89341 0.58167
vt 0.91166 0.55490
vt 0.94453 0.55832
vt 0.91626 0.63824
vt 0.97158 0.56175
vt 0.90631 0.61360
vt 0.91626 0.63824
vt 0.94453 0.55832
vt 0.91166 0.55490
vt 0.90631 0.61360
vt 0.94453 0.55832
vt 0.89341 0.58167
vt 0.90631 0.61360
vt 0.91166 0.55490
vt 0.88166 0.55278
vt 0.89341 0.58167
vt 0.91166 0.55490
vt 0.91166 0.55490
vt 0.90631 0.61360
vt 0.94453 0.55832
vt 0.89341 0.58167
vt 0.90631 0.61360
vt 0.91166 0.55490
vt 0.88166 0.55278
vt 0.89341 0.58167
vt 0.91166 0.55490
vt 0.97158 0.56175
vt 0.92622 0.66289
vt 0.99916 0.56565
vt 0.91626 0.63824
vt 0.92622 0.66289
vt 0.97158 0.56175
vt 0.94453 0.55832
vt 0.91626 0.63824
vt 0.97158 0.56175
vt 0.90631 0.61360
vt 0.91626 0.63824
vt 0.94453 0.55832
vt 0.91166 0.55490
vt 0.90631 0.61360
vt 0.94453 0.55832
vt 0.89341 0.58167
vt 0.90631 0.61360
vt 0.91166 0.55490
vt 0.88166 0.55278
vt 0.89341 0.58167
vt 0.91166 0.55490
vt 0.97158 0.56175
vt 0.92622 0.66289
vt 0.99916 0.56565
vt 0.91626 0.63824
vt 0.92622 0.66289
vt 0.97158 0.56175
vt 0.94453 0.55832
vt 0.91626 0.63824
vt 0.97158 0.56175
vt 0.90631 0.61360
vt 0.91626 0.63824
vt 0.94453 0.55832
vt 0.91166 0.55490
vt 0.90631 0.61360
vt 0.94453 0.55832
vt 0.89341 0.58167
vt 0.90631 0.61360
vt 0.91166 0.55490
vt 0.88166 0.55278
vt 0.89341 0.58167
vt 0.91166 0.55490
vt 0.97158 0.56175
vt 0.92622 0.66289
vt 0.99916 0.56565
vt 0.91626 0.63824
vt 0.92622 0.66289
vt 0.97158 0.56175
vt 0.94453 0.55832
vt 0.91626 0.63824
vt 0.97158 0.56175
vt 0.90631 0.61360
vt 0.91626 0.63824
vt 0.94453 0.55832
vt 0.91166 0.55490
vt 0.90631 0.61360
vt 0.94453 0.55832
vt 0.89341 0.58167
vt 0.90631 0.61360
vt 0.91166 0.55490
vt 0.88166 0.55278
vt 0.89341 0.58167
vt 0.91166 0.55490
vt 0.97158 0.56175
vt 0.92622 0.66289
vt 0.99916 0.56565
vt 0.91626 0.63824
vt 0.92622 0.66289
vt 0.97158 0.56175
vt 0.94453 0.55832
vt 0.91626 0.63824
vt 0.97158 0.56175
vt 0.90631 0.61360
vt 0.91626 0.63824
vt 0.94453 0.55832
vt 0.91166 0.55490
vt 0.90631 0.61360
vt 0.94453 0.55832
vt 0.89341 0.58167
vt 0.90631 0.61360
vt 0.91166 0.55490
vt 0.88166 0.55278
vt 0.89341 0.58167
vt 0.91166 0.55490
vt 0.97158 0.56175
vt 0.92622 0.66289
vt 0.99916 0.56565
vt 0.91626 0.63824
vt 0.92622 0.66289
vt 0.97158 0.56175
vt 0.94453 0.55832
vt 0.91626 0.63824
vt 0.97158 0.56175
vt 0.90631 0.61360
vt 0.91626 0.63824
vt 0.94453 0.55832
vt 0.91166 0.55490
vt 0.90631 0.61360
vt 0.94453 0.55832
vt 0.89341 0.58167
vt 0.90631 0.61360
vt 0.91166 0.55490
vt 0.88166 0.55278
vt 0.89341 0.58167
vt 0.91166 0.55490
vt 0.91166 0.55490
vt 0.88166 0.55278
vt 0.89341 0.58167
vt 0.90631 0.61360
vt 0.91166 0.55490
vt 0.89341 0.58167
vt 0.94453 0.55832
vt 0.91166 0.55490
vt 0.90631 0.61360
vt 0.91626 0.63824
vt 0.94453 0.55832
vt 0.90631 0.61360
vt 0.97158 0.56175
vt 0.94453 0.55832
vt 0.91626 0.63824
vt 0.92622 0.66289
vt 0.97158 0.56175
vt 0.91626 0.63824
vt 0.97158 0.56175
vt 0.92622 0.66289
vt 0.99916 0.56565
vt 0.91626 0.63824
vt 0.92622 0.66289
vt 0.97158 0.56175
vt 0.94453 0.55832
vt 0.91626 0.63824
vt 0.97158 0.56175
vt 0.90631 0.61360
vt 0.91626 0.63824
vt 0.94453 0.55832
vt 0.91166 0.55490
vt 0.90631 0.61360
vt 0.94453 0.55832
vt 0.89341 0.58167
vt 0.90631 0.61360
vt 0.91166 0.55490
vt 0.88166 0.55278
vt 0.89341 0.58167
vt 0.91166 0.55490
vt 0.97158 0.56175
vt 0.92622 0.66289
vt 0.99916 0.56565
vt 0.91626 0.63824
vt 0.92622 0.66289
vt 0.97158 0.56175
vt 0.94453 0.55832
vt 0.91626 0.63824
vt 0.97158 0.56175
vt 0.90631 0.61360
vt 0.91626 0.63824
vt 0.94453 0.55832
vt 0.91166 0.55490
vt 0.90631 0.61360
vt 0.94453 0.55832
vt 0.89341 0.58167
vt 0.90631 0.61360
vt 0.91166 0.55490
vt 0.88166 0.55278
vt 0.89341 0.58167
vt 0.91166 0.55490
vt 0.90253 0.61349
vt 0.81635 0.61907
vt 0.91291 0.63870
vt 0.83153 0.60367
vt 0.81635 0.61907
vt 0.90253 0.61349
vt 0.88926 0.58322
vt 0.83153 0.60367
vt 0.90253 0.61349
vt 0.85536 0.57998
vt 0.83153 0.60367
vt 0.88926 0.58322
vt 0.87687 0.55624
vt 0.85536 0.57998
vt 0.88926 0.58322
vt 0.90253 0.61349
vt 0.81635 0.61907
vt 0.91291 0.63870
vt 0.83153 0.60367
vt 0.81635 0.61907
vt 0.90253 0.61349
vt 0.88926 0.58322
vt 0.83153 0.60367
vt 0.90253 0.61349
vt 0.85536 0.57998
vt 0.83153 0.60367
vt 0.88926 0.58322
vt 0.87687 0.55624
vt 0.85536 0.57998
vt 0.88926 0.58322
vt 0.90253 0.61349
vt 0.81635 0.61907
vt 0.91291 0.63870
vt 0.83153 0.60367
vt 0.81635 0.61907
vt 0.90253 0.61349
vt 0.88926 0.58322
vt 0.83153 0.60367
vt 0.90253 0.61349
vt 0.85536 0.57998
vt 0.83153 0.60367
vt 0.88926 0.58322
vt 0.87687 0.55624
vt 0.85536 0.57998
vt 0.88926 0.58322
vt 0.90253 0.61349
vt 0.81635 0.61907
vt 0.91291 0.63870
vt 0.83153 0.60367
vt 0.81635 0.61907
vt 0.90253 0.61349
vt 0.88926 0.58322
vt 0.83153 0.60367
vt 0.90253 0.61349
vt 0.85536 0.57998
vt 0.83153 0.60367
vt 0.88926 0.58322
vt 0.87687 0.55624
vt 0.85536 0.57998
vt 0.88926 0.58322
vt 0.90253 0.61349
vt 0.81635 0.61907
vt 0.91291 0.63870
vt 0.83153 0.60367
vt 0.81635 0.61907
vt 0.90253 0.61349
vt 0.88926 0.58322
vt 0.83153 0.60367
vt 0.90253 0.61349
vt 0.85536 0.57998
vt 0.83153 0.60367
vt 0.88926 0.58322
vt 0.87687 0.55624
vt 0.85536 0.57998
vt 0.88926 0.58322
vt 0.90253 0.61349
vt 0.81635 0.61907
vt 0.91291 0.63870
vt 0.83153 0.60367
vt 0.81635 0.61907
vt 0.90253 0.61349
vt 0.88926 0.58322
vt 0.83153 0.60367
vt 0.90253 0.61349
vt 0.85536 0.57998
vt 0.83153 0.60367
vt 0.88926 0.58322
vt 0.87687 0.55624
vt 0.85536 0.57998
vt 0.88926 0.58322
vt 0.88926 0.58322
vt 0.87687 0.55624
vt 0.85536 0.57998
vt 0.83153 0.60367
vt 0.88926 0.58322
vt 0.85536 0.57998
vt 0.90253 0.61349
vt 0.88926 0.58322
vt 0.83153 0.60367
vt 0.81635 0.61907
vt 0.90253 0.61349
vt 0.83153 0.60367
vt 0.88926 0.58322
vt 0.83153 0.60367
vt 0.90253 0.61349
vt 0.85536 0.57998
vt 0.83153 0.60367
vt 0.88926 0.58322
vt 0.87687 0.55624
vt 0.85536 0.57998
vt 0.88926 0.58322
vt 0.91166 0.55490
vt 0.88166 0.55278
vt 0.89341 0.58167
vt 0.90631 0.61360
vt 0.91166 0.55490
vt 0.89341 0.58167
vt 0.94453 0.55832
vt 0.91166 0.55490
vt 0.90631 0.61360
vt 0.91626 0.63824
vt 0.94453 0.55832
vt 0.90631 0.61360
vt 0.97158 0.56175
vt 0.94453 0.55832
vt 0.91626 0.63824
vt 0.92622 0.66289
vt 0.97158 0.56175
vt 0.91626 0.63824
vt 0.94453 0.55832
vt 0.91626 0.63824
vt 0.97158 0.56175
vt 0.90631 0.61360
vt 0.91626 0.63824
vt 0.94453 0.55832
vt 0.91166 0.55490
vt 0.90631 0.61360
vt 0.94453 0.55832
vt 0.89341 0.58167
vt 0.90631 0.61360
vt 0.91166 0.55490
vt 0.88166 0.55278
vt 0.89341 0.58167
vt 0.91166 0.55490
vt 0.94453 0.55832
vt 0.91626 0.63824
vt 0.97158 0.56175
vt 0.90631 0.61360
vt 0.91626 0.63824
vt 0.94453 0.55832
vt 0.91166 0.55490
vt 0.90631 0.61360
vt 0.94453 0.55832
vt 0.89341 0.58167
vt 0.90631 0.61360
vt 0.91166 0.55490
vt 0.88166 0.55278
vt 0.89341 0.58167
vt 0.91166 0.55490
vt 0.94453 0.55832
vt 0.91626 0.63824
vt 0.97158 0.56175
vt 0.90631 0.61360
vt 0.91626 0.63824
vt 0.94453 0.55832
vt 0.91166 0.55490
vt 0.90631 0.61360
vt 0.94453 0.55832
vt 0.89341 0.58167
vt 0.90631 0.61360
vt 0.91166 0.55490
vt 0.88166 0.55278
vt 0.89341 0.58167
vt 0.91166 0.55490
vt 0.91166 0.55490
vt 0.88166 0.55278
vt 0.89341 0.58167
vt 0.90631 0.61360
vt 0.91166 0.55490
vt 0.89341 0.58167
vt 0.94453 0.55832
vt 0.91166 0.55490
vt 0.90631 0.61360
vt 0.91626 0.63824
vt 0.94453 0.55832
vt 0.90631 0.61360
vt 0.94453 0.55832
vt 0.91626 0.63824
vt 0.97158 0.56175
vt 0.90631 0.61360
vt 0.91626 0.63824
vt 0.94453 0.55832
vt 0.91166 0.55490
vt 0.90631 0.61360
vt 0.94453 0.55832
vt 0.89341 0.58167
vt 0.90631 0.61360
vt 0.91166 0.55490
vt 0.88166 0.55278
vt 0.89341 0.58167
vt 0.91166 0.55490
vt 0.94453 0.55832
vt 0.91626 0.63824
vt 0.97158 0.56175
vt 0.90631 0.61360
vt 0.91626 0.63824
vt 0.94453 0.55832
vt 0.91166 0.55490
vt 0.90631 0.61360
vt 0.94453 0.55832
vt 0.89341 0.58167
vt 0.90631 0.61360
vt 0.91166 0.55490
vt 0.88166 0.55278
vt 0.89341 0.58167
vt 0.91166 0.55490
vt 0.91166 0.55490
vt 0.90631 0.61360
vt 0.94453 0.55832
vt 0.89341 0.58167
vt 0.90631 0.61360
vt 0.91166 0.55490
vt 0.88166 0.55278
vt 0.89341 0.58167
vt 0.91166 0.55490
vt 0.88926 0.58322
vt 0.87687 0.55624
vt 0.85536 0.57998
vt 0.83153 0.60367
vt 0.88926 0.58322
vt 0.85536 0.57998
vt 0.90253 0.61349
vt 0.88926 0.58322
vt 0.83153 0.60367
vt 0.81635 0.61907
vt 0.90253 0.61349
vt 0.83153 0.60367
vt 0.91291 0.63870
vt 0.90253 0.61349
vt 0.81635 0.61907
vt 0.79475 0.63998
vt 0.91291 0.63870
vt 0.81635 0.61907
vt 0.91291 0.63870
vt 0.79475 0.63998
vt 0.92316 0.66460
vt 0.81635 0.61907
vt 0.79475 0.63998
vt 0.91291 0.63870
vt 0.90253 0.61349
vt 0.81635 0.61907
vt 0.91291 0.63870
vt 0.83153 0.60367
vt 0.81635 0.61907
vt 0.90253 0.61349
vt 0.88926 0.58322
vt 0.83153 0.60367
vt 0.90253 0.61349
vt 0.85536 0.57998
vt 0.83153 0.60367
vt 0.88926 0.58322
vt 0.87687 0.55624
vt 0.85536 0.57998
vt 0.88926 0.58322
vt 0.91291 0.63870
vt 0.79475 0.63998
vt 0.92316 0.66460
vt 0.81635 0.61907
vt 0.79475 0.63998
vt 0.91291 0.63870
vt 0.90253 0.61349
vt 0.81635 0.61907
vt 0.91291 0.63870
vt 0.83153 0.60367
vt 0.81635 0.61907
vt 0.90253 0.61349
vt 0.88926 0.58322
vt 0.83153 0.60367
vt 0.90253 0.61349
vt 0.85536 0.57998
vt 0.83153 0.60367
vt 0.88926 0.58322
vt 0.87687 0.55624
vt 0.85536 0.57998
vt 0.88926 0.58322
vt 0.88926 0.58322
vt 0.87687 0.55624
vt 0.85536 0.57998
vt 0.83153 0.60367
vt 0.88926 0.58322
vt 0.85536 0.57998
vt 0.90253 0.61349
vt 0.88926 0.58322
vt 0.83153 0.60367
vt 0.81635 0.61907
vt 0.90253 0.61349
vt 0.83153 0.60367
vt 0.91291 0.63870
vt 0.90253 0.61349
vt 0.81635 0.61907
vt 0.79475 0.63998
vt 0.91291 0.63870
vt 0.81635 0.61907
vt 0.88926 0.58322
vt 0.87687 0.55624
vt 0.85536 0.57998
vt 0.83153 0.60367
vt 0.88926 0.58322
vt 0.85536 0.57998
vt 0.90253 0.61349
vt 0.88926 0.58322
vt 0.83153 0.60367
vt 0.81635 0.61907
vt 0.90253 0.61349
vt 0.83153 0.60367
vt 0.90253 0.61349
vt 0.81635 0.61907
vt 0.91291 0.63870
vt 0.83153 0.60367
vt 0.81635 0.61907
vt 0.90253 0.61349
vt 0.88926 0.58322
vt 0.83153 0.60367
vt 0.90253 0.61349
vt 0.85536 0.57998
vt 0.83153 0.60367
vt 0.88926 0.58322
vt 0.87687 0.55624
vt 0.85536 0.57998
vt 0.88926 0.58322
vt 0.90253 0.61349
vt 0.81635 0.61907
vt 0.91291 0.63870
vt 0.83153 0.60367
vt 0.81635 0.61907
vt 0.90253 0.61349
vt 0.88926 0.58322
vt 0.83153 0.60367
vt 0.90253 0.61349
vt 0.85536 0.57998
vt 0.83153 0.60367
vt 0.88926 0.58322
vt 0.87687 0.55624
vt 0.85536 0.57998
vt 0.88926 0.58322
vt 0.88926 0.58322
vt 0.83153 0.60367
vt 0.90253 0.61349
vt 0.85536 0.57998
vt 0.83153 0.60367
vt 0.88926 0.58322
vt 0.87687 0.55624
vt 0.85536 0.57998
vt 0.88926 0.58322
vt 0.90253 0.61349
vt 0.81635 0.61907
vt 0.91291 0.63870
vt 0.83153 0.60367
vt 0.81635 0.61907
vt 0.90253 0.61349
vt 0.88926 0.58322
vt 0.83153 0.60367
vt 0.90253 0.61349
vt 0.85536 0.57998
vt 0.83153 0.60367
vt 0.88926 0.58322
vt 0.87687 0.55624
vt 0.85536 0.57998
vt 0.88926 0.58322
vt 0.90253 0.61349
vt 0.81635 0.61907
vt 0.91291 0.63870
vt 0.83153 0.60367
vt 0.81635 0.61907
vt 0.90253 0.61349
vt 0.88926 0.58322
vt 0.83153 0.60367
vt 0.90253 0.61349
vt 0.85536 0.57998
vt 0.83153 0.60367
vt 0.88926 0.58322
vt 0.87687 0.55624
vt 0.85536 0.57998
vt 0.88926 0.58322
vt 0.90253 0.61349
vt 0.81635 0.61907
vt 0.91291 0.63870
vt 0.83153 0.60367
vt 0.81635 0.61907
vt 0.90253 0.61349
vt 0.88926 0.58322
vt 0.83153 0.60367
vt 0.90253 0.61349
vt 0.85536 0.57998
vt 0.83153 0.60367
vt 0.88926 0.58322
vt 0.87687 0.55624
vt 0.85536 0.57998
vt 0.88926 0.58322
vt 0.90253 0.61349
vt 0.81635 0.61907
vt 0.91291 0.63870
vt 0.83153 0.60367
vt 0.81635 0.61907
vt 0.90253 0.61349
vt 0.88926 0.58322
vt 0.83153 0.60367
vt 0.90253 0.61349
vt 0.85536 0.57998
vt 0.83153 0.60367
vt 0.88926 0.58322
vt 0.87687 0.55624
vt 0.85536 0.57998
vt 0.88926 0.58322
vt 0.88926 0.58322
vt 0.85536 0.57998
vt 0.83153 0.60367
vt 0.87687 0.55624
vt 0.85536 0.57998
vt 0.88926 0.58322
vt 0.88926 0.58322
vt 0.83153 0.60367
vt 0.90253 0.61349
vt 0.85536 0.57998
vt 0.83153 0.60367
vt 0.88926 0.58322
vt 0.87687 0.55624
vt 0.85536 0.57998
vt 0.88926 0.58322
vt 0.91166 0.55490
vt 0.88166 0.55278
vt 0.89341 0.58167
vt 0.90631 0.61360
vt 0.91166 0.55490
vt 0.89341 0.58167
vt 0.94453 0.55832
vt 0.91166 0.55490
vt 0.90631 0.61360
vt 0.91626 0.63824
vt 0.94453 0.55832
vt 0.90631 0.61360
vt 0.94453 0.55832
vt 0.91626 0.63824
vt 0.97158 0.56175
vt 0.90631 0.61360
vt 0.91626 0.63824
vt 0.94453 0.55832
vt 0.91166 0.55490
vt 0.90631 0.61360
vt 0.94453 0.55832
vt 0.89341 0.58167
vt 0.90631 0.61360
vt 0.91166 0.55490
vt 0.88166 0.55278
vt 0.89341 0.58167
vt 0.91166 0.55490
vt 0.94453 0.55832
vt 0.91626 0.63824
vt 0.97158 0.56175
vt 0.90631 0.61360
vt 0.91626 0.63824
vt 0.94453 0.55832
vt 0.91166 0.55490
vt 0.90631 0.61360
vt 0.94453 0.55832
vt 0.89341 0.58167
vt 0.90631 0.61360
vt 0.91166 0.55490
vt 0.88166 0.55278
vt 0.89341 0.58167
vt 0.91166 0.55490
vt 0.94453 0.55832
vt 0.91626 0.63824
vt 0.97158 0.56175
vt 0.90631 0.61360
vt 0.91626 0.63824
vt 0.94453 0.55832
vt 0.91166 0.55490
vt 0.90631 0.61360
vt 0.94453 0.55832
vt 0.89341 0.58167
vt 0.90631 0.61360
vt 0.91166 0.55490
vt 0.88166 0.55278
vt 0.89341 0.58167
vt 0.91166 0.55490
vt 0.94453 0.55832
vt 0.91626 0.63824
vt 0.97158 0.56175
vt 0.90631 0.61360
vt 0.91626 0.63824
vt 0.94453 0.55832
vt 0.91166 0.55490
vt 0.90631 0.61360
vt 0.94453 0.55832
vt 0.89341 0.58167
vt 0.90631 0.61360
vt 0.91166 0.55490
vt 0.88166 0.55278
vt 0.89341 0.58167
vt 0.91166 0.55490
vt 0.91166 0.55490
vt 0.90631 0.61360
vt 0.94453 0.55832
vt 0.89341 0.58167
vt 0.90631 0.61360
vt 0.91166 0.55490
vt 0.88166 0.55278
vt 0.89341 0.58167
vt 0.91166 0.55490
vt 0.91166 0.55490
vt 0.89341 0.58167
vt 0.90631 0.61360
vt 0.88166 0.55278
vt 0.89341 0.58167
vt 0.91166 0.55490
vt 0.91166 0.55490
vt 0.88166 0.55278
vt 0.89341 0.58167
vt 0.90631 0.61360
vt 0.91166 0.55490
vt 0.89341 0.58167
vt 0.94453 0.55832
vt 0.91166 0.55490
vt 0.90631 0.61360
vt 0.91626 0.63824
vt 0.94453 0.55832
vt 0.90631 0.61360
vt 0.97158 0.56175
vt 0.94453 0.55832
vt 0.91626 0.63824
vt 0.92622 0.66289
vt 0.97158 0.56175
vt 0.91626 0.63824
vt 0.97158 0.56175
vt 0.92622 0.66289
vt 0.99916 0.56565
vt 0.91626 0.63824
vt 0.92622 0.66289
vt 0.97158 0.56175
vt 0.94453 0.55832
vt 0.91626 0.63824
vt 0.97158 0.56175
vt 0.90631 0.61360
vt 0.91626 0.63824
vt 0.94453 0.55832
vt 0.91166 0.55490
vt 0.90631 0.61360
vt 0.94453 0.55832
vt 0.89341 0.58167
vt 0.90631 0.61360
vt 0.91166 0.55490
vt 0.88166 0.55278
vt 0.89341 0.58167
vt 0.91166 0.55490
vt 0.94453 0.55832
vt 0.91626 0.63824
vt 0.97158 0.56175
vt 0.90631 0.61360
vt 0.91626 0.63824
vt 0.94453 0.55832
vt 0.91166 0.55490
vt 0.90631 0.61360
vt 0.94453 0.55832
vt 0.89341 0.58167
vt 0.90631 0.61360
vt 0.91166 0.55490
vt 0.88166 0.55278
vt 0.89341 0.58167
vt 0.91166 0.55490
vt 0.91166 0.55490
vt 0.88166 0.55278
vt 0.89341 0.58167
vt 0.90631 0.61360
vt 0.91166 0.55490
vt 0.89341 0.58167
vt 0.94453 0.55832
vt 0.91166 0.55490
vt 0.90631 0.61360
vt 0.91626 0.63824
vt 0.94453 0.55832
vt 0.90631 0.61360
vt 0.91166 0.55490
vt 0.88166 0.55278
vt 0.89341 0.58167
vt 0.90631 0.61360
vt 0.91166 0.55490
vt 0.89341 0.58167
vt 0.94453 0.55832
vt 0.91166 0.55490
vt 0.90631 0.61360
vt 0.91626 0.63824
vt 0.94453 0.55832
vt 0.90631 0.61360
vt 0.94453 0.55832
vt 0.91626 0.63824
vt 0.97158 0.56175
vt 0.90631 0.61360
vt 0.91626 0.63824
vt 0.94453 0.55832
vt 0.91166 0.55490
vt 0.90631 0.61360
vt 0.94453 0.55832
vt 0.89341 0.58167
vt 0.90631 0.61360
vt 0.91166 0.55490
vt 0.88166 0.55278
vt 0.89341 0.58167
vt 0.91166 0.55490
vt 0.94453 0.55832
vt 0.91626 0.63824
vt 0.97158 0.56175
vt 0.90631 0.61360
vt 0.91626 0.63824
vt 0.94453 0.55832
vt 0.91166 0.55490
vt 0.90631 0.61360
vt 0.94453 0.55832
vt 0.89341 0.58167
vt 0.90631 0.61360
vt 0.91166 0.55490
vt 0.88166 0.55278
vt 0.89341 0.58167
vt 0.91166 0.55490
vt 0.91166 0.55490
vt 0.90631 0.61360
vt 0.94453 0.55832
vt 0.89341 0.58167
vt 0.90631 0.61360
vt 0.91166 0.55490
vt 0.88166 0.55278
vt 0.89341 0.58167
vt 0.91166 0.55490
vt 0.88926 0.58322
vt 0.87687 0.55624
vt 0.85536 0.57998
vt 0.83153 0.60367
vt 0.88926 0.58322
vt 0.85536 0.57998
vt 0.90253 0.61349
vt 0.88926 0.58322
vt 0.83153 0.60367
vt 0.81635 0.61907
vt 0.90253 0.61349
vt 0.83153 0.60367
vt 0.90253 0.61349
vt 0.81635 0.61907
vt 0.91291 0.63870
vt 0.83153 0.60367
vt 0.81635 0.61907
vt 0.90253 0.61349
vt 0.88926 0.58322
vt 0.83153 0.60367
vt 0.90253 0.61349
vt 0.85536 0.57998
vt 0.83153 0.60367
vt 0.88926 0.58322
vt 0.87687 0.55624
vt 0.85536 0.57998
vt 0.88926 0.58322
vt 0.90253 0.61349
vt 0.81635 0.61907
vt 0.91291 0.63870
vt 0.83153 0.60367
vt 0.81635 0.61907
vt 0.90253 0.61349
vt 0.88926 0.58322
vt 0.83153 0.60367
vt 0.90253 0.61349
vt 0.85536 0.57998
vt 0.83153 0.60367
vt 0.88926 0.58322
vt 0.87687 0.55624
vt 0.85536 0.57998
vt 0.88926 0.58322
vt 0.90253 0.61349
vt 0.81635 0.61907
vt 0.91291 0.63870
vt 0.83153 0.60367
vt 0.81635 0.61907
vt 0.90253 0.61349
vt 0.88926 0.58322
vt 0.83153 0.60367
vt 0.90253 0.61349
vt 0.85536 0.57998
vt 0.83153 0.60367
vt 0.88926 0.58322
vt 0.87687 0.55624
vt 0.85536 0.57998
vt 0.88926 0.58322
vt 0.90253 0.61349
vt 0.81635 0.61907
vt 0.91291 0.63870
vt 0.83153 0.60367
vt 0.81635 0.61907
vt 0.90253 0.61349
vt 0.88926 0.58322
vt 0.83153 0.60367
vt 0.90253 0.61349
vt 0.85536 0.57998
vt 0.83153 0.60367
vt 0.88926 0.58322
vt 0.87687 0.55624
vt 0.85536 0.57998
vt 0.88926 0.58322
vt 0.90253 0.61349
vt 0.81635 0.61907
vt 0.91291 0.63870
vt 0.83153 0.60367
vt 0.81635 0.61907
vt 0.90253 0.61349
vt 0.88926 0.58322
vt 0.83153 0.60367
vt 0.90253 0.61349
vt 0.85536 0.57998
vt 0.83153 0.60367
vt 0.88926 0.58322
vt 0.87687 0.55624
vt 0.85536 0.57998
vt 0.88926 0.58322
vt 0.88926 0.58322
vt 0.83153 0.60367
vt 0.90253 0.61349
vt 0.85536 0.57998
vt 0.83153 0.60367
vt 0.88926 0.58322
vt 0.87687 0.55624
vt 0.85536 0.57998
vt 0.88926 0.58322
vt 0.88926 0.58322
vt 0.83153 0.60367
vt 0.90253 0.61349
vt 0.85536 0.57998
vt 0.83153 0.60367
vt 0.88926 0.58322
vt 0.87687 0.55624
vt 0.85536 0.57998
vt 0.88926 0.58322
vt 0.91291 0.63870
vt 0.79475 0.63998
vt 0.92316 0.66460
vt 0.81635 0.61907
vt 0.79475 0.63998
vt 0.91291 0.63870
vt 0.90253 0.61349
vt 0.81635 0.61907
vt 0.91291 0.63870
vt 0.83153 0.60367
vt 0.81635 0.61907
vt 0.90253 0.61349
vt 0.88926 0.58322
vt 0.83153 0.60367
vt 0.90253 0.61349
vt 0.85536 0.57998
vt 0.83153 0.60367
vt 0.88926 0.58322
vt 0.87687 0.55624
vt 0.85536 0.57998
vt 0.88926 0.58322
vt 0.91291 0.63870
vt 0.79475 0.63998
vt 0.92316 0.66460
vt 0.81635 0.61907
vt 0.79475 0.63998
vt 0.91291 0.63870
vt 0.90253 0.61349
vt 0.81635 0.61907
vt 0.91291 0.63870
vt 0.83153 0.60367
vt 0.81635 0.61907
vt 0.90253 0.61349
vt 0.88926 0.58322
vt 0.83153 0.60367
vt 0.90253 0.61349
vt 0.85536 0.57998
vt 0.83153 0.60367
vt 0.88926 0.58322
vt 0.87687 0.55624
vt 0.85536 0.57998
vt 0.88926 0.58322
vt 0.91291 0.63870
vt 0.79475 0.63998
vt 0.92316 0.66460
vt 0.81635 0.61907
vt 0.79475 0.63998
vt 0.91291 0.63870
vt 0.90253 0.61349
vt 0.81635 0.61907
vt 0.91291 0.63870
vt 0.83153 0.60367
vt 0.81635 0.61907
vt 0.90253 0.61349
vt 0.88926 0.58322
vt 0.83153 0.60367
vt 0.90253 0.61349
vt 0.85536 0.57998
vt 0.83153 0.60367
vt 0.88926 0.58322
vt 0.87687 0.55624
vt 0.85536 0.57998
vt 0.88926 0.58322
vt 0.91291 0.63870
vt 0.79475 0.63998
vt 0.92316 0.66460
vt 0.81635 0.61907
vt 0.79475 0.63998
vt 0.91291 0.63870
vt 0.90253 0.61349
vt 0.81635 0.61907
vt 0.91291 0.63870
vt 0.83153 0.60367
vt 0.81635 0.61907
vt 0.90253 0.61349
vt 0.88926 0.58322
vt 0.83153 0.60367
vt 0.90253 0.61349
vt 0.85536 0.57998
vt 0.83153 0.60367
vt 0.88926 0.58322
vt 0.87687 0.55624
vt 0.85536 0.57998
vt 0.88926 0.58322
vt 0.88926 0.58322
vt 0.87687 0.55624
vt 0.85536 0.57998
vt 0.83153 0.60367
vt 0.88926 0.58322
vt 0.85536 0.57998
vt 0.90253 0.61349
vt 0.88926 0.58322
vt 0.83153 0.60367
vt 0.81635 0.61907
vt 0.90253 0.61349
vt 0.83153 0.60367
vt 0.91291 0.63870
vt 0.90253 0.61349
vt 0.81635 0.61907
vt 0.79475 0.63998
vt 0.91291 0.63870
vt 0.81635 0.61907
vt 0.90253 0.61349
vt 0.81635 0.61907
vt 0.91291 0.63870
vt 0.83153 0.60367
vt 0.81635 0.61907
vt 0.90253 0.61349
vt 0.88926 0.58322
vt 0.83153 0.60367
vt 0.90253 0.61349
vt 0.85536 0.57998
vt 0.83153 0.60367
vt 0.88926 0.58322
vt 0.87687 0.55624
vt 0.85536 0.57998
vt 0.88926 0.58322
vt 0.88926 0.58322
vt 0.87687 0.55624
vt 0.85536 0.57998
vt 0.83153 0.60367
vt 0.88926 0.58322
vt 0.85536 0.57998
vt 0.90253 0.61349
vt 0.88926 0.58322
vt 0.83153 0.60367
vt 0.81635 0.61907
vt 0.90253 0.61349
vt 0.83153 0.60367
vt 0.88926 0.58322
vt 0.83153 0.60367
vt 0.90253 0.61349
vt 0.85536 0.57998
vt 0.83153 0.60367
vt 0.88926 0.58322
vt 0.87687 0.55624
vt 0.85536 0.57998
vt 0.88926 0.58322
vt 0.97158 0.56175
vt 0.92622 0.66289
vt 0.99916 0.56565
vt 0.91626 0.63824
vt 0.92622 0.66289
vt 0.97158 0.56175
vt 0.94453 0.55832
vt 0.91626 0.63824
vt 0.97158 0.56175
vt 0.90631 0.61360
vt 0.91626 0.63824
vt 0.94453 0.55832
vt 0.91166 0.55490
vt 0.90631 0.61360
vt 0.94453 0.55832
vt 0.89341 0.58167
vt 0.90631 0.61360
vt 0.91166 0.55490
vt 0.88166 0.55278
vt 0.89341 0.58167
vt 0.91166 0.55490
vt 0.97158 0.56175
vt 0.92622 0.66289
vt 0.99916 0.56565
vt 0.91626 0.63824
vt 0.92622 0.66289
vt 0.97158 0.56175
vt 0.94453 0.55832
vt 0.91626 0.63824
vt 0.97158 0.56175
vt 0.90631 0.61360
vt 0.91626 0.63824
vt 0.94453 0.55832
vt 0.91166 0.55490
vt 0.90631 0.61360
vt 0.94453 0.55832
vt 0.89341 0.58167
vt 0.90631 0.61360
vt 0.91166 0.55490
vt 0.88166 0.55278
vt 0.89341 0.58167
vt 0.91166 0.55490
vt 0.97158 0.56175
vt 0.92622 0.66289
vt 0.99916 0.56565
vt 0.91626 0.63824
vt 0.92622 0.66289
vt 0.97158 0.56175
vt 0.94453 0.55832
vt 0.91626 0.63824
vt 0.97158 0.56175
vt 0.90631 0.61360
vt 0.91626 0.63824
vt 0.94453 0.55832
vt 0.91166 0.55490
vt 0.90631 0.61360
vt 0.94453 0.55832
vt 0.89341 0.58167
vt 0.90631 0.61360
vt 0.91166 0.55490
vt 0.88166 0.55278
vt 0.89341 0.58167
vt 0.91166 0.55490
vt 0.97158 0.56175
vt 0.92622 0.66289
vt 0.99916 0.56565
vt 0.91626 0.63824
vt 0.92622 0.66289
vt 0.97158 0.56175
vt 0.94453 0.55832
vt 0.91626 0.63824
vt 0.97158 0.56175
vt 0.90631 0.61360
vt 0.91626 0.63824
vt 0.94453 0.55832
vt 0.91166 0.55490
vt 0.90631 0.61360
vt 0.94453 0.55832
vt 0.89341 0.58167
vt 0.90631 0.61360
vt 0.91166 0.55490
vt 0.88166 0.55278
vt 0.89341 0.58167
vt 0.91166 0.55490
vt 0.91166 0.55490
vt 0.88166 0.55278
vt 0.89341 0.58167
vt 0.90631 0.61360
vt 0.91166 0.55490
vt 0.89341 0.58167
vt 0.94453 0.55832
vt 0.91166 0.55490
vt 0.90631 0.61360
vt 0.91626 0.63824
vt 0.94453 0.55832
vt 0.90631 0.61360
vt 0.97158 0.56175
vt 0.94453 0.55832
vt 0.91626 0.63824
vt 0.92622 0.66289
vt 0.97158 0.56175
vt 0.91626 0.63824
vt 0.91166 0.55490
vt 0.88166 0.55278
vt 0.89341 0.58167
vt 0.90631 0.61360
vt 0.91166 0.55490
vt 0.89341 0.58167
vt 0.94453 0.55832
vt 0.91166 0.55490
vt 0.90631 0.61360
vt 0.91626 0.63824
vt 0.94453 0.55832
vt 0.90631 0.61360
vt 0.97158 0.56175
vt 0.94453 0.55832
vt 0.91626 0.63824
vt 0.92622 0.66289
vt 0.97158 0.56175
vt 0.91626 0.63824
vt 0.94453 0.55832
vt 0.91626 0.63824
vt 0.97158 0.56175
vt 0.90631 0.61360
vt 0.91626 0.63824
vt 0.94453 0.55832
vt 0.91166 0.55490
vt 0.90631 0.61360
vt 0.94453 0.55832
vt 0.89341 0.58167
vt 0.90631 0.61360
vt 0.91166 0.55490
vt 0.88166 0.55278
vt 0.89341 0.58167
vt 0.91166 0.55490
vt 0.94453 0.55832
vt 0.91626 0.63824
vt 0.97158 0.56175
vt 0.90631 0.61360
vt 0.91626 0.63824
vt 0.94453 0.55832
vt 0.91166 0.55490
vt 0.90631 0.61360
vt 0.94453 0.55832
vt 0.89341 0.58167
vt 0.90631 0.61360
vt 0.91166 0.55490
vt 0.88166 0.55278
vt 0.89341 0.58167
vt 0.91166 0.55490
vt 0.88926 0.58322
vt 0.87687 0.55624
vt 0.85536 0.57998
vt 0.83153 0.60367
vt 0.88926 0.58322
vt 0.85536 0.57998
vt 0.90253 0.61349
vt 0.88926 0.58322
vt 0.83153 0.60367
vt 0.81635 0.61907
vt 0.90253 0.61349
vt 0.83153 0.60367
vt 0.88926 0.58322
vt 0.87687 0.55624
vt 0.85536 0.57998
vt 0.83153 0.60367
vt 0.88926 0.58322
vt 0.85536 0.57998
vt 0.90253 0.61349
vt 0.88926 0.58322
vt 0.83153 0.60367
vt 0.81635 0.61907
vt 0.90253 0.61349
vt 0.83153 0.60367
vt 0.90253 0.61349
vt 0.81635 0.61907
vt 0.91291 0.63870
vt 0.83153 0.60367
vt 0.81635 0.61907
vt 0.90253 0.61349
vt 0.88926 0.58322
vt 0.83153 0.60367
vt 0.90253 0.61349
vt 0.85536 0.57998
vt 0.83153 0.60367
vt 0.88926 0.58322
vt 0.87687 0.55624
vt 0.85536 0.57998
vt 0.88926 0.58322
vt 0.88926 0.58322
vt 0.83153 0.60367
vt 0.90253 0.61349
vt 0.85536 0.57998
vt 0.83153 0.60367
vt 0.88926 0.58322
vt 0.87687 0.55624
vt 0.85536 0.57998
vt 0.88926 0.58322
vt 0.88926 0.58322
vt 0.83153 0.60367
vt 0.90253 0.61349
vt 0.85536 0.57998
vt 0.83153 0.60367
vt 0.88926 0.58322
vt 0.87687 0.55624
vt 0.85536 0.57998
vt 0.88926 0.58322
vt 0.88926 0.58322
vt 0.83153 0.60367
vt 0.90253 0.61349
vt 0.85536 0.57998
vt 0.83153 0.60367
vt 0.88926 0.58322
vt 0.87687 0.55624
vt 0.85536 0.57998
vt 0.88926 0.58322
vt 0.88926 0.58322
vt 0.83153 0.60367
vt 0.90253 0.61349
vt 0.85536 0.57998
vt 0.83153 0.60367
vt 0.88926 0.58322
vt 0.87687 0.55624
vt 0.85536 0.57998
vt 0.88926 0.58322
vt 0.88926 0.58322
vt 0.83153 0.60367
vt 0.90253 0.61349
vt 0.85536 0.57998
vt 0.83153 0.60367
vt 0.88926 0.58322
vt 0.87687 0.55624
vt 0.85536 0.57998
vt 0.88926 0.58322
vt 0.50081 0.95397
vt 0.51903 0.91153
vt 0.53436 0.90518
vt 0.50081 0.91440
vt 0.51903 0.91153
vt 0.50081 0.95397
vt 0.51903 0.91153
vt 0.50081 0.91440
vt 0.50081 0.95397
vt 0.67787 0.95397
vt 0.96121 0.95397
vt 0.96121 0.99787
vt 0.91828 0.66704
vt 0.96121 0.95397
vt 0.67787 0.95397
vt 0.67787 0.66704
vt 0.91828 0.66704
vt 0.67787 0.95397
vt 0.50081 0.95397
vt 0.50081 0.99787
vt 0.96167 0.99787
vt 0.67787 0.99787
vt 0.50081 0.99787
vt 0.50081 0.95397
vt 0.67787 0.95397
vt 0.67787 0.99787
vt 0.50081 0.95397
vt 0.96121 0.99787
vt 0.67787 0.99787
vt 0.67787 0.95397
vt 0.50081 0.95397
vt 0.53436 0.90518
vt 0.51903 0.91153
vt 0.96167 0.95397
vt 0.53436 0.90518
vt 0.50081 0.95397
vt 0.96167 0.99787
vt 0.96167 0.95397
vt 0.50081 0.95397
vt 0.06854 0.35547
vt 0.06329 0.36607
vt 0.06329 0.35546
vt 0.06854 0.36611
vt 0.06329 0.36607
vt 0.06854 0.35547
vt 0.08691 0.35551
vt 0.06854 0.36611
vt 0.06854 0.35547
vt 0.08691 0.36611
vt 0.06854 0.36611
vt 0.08691 0.35551
vt 0.09896 0.35555
vt 0.08691 0.36611
vt 0.08691 0.35551
vt 0.09896 0.36611
vt 0.08691 0.36611
vt 0.09896 0.35555
vt 0.11896 0.35555
vt 0.09896 0.36611
vt 0.09896 0.35555
vt 0.11896 0.36611
vt 0.09896 0.36611
vt 0.11896 0.35555
vt 0.09896 0.35555
vt 0.11896 0.36611
vt 0.11896 0.35555
vt 0.09896 0.36611
vt 0.11896 0.36611
vt 0.09896 0.35555
vt 0.08691 0.35551
vt 0.09896 0.36611
vt 0.09896 0.35555
vt 0.08691 0.36607
vt 0.09896 0.36611
vt 0.08691 0.35551
vt 0.06854 0.35547
vt 0.08691 0.36607
vt 0.08691 0.35551
vt 0.06854 0.36603
vt 0.08691 0.36607
vt 0.06854 0.35547
vt 0.06329 0.35546
vt 0.06854 0.36603
vt 0.06854 0.35547
vt 0.06329 0.36603
vt 0.06854 0.36603
vt 0.06329 0.35546
vt 0.06854 0.35547
vt 0.06329 0.36603
vt 0.06329 0.35546
vt 0.06854 0.36603
vt 0.06329 0.36603
vt 0.06854 0.35547
vt 0.08691 0.35551
vt 0.06854 0.36603
vt 0.06854 0.35547
vt 0.08691 0.36607
vt 0.06854 0.36603
vt 0.08691 0.35551
vt 0.09896 0.35555
vt 0.08691 0.36607
vt 0.08691 0.35551
vt 0.09896 0.36611
vt 0.08691 0.36607
vt 0.09896 0.35555
vt 0.11896 0.35555
vt 0.09896 0.36611
vt 0.09896 0.35555
vt 0.11896 0.36611
vt 0.09896 0.36611
vt 0.11896 0.35555
vt 0.09896 0.35555
vt 0.11896 0.36611
vt 0.11896 0.35555
vt 0.09896 0.36611
vt 0.11896 0.36611
vt 0.09896 0.35555
vt 0.08691 0.35551
vt 0.09896 0.36611
vt 0.09896 0.35555
vt 0.08691 0.36611
vt 0.09896 0.36611
vt 0.08691 0.35551
vt 0.06854 0.35547
vt 0.08691 0.36611
vt 0.08691 0.35551
vt 0.06854 0.36611
vt 0.08691 0.36611
vt 0.06854 0.35547
vt 0.06329 0.35546
vt 0.06854 0.36611
vt 0.06854 0.35547
vt 0.06329 0.36607
vt 0.06854 0.36611
vt 0.06329 0.35546
vt 0.79266 0.31091
vt 0.79876 0.32627
vt 0.79266 0.31091
vt 0.79876 0.32627
vt 0.79876 0.32627
vt 0.79266 0.31091
vt 0.80603 0.30041
vt 0.79876 0.32627
vt 0.79266 0.31091
vt 0.81759 0.30692
vt 0.79876 0.32627
vt 0.80603 0.30041
vt 0.80534 0.28025
vt 0.81759 0.30692
vt 0.80603 0.30041
vt 0.81759 0.27356
vt 0.81759 0.30692
vt 0.80534 0.28025
vt 0.79306 0.26960
vt 0.81759 0.27356
vt 0.80534 0.28025
vt 0.79876 0.25415
vt 0.81759 0.27356
vt 0.79306 0.26960
vt 0.79306 0.26960
vt 0.79876 0.25415
vt 0.79306 0.26960
vt 0.79876 0.25415
vt 0.79876 0.25415
vt 0.79306 0.26960
vt 0.80534 0.28025
vt 0.79876 0.25415
vt 0.79306 0.26960
vt 0.81759 0.27356
vt 0.79876 0.25415
vt 0.80534 0.28025
vt 0.80603 0.30041
vt 0.81759 0.27356
vt 0.80534 0.28025
vt 0.81759 0.30692
vt 0.81759 0.27356
vt 0.80603 0.30041
vt 0.79266 0.31091
vt 0.81759 0.30692
vt 0.80603 0.30041
vt 0.79876 0.32627
vt 0.81759 0.30692
vt 0.79266 0.31091
vt 0.79266 0.31091
vt 0.81759 0.30692
vt 0.80603 0.30041
vt 0.79876 0.32627
vt 0.81759 0.30692
vt 0.79266 0.31091
vt 0.79266 0.31091
vt 0.79876 0.32627
vt 0.79266 0.31091
vt 0.79876 0.32627
vt 0.79876 0.32627
vt 0.79266 0.31091
vt 0.80603 0.30041
vt 0.79876 0.32627
vt 0.79266 0.31091
vt 0.81759 0.30692
vt 0.79876 0.32627
vt 0.80603 0.30041
vt 0.80534 0.28025
vt 0.81759 0.30692
vt 0.80603 0.30041
vt 0.81759 0.27356
vt 0.81759 0.30692
vt 0.80534 0.28025
vt 0.79306 0.26960
vt 0.81759 0.27356
vt 0.80534 0.28025
vt 0.79876 0.25415
vt 0.81759 0.27356
vt 0.79306 0.26960
vt 0.79306 0.26960
vt 0.79876 0.25415
vt 0.79306 0.26960
vt 0.79876 0.25415
vt 0.79876 0.25415
vt 0.79306 0.26960
vt 0.80534 0.28025
vt 0.79876 0.25415
vt 0.79306 0.26960
vt 0.81759 0.27356
vt 0.79876 0.25415
vt 0.80534 0.28025
vt 0.80603 0.30041
vt 0.81759 0.27356
vt 0.80534 0.28025
vt 0.81759 0.30692
vt 0.81759 0.27356
vt 0.80603 0.30041
vt 0.90998 0.24814
vt 0.99966 0.24814
vt 0.99966 0.28513
vt 0.99966 0.28513
vt 0.99966 0.24814
vt 0.90998 0.24814
vt 0.90998 0.28513
vt 0.99966 0.28513
vt 0.90998 0.24814
vt 0.99966 0.31184
vt 0.99966 0.28513
vt 0.90998 0.28513
vt 0.90998 0.31184
vt 0.99966 0.31184
vt 0.90998 0.28513
vt 0.90998 0.28513
vt 0.90998 0.24814
vt 0.99966 0.28513
vt 0.79266 0.31091
vt 0.79876 0.32627
vt 0.79266 0.31091
vt 0.79876 0.32627
vt 0.79876 0.32627
vt 0.79266 0.31091
vt 0.80603 0.30041
vt 0.79876 0.32627
vt 0.79266 0.31091
vt 0.81759 0.30692
vt 0.79876 0.32627
vt 0.80603 0.30041
vt 0.80534 0.28025
vt 0.81759 0.30692
vt 0.80603 0.30041
vt 0.81759 0.27356
vt 0.81759 0.30692
vt 0.80534 0.28025
vt 0.79306 0.26960
vt 0.81759 0.27356
vt 0.80534 0.28025
vt 0.79876 0.25415
vt 0.81759 0.27356
vt 0.79306 0.26960
vt 0.79306 0.26960
vt 0.79876 0.25415
vt 0.79306 0.26960
vt 0.79876 0.25415
vt 0.79876 0.25415
vt 0.79306 0.26960
vt 0.80534 0.28025
vt 0.79876 0.25415
vt 0.79306 0.26960
vt 0.81759 0.27356
vt 0.79876 0.25415
vt 0.80534 0.28025
vt 0.80603 0.30041
vt 0.81759 0.27356
vt 0.80534 0.28025
vt 0.81759 0.30692
vt 0.81759 0.27356
vt 0.80603 0.30041
vt 0.79266 0.31091
vt 0.81759 0.30692
vt 0.80603 0.30041
vt 0.79876 0.32627
vt 0.81759 0.30692
vt 0.79266 0.31091
vt 0.79266 0.31091
vt 0.81759 0.30692
vt 0.80603 0.30041
vt 0.79876 0.32627
vt 0.81759 0.30692
vt 0.79266 0.31091
vt 0.79266 0.31091
vt 0.79876 0.32627
vt 0.79266 0.31091
vt 0.79876 0.32627
vt 0.79876 0.32627
vt 0.79266 0.31091
vt 0.80603 0.30041
vt 0.79876 0.32627
vt 0.79266 0.31091
vt 0.81759 0.30692
vt 0.79876 0.32627
vt 0.80603 0.30041
vt 0.80534 0.28025
vt 0.81759 0.30692
vt 0.80603 0.30041
vt 0.81759 0.27356
vt 0.81759 0.30692
vt 0.80534 0.28025
vt 0.79306 0.26960
vt 0.81759 0.27356
vt 0.80534 0.28025
vt 0.79876 0.25415
vt 0.81759 0.27356
vt 0.79306 0.26960
vt 0.79306 0.26960
vt 0.79876 0.25415
vt 0.79306 0.26960
vt 0.79876 0.25415
vt 0.79876 0.25415
vt 0.79306 0.26960
vt 0.80534 0.28025
vt 0.79876 0.25415
vt 0.79306 0.26960
vt 0.81759 0.27356
vt 0.79876 0.25415
vt 0.80534 0.28025
vt 0.80603 0.30041
vt 0.81759 0.27356
vt 0.80534 0.28025
vt 0.81759 0.30692
vt 0.81759 0.27356
vt 0.80603 0.30041
vt 0.90998 0.24814
vt 0.99966 0.24814
vt 0.99966 0.28513
vt 0.99966 0.28513
vt 0.99966 0.24814
vt 0.90998 0.24814
vt 0.90998 0.28513
vt 0.99966 0.28513
vt 0.90998 0.24814
vt 0.99966 0.31184
vt 0.99966 0.28513
vt 0.90998 0.28513
vt 0.90998 0.31184
vt 0.99966 0.31184
vt 0.90998 0.28513
vt 0.90998 0.28513
vt 0.90998 0.24814
vt 0.99966 0.28513
vt 0.67787 0.95397
vt 0.50081 0.95397
vt 0.53436 0.90518
vt 0.78504 0.29035
vt 0.80603 0.30041
vt 0.80534 0.28025
vt 0.79266 0.31091
vt 0.80603 0.30041
vt 0.78504 0.29035
vt 0.79266 0.31091
vt 0.79266 0.31091
vt 0.78504 0.29035
vt 0.78504 0.29035
vt 0.80603 0.30041
vt 0.79266 0.31091
vt 0.80534 0.28025
vt 0.80603 0.30041
vt 0.78504 0.29035
vt 0.79306 0.26960
vt 0.80534 0.28025
vt 0.78504 0.29035
vt 0.78504 0.29035
vt 0.79306 0.26960
vt 0.79306 0.26960
vt 0.80534 0.28025
vt 0.79306 0.26960
vt 0.78504 0.29035
vt 0.78504 0.29035
vt 0.79266 0.31091
vt 0.80603 0.30041
vt 0.79266 0.31091
vt 0.79266 0.31091
vt 0.78504 0.29035
vt 0.80603 0.30041
vt 0.79266 0.31091
vt 0.78504 0.29035
vt 0.78504 0.29035
vt 0.80534 0.28025
vt 0.80603 0.30041
vt 0.79306 0.26960
vt 0.80534 0.28025
vt 0.78504 0.29035
vt 0.79306 0.26960
vt 0.79306 0.26960
vt 0.78504 0.29035
vt 0.78504 0.29035
vt 0.80534 0.28025
vt 0.79306 0.26960
vt 0.80603 0.30041
vt 0.80534 0.28025
vt 0.78504 0.29035
vt 0.78504 0.29035
vt 0.80603 0.30041
vt 0.80534 0.28025
vt 0.79266 0.31091
vt 0.80603 0.30041
vt 0.78504 0.29035
vt 0.79266 0.31091
vt 0.79266 0.31091
vt 0.78504 0.29035
vt 0.78504 0.29035
vt 0.80603 0.30041
vt 0.79266 0.31091
vt 0.80534 0.28025
vt 0.80603 0.30041
vt 0.78504 0.29035
vt 0.79306 0.26960
vt 0.80534 0.28025
vt 0.78504 0.29035
vt 0.78504 0.29035
vt 0.79306 0.26960
vt 0.79306 0.26960
vt 0.80534 0.28025
vt 0.79306 0.26960
vt 0.78504 0.29035
vt 0.78504 0.29035
vt 0.79266 0.31091
vt 0.80603 0.30041
vt 0.79266 0.31091
vt 0.79266 0.31091
vt 0.78504 0.29035
vt 0.80603 0.30041
vt 0.79266 0.31091
vt 0.78504 0.29035
vt 0.78504 0.29035
vt 0.80534 0.28025
vt 0.80603 0.30041
vt 0.79306 0.26960
vt 0.80534 0.28025
vt 0.78504 0.29035
vt 0.79306 0.26960
vt 0.79306 0.26960
vt 0.78504 0.29035
vt 0.78504 0.29035
vt 0.80534 0.28025
vt 0.79306 0.26960
vt 0.80603 0.30041
vt 0.80534 0.28025
vt 0.78504 0.29035
vn 0.29276 0.87409 0.38763
vn 0.38768 0.92004 0.05689
vn 0.27597 0.90396 0.32664
vn -0.77568 0.63112 -0.00323
vn -0.78146 0.52607 0.33552
vn -0.58295 0.81053 0.05663
vn -0.65546 0.67552 -0.33771
vn -0.77568 0.63112 -0.00323
vn -0.58295 0.81053 0.05663
vn -0.16042 0.96321 -0.21561
vn -0.16796 0.95800 0.23243
vn 0.23282 0.95650 -0.17578
vn -0.01814 0.89595 -0.44377
vn -0.16042 0.96321 -0.21561
vn 0.23282 0.95650 -0.17578
vn 0.51290 0.59489 -0.61890
vn 0.04203 0.89277 -0.44855
vn 0.46403 0.85844 -0.21854
vn -0.23405 0.38621 0.89222
vn 0.09892 0.19794 0.97521
vn 0.01407 0.59372 0.80455
vn 0.96876 0.24760 0.01425
vn 0.93046 0.36613 0.01399
vn 0.93046 0.36613 0.01399
vn 0.93063 0.36570 0.01373
vn 0.96876 0.24760 0.01425
vn 0.93046 0.36613 0.01399
vn 0.93072 0.36549 0.01360
vn 0.96876 0.24760 0.01425
vn 0.93063 0.36570 0.01373
vn 0.93072 0.36547 0.01361
vn 0.93072 0.36549 0.01360
vn 0.93063 0.36570 0.01373
vn 0.95512 0.29591 0.01387
vn 0.93044 0.36621 0.01334
vn 0.93064 0.36569 0.01347
vn 0.93063 0.36572 0.01353
vn 0.93044 0.36621 0.01334
vn 0.95512 0.29591 0.01387
vn 0.93072 0.36548 0.01362
vn 0.93063 0.36572 0.01353
vn 0.95512 0.29591 0.01387
vn 0.93072 0.36547 0.01361
vn 0.93063 0.36572 0.01353
vn 0.93072 0.36548 0.01362
vn -0.00000 1.00000 -0.00000
vn -0.00000 1.00000 -0.00000
vn -0.00000 1.00000 -0.00000
vn 0.00000 1.00000 0.00000
vn -0.00000 1.00000 -0.00000
vn -0.00000 1.00000 -0.00000
vn 0.00000 1.00000 0.00000
vn -0.00000 1.00000 -0.00000
vn 0.00000 1.00000 0.00000
vn 0.00000 1.00000 0.00000
vn 0.00000 1.00000 0.00000
vn 0.00000 1.00000 0.00000
vn 0.00000 1.00000 0.00000
vn 0.00000 1.00000 0.00000
vn 0.00000 1.00000 0.00000
vn 0.00000 1.00000 0.00000
vn 0.00000 1.00000 0.00000
vn 0.00000 1.00000 0.00000
vn -0.01462 -0.00000 0.99989
vn -0.01462 -0.00000 0.99989
vn -0.01440 -0.17254 0.98490
vn -0.01412 -0.25985 0.96554
vn -0.01462 -0.00000 0.99989
vn -0.01440 -0.17254 0.98490
vn -0.01462 0.00000 0.99989
vn -0.01462 -0.00000 0.99989
vn -0.01412 -0.25985 0.96554
vn -0.01412 -0.25985 0.96554
vn -0.01462 0.00000 0.99989
vn -0.01412 -0.25985 0.96554
vn -0.01462 0.00000 0.99989
vn -0.01462 0.00000 0.99989
vn -0.01412 -0.25985 0.96554
vn -0.01412 -0.25985 0.96554
vn -0.01462 0.00000 0.99989
vn -0.01412 -0.25985 0.96554
vn -0.01462 0.00000 0.99989
vn -0.01462 0.00000 0.99989
vn -0.01412 -0.25985 0.96554
vn -0.01373 -0.34509 0.93847
vn -0.01462 0.00000 0.99989
vn -0.01412 -0.25985 0.96554
vn 0.01143 -0.62339 -0.78183
vn 0.01373 -0.34509 -0.93847
vn 0.01412 -0.25985 -0.96554
vn 0.01143 -0.62339 -0.78183
vn 0.01373 -0.34509 -0.93847
vn 0.01143 -0.62339 -0.78183
vn 0.00791 -0.84096 -0.54104
vn 0.01143 -0.62339 -0.78183
vn 0.01143 -0.62339 -0.78183
vn 0.00716 -0.87195 -0.48954
vn 0.00997 -0.73142 -0.68185
vn 0.00791 -0.84096 -0.54104
vn 0.00383 -0.96512 -0.26178
vn 0.00716 -0.87195 -0.48954
vn 0.00791 -0.84096 -0.54104
vn 0.00322 -0.97547 -0.22011
vn 0.00716 -0.87195 -0.48954
vn 0.00383 -0.96512 -0.26178
vn 0.00000 -1.00000 -0.00000
vn 0.00322 -0.97547 -0.22011
vn 0.00383 -0.96512 -0.26178
vn -0.00067 -0.99895 0.04580
vn 0.00322 -0.97547 -0.22011
vn 0.00000 -1.00000 -0.00000
vn -0.00383 -0.96512 0.26178
vn -0.00067 -0.99895 0.04580
vn 0.00000 -1.00000 -0.00000
vn -0.00443 -0.95299 0.30296
vn -0.00067 -0.99895 0.04580
vn -0.00383 -0.96512 0.26178
vn -0.00791 -0.84096 0.54104
vn -0.00443 -0.95299 0.30296
vn -0.00383 -0.96512 0.26178
vn -0.00864 -0.80693 0.59058
vn -0.00443 -0.95299 0.30296
vn -0.00791 -0.84096 0.54104
vn -0.01143 -0.62339 0.78183
vn -0.00864 -0.80693 0.59058
vn -0.00791 -0.84096 0.54104
vn -0.01143 -0.62339 0.78183
vn -0.00864 -0.80693 0.59058
vn -0.01143 -0.62339 0.78183
vn -0.01412 -0.25985 0.96554
vn -0.01143 -0.62339 0.78183
vn -0.01143 -0.62339 0.78183
vn -0.01440 -0.17254 0.98490
vn -0.01265 -0.50185 0.86486
vn -0.01412 -0.25985 0.96554
vn -0.01143 -0.62339 0.78183
vn -0.01373 -0.34509 0.93847
vn -0.01412 -0.25985 0.96554
vn -0.01097 -0.66126 0.75007
vn -0.01373 -0.34509 0.93847
vn -0.01143 -0.62339 0.78183
vn -0.00791 -0.84096 0.54104
vn -0.01097 -0.66126 0.75007
vn -0.01143 -0.62339 0.78183
vn -0.00716 -0.87195 0.48954
vn -0.01097 -0.66126 0.75007
vn -0.00791 -0.84096 0.54104
vn -0.00383 -0.96512 0.26178
vn -0.00716 -0.87195 0.48954
vn -0.00791 -0.84096 0.54104
vn -0.00322 -0.97547 0.22011
vn -0.00716 -0.87195 0.48954
vn -0.00383 -0.96512 0.26178
vn 0.00000 -1.00000 0.00000
vn -0.00322 -0.97547 0.22011
vn -0.00383 -0.96512 0.26178
vn 0.00067 -0.99895 -0.04580
vn -0.00322 -0.97547 0.22011
vn 0.00000 -1.00000 0.00000
vn 0.00383 -0.96512 -0.26178
vn 0.00067 -0.99895 -0.04580
vn 0.00000 -1.00000 0.00000
vn 0.00443 -0.95299 -0.30296
vn 0.00067 -0.99895 -0.04580
vn 0.00383 -0.96512 -0.26178
vn 0.00791 -0.84096 -0.54104
vn 0.00443 -0.95299 -0.30296
vn 0.00383 -0.96512 -0.26178
vn 0.00864 -0.80693 -0.59058
vn 0.00443 -0.95299 -0.30296
vn 0.00791 -0.84096 -0.54104
vn 0.01143 -0.62339 -0.78183
vn 0.00864 -0.80693 -0.59058
vn 0.00791 -0.84096 -0.54104
vn 0.01187 -0.58400 -0.81167
vn 0.00864 -0.80693 -0.59058
vn 0.01143 -0.62339 -0.78183
vn 0.01412 -0.25985 -0.96554
vn 0.01187 -0.58400 -0.81167
vn 0.01143 -0.62339 -0.78183
vn 0.01440 -0.17254 -0.98490
vn 0.01187 -0.58400 -0.81167
vn 0.01412 -0.25985 -0.96554
vn 0.01412 -0.25985 -0.96554
vn 0.01373 -0.34509 -0.93847
vn 0.01462 -0.00000 -0.99989
vn 0.01462 -0.00000 -0.99989
vn 0.01412 -0.25985 -0.96554
vn 0.01462 -0.00000 -0.99989
vn 0.01412 -0.25985 -0.96554
vn 0.01412 -0.25985 -0.96554
vn 0.01462 -0.00000 -0.99989
vn 0.01462 0.00000 -0.99989
vn 0.01412 -0.25985 -0.96554
vn 0.01462 -0.00000 -0.99989
vn 0.01412 -0.25985 -0.96554
vn 0.01412 -0.25985 -0.96554
vn 0.01462 0.00000 -0.99989
vn 0.01462 0.00000 -0.99989
vn 0.01412 -0.25985 -0.96554
vn 0.01462 0.00000 -0.99989
vn 0.01440 -0.17254 -0.98490
vn 0.01412 -0.25985 -0.96554
vn 0.01462 0.00000 -0.99989
vn 0.01462 0.00000 -0.99989
vn 0.01440 -0.17254 -0.98490
vn 0.01462 0.00000 -0.99989
vn -0.00000 1.00000 0.00000
vn -0.00000 1.00000 -0.00000
vn -0.00000 1.00000 -0.00000
vn 0.00000 1.00000 0.00000
vn -0.00000 1.00000 -0.00000
vn -0.00000 1.00000 0.00000
vn 0.00000 1.00000 0.00000
vn 0.00000 1.00000 0.00000
vn -0.00000 1.00000 0.00000
vn 0.00000 1.00000 0.00000
vn 0.00000 1.00000 0.00000
vn 0.00000 1.00000 0.00000
vn 0.00000 1.00000 0.00000
vn 0.00000 1.00000 0.00000
vn 0.00000 1.00000 0.00000
vn -0.00000 1.00000 -0.00000
vn 0.00000 1.00000 0.00000
vn 0.00000 1.00000 0.00000
vn -0.00000 1.00000 -0.00000
vn -0.00000 1.00000 -0.00000
vn 0.00000 1.00000 0.00000
vn -0.00000 1.00000 -0.00000
vn -0.00000 1.00000 -0.00000
vn -0.00000 1.00000 -0.00000
vn -0.00000 1.00000 -0.00000
vn -0.00000 1.00000 -0.00000
vn -0.00000 1.00000 -0.00000
vn 0.00000 1.00000 0.00000
vn 0.00000 1.00000 0.00000
vn -0.00000 1.00000 0.00000
vn 0.00000 1.00000 0.00000
vn 0.00000 1.00000 0.00000
vn 0.00000 1.00000 0.00000
vn 0.00000 1.00000 0.00000
vn 0.00000 1.00000 0.00000
vn 0.00000 1.00000 0.00000
vn 0.00000 1.00000 0.00000
vn 0.00000 1.00000 0.00000
vn 0.00000 1.00000 0.00000
vn 0.00000 1.00000 0.00000
vn 0.00000 1.00000 0.00000
vn 0.00000 1.00000 0.00000
vn 0.99989 0.00000 0.01462
vn 0.99989 0.00000 0.01462
vn 0.99989 0.00000 0.01462
vn 0.99989 0.00000 0.01462
vn 0.99989 0.00000 0.01462
vn 0.99989 0.00000 0.01462
vn 0.00000 -1.00000 0.00000
vn 0.00000 -1.00000 0.00000
vn 0.00000 -1.00000 0.00000
vn 0.00000 -1.00000 0.00000
vn 0.00000 -1.00000 0.00000
vn 0.00000 -1.00000 0.00000
vn -0.01462 0.00000 0.99989
vn -0.01462 0.00000 0.99989
vn -0.01462 0.00000 0.99989
vn -0.01462 0.00000 0.99989
vn -0.01462 0.00000 0.99989
vn -0.01462 0.00000 0.99989
vn 0.01462 0.00000 -0.99989
vn 0.01462 0.00000 -0.99989
vn 0.01462 0.00000 -0.99989
vn 0.01462 0.00000 -0.99989
vn 0.01462 0.00000 -0.99989
vn 0.01462 0.00000 -0.99989
vn 0.99989 0.00000 0.01462
vn 0.99989 0.00000 0.01462
vn 0.99989 0.00000 0.01462
vn 0.99989 0.00000 0.01462
vn 0.99989 0.00000 0.01462
vn 0.99989 0.00000 0.01462
vn 0.00055 0.99928 -0.03791
vn 0.00055 0.99928 -0.03791
vn 0.00055 0.99928 -0.03792
vn 0.00055 0.99928 -0.03791
vn 0.00055 0.99928 -0.03791
vn 0.00055 0.99928 -0.03791
vn 0.01446 -0.05159 -0.99856
vn 0.01434 -0.05158 -0.99857
vn 0.01434 -0.05158 -0.99857
vn 0.01458 -0.05160 -0.99856
vn 0.01458 -0.05160 -0.99856
vn 0.01446 -0.05159 -0.99856
vn 0.70109 -0.71299 0.01037
vn 0.70109 -0.71299 0.01037
vn 0.70110 -0.71298 0.01049
vn 0.70108 -0.71301 0.01025
vn 0.70109 -0.71299 0.01037
vn 0.70109 -0.71299 0.01037
vn 0.00947 -0.00606 -0.99994
vn 0.00947 -0.00606 -0.99994
vn 0.01462 -0.01236 -0.99982
vn 0.00433 0.00024 -0.99999
vn 0.00947 -0.00606 -0.99994
vn 0.00947 -0.00606 -0.99994
vn 0.99989 0.00000 0.01462
vn 0.99989 0.00000 0.01462
vn 0.99989 0.00000 0.01462
vn 0.99989 0.00000 0.01462
vn 0.99989 0.00000 0.01462
vn 0.99989 0.00000 0.01462
vn -0.00070 0.99885 0.04804
vn -0.00070 0.99885 0.04804
vn -0.00070 0.99885 0.04804
vn -0.00070 0.99885 0.04804
vn -0.00070 0.99885 0.04804
vn -0.00070 0.99885 0.04804
vn 0.01515 0.06447 -0.99780
vn 0.01570 0.06443 -0.99780
vn 0.01570 0.06443 -0.99780
vn 0.01459 0.06451 -0.99781
vn 0.01459 0.06451 -0.99781
vn 0.01515 0.06447 -0.99780
vn 0.72028 -0.69365 -0.00656
vn 0.72028 -0.69365 -0.00656
vn 0.71867 -0.69495 -0.02366
vn 0.72168 -0.69215 0.01055
vn 0.72028 -0.69365 -0.00656
vn 0.72028 -0.69365 -0.00656
vn 0.00009 0.03240 -0.99948
vn 0.00009 0.03240 -0.99948
vn 0.01462 0.01565 -0.99977
vn -0.01444 0.04913 -0.99869
vn 0.00009 0.03240 -0.99948
vn 0.00009 0.03240 -0.99948
vn -0.01412 0.05152 0.99857
vn -0.01412 0.05152 0.99857
vn -0.01369 0.05149 0.99858
vn -0.01455 0.05156 0.99856
vn -0.01412 0.05152 0.99857
vn -0.01412 0.05152 0.99857
vn -0.70212 0.71199 -0.01027
vn -0.70212 0.71199 -0.01027
vn -0.70212 0.71199 -0.01027
vn -0.70212 0.71199 -0.01027
vn -0.70212 0.71199 -0.01027
vn -0.70212 0.71199 -0.01027
vn -0.00957 0.00613 0.99994
vn -0.00957 0.00613 0.99994
vn -0.01462 0.01231 0.99982
vn -0.00452 -0.00004 0.99999
vn -0.00957 0.00613 0.99994
vn -0.00957 0.00613 0.99994
vn -0.01472 -0.06457 0.99781
vn -0.01472 -0.06457 0.99781
vn -0.01484 -0.06456 0.99780
vn -0.01459 -0.06458 0.99781
vn -0.01472 -0.06457 0.99781
vn -0.01472 -0.06457 0.99781
vn -0.71809 0.69592 0.00635
vn -0.71809 0.69592 0.00635
vn -0.71639 0.69762 -0.01048
vn -0.71959 0.69401 0.02317
vn -0.71809 0.69592 0.00635
vn -0.71809 0.69592 0.00635
vn -0.00048 -0.03214 0.99948
vn -0.00048 -0.03214 0.99948
vn -0.01462 -0.01569 0.99977
vn 0.01367 -0.04858 0.99873
vn -0.00048 -0.03214 0.99948
vn -0.00048 -0.03214 0.99948
vn 0.00000 1.00000 0.00000
vn 0.00000 1.00000 0.00000
vn 0.00000 1.00000 0.00000
vn 0.00000 1.00000 0.00000
vn 0.00000 1.00000 0.00000
vn 0.00000 1.00000 0.00000
vn 0.01363 0.36179 -0.93216
vn 0.01363 0.36179 -0.93216
vn 0.01363 0.36179 -0.93216
vn 0.01363 0.36179 -0.93216
vn 0.01363 0.36179 -0.93216
vn 0.01363 0.36179 -0.93216
vn 0.99989 0.00000 0.01462
vn 0.99989 0.00000 0.01462
vn 0.99989 0.00000 0.01462
vn 0.99989 0.00000 0.01462
vn 0.99989 0.00000 0.01462
vn 0.99989 0.00000 0.01462
vn -0.01363 0.36177 0.93217
vn -0.01363 0.36177 0.93217
vn -0.01363 0.36177 0.93217
vn -0.01363 0.36177 0.93217
vn -0.01363 0.36177 0.93217
vn -0.01363 0.36177 0.93217
vn 0.00000 1.00000 0.00000
vn 0.00000 1.00000 0.00000
vn 0.00000 1.00000 0.00000
vn 0.00000 1.00000 0.00000
vn 0.00000 1.00000 0.00000
vn 0.00000 1.00000 0.00000
vn 0.99989 0.00000 0.01462
vn 0.99989 0.00000 0.01462
vn 0.99989 0.00000 0.01462
vn 0.99989 0.00000 0.01462
vn 0.99989 0.00000 0.01462
vn 0.99989 0.00000 0.01462
vn 0.00000 -1.00000 0.00000
vn 0.00000 -1.00000 0.00000
vn 0.00000 -1.00000 0.00000
vn 0.00000 -1.00000 0.00000
vn 0.00000 -1.00000 0.00000
vn 0.00000 -1.00000 0.00000
vn -0.01462 0.00000 0.99989
vn -0.01462 0.00000 0.99989
vn -0.01462 0.00000 0.99989
vn -0.01462 0.00000 0.99989
vn -0.01462 0.00000 0.99989
vn -0.01462 0.00000 0.99989
vn 0.01462 0.00000 -0.99989
vn 0.01462 0.00000 -0.99989
vn 0.01462 0.00000 -0.99989
vn 0.01462 0.00000 -0.99989
vn 0.01462 0.00000 -0.99989
vn 0.01462 0.00000 -0.99989
vn 0.99989 0.00000 0.01462
vn 0.99989 0.00000 0.01462
vn 0.99989 0.00000 0.01462
vn 0.99989 0.00000 0.01462
vn 0.99989 0.00000 0.01462
vn 0.99989 0.00000 0.01462
vn 0.00055 0.99928 -0.03791
vn 0.00055 0.99928 -0.03791
vn 0.00055 0.99928 -0.03792
vn 0.00055 0.99928 -0.03791
vn 0.00055 0.99928 -0.03791
vn 0.00055 0.99928 -0.03791
vn 0.01446 -0.05159 -0.99856
vn 0.01434 -0.05158 -0.99857
vn 0.01434 -0.05158 -0.99857
vn 0.01458 -0.05160 -0.99856
vn 0.01458 -0.05160 -0.99856
vn 0.01446 -0.05159 -0.99856
vn 0.70109 -0.71299 0.01037
vn 0.70109 -0.71299 0.01037
vn 0.70110 -0.71298 0.01049
vn 0.70108 -0.71301 0.01025
vn 0.70109 -0.71299 0.01037
vn 0.70109 -0.71299 0.01037
vn 0.00947 -0.00606 -0.99994
vn 0.00947 -0.00606 -0.99994
vn 0.01462 -0.01236 -0.99982
vn 0.00433 0.00024 -0.99999
vn 0.00947 -0.00606 -0.99994
vn 0.00947 -0.00606 -0.99994
vn -0.99964 -0.00328 -0.02661
vn -0.99964 -0.00328 -0.02661
vn -0.99927 -0.00057 -0.03830
vn -0.99987 -0.00599 -0.01491
vn -0.99964 -0.00328 -0.02661
vn -0.99964 -0.00328 -0.02661
vn 0.99989 0.00000 0.01462
vn 0.99989 0.00000 0.01462
vn 0.99989 0.00000 0.01462
vn 0.99989 0.00000 0.01462
vn 0.99989 0.00000 0.01462
vn 0.99989 0.00000 0.01462
vn -0.00070 0.99885 0.04804
vn -0.00070 0.99885 0.04804
vn -0.00070 0.99885 0.04804
vn -0.00070 0.99885 0.04804
vn -0.00070 0.99885 0.04804
vn -0.00070 0.99885 0.04804
vn 0.01515 0.06447 -0.99780
vn 0.01570 0.06443 -0.99780
vn 0.01570 0.06443 -0.99780
vn 0.01459 0.06451 -0.99781
vn 0.01459 0.06451 -0.99781
vn 0.01515 0.06447 -0.99780
vn 0.72028 -0.69365 -0.00656
vn 0.72028 -0.69365 -0.00656
vn 0.71867 -0.69495 -0.02366
vn 0.72168 -0.69215 0.01055
vn 0.72028 -0.69365 -0.00656
vn 0.72028 -0.69365 -0.00656
vn 0.00009 0.03240 -0.99948
vn 0.00009 0.03240 -0.99948
vn 0.01462 0.01565 -0.99977
vn -0.01444 0.04913 -0.99869
vn 0.00009 0.03240 -0.99948
vn 0.00009 0.03240 -0.99948
vn -0.01412 0.05152 0.99857
vn -0.01412 0.05152 0.99857
vn -0.01368 0.05149 0.99858
vn -0.01455 0.05156 0.99856
vn -0.01412 0.05152 0.99857
vn -0.01412 0.05152 0.99857
vn -0.70212 0.71199 -0.01027
vn -0.70212 0.71199 -0.01027
vn -0.70212 0.71199 -0.01027
vn -0.70212 0.71199 -0.01027
vn -0.70212 0.71199 -0.01027
vn -0.70212 0.71199 -0.01027
vn -0.00957 0.00613 0.99994
vn -0.00957 0.00613 0.99994
vn -0.01462 0.01231 0.99982
vn -0.00452 -0.00004 0.99999
vn -0.00957 0.00613 0.99994
vn -0.00957 0.00613 0.99994
vn -0.01472 -0.06457 0.99780
vn -0.01472 -0.06457 0.99780
vn -0.01484 -0.06456 0.99780
vn -0.01459 -0.06458 0.99781
vn -0.01472 -0.06457 0.99780
vn -0.01472 -0.06457 0.99780
vn -0.71809 0.69592 0.00635
vn -0.71809 0.69592 0.00635
vn -0.71639 0.69762 -0.01048
vn -0.71959 0.69401 0.02317
vn -0.71809 0.69592 0.00635
vn -0.71809 0.69592 0.00635
vn -0.00048 -0.03214 0.99948
vn -0.00048 -0.03214 0.99948
vn -0.01462 -0.01569 0.99977
vn 0.01367 -0.04858 0.99873
vn -0.00048 -0.03214 0.99948
vn -0.00048 -0.03214 0.99948
vn 0.00000 1.00000 0.00000
vn 0.00000 1.00000 0.00000
vn 0.00000 1.00000 0.00000
vn 0.00000 1.00000 0.00000
vn 0.00000 1.00000 0.00000
vn 0.00000 1.00000 0.00000
vn 0.01363 0.36178 -0.93216
vn 0.01363 0.36178 -0.93216
vn 0.01363 0.36178 -0.93216
vn 0.01363 0.36178 -0.93216
vn 0.01363 0.36178 -0.93216
vn 0.01363 0.36178 -0.93216
vn 0.99989 0.00000 0.01462
vn 0.99989 0.00000 0.01462
vn 0.99989 0.00000 0.01462
vn 0.99989 0.00000 0.01462
vn 0.99989 0.00000 0.01462
vn 0.99989 0.00000 0.01462
vn -0.01363 0.36177 0.93217
vn -0.01363 0.36177 0.93217
vn -0.01363 0.36177 0.93217
vn -0.01363 0.36177 0.93217
vn -0.01363 0.36177 0.93217
vn -0.01363 0.36177 0.93217
vn 0.01216 0.55542 -0.83148
vn 0.01216 0.55542 -0.83148
vn 0.01216 0.55542 -0.83148
vn 0.01216 0.55542 -0.83148
vn 0.01216 0.55542 -0.83148
vn 0.01216 0.55542 -0.83148
vn 0.57177 0.00802 -0.82037
vn 0.86069 -0.18616 -0.47387
vn 0.43125 -0.15883 -0.88814
vn 0.97954 0.00694 -0.20113
vn 0.86069 -0.18616 -0.47387
vn 0.57177 0.00802 -0.82037
vn 0.77234 0.39122 -0.50044
vn 0.97954 0.00694 -0.20113
vn 0.57177 0.00802 -0.82037
vn 0.91455 0.38130 0.13491
vn 0.97954 0.00694 -0.20113
vn 0.77234 0.39122 -0.50044
vn 0.63751 0.76828 -0.05769
vn 0.91455 0.38130 0.13491
vn 0.77234 0.39122 -0.50044
vn 0.50396 0.78100 0.36886
vn 0.91455 0.38130 0.13491
vn 0.63751 0.76828 -0.05769
vn -0.00000 1.00000 0.00000
vn 0.50396 0.78100 0.36886
vn 0.63751 0.76828 -0.05769
vn 0.97954 0.00694 -0.20113
vn 0.96017 -0.18318 0.21099
vn 0.86069 -0.18616 -0.47387
vn 0.86827 0.00615 0.49606
vn 0.96017 -0.18318 0.21099
vn 0.97954 0.00694 -0.20113
vn 0.91455 0.38130 0.13491
vn 0.86827 0.00615 0.49606
vn 0.97954 0.00694 -0.20113
vn 0.56781 0.40469 0.71681
vn 0.86827 0.00615 0.49606
vn 0.91455 0.38130 0.13491
vn 0.50396 0.78100 0.36886
vn 0.56781 0.40469 0.71681
vn 0.91455 0.38130 0.13491
vn 0.06841 0.79923 0.59712
vn 0.56781 0.40469 0.71681
vn 0.50396 0.78100 0.36886
vn -0.00000 1.00000 0.00000
vn 0.06841 0.79923 0.59712
vn 0.50396 0.78100 0.36886
vn 0.86827 0.00615 0.49606
vn 0.72241 -0.15004 0.67499
vn 0.96017 -0.18318 0.21099
vn 0.37210 0.09525 0.92329
vn 0.72241 -0.15004 0.67499
vn 0.86827 0.00615 0.49606
vn 0.56781 0.40469 0.71681
vn 0.37210 0.09525 0.92329
vn 0.86827 0.00615 0.49606
vn -0.16477 0.41597 0.89433
vn 0.37210 0.09525 0.92329
vn 0.56781 0.40469 0.71681
vn 0.06841 0.79923 0.59712
vn -0.16477 0.41597 0.89433
vn 0.56781 0.40469 0.71681
vn -0.41599 0.78559 0.45804
vn -0.16477 0.41597 0.89433
vn 0.06841 0.79923 0.59712
vn -0.00000 1.00000 0.00000
vn -0.41599 0.78559 0.45804
vn 0.06841 0.79923 0.59712
vn 0.41598 0.78559 -0.45804
vn -0.00000 1.00000 0.00000
vn 0.63751 0.76828 -0.05769
vn 0.77234 0.39122 -0.50044
vn 0.41598 0.78559 -0.45804
vn 0.63751 0.76828 -0.05769
vn 0.16477 0.41597 -0.89433
vn 0.41598 0.78559 -0.45804
vn 0.77234 0.39122 -0.50044
vn 0.57177 0.00802 -0.82037
vn 0.16477 0.41597 -0.89433
vn 0.77234 0.39122 -0.50044
vn -0.15180 0.09680 -0.98366
vn 0.16477 0.41597 -0.89433
vn 0.57177 0.00802 -0.82037
vn 0.43125 -0.15883 -0.88814
vn -0.15180 0.09680 -0.98366
vn 0.57177 0.00802 -0.82037
vn -0.16477 0.41597 0.89433
vn -0.53763 0.14386 0.83082
vn 0.37210 0.09525 0.92329
vn -0.76768 0.39928 0.50124
vn -0.53763 0.14386 0.83082
vn -0.16477 0.41597 0.89433
vn -0.41599 0.78559 0.45804
vn -0.76768 0.39928 0.50124
vn -0.16477 0.41597 0.89433
vn -0.63751 0.76828 0.05769
vn -0.76768 0.39928 0.50124
vn -0.41599 0.78559 0.45804
vn -0.00000 1.00000 0.00000
vn -0.63751 0.76828 0.05769
vn -0.41599 0.78559 0.45804
vn -0.76768 0.39928 0.50124
vn -0.96165 0.15299 0.22765
vn -0.53763 0.14386 0.83082
vn -0.90765 0.39775 -0.13401
vn -0.96165 0.15299 0.22765
vn -0.76768 0.39928 0.50124
vn -0.63751 0.76828 0.05769
vn -0.90765 0.39775 -0.13401
vn -0.76768 0.39928 0.50124
vn -0.50396 0.78100 -0.36885
vn -0.90765 0.39775 -0.13401
vn -0.63751 0.76828 0.05769
vn -0.00000 1.00000 0.00000
vn -0.50396 0.78100 -0.36885
vn -0.63751 0.76828 0.05769
vn -0.90765 0.39775 -0.13401
vn -0.86785 0.15706 -0.47134
vn -0.96165 0.15299 0.22765
vn -0.56258 0.41303 -0.71617
vn -0.86785 0.15706 -0.47134
vn -0.90765 0.39775 -0.13401
vn -0.50396 0.78100 -0.36885
vn -0.56258 0.41303 -0.71617
vn -0.90765 0.39775 -0.13401
vn -0.06841 0.79923 -0.59712
vn -0.56258 0.41303 -0.71617
vn -0.50396 0.78100 -0.36885
vn -0.00000 1.00000 0.00000
vn -0.06841 0.79923 -0.59712
vn -0.50396 0.78100 -0.36885
vn -0.56258 0.41303 -0.71617
vn -0.15180 0.09680 -0.98366
vn -0.86785 0.15706 -0.47134
vn 0.16477 0.41597 -0.89433
vn -0.15180 0.09680 -0.98366
vn -0.56258 0.41303 -0.71617
vn -0.06841 0.79923 -0.59712
vn 0.16477 0.41597 -0.89433
vn -0.56258 0.41303 -0.71617
vn 0.41598 0.78559 -0.45804
vn 0.16477 0.41597 -0.89433
vn -0.06841 0.79923 -0.59712
vn -0.00000 1.00000 0.00000
vn 0.41598 0.78559 -0.45804
vn -0.06841 0.79923 -0.59712
vn 0.38768 0.92004 0.05689
vn 0.29295 0.95251 -0.08309
vn 0.27597 0.90396 0.32664
vn 0.37508 0.76676 -0.52096
vn 0.29295 0.95251 -0.08309
vn 0.38768 0.92004 0.05689
vn 0.63861 0.57689 -0.50929
vn 0.37508 0.76676 -0.52096
vn 0.38768 0.92004 0.05689
vn 0.44299 0.31704 -0.83860
vn 0.37508 0.76676 -0.52096
vn 0.63861 0.57689 -0.50929
vn 0.67611 0.30826 -0.66922
vn 0.44299 0.31704 -0.83860
vn 0.63861 0.57689 -0.50929
vn 0.43227 0.15192 -0.88886
vn 0.44299 0.31704 -0.83860
vn 0.67611 0.30826 -0.66922
vn 0.37508 0.76676 -0.52096
vn 0.13970 0.84044 -0.52359
vn 0.29295 0.95251 -0.08309
vn 0.15170 0.45880 -0.87550
vn 0.13970 0.84044 -0.52359
vn 0.37508 0.76676 -0.52096
vn 0.44299 0.31704 -0.83860
vn 0.15170 0.45880 -0.87550
vn 0.37508 0.76676 -0.52096
vn 0.13488 0.11282 -0.98442
vn 0.15170 0.45880 -0.87550
vn 0.44299 0.31704 -0.83860
vn 0.43227 0.15192 -0.88886
vn 0.13488 0.11282 -0.98442
vn 0.44299 0.31704 -0.83860
vn 0.54583 0.82658 0.13726
vn 0.25478 0.96691 0.01319
vn 0.36770 0.77346 0.51628
vn 0.33466 0.93146 -0.14276
vn 0.25478 0.96691 0.01319
vn 0.54583 0.82658 0.13726
vn 0.67950 0.72909 -0.08188
vn 0.33466 0.93146 -0.14276
vn 0.54583 0.82658 0.13726
vn 0.47327 0.70223 0.53187
vn 0.36770 0.77346 0.51628
vn 0.23469 0.55377 0.79891
vn 0.54583 0.82658 0.13726
vn 0.36770 0.77346 0.51628
vn 0.47327 0.70223 0.53187
vn 0.71788 0.67587 0.16688
vn 0.54583 0.82658 0.13726
vn 0.47327 0.70223 0.53187
vn 0.67950 0.72909 -0.08188
vn 0.54583 0.82658 0.13726
vn 0.71788 0.67587 0.16688
vn 0.33466 0.93146 -0.14276
vn -0.08901 0.92355 -0.37299
vn 0.25478 0.96691 0.01319
vn -0.17799 0.68842 -0.70313
vn -0.08901 0.92355 -0.37299
vn -0.17799 0.68842 -0.70313
vn -0.09329 0.53969 -0.83668
vn -0.17799 0.68842 -0.70313
vn -0.17799 0.68842 -0.70313
vn 0.69596 0.29535 -0.65454
vn 0.96197 0.14828 -0.22942
vn 0.50282 0.05427 -0.86268
vn 0.94686 0.30278 0.10851
vn 0.96197 0.14828 -0.22942
vn 0.69596 0.29535 -0.65454
vn 0.70801 0.65572 -0.26223
vn 0.94686 0.30278 0.10851
vn 0.69596 0.29535 -0.65454
vn 0.69079 0.55736 0.46060
vn 0.94686 0.30278 0.10851
vn 0.70801 0.65572 -0.26223
vn 0.60573 0.77025 0.19950
vn 0.69079 0.55736 0.46060
vn 0.70801 0.65572 -0.26223
vn 0.09370 0.78375 0.61396
vn 0.69079 0.55736 0.46060
vn 0.60573 0.77025 0.19950
vn -0.39385 0.91780 0.05028
vn 0.09370 0.78375 0.61396
vn -0.06210 0.98754 0.14457
vn 0.94686 0.30278 0.10851
vn 0.86562 0.05300 0.49789
vn 0.96197 0.14828 -0.22942
vn 0.64518 0.13070 0.75277
vn 0.86562 0.05300 0.49789
vn 0.94686 0.30278 0.10851
vn 0.69079 0.55736 0.46060
vn 0.64518 0.13070 0.75277
vn 0.94686 0.30278 0.10851
vn 0.19800 0.35502 0.91365
vn 0.64518 0.13070 0.75277
vn 0.69079 0.55736 0.46060
vn 0.09370 0.78375 0.61396
vn 0.19800 0.35502 0.91365
vn 0.69079 0.55736 0.46060
vn -0.39115 0.60657 0.69216
vn 0.19800 0.35502 0.91365
vn 0.09370 0.78375 0.61396
vn -0.39385 0.91780 0.05028
vn -0.39115 0.60657 0.69216
vn 0.09370 0.78375 0.61396
vn 0.64518 0.13070 0.75277
vn 0.51677 -0.05354 0.85445
vn 0.86562 0.05300 0.49789
vn 0.06433 0.01846 0.99776
vn 0.51677 -0.05354 0.85445
vn 0.64518 0.13070 0.75277
vn 0.19800 0.35502 0.91365
vn 0.06433 0.01846 0.99776
vn 0.64518 0.13070 0.75277
vn -0.51020 0.15089 0.84671
vn 0.06433 0.01846 0.99776
vn 0.19800 0.35502 0.91365
vn -0.39115 0.60657 0.69216
vn -0.51020 0.15089 0.84671
vn 0.19800 0.35502 0.91365
vn -0.79143 0.47750 0.38161
vn -0.51020 0.15089 0.84671
vn -0.39115 0.60657 0.69216
vn -0.39385 0.91780 0.05028
vn -0.79143 0.47750 0.38161
vn -0.39115 0.60657 0.69216
vn 0.20094 0.15228 -0.96770
vn 0.50282 0.05427 -0.86268
vn 0.20977 -0.06788 -0.97539
vn 0.69596 0.29535 -0.65454
vn 0.50282 0.05427 -0.86268
vn 0.20094 0.15228 -0.96770
vn 0.20915 0.53404 -0.81918
vn 0.69596 0.29535 -0.65454
vn 0.20094 0.15228 -0.96770
vn 0.70801 0.65572 -0.26223
vn 0.69596 0.29535 -0.65454
vn 0.20915 0.53404 -0.81918
vn 0.52066 0.78565 -0.33418
vn 0.70801 0.65572 -0.26223
vn 0.20915 0.53404 -0.81918
vn 0.60573 0.77025 0.19950
vn 0.70801 0.65572 -0.26223
vn 0.52066 0.78565 -0.33418
vn -0.39385 0.91780 0.05028
vn -0.06210 0.98754 0.14457
vn 0.00917 0.95250 -0.30442
vn -0.51020 0.15089 0.84671
vn -0.60271 -0.08361 0.79357
vn 0.06433 0.01846 0.99776
vn -0.92124 0.15046 0.35873
vn -0.60271 -0.08361 0.79357
vn -0.51020 0.15089 0.84671
vn -0.79143 0.47750 0.38161
vn -0.92124 0.15046 0.35873
vn -0.51020 0.15089 0.84671
vn -0.87746 0.46884 -0.10126
vn -0.92124 0.15046 0.35873
vn -0.79143 0.47750 0.38161
vn -0.39385 0.91780 0.05028
vn -0.87746 0.46884 -0.10126
vn -0.79143 0.47750 0.38161
vn -0.20692 0.77260 -0.60023
vn -0.39385 0.91780 0.05028
vn 0.00917 0.95250 -0.30442
vn 0.20915 0.53404 -0.81918
vn -0.20692 0.77260 -0.60023
vn 0.00917 0.95250 -0.30442
vn -0.38483 0.41656 -0.82364
vn -0.20692 0.77260 -0.60023
vn 0.20915 0.53404 -0.81918
vn 0.20094 0.15228 -0.96770
vn -0.38483 0.41656 -0.82364
vn 0.20915 0.53404 -0.81918
vn -0.87746 0.46884 -0.10126
vn -0.89080 0.26828 -0.36674
vn -0.92124 0.15046 0.35873
vn -0.64611 0.58515 -0.49004
vn -0.89080 0.26828 -0.36674
vn -0.87746 0.46884 -0.10126
vn -0.39385 0.91780 0.05028
vn -0.64611 0.58515 -0.49004
vn -0.87746 0.46884 -0.10126
vn -0.64611 0.58515 -0.49004
vn -0.38483 0.41656 -0.82364
vn -0.89080 0.26828 -0.36674
vn -0.20692 0.77260 -0.60023
vn -0.38483 0.41656 -0.82364
vn -0.64611 0.58515 -0.49004
vn -0.39385 0.91780 0.05028
vn -0.20692 0.77260 -0.60023
vn -0.64611 0.58515 -0.49004
vn 0.68904 0.56354 -0.45569
vn 0.89137 0.38795 -0.23440
vn 0.80263 0.27859 -0.52742
vn 0.81071 0.57959 0.08265
vn 0.89137 0.38795 -0.23440
vn 0.68904 0.56354 -0.45569
vn 0.41345 0.87530 -0.25081
vn 0.81071 0.57959 0.08265
vn 0.68904 0.56354 -0.45569
vn 0.43630 0.81033 0.39116
vn 0.81071 0.57959 0.08265
vn 0.41345 0.87530 -0.25081
vn 0.00499 0.99060 0.13671
vn 0.43630 0.81033 0.39116
vn 0.41345 0.87530 -0.25081
vn -0.18173 0.85185 0.49125
vn 0.43630 0.81033 0.39116
vn 0.00499 0.99060 0.13671
vn -0.58295 0.81053 0.05663
vn -0.18173 0.85185 0.49125
vn 0.00499 0.99060 0.13671
vn 0.81071 0.57959 0.08265
vn 0.84193 0.27591 0.46371
vn 0.89137 0.38795 -0.23440
vn 0.59859 0.34104 0.72483
vn 0.84193 0.27591 0.46371
vn 0.81071 0.57959 0.08265
vn 0.43630 0.81033 0.39116
vn 0.59859 0.34104 0.72483
vn 0.81071 0.57959 0.08265
vn 0.04036 0.51576 0.85578
vn 0.59859 0.34104 0.72483
vn 0.43630 0.81033 0.39116
vn -0.18173 0.85185 0.49125
vn 0.04036 0.51576 0.85578
vn 0.43630 0.81033 0.39116
vn -0.55203 0.58785 0.59136
vn 0.04036 0.51576 0.85578
vn -0.18173 0.85185 0.49125
vn -0.58295 0.81053 0.05663
vn -0.55203 0.58785 0.59136
vn -0.18173 0.85185 0.49125
vn 0.59859 0.34104 0.72483
vn 0.54469 0.09757 0.83294
vn 0.84193 0.27591 0.46371
vn 0.19211 0.18456 0.96386
vn 0.54469 0.09757 0.83294
vn 0.59859 0.34104 0.72483
vn 0.04036 0.51576 0.85578
vn 0.19211 0.18456 0.96386
vn 0.59859 0.34104 0.72483
vn -0.43418 0.31180 0.84515
vn 0.19211 0.18456 0.96386
vn 0.04036 0.51576 0.85578
vn -0.55203 0.58785 0.59136
vn -0.43418 0.31180 0.84515
vn 0.04036 0.51576 0.85578
vn -0.78146 0.52607 0.33552
vn -0.43418 0.31180 0.84515
vn -0.55203 0.58785 0.59136
vn -0.58295 0.81053 0.05663
vn -0.78146 0.52607 0.33552
vn -0.55203 0.58785 0.59136
vn -0.09026 0.96120 -0.26068
vn -0.58295 0.81053 0.05663
vn 0.00499 0.99060 0.13671
vn 0.41345 0.87530 -0.25081
vn -0.09026 0.96120 -0.26068
vn 0.00499 0.99060 0.13671
vn 0.01697 0.78118 -0.62408
vn -0.09026 0.96120 -0.26068
vn 0.41345 0.87530 -0.25081
vn 0.68904 0.56354 -0.45569
vn 0.01697 0.78118 -0.62408
vn 0.41345 0.87530 -0.25081
vn -0.65546 0.67552 -0.33771
vn -0.42116 0.76329 -0.48990
vn -0.45754 0.53558 -0.70979
vn -0.58295 0.81053 0.05663
vn -0.42116 0.76329 -0.48990
vn -0.65546 0.67552 -0.33771
vn -0.42116 0.76329 -0.48990
vn 0.01697 0.78118 -0.62408
vn -0.45754 0.53558 -0.70979
vn -0.09026 0.96120 -0.26068
vn 0.01697 0.78118 -0.62408
vn -0.42116 0.76329 -0.48990
vn -0.58295 0.81053 0.05663
vn -0.09026 0.96120 -0.26068
vn -0.42116 0.76329 -0.48990
vn -0.02744 -0.01834 -0.99946
vn 0.48811 -0.15611 -0.85871
vn -0.14161 -0.26377 -0.95413
vn 0.70079 0.15829 -0.69558
vn 0.48811 -0.15611 -0.85871
vn -0.02744 -0.01834 -0.99946
vn 0.22198 0.50206 -0.83586
vn 0.70079 0.15829 -0.69558
vn -0.02744 -0.01834 -0.99946
vn 0.70141 0.60551 -0.37601
vn 0.70079 0.15829 -0.69558
vn 0.22198 0.50206 -0.83586
vn 0.26853 0.87324 -0.40663
vn 0.70141 0.60551 -0.37601
vn 0.22198 0.50206 -0.83586
vn 0.39627 0.91798 -0.01682
vn 0.70141 0.60551 -0.37601
vn 0.26853 0.87324 -0.40663
vn -0.22120 0.97199 -0.07945
vn 0.39627 0.91798 -0.01682
vn 0.26853 0.87324 -0.40663
vn 0.70079 0.15829 -0.69558
vn 0.95505 -0.01216 -0.29619
vn 0.48811 -0.15611 -0.85871
vn 0.96979 0.24205 -0.03029
vn 0.95505 -0.01216 -0.29619
vn 0.70079 0.15829 -0.69558
vn 0.70141 0.60551 -0.37601
vn 0.96979 0.24205 -0.03029
vn 0.70079 0.15829 -0.69558
vn 0.72715 0.63981 0.24877
vn 0.96979 0.24205 -0.03029
vn 0.70141 0.60551 -0.37601
vn 0.39627 0.91798 -0.01682
vn 0.72715 0.63981 0.24877
vn 0.70141 0.60551 -0.37601
vn 0.19539 0.91363 0.35651
vn 0.72715 0.63981 0.24877
vn 0.39627 0.91798 -0.01682
vn -0.22120 0.97199 -0.07945
vn 0.19539 0.91363 0.35651
vn 0.39627 0.91798 -0.01682
vn 0.96979 0.24205 -0.03029
vn 0.97741 0.05941 0.20285
vn 0.95505 -0.01216 -0.29619
vn 0.85525 0.33704 0.39364
vn 0.97741 0.05941 0.20285
vn 0.96979 0.24205 -0.03029
vn 0.72715 0.63981 0.24877
vn 0.85525 0.33704 0.39364
vn 0.96979 0.24205 -0.03029
vn 0.29839 0.70556 0.64277
vn 0.85525 0.33704 0.39364
vn 0.72715 0.63981 0.24877
vn 0.19539 0.91363 0.35651
vn 0.29839 0.70556 0.64277
vn 0.72715 0.63981 0.24877
vn -0.24594 0.83348 0.49479
vn 0.29839 0.70556 0.64277
vn 0.19539 0.91363 0.35651
vn -0.22120 0.97199 -0.07945
vn -0.24594 0.83348 0.49479
vn 0.19539 0.91363 0.35651
vn -0.12468 0.78727 -0.60387
vn -0.22120 0.97199 -0.07945
vn 0.26853 0.87324 -0.40663
vn 0.22198 0.50206 -0.83586
vn -0.12468 0.78727 -0.60387
vn 0.26853 0.87324 -0.40663
vn -0.47876 0.34305 -0.80815
vn -0.12468 0.78727 -0.60387
vn 0.22198 0.50206 -0.83586
vn -0.02744 -0.01834 -0.99946
vn -0.47876 0.34305 -0.80815
vn 0.22198 0.50206 -0.83586
vn -0.70271 -0.05760 -0.70914
vn -0.47876 0.34305 -0.80815
vn -0.02744 -0.01834 -0.99946
vn -0.14161 -0.26377 -0.95413
vn -0.70271 -0.05760 -0.70914
vn -0.02744 -0.01834 -0.99946
vn -0.64146 0.71177 0.28621
vn -0.22120 0.97199 -0.07945
vn -0.75131 0.65049 -0.11136
vn -0.91127 0.27116 0.30995
vn -0.64146 0.71177 0.28621
vn -0.75131 0.65049 -0.11136
vn -0.54490 0.50952 0.66594
vn -0.64146 0.71177 0.28621
vn -0.91127 0.27116 0.30995
vn -0.84385 0.05536 0.53372
vn -0.54490 0.50952 0.66594
vn -0.91127 0.27116 0.30995
vn -0.91127 0.27116 0.30995
vn -0.99840 -0.04139 0.03847
vn -0.84385 0.05536 0.53372
vn -0.91817 0.23920 -0.31582
vn -0.99840 -0.04139 0.03847
vn -0.91127 0.27116 0.30995
vn -0.75131 0.65049 -0.11136
vn -0.91817 0.23920 -0.31582
vn -0.91127 0.27116 0.30995
vn -0.54780 0.68913 -0.47436
vn -0.91817 0.23920 -0.31582
vn -0.75131 0.65049 -0.11136
vn -0.22120 0.97199 -0.07945
vn -0.54780 0.68913 -0.47436
vn -0.75131 0.65049 -0.11136
vn -0.91817 0.23920 -0.31582
vn -0.70271 -0.05760 -0.70914
vn -0.99840 -0.04139 0.03847
vn -0.47876 0.34305 -0.80815
vn -0.70271 -0.05760 -0.70914
vn -0.91817 0.23920 -0.31582
vn -0.54780 0.68913 -0.47436
vn -0.47876 0.34305 -0.80815
vn -0.91817 0.23920 -0.31582
vn -0.12468 0.78727 -0.60387
vn -0.47876 0.34305 -0.80815
vn -0.54780 0.68913 -0.47436
vn -0.22120 0.97199 -0.07945
vn -0.12468 0.78727 -0.60387
vn -0.54780 0.68913 -0.47436
vn -0.24594 0.83348 0.49479
vn -0.54490 0.50952 0.66594
vn 0.29839 0.70556 0.64277
vn -0.64146 0.71177 0.28621
vn -0.54490 0.50952 0.66594
vn -0.24594 0.83348 0.49479
vn -0.22120 0.97199 -0.07945
vn -0.64146 0.71177 0.28621
vn -0.24594 0.83348 0.49479
vn 0.06953 0.80960 0.58286
vn -0.46369 0.85844 0.21925
vn -0.32050 0.56557 0.75988
vn 0.32202 0.40210 0.85710
vn 0.06953 0.80960 0.58286
vn -0.32050 0.56557 0.75988
vn 0.63130 0.70014 0.33355
vn 0.06953 0.80960 0.58286
vn 0.32202 0.40210 0.85710
vn 0.77879 0.20782 0.59186
vn 0.63130 0.70014 0.33355
vn 0.32202 0.40210 0.85710
vn 0.84861 0.49347 0.19068
vn 0.63130 0.70014 0.33355
vn 0.77879 0.20782 0.59186
vn 0.89014 0.13302 0.43583
vn 0.84861 0.49347 0.19068
vn 0.77879 0.20782 0.59186
vn 0.77879 0.20782 0.59186
vn 0.72041 -0.02184 0.69320
vn 0.89014 0.13302 0.43583
vn 0.43589 0.06991 0.89728
vn 0.72041 -0.02184 0.69320
vn 0.77879 0.20782 0.59186
vn 0.32202 0.40210 0.85710
vn 0.43589 0.06991 0.89728
vn 0.77879 0.20782 0.59186
vn -0.30683 0.20592 0.92922
vn 0.43589 0.06991 0.89728
vn 0.32202 0.40210 0.85710
vn -0.32050 0.56557 0.75988
vn -0.30683 0.20592 0.92922
vn 0.32202 0.40210 0.85710
vn -0.73338 0.37717 0.56559
vn -0.30683 0.20592 0.92922
vn -0.32050 0.56557 0.75988
vn -0.46369 0.85844 0.21925
vn -0.73338 0.37717 0.56559
vn -0.32050 0.56557 0.75988
vn 0.18461 0.96549 0.18370
vn -0.46369 0.85844 0.21925
vn 0.06953 0.80960 0.58286
vn 0.63130 0.70014 0.33355
vn 0.18461 0.96549 0.18370
vn 0.06953 0.80960 0.58286
vn 0.42799 0.88974 -0.15874
vn 0.18461 0.96549 0.18370
vn 0.63130 0.70014 0.33355
vn 0.84861 0.49347 0.19068
vn 0.42799 0.88974 -0.15874
vn 0.63130 0.70014 0.33355
vn -0.73338 0.37717 0.56559
vn -0.88711 0.07843 0.45484
vn -0.30683 0.20592 0.92922
vn -0.91109 0.38016 0.15939
vn -0.88711 0.07843 0.45484
vn -0.73338 0.37717 0.56559
vn -0.46369 0.85844 0.21925
vn -0.91109 0.38016 0.15939
vn -0.73338 0.37717 0.56559
vn -0.91109 0.38016 0.15939
vn -0.97723 0.18910 -0.09628
vn -0.88711 0.07843 0.45484
vn -0.79478 0.56619 -0.21851
vn -0.97723 0.18910 -0.09628
vn -0.91109 0.38016 0.15939
vn -0.46369 0.85844 0.21925
vn -0.79478 0.56619 -0.21851
vn -0.91109 0.38016 0.15939
vn -0.79478 0.56619 -0.21851
vn -0.69167 0.50316 -0.51809
vn -0.97723 0.18910 -0.09628
vn -0.42917 0.82209 -0.37415
vn -0.69167 0.50316 -0.51809
vn -0.79478 0.56619 -0.21851
vn -0.46369 0.85844 0.21925
vn -0.42917 0.82209 -0.37415
vn -0.79478 0.56619 -0.21851
vn -0.42917 0.82209 -0.37415
vn -0.13790 0.81839 -0.55788
vn -0.69167 0.50316 -0.51809
vn -0.01727 0.97903 -0.20298
vn -0.13790 0.81839 -0.55788
vn -0.42917 0.82209 -0.37415
vn -0.46369 0.85844 0.21925
vn -0.01727 0.97903 -0.20298
vn -0.42917 0.82209 -0.37415
vn -0.01727 0.97903 -0.20298
vn 0.42799 0.88974 -0.15874
vn -0.13790 0.81839 -0.55788
vn 0.18461 0.96549 0.18370
vn 0.42799 0.88974 -0.15874
vn -0.01727 0.97903 -0.20298
vn -0.46369 0.85844 0.21925
vn 0.18461 0.96549 0.18370
vn -0.01727 0.97903 -0.20298
vn 0.18461 0.96549 0.18370
vn -0.46369 0.85844 0.21925
vn 0.06953 0.80959 0.58286
vn 0.62633 0.70622 0.33010
vn 0.18461 0.96549 0.18370
vn 0.06953 0.80959 0.58286
vn 0.46311 0.83706 -0.29130
vn 0.18461 0.96549 0.18370
vn 0.62633 0.70622 0.33010
vn 0.86692 0.49491 -0.05920
vn 0.46311 0.83706 -0.29130
vn 0.62633 0.70622 0.33010
vn 0.59613 0.62169 -0.50807
vn 0.46311 0.83706 -0.29130
vn 0.86692 0.49491 -0.05920
vn 0.90067 0.36766 -0.23156
vn 0.59613 0.62169 -0.50807
vn 0.86692 0.49491 -0.05920
vn 0.86692 0.49491 -0.05920
vn 0.94189 0.17214 0.28848
vn 0.90067 0.36766 -0.23156
vn 0.77754 0.21983 0.58916
vn 0.94189 0.17214 0.28848
vn 0.86692 0.49491 -0.05920
vn 0.62633 0.70622 0.33010
vn 0.77754 0.21983 0.58916
vn 0.86692 0.49491 -0.05920
vn 0.30837 0.39617 0.86485
vn 0.77754 0.21983 0.58916
vn 0.62633 0.70622 0.33010
vn 0.06953 0.80959 0.58286
vn 0.30837 0.39617 0.86485
vn 0.62633 0.70622 0.33010
vn -0.32747 0.54510 0.77177
vn 0.30837 0.39617 0.86485
vn 0.06953 0.80959 0.58286
vn -0.46369 0.85844 0.21925
vn -0.32747 0.54510 0.77177
vn 0.06953 0.80959 0.58286
vn 0.77754 0.21983 0.58916
vn 0.58731 -0.18089 0.78889
vn 0.94189 0.17214 0.28848
vn 0.21046 -0.17342 0.96210
vn 0.58731 -0.18089 0.78889
vn 0.77754 0.21983 0.58916
vn 0.30837 0.39617 0.86485
vn 0.21046 -0.17342 0.96210
vn 0.77754 0.21983 0.58916
vn -0.35330 0.02780 0.93510
vn 0.21046 -0.17342 0.96210
vn 0.30837 0.39617 0.86485
vn -0.32747 0.54510 0.77177
vn -0.35330 0.02780 0.93510
vn 0.30837 0.39617 0.86485
vn -0.73555 0.36362 0.57162
vn -0.35330 0.02780 0.93510
vn -0.32747 0.54510 0.77177
vn -0.46369 0.85844 0.21925
vn -0.73555 0.36362 0.57162
vn -0.32747 0.54510 0.77177
vn 0.21046 -0.17342 0.96210
vn 0.05838 -0.45126 0.89048
vn 0.58731 -0.18089 0.78889
vn -0.30786 -0.31361 0.89826
vn 0.05838 -0.45126 0.89048
vn 0.21046 -0.17342 0.96210
vn -0.35330 0.02780 0.93510
vn -0.30786 -0.31361 0.89826
vn 0.21046 -0.17342 0.96210
vn -0.83143 -0.00520 0.55561
vn -0.30786 -0.31361 0.89826
vn -0.35330 0.02780 0.93510
vn -0.73555 0.36362 0.57162
vn -0.83143 -0.00520 0.55561
vn -0.35330 0.02780 0.93510
vn -0.91269 0.37570 0.16078
vn -0.83143 -0.00520 0.55561
vn -0.73555 0.36362 0.57162
vn -0.46369 0.85844 0.21925
vn -0.91269 0.37570 0.16078
vn -0.73555 0.36362 0.57162
vn -0.01727 0.97903 -0.20299
vn -0.46369 0.85844 0.21925
vn 0.18461 0.96549 0.18370
vn 0.46311 0.83706 -0.29130
vn -0.01727 0.97903 -0.20299
vn 0.18461 0.96549 0.18370
vn -0.02627 0.80770 -0.58901
vn -0.01727 0.97903 -0.20299
vn 0.46311 0.83706 -0.29130
vn 0.59613 0.62169 -0.50807
vn -0.02627 0.80770 -0.58901
vn 0.46311 0.83706 -0.29130
vn -0.91269 0.37570 0.16078
vn -0.97761 0.18806 -0.09438
vn -0.83143 -0.00520 0.55561
vn -0.79478 0.56620 -0.21851
vn -0.97761 0.18806 -0.09438
vn -0.91269 0.37570 0.16078
vn -0.46369 0.85844 0.21925
vn -0.79478 0.56620 -0.21851
vn -0.91269 0.37570 0.16078
vn -0.79478 0.56620 -0.21851
vn -0.69167 0.50317 -0.51809
vn -0.97761 0.18806 -0.09438
vn -0.42916 0.82209 -0.37415
vn -0.69167 0.50317 -0.51809
vn -0.79478 0.56620 -0.21851
vn -0.46369 0.85844 0.21925
vn -0.42916 0.82209 -0.37415
vn -0.79478 0.56620 -0.21851
vn -0.42916 0.82209 -0.37415
vn -0.02627 0.80770 -0.58901
vn -0.69167 0.50317 -0.51809
vn -0.01727 0.97903 -0.20299
vn -0.02627 0.80770 -0.58901
vn -0.42916 0.82209 -0.37415
vn -0.46369 0.85844 0.21925
vn -0.01727 0.97903 -0.20299
vn -0.42916 0.82209 -0.37415
vn 0.20599 0.77260 0.60055
vn 0.39393 0.91780 -0.04967
vn -0.22457 0.91767 0.32779
vn -0.21041 0.53404 0.81886
vn 0.20599 0.77260 0.60055
vn -0.22457 0.91767 0.32779
vn 0.45975 0.29950 0.83602
vn 0.20599 0.77260 0.60055
vn -0.21041 0.53404 0.81886
vn -0.00768 0.10010 0.99495
vn 0.45975 0.29950 0.83602
vn -0.21041 0.53404 0.81886
vn 0.62806 -0.02571 0.77774
vn 0.45975 0.29950 0.83602
vn -0.00768 0.10010 0.99495
vn 0.07253 -0.07052 0.99487
vn 0.62806 -0.02571 0.77774
vn -0.00768 0.10010 0.99495
vn -0.00768 0.10010 0.99495
vn -0.29855 0.03708 0.95367
vn 0.07253 -0.07052 0.99487
vn -0.56922 0.34605 0.74582
vn -0.29855 0.03708 0.95367
vn -0.00768 0.10010 0.99495
vn -0.21041 0.53404 0.81886
vn -0.56922 0.34605 0.74582
vn -0.00768 0.10010 0.99495
vn -0.70841 0.65571 0.26114
vn -0.56922 0.34605 0.74582
vn -0.21041 0.53404 0.81886
vn -0.22457 0.91767 0.32779
vn -0.70841 0.65571 0.26114
vn -0.21041 0.53404 0.81886
vn -0.35492 0.91553 -0.18931
vn -0.70841 0.65571 0.26114
vn -0.22457 0.91767 0.32779
vn 0.39393 0.91780 -0.04967
vn -0.35492 0.91553 -0.18931
vn -0.22457 0.91767 0.32779
vn -0.70841 0.65571 0.26114
vn -0.90283 0.42053 -0.08969
vn -0.56922 0.34605 0.74582
vn -0.69008 0.55736 -0.46167
vn -0.90283 0.42053 -0.08969
vn -0.70841 0.65571 0.26114
vn -0.35492 0.91553 -0.18931
vn -0.69008 0.55736 -0.46167
vn -0.70841 0.65571 0.26114
vn -0.09275 0.78375 -0.61411
vn -0.69008 0.55736 -0.46167
vn -0.35492 0.91553 -0.18931
vn 0.39393 0.91780 -0.04967
vn -0.09275 0.78375 -0.61411
vn -0.35492 0.91553 -0.18931
vn -0.69008 0.55736 -0.46167
vn -0.72993 0.30179 -0.61329
vn -0.90283 0.42053 -0.08969
vn -0.21770 0.47476 -0.85277
vn -0.72993 0.30179 -0.61329
vn -0.69008 0.55736 -0.46167
vn -0.09275 0.78375 -0.61411
vn -0.21770 0.47476 -0.85277
vn -0.69008 0.55736 -0.46167
vn 0.39221 0.60657 -0.69155
vn -0.21770 0.47476 -0.85277
vn -0.09275 0.78375 -0.61411
vn 0.39393 0.91780 -0.04967
vn 0.39221 0.60657 -0.69155
vn -0.09275 0.78375 -0.61411
vn 0.79202 0.47751 -0.38039
vn 0.39393 0.91780 -0.04967
vn 0.87730 0.46884 0.10262
vn 0.95687 0.05598 -0.28506
vn 0.79202 0.47751 -0.38039
vn 0.87730 0.46884 0.10262
vn 0.62350 0.22313 -0.74931
vn 0.79202 0.47751 -0.38039
vn 0.95687 0.05598 -0.28506
vn 0.86163 -0.12065 -0.49299
vn 0.62350 0.22313 -0.74931
vn 0.95687 0.05598 -0.28506
vn 0.95687 0.05598 -0.28506
vn 0.98888 -0.13707 0.05771
vn 0.86163 -0.12065 -0.49299
vn 0.91540 0.11474 0.38586
vn 0.98888 -0.13707 0.05771
vn 0.95687 0.05598 -0.28506
vn 0.87730 0.46884 0.10262
vn 0.91540 0.11474 0.38586
vn 0.95687 0.05598 -0.28506
vn 0.64535 0.58515 0.49104
vn 0.91540 0.11474 0.38586
vn 0.87730 0.46884 0.10262
vn 0.39393 0.91780 -0.04967
vn 0.64535 0.58515 0.49104
vn 0.87730 0.46884 0.10262
vn 0.91540 0.11474 0.38586
vn 0.62806 -0.02571 0.77774
vn 0.98888 -0.13707 0.05771
vn 0.45975 0.29950 0.83602
vn 0.62806 -0.02571 0.77774
vn 0.91540 0.11474 0.38586
vn 0.64535 0.58515 0.49104
vn 0.45975 0.29950 0.83602
vn 0.91540 0.11474 0.38586
vn 0.20599 0.77260 0.60055
vn 0.45975 0.29950 0.83602
vn 0.64535 0.58515 0.49104
vn 0.39393 0.91780 -0.04967
vn 0.20599 0.77260 0.60055
vn 0.64535 0.58515 0.49104
vn 0.39221 0.60657 -0.69155
vn 0.62350 0.22313 -0.74931
vn -0.21770 0.47476 -0.85277
vn 0.79202 0.47751 -0.38039
vn 0.62350 0.22313 -0.74931
vn 0.39221 0.60657 -0.69155
vn 0.39393 0.91780 -0.04967
vn 0.79202 0.47751 -0.38039
vn 0.39221 0.60657 -0.69155
vn -0.46866 0.50335 0.72595
vn -0.83604 0.35542 0.41800
vn -0.30021 0.19698 0.93331
vn -0.84734 0.52148 0.10032
vn -0.83604 0.35542 0.41800
vn -0.46866 0.50335 0.72595
vn -0.44925 0.83702 0.31236
vn -0.84734 0.52148 0.10032
vn -0.46866 0.50335 0.72595
vn -0.60353 0.73907 -0.29921
vn -0.84734 0.52148 0.10032
vn -0.44925 0.83702 0.31236
vn -0.17345 0.97130 -0.16280
vn -0.60353 0.73907 -0.29921
vn -0.44925 0.83702 0.31236
vn -0.06465 0.82277 -0.56469
vn -0.60353 0.73907 -0.29921
vn -0.17345 0.97130 -0.16280
vn 0.47255 0.85688 -0.20606
vn -0.06465 0.82277 -0.56469
vn -0.17345 0.97130 -0.16280
vn -0.84734 0.52148 0.10032
vn -0.94396 0.21493 -0.25048
vn -0.83604 0.35542 0.41800
vn -0.77398 0.27990 -0.56798
vn -0.94396 0.21493 -0.25048
vn -0.84734 0.52148 0.10032
vn -0.60353 0.73907 -0.29921
vn -0.77398 0.27990 -0.56798
vn -0.84734 0.52148 0.10032
vn -0.30422 0.44838 -0.84048
vn -0.77398 0.27990 -0.56798
vn -0.60353 0.73907 -0.29921
vn -0.06465 0.82277 -0.56469
vn -0.30422 0.44838 -0.84048
vn -0.60353 0.73907 -0.29921
vn 0.31946 0.57915 -0.75002
vn -0.30422 0.44838 -0.84048
vn -0.06465 0.82277 -0.56469
vn 0.47255 0.85688 -0.20606
vn 0.31946 0.57915 -0.75002
vn -0.06465 0.82277 -0.56469
vn -0.77398 0.27990 -0.56798
vn -0.62001 -0.11535 -0.77607
vn -0.94396 0.21493 -0.25048
vn -0.25860 -0.09376 -0.96142
vn -0.62001 -0.11535 -0.77607
vn -0.77398 0.27990 -0.56798
vn -0.30422 0.44838 -0.84048
vn -0.25860 -0.09376 -0.96142
vn -0.77398 0.27990 -0.56798
vn 0.33446 0.09218 -0.93789
vn -0.25860 -0.09376 -0.96142
vn -0.30422 0.44838 -0.84048
vn 0.31946 0.57915 -0.75002
vn 0.33446 0.09218 -0.93789
vn -0.30422 0.44838 -0.84048
vn 0.73222 0.38128 -0.56434
vn 0.33446 0.09218 -0.93789
vn 0.31946 0.57915 -0.75002
vn 0.47255 0.85688 -0.20606
vn 0.73222 0.38128 -0.56434
vn 0.31946 0.57915 -0.75002
vn -0.25860 -0.09376 -0.96142
vn 0.03808 -0.49605 -0.86746
vn -0.62001 -0.11535 -0.77607
vn 0.48999 -0.41676 -0.76565
vn 0.03808 -0.49605 -0.86746
vn -0.25860 -0.09376 -0.96142
vn 0.33446 0.09218 -0.93789
vn 0.48999 -0.41676 -0.76565
vn -0.25860 -0.09376 -0.96142
vn 0.86556 -0.07590 -0.49502
vn 0.48999 -0.41676 -0.76565
vn 0.33446 0.09218 -0.93789
vn 0.73222 0.38128 -0.56434
vn 0.86556 -0.07590 -0.49502
vn 0.33446 0.09218 -0.93789
vn 0.91446 0.37183 -0.15971
vn 0.86556 -0.07590 -0.49502
vn 0.73222 0.38128 -0.56434
vn 0.47255 0.85688 -0.20606
vn 0.91446 0.37183 -0.15971
vn 0.73222 0.38128 -0.56434
vn 0.48999 -0.41676 -0.76565
vn 0.56542 -0.65086 -0.50664
vn 0.03808 -0.49605 -0.86746
vn 0.92327 -0.36562 -0.11789
vn 0.56542 -0.65086 -0.50664
vn 0.48999 -0.41676 -0.76565
vn 0.86556 -0.07590 -0.49502
vn 0.92327 -0.36562 -0.11789
vn 0.48999 -0.41676 -0.76565
vn 0.99121 0.00676 0.13209
vn 0.92327 -0.36562 -0.11789
vn 0.86556 -0.07590 -0.49502
vn 0.91446 0.37183 -0.15971
vn 0.99121 0.00676 0.13209
vn 0.86556 -0.07590 -0.49502
vn 0.80482 0.55009 0.22286
vn 0.99121 0.00676 0.13209
vn 0.91446 0.37183 -0.15971
vn 0.47255 0.85688 -0.20606
vn 0.80482 0.55009 0.22286
vn 0.91446 0.37183 -0.15971
vn 0.80482 0.55009 0.22286
vn 0.47255 0.85688 -0.20606
vn 0.44474 0.80769 0.38710
vn 0.70851 0.31380 0.63209
vn 0.80482 0.55009 0.22286
vn 0.44474 0.80769 0.38710
vn 0.99121 0.00676 0.13209
vn 0.80482 0.55009 0.22286
vn 0.70851 0.31380 0.63209
vn 0.78649 -0.18459 0.58937
vn 0.99121 0.00676 0.13209
vn 0.70851 0.31380 0.63209
vn 0.92327 -0.36562 -0.11789
vn 0.99121 0.00676 0.13209
vn 0.78649 -0.18459 0.58937
vn 0.76323 -0.33826 0.55051
vn 0.92327 -0.36562 -0.11789
vn 0.78649 -0.18459 0.58937
vn 0.78649 -0.18459 0.58937
vn 0.39898 -0.15956 0.90297
vn 0.76323 -0.33826 0.55051
vn 0.24361 0.17881 0.95325
vn 0.39898 -0.15956 0.90297
vn 0.78649 -0.18459 0.58937
vn 0.70851 0.31380 0.63209
vn 0.24361 0.17881 0.95325
vn 0.78649 -0.18459 0.58937
vn 0.08912 0.68761 0.72059
vn 0.24361 0.17881 0.95325
vn 0.70851 0.31380 0.63209
vn 0.44474 0.80769 0.38710
vn 0.08912 0.68761 0.72059
vn 0.70851 0.31380 0.63209
vn 0.03263 0.97439 0.22249
vn 0.08912 0.68761 0.72059
vn 0.44474 0.80769 0.38710
vn 0.47255 0.85688 -0.20606
vn 0.03263 0.97439 0.22249
vn 0.44474 0.80769 0.38710
vn 0.24361 0.17881 0.95325
vn -0.30021 0.19698 0.93331
vn 0.39898 -0.15956 0.90297
vn -0.46866 0.50335 0.72595
vn -0.30021 0.19698 0.93331
vn 0.24361 0.17881 0.95325
vn 0.08912 0.68761 0.72059
vn -0.46866 0.50335 0.72595
vn 0.24361 0.17881 0.95325
vn -0.44925 0.83702 0.31236
vn -0.46866 0.50335 0.72595
vn 0.08912 0.68761 0.72059
vn 0.03263 0.97439 0.22249
vn -0.44925 0.83702 0.31236
vn 0.08912 0.68761 0.72059
vn -0.17345 0.97130 -0.16280
vn -0.44925 0.83702 0.31236
vn 0.03263 0.97439 0.22249
vn 0.47255 0.85688 -0.20606
vn -0.17345 0.97130 -0.16280
vn 0.03263 0.97439 0.22249
vn -0.41384 0.87530 0.25017
vn -0.70670 0.70486 -0.06123
vn -0.54145 0.70011 0.46548
vn -0.43569 0.81033 -0.39184
vn -0.70670 0.70486 -0.06123
vn -0.41384 0.87530 0.25017
vn -0.00478 0.99060 -0.13671
vn -0.43569 0.81033 -0.39184
vn -0.41384 0.87530 0.25017
vn 0.18249 0.85185 -0.49097
vn -0.43569 0.81033 -0.39184
vn -0.00478 0.99060 -0.13671
vn 0.58303 0.81053 -0.05573
vn 0.18249 0.85185 -0.49097
vn -0.00478 0.99060 -0.13671
vn -0.43569 0.81033 -0.39184
vn -0.52972 0.46073 -0.71212
vn -0.70670 0.70486 -0.06123
vn -0.02506 0.50147 -0.86481
vn -0.52972 0.46073 -0.71212
vn -0.43569 0.81033 -0.39184
vn 0.18249 0.85185 -0.49097
vn -0.02506 0.50147 -0.86481
vn -0.43569 0.81033 -0.39184
vn 0.56217 0.56401 -0.60486
vn -0.02506 0.50147 -0.86481
vn 0.18249 0.85185 -0.49097
vn 0.58303 0.81053 -0.05573
vn 0.56217 0.56401 -0.60486
vn 0.18249 0.85185 -0.49097
vn -0.02506 0.50147 -0.86481
vn 0.09984 0.06637 -0.99279
vn -0.52972 0.46073 -0.71212
vn 0.58250 0.07503 -0.80936
vn 0.09984 0.06637 -0.99279
vn -0.02506 0.50147 -0.86481
vn 0.56217 0.56401 -0.60486
vn 0.58250 0.07503 -0.80936
vn -0.02506 0.50147 -0.86481
vn 0.86622 0.34497 -0.36147
vn 0.58250 0.07503 -0.80936
vn 0.56217 0.56401 -0.60486
vn 0.58303 0.81053 -0.05573
vn 0.86622 0.34497 -0.36147
vn 0.56217 0.56401 -0.60486
vn 0.58250 0.07503 -0.80936
vn 0.69055 -0.31705 -0.65009
vn 0.09984 0.06637 -0.99279
vn 0.94113 -0.15021 -0.30284
vn 0.69055 -0.31705 -0.65009
vn 0.58250 0.07503 -0.80936
vn 0.86622 0.34497 -0.36147
vn 0.94113 -0.15021 -0.30284
vn 0.58250 0.07503 -0.80936
vn 0.94890 0.31169 0.04948
vn 0.94113 -0.15021 -0.30284
vn 0.86622 0.34497 -0.36147
vn 0.58303 0.81053 -0.05573
vn 0.94890 0.31169 0.04948
vn 0.86622 0.34497 -0.36147
vn 0.94113 -0.15021 -0.30284
vn 0.90416 -0.42700 0.01315
vn 0.69055 -0.31705 -0.65009
vn 0.94060 -0.10120 0.32408
vn 0.90416 -0.42700 0.01315
vn 0.94113 -0.15021 -0.30284
vn 0.94890 0.31169 0.04948
vn 0.94060 -0.10120 0.32408
vn 0.94113 -0.15021 -0.30284
vn 0.77825 0.46723 0.41955
vn 0.94060 -0.10120 0.32408
vn 0.94890 0.31169 0.04948
vn 0.58303 0.81053 -0.05573
vn 0.77825 0.46723 0.41955
vn 0.94890 0.31169 0.04948
vn 0.94060 -0.10120 0.32408
vn 0.82143 -0.27799 0.49797
vn 0.90416 -0.42700 0.01315
vn 0.67792 0.24842 0.69189
vn 0.82143 -0.27799 0.49797
vn 0.94060 -0.10120 0.32408
vn 0.77825 0.46723 0.41955
vn 0.67792 0.24842 0.69189
vn 0.94060 -0.10120 0.32408
vn 0.43132 0.74050 0.51539
vn 0.67792 0.24842 0.69189
vn 0.77825 0.46723 0.41955
vn 0.58303 0.81053 -0.05573
vn 0.43132 0.74050 0.51539
vn 0.77825 0.46723 0.41955
vn 0.08986 0.96120 0.26082
vn 0.58303 0.81053 -0.05573
vn -0.00478 0.99060 -0.13671
vn -0.41384 0.87530 0.25017
vn 0.08986 0.96120 0.26082
vn -0.00478 0.99060 -0.13671
vn -0.15427 0.82030 0.55074
vn 0.08986 0.96120 0.26082
vn -0.41384 0.87530 0.25017
vn -0.54145 0.70011 0.46548
vn -0.15427 0.82030 0.55074
vn -0.41384 0.87530 0.25017
vn 0.43132 0.74050 0.51539
vn 0.44902 0.46369 0.76379
vn 0.67792 0.24842 0.69189
vn 0.08986 0.96120 0.26082
vn -0.15427 0.82030 0.55074
vn 0.43132 0.74050 0.51539
vn 0.58303 0.81053 -0.05573
vn 0.08986 0.96120 0.26082
vn 0.43132 0.74050 0.51539
vn 0.73196 0.36361 -0.57621
vn 0.78753 0.61623 -0.00795
vn 0.95120 0.09375 -0.29399
vn 0.63421 -0.10585 -0.76588
vn 0.73196 0.36361 -0.57621
vn 0.95120 0.09375 -0.29399
vn 0.18918 0.45781 -0.86869
vn 0.73196 0.36361 -0.57621
vn 0.63421 -0.10585 -0.76588
vn 0.08844 0.03862 -0.99533
vn 0.18918 0.45781 -0.86869
vn 0.63421 -0.10585 -0.76588
vn -0.27581 0.50597 -0.81726
vn 0.18918 0.45781 -0.86869
vn 0.08844 0.03862 -0.99533
vn -0.24124 0.15947 -0.95727
vn -0.27581 0.50597 -0.81726
vn 0.08844 0.03862 -0.99533
vn -0.20704 0.95023 0.23281
vn -0.47665 0.87594 -0.07447
vn -0.34083 0.72517 0.59829
vn -0.16787 0.90126 -0.39943
vn -0.47665 0.87594 -0.07447
vn -0.20704 0.95023 0.23281
vn 0.24679 0.95980 -0.13374
vn -0.16787 0.90126 -0.39943
vn -0.20704 0.95023 0.23281
vn 0.42521 0.75964 -0.49208
vn -0.16787 0.90126 -0.39943
vn 0.24679 0.95980 -0.13374
vn 0.78753 0.61623 -0.00795
vn 0.42521 0.75964 -0.49208
vn 0.24679 0.95980 -0.13374
vn -0.16787 0.90126 -0.39943
vn -0.27581 0.50597 -0.81726
vn -0.47665 0.87594 -0.07447
vn 0.18918 0.45781 -0.86869
vn -0.27581 0.50597 -0.81726
vn -0.16787 0.90126 -0.39943
vn 0.42521 0.75964 -0.49208
vn 0.18918 0.45781 -0.86869
vn -0.16787 0.90126 -0.39943
vn 0.73196 0.36361 -0.57621
vn 0.18918 0.45781 -0.86869
vn 0.42521 0.75964 -0.49208
vn 0.78753 0.61623 -0.00795
vn 0.73196 0.36361 -0.57621
vn 0.42521 0.75964 -0.49208
vn 0.63421 -0.10585 -0.76588
vn 0.55266 -0.38555 -0.73886
vn 0.08844 0.03862 -0.99533
vn 0.92274 -0.24820 -0.29488
vn 0.55266 -0.38555 -0.73886
vn 0.63421 -0.10585 -0.76588
vn 0.95120 0.09375 -0.29399
vn 0.92274 -0.24820 -0.29488
vn 0.63421 -0.10585 -0.76588
vn 0.99173 0.05284 0.11692
vn 0.92274 -0.24820 -0.29488
vn 0.95120 0.09375 -0.29399
vn 0.78753 0.61623 -0.00795
vn 0.99173 0.05284 0.11692
vn 0.95120 0.09375 -0.29399
vn 0.84295 0.24671 0.47809
vn 0.78753 0.61623 -0.00795
vn 0.55392 0.61910 0.55668
vn 0.52365 0.09627 0.84647
vn 0.84295 0.24671 0.47809
vn 0.55392 0.61910 0.55668
vn 0.86650 -0.16670 0.47053
vn 0.84295 0.24671 0.47809
vn 0.52365 0.09627 0.84647
vn 0.47702 -0.19521 0.85694
vn 0.86650 -0.16670 0.47053
vn 0.52365 0.09627 0.84647
vn 0.52365 0.09627 0.84647
vn 0.09625 0.20770 0.97345
vn 0.47702 -0.19521 0.85694
vn 0.07388 0.64166 0.76342
vn 0.09625 0.20770 0.97345
vn 0.52365 0.09627 0.84647
vn 0.55392 0.61910 0.55668
vn 0.07388 0.64166 0.76342
vn 0.52365 0.09627 0.84647
vn 0.29747 0.90972 0.28969
vn 0.07388 0.64166 0.76342
vn 0.55392 0.61910 0.55668
vn 0.78753 0.61623 -0.00795
vn 0.29747 0.90972 0.28969
vn 0.55392 0.61910 0.55668
vn 0.07388 0.64166 0.76342
vn -0.34083 0.72517 0.59829
vn 0.09625 0.20770 0.97345
vn -0.20704 0.95023 0.23281
vn -0.34083 0.72517 0.59829
vn 0.07388 0.64166 0.76342
vn 0.29747 0.90972 0.28969
vn -0.20704 0.95023 0.23281
vn 0.07388 0.64166 0.76342
vn 0.24679 0.95980 -0.13374
vn -0.20704 0.95023 0.23281
vn 0.29747 0.90972 0.28969
vn 0.78753 0.61623 -0.00795
vn 0.24679 0.95980 -0.13374
vn 0.29747 0.90972 0.28969
vn 0.99173 0.05284 0.11692
vn 0.86650 -0.16670 0.47053
vn 0.92274 -0.24820 -0.29488
vn 0.84295 0.24671 0.47809
vn 0.86650 -0.16670 0.47053
vn 0.99173 0.05284 0.11692
vn 0.78753 0.61623 -0.00795
vn 0.84295 0.24671 0.47809
vn 0.99173 0.05284 0.11692
vn -0.26915 0.87324 0.40622
vn 0.22108 0.97199 0.07979
vn -0.39629 0.91798 0.01620
vn -0.70199 0.60551 0.37493
vn -0.26915 0.87324 0.40622
vn -0.39629 0.91798 0.01620
vn -0.22327 0.50206 0.83552
vn -0.26915 0.87324 0.40622
vn -0.70199 0.60551 0.37493
vn -0.70187 0.15829 0.69450
vn -0.22327 0.50206 0.83552
vn -0.70199 0.60551 0.37493
vn -0.20458 0.14761 0.96765
vn -0.22327 0.50206 0.83552
vn -0.70187 0.15829 0.69450
vn -0.63269 -0.06962 0.77127
vn -0.20458 0.14761 0.96765
vn -0.70187 0.15829 0.69450
vn -0.70187 0.15829 0.69450
vn -0.95551 -0.01216 0.29471
vn -0.63269 -0.06962 0.77127
vn -0.96984 0.24206 0.02879
vn -0.95551 -0.01216 0.29471
vn -0.70187 0.15829 0.69450
vn -0.70199 0.60551 0.37493
vn -0.96984 0.24206 0.02879
vn -0.70187 0.15829 0.69450
vn -0.72677 0.63981 -0.24990
vn -0.96984 0.24206 0.02879
vn -0.70199 0.60551 0.37493
vn -0.39629 0.91798 0.01620
vn -0.72677 0.63981 -0.24990
vn -0.70199 0.60551 0.37493
vn -0.19484 0.91363 -0.35682
vn -0.72677 0.63981 -0.24990
vn -0.39629 0.91798 0.01620
vn 0.22108 0.97199 0.07979
vn -0.19484 0.91363 -0.35682
vn -0.39629 0.91798 0.01620
vn -0.96984 0.24206 0.02879
vn -0.97709 0.05941 -0.20435
vn -0.95551 -0.01216 0.29471
vn -0.85464 0.33705 -0.39497
vn -0.97709 0.05941 -0.20435
vn -0.96984 0.24206 0.02879
vn -0.72677 0.63981 -0.24990
vn -0.85464 0.33705 -0.39497
vn -0.96984 0.24206 0.02879
vn -0.29739 0.70556 -0.64323
vn -0.85464 0.33705 -0.39497
vn -0.72677 0.63981 -0.24990
vn -0.19484 0.91363 -0.35682
vn -0.29739 0.70556 -0.64323
vn -0.72677 0.63981 -0.24990
vn 0.24670 0.83348 -0.49441
vn -0.29739 0.70556 -0.64323
vn -0.19484 0.91363 -0.35682
vn 0.22108 0.97199 0.07979
vn 0.24670 0.83348 -0.49441
vn -0.19484 0.91363 -0.35682
vn 0.75114 0.65049 0.11253
vn 0.22108 0.97199 0.07979
vn 0.54707 0.68913 0.47521
vn 0.91768 0.23920 0.31724
vn 0.75114 0.65049 0.11253
vn 0.54707 0.68913 0.47521
vn 0.91175 0.27116 -0.30854
vn 0.75114 0.65049 0.11253
vn 0.91768 0.23920 0.31724
vn 0.98677 -0.09670 -0.13015
vn 0.91175 0.27116 -0.30854
vn 0.91768 0.23920 0.31724
vn 0.87042 -0.04839 -0.48993
vn 0.91175 0.27116 -0.30854
vn 0.98677 -0.09670 -0.13015
vn 0.88730 -0.24863 -0.38844
vn 0.87042 -0.04839 -0.48993
vn 0.98677 -0.09670 -0.13015
vn 0.64190 0.71177 -0.28521
vn 0.22108 0.97199 0.07979
vn 0.75114 0.65049 0.11253
vn 0.91175 0.27116 -0.30854
vn 0.64190 0.71177 -0.28521
vn 0.75114 0.65049 0.11253
vn 0.54592 0.50952 -0.66510
vn 0.64190 0.71177 -0.28521
vn 0.91175 0.27116 -0.30854
vn 0.87042 -0.04839 -0.48993
vn 0.54592 0.50952 -0.66510
vn 0.91175 0.27116 -0.30854
vn 0.91768 0.23920 0.31724
vn 0.77640 -0.00712 0.63019
vn 0.98677 -0.09670 -0.13015
vn 0.47751 0.34305 0.80889
vn 0.77640 -0.00712 0.63019
vn 0.91768 0.23920 0.31724
vn 0.54707 0.68913 0.47521
vn 0.47751 0.34305 0.80889
vn 0.91768 0.23920 0.31724
vn 0.12375 0.78727 0.60406
vn 0.47751 0.34305 0.80889
vn 0.54707 0.68913 0.47521
vn 0.22108 0.97199 0.07979
vn 0.12375 0.78727 0.60406
vn 0.54707 0.68913 0.47521
vn 0.47751 0.34305 0.80889
vn 0.46621 -0.02473 0.88433
vn 0.77640 -0.00712 0.63019
vn -0.22327 0.50206 0.83552
vn -0.20458 0.14761 0.96765
vn 0.47751 0.34305 0.80889
vn 0.12375 0.78727 0.60406
vn -0.22327 0.50206 0.83552
vn 0.47751 0.34305 0.80889
vn -0.26915 0.87324 0.40622
vn -0.22327 0.50206 0.83552
vn 0.12375 0.78727 0.60406
vn 0.22108 0.97199 0.07979
vn -0.26915 0.87324 0.40622
vn 0.12375 0.78727 0.60406
vn 0.24670 0.83348 -0.49441
vn 0.54592 0.50952 -0.66510
vn -0.29739 0.70556 -0.64323
vn 0.64190 0.71177 -0.28521
vn 0.54592 0.50952 -0.66510
vn 0.24670 0.83348 -0.49441
vn 0.22108 0.97199 0.07979
vn 0.64190 0.71177 -0.28521
vn 0.24670 0.83348 -0.49441
vn 0.47542 0.03692 -0.87899
vn 0.67249 -0.19058 -0.71515
vn 0.33908 -0.21407 -0.91608
vn 0.91266 0.00553 -0.40868
vn 0.67249 -0.19058 -0.71515
vn 0.47542 0.03692 -0.87899
vn 0.77003 0.15500 -0.61889
vn 0.91266 0.00553 -0.40868
vn 0.47542 0.03692 -0.87899
vn 0.97912 0.20315 -0.00794
vn 0.91266 0.00553 -0.40868
vn 0.77003 0.15500 -0.61889
vn 0.23282 0.95650 -0.17578
vn 0.60279 0.76098 -0.23992
vn 0.51724 0.77568 -0.36165
vn 0.91266 0.00553 -0.40868
vn 0.98924 -0.12855 -0.06983
vn 0.67249 -0.19058 -0.71515
vn 0.96692 0.11939 0.22544
vn 0.98924 -0.12855 -0.06983
vn 0.91266 0.00553 -0.40868
vn 0.97912 0.20315 -0.00794
vn 0.96692 0.11939 0.22544
vn 0.91266 0.00553 -0.40868
vn 0.88447 0.28765 0.36738
vn 0.96692 0.11939 0.22544
vn 0.97912 0.20315 -0.00794
vn 0.23282 0.95650 -0.17578
vn 0.56214 0.82639 0.03288
vn 0.56214 0.82639 0.03288
vn 0.96692 0.11939 0.22544
vn 0.81345 0.04918 0.57956
vn 0.98924 -0.12855 -0.06983
vn 0.77776 0.18053 0.60207
vn 0.81345 0.04918 0.57956
vn 0.96692 0.11939 0.22544
vn 0.88447 0.28765 0.36738
vn 0.77776 0.18053 0.60207
vn 0.96692 0.11939 0.22544
vn 0.13286 0.84352 0.52041
vn 0.36619 0.61656 0.69696
vn 0.36032 0.80787 0.46638
vn 0.23282 0.95650 -0.17578
vn 0.13286 0.84352 0.52041
vn 0.36032 0.80787 0.46638
vn 0.77776 0.18053 0.60207
vn 0.34172 0.22356 0.91282
vn 0.81345 0.04918 0.57956
vn 0.02594 0.58965 0.80724
vn 0.34172 0.22356 0.91282
vn 0.19715 0.46768 0.86163
vn 0.13286 0.84352 0.52041
vn 0.02594 0.58965 0.80724
vn 0.19715 0.46768 0.86163
vn -0.16796 0.95800 0.23243
vn 0.02594 0.58965 0.80724
vn 0.13286 0.84352 0.52041
vn 0.23282 0.95650 -0.17578
vn -0.16796 0.95800 0.23243
vn 0.13286 0.84352 0.52041
vn -0.16595 0.29404 -0.94128
vn -0.09968 0.25080 -0.96289
vn -0.09968 0.25080 -0.96289
vn 0.23282 0.95650 -0.17578
vn 0.10600 0.84460 -0.52480
vn -0.01814 0.89595 -0.44377
vn -0.09968 0.25080 -0.96289
vn 0.47542 0.03692 -0.87899
vn -0.09968 0.25080 -0.96289
vn 0.77003 0.15500 -0.61889
vn 0.47542 0.03692 -0.87899
vn 0.57351 0.17272 -0.80079
vn 0.23282 0.95650 -0.17578
vn 0.51724 0.77568 -0.36165
vn 0.42013 0.77303 -0.47530
vn 0.73707 0.35941 -0.57232
vn 0.46403 0.85844 -0.21854
vn 0.91938 0.36250 -0.15276
vn 0.86595 -0.12848 -0.48334
vn 0.73707 0.35941 -0.57232
vn 0.91938 0.36250 -0.15276
vn 0.60988 0.00509 -0.79247
vn 0.73707 0.35941 -0.57232
vn 0.86595 -0.12848 -0.48334
vn 0.69930 -0.33747 -0.63015
vn 0.60988 0.00509 -0.79247
vn 0.86595 -0.12848 -0.48334
vn 0.86595 -0.12848 -0.48334
vn 0.92481 -0.35191 -0.14456
vn 0.69930 -0.33747 -0.63015
vn 0.99102 -0.02190 0.13189
vn 0.92481 -0.35191 -0.14456
vn 0.86595 -0.12848 -0.48334
vn 0.91938 0.36250 -0.15276
vn 0.99102 -0.02190 0.13189
vn 0.86595 -0.12848 -0.48334
vn 0.80707 0.54792 0.22003
vn 0.99102 -0.02190 0.13189
vn 0.91938 0.36250 -0.15276
vn 0.46403 0.85844 -0.21854
vn 0.80707 0.54792 0.22003
vn 0.91938 0.36250 -0.15276
vn 0.99102 -0.02190 0.13189
vn 0.85485 -0.10205 0.50874
vn 0.92481 -0.35191 -0.14456
vn 0.69889 0.31877 0.64026
vn 0.85485 -0.10205 0.50874
vn 0.99102 -0.02190 0.13189
vn 0.80707 0.54792 0.22003
vn 0.69889 0.31877 0.64026
vn 0.99102 -0.02190 0.13189
vn 0.42858 0.82209 0.37482
vn 0.69889 0.31877 0.64026
vn 0.80707 0.54792 0.22003
vn 0.46403 0.85844 -0.21854
vn 0.42858 0.82209 0.37482
vn 0.80707 0.54792 0.22003
vn 0.69889 0.31877 0.64026
vn 0.32806 0.26112 0.90785
vn 0.85485 -0.10205 0.50874
vn 0.07568 0.68201 0.72742
vn 0.32806 0.26112 0.90785
vn 0.69889 0.31877 0.64026
vn 0.42858 0.82209 0.37482
vn 0.07568 0.68201 0.72742
vn 0.69889 0.31877 0.64026
vn 0.01695 0.97903 0.20301
vn 0.07568 0.68201 0.72742
vn 0.42858 0.82209 0.37482
vn 0.46403 0.85844 -0.21854
vn 0.01695 0.97903 0.20301
vn 0.42858 0.82209 0.37482
vn 0.07568 0.68201 0.72742
vn -0.17518 0.56288 0.80776
vn 0.32806 0.26112 0.90785
vn -0.32834 0.89247 0.30933
vn -0.17518 0.56288 0.80776
vn 0.07568 0.68201 0.72742
vn 0.01695 0.97903 0.20301
vn -0.32834 0.89247 0.30933
vn 0.07568 0.68201 0.72742
vn -0.18433 0.96549 -0.18398
vn -0.32834 0.89247 0.30933
vn 0.01695 0.97903 0.20301
vn 0.46403 0.85844 -0.21854
vn -0.18433 0.96549 -0.18398
vn 0.01695 0.97903 0.20301
vn -0.18433 0.96549 -0.18398
vn -0.44371 0.86292 -0.24186
vn -0.32834 0.89247 0.30933
vn 0.04203 0.89277 -0.44855
vn -0.44371 0.86292 -0.24186
vn -0.18433 0.96549 -0.18398
vn 0.46403 0.85844 -0.21854
vn 0.04203 0.89277 -0.44855
vn -0.18433 0.96549 -0.18398
vn 0.51290 0.59489 -0.61890
vn 0.73707 0.35941 -0.57232
vn 0.60988 0.00509 -0.79247
vn 0.46403 0.85844 -0.21854
vn 0.73707 0.35941 -0.57232
vn 0.51290 0.59489 -0.61890
vn -0.18433 0.96549 -0.18398
vn 0.46403 0.85844 -0.21853
vn -0.06863 0.80959 -0.58296
vn -0.62581 0.70622 -0.33106
vn -0.18433 0.96549 -0.18398
vn -0.06863 0.80959 -0.58296
vn -0.46355 0.83706 0.29059
vn -0.18433 0.96549 -0.18398
vn -0.62581 0.70622 -0.33106
vn -0.86701 0.49491 0.05786
vn -0.46355 0.83706 0.29059
vn -0.62581 0.70622 -0.33106
vn -0.59692 0.62169 0.50714
vn -0.46355 0.83706 0.29059
vn -0.86701 0.49491 0.05786
vn -0.90103 0.36766 0.23017
vn -0.59692 0.62169 0.50714
vn -0.86701 0.49491 0.05786
vn -0.86701 0.49491 0.05786
vn -0.95325 0.27092 -0.13389
vn -0.90103 0.36766 0.23017
vn -0.78427 0.33853 -0.51993
vn -0.95325 0.27092 -0.13389
vn -0.86701 0.49491 0.05786
vn -0.62581 0.70622 -0.33106
vn -0.78427 0.33853 -0.51993
vn -0.86701 0.49491 0.05786
vn -0.30703 0.39617 -0.86532
vn -0.78427 0.33853 -0.51993
vn -0.62581 0.70622 -0.33106
vn -0.06863 0.80959 -0.58296
vn -0.30703 0.39617 -0.86532
vn -0.62581 0.70622 -0.33106
vn 0.32866 0.54510 -0.77127
vn -0.30703 0.39617 -0.86532
vn -0.06863 0.80959 -0.58296
vn 0.46403 0.85844 -0.21853
vn 0.32866 0.54510 -0.77127
vn -0.06863 0.80959 -0.58296
vn -0.30703 0.39617 -0.86532
vn -0.32831 0.11170 -0.93794
vn -0.78427 0.33853 -0.51993
vn 0.31898 0.17263 -0.93191
vn -0.32831 0.11170 -0.93794
vn -0.30703 0.39617 -0.86532
vn 0.32866 0.54510 -0.77127
vn 0.31898 0.17263 -0.93191
vn -0.30703 0.39617 -0.86532
vn 0.73643 0.36361 -0.57048
vn 0.31898 0.17263 -0.93191
vn 0.32866 0.54510 -0.77127
vn 0.46403 0.85844 -0.21853
vn 0.73643 0.36361 -0.57048
vn 0.32866 0.54510 -0.77127
vn 0.91750 0.36671 -0.15399
vn 0.46403 0.85844 -0.21853
vn 0.80405 0.55235 0.22002
vn 0.99250 0.04691 0.11287
vn 0.91750 0.36671 -0.15399
vn 0.80405 0.55235 0.22002
vn 0.92015 -0.01414 -0.39131
vn 0.91750 0.36671 -0.15399
vn 0.99250 0.04691 0.11287
vn 0.95347 -0.23874 -0.18409
vn 0.92015 -0.01414 -0.39131
vn 0.99250 0.04691 0.11287
vn 0.80405 0.55235 0.22002
vn 0.46403 0.85844 -0.21853
vn 0.42858 0.82209 0.37481
vn 0.69829 0.32380 0.63839
vn 0.80405 0.55235 0.22002
vn 0.42858 0.82209 0.37481
vn 0.99250 0.04691 0.11287
vn 0.80405 0.55235 0.22002
vn 0.69829 0.32380 0.63839
vn 0.77528 0.01604 0.63142
vn 0.99250 0.04691 0.11287
vn 0.69829 0.32380 0.63839
vn 0.69829 0.32380 0.63839
vn 0.32749 0.27651 0.90349
vn 0.77528 0.01604 0.63142
vn 0.07451 0.68766 0.72220
vn 0.32749 0.27651 0.90349
vn 0.69829 0.32380 0.63839
vn 0.42858 0.82209 0.37481
vn 0.07451 0.68766 0.72220
vn 0.69829 0.32380 0.63839
vn 0.01695 0.97903 0.20302
vn 0.07451 0.68766 0.72220
vn 0.42858 0.82209 0.37481
vn 0.46403 0.85844 -0.21853
vn 0.01695 0.97903 0.20302
vn 0.42858 0.82209 0.37481
vn 0.07451 0.68766 0.72220
vn -0.05527 0.39327 0.91776
vn 0.32749 0.27651 0.90349
vn -0.46355 0.83706 0.29059
vn -0.59692 0.62169 0.50714
vn 0.07451 0.68766 0.72220
vn 0.01695 0.97903 0.20302
vn -0.46355 0.83706 0.29059
vn 0.07451 0.68766 0.72220
vn -0.18433 0.96549 -0.18398
vn -0.46355 0.83706 0.29059
vn 0.01695 0.97903 0.20302
vn 0.46403 0.85844 -0.21853
vn -0.18433 0.96549 -0.18398
vn 0.01695 0.97903 0.20302
vn 0.73643 0.36361 -0.57048
vn 0.92015 -0.01414 -0.39131
vn 0.31898 0.17263 -0.93191
vn 0.91750 0.36671 -0.15399
vn 0.92015 -0.01414 -0.39131
vn 0.73643 0.36361 -0.57048
vn 0.46403 0.85844 -0.21853
vn 0.91750 0.36671 -0.15399
vn 0.73643 0.36361 -0.57048
vn 0.49369 0.78764 -0.36864
vn 0.67850 0.73034 -0.07902
vn 0.59885 0.37714 -0.70650
vn -0.03180 0.37807 -0.92523
vn -0.03863 0.68115 -0.73112
vn 0.59885 0.37714 -0.70650
vn -0.31666 0.78853 -0.52721
vn -0.03863 0.68115 -0.73112
vn -0.03180 0.37807 -0.92523
vn -0.38219 0.36485 -0.84901
vn -0.31666 0.78853 -0.52721
vn -0.03180 0.37807 -0.92523
vn -0.03180 0.37807 -0.92523
vn 0.09278 -0.04100 -0.99484
vn -0.38219 0.36485 -0.84901
vn 0.55397 -0.12377 -0.82329
vn 0.09278 -0.04100 -0.99484
vn -0.03180 0.37807 -0.92523
vn 0.59885 0.37714 -0.70650
vn 0.55397 -0.12377 -0.82329
vn -0.03180 0.37807 -0.92523
vn 0.91573 0.11098 -0.38618
vn 0.55397 -0.12377 -0.82329
vn 0.59885 0.37714 -0.70650
vn 0.67850 0.73034 -0.07902
vn 0.91573 0.11098 -0.38618
vn 0.59885 0.37714 -0.70650
vn 0.55397 -0.12377 -0.82329
vn 0.62810 -0.48106 -0.61161
vn 0.09278 -0.04100 -0.99484
vn 0.89061 -0.36585 -0.27012
vn 0.62810 -0.48106 -0.61161
vn 0.55397 -0.12377 -0.82329
vn 0.91573 0.11098 -0.38618
vn 0.89061 -0.36585 -0.27012
vn 0.55397 -0.12377 -0.82329
vn 0.99186 0.09291 0.08704
vn 0.89061 -0.36585 -0.27012
vn 0.91573 0.11098 -0.38618
vn 0.67850 0.73034 -0.07902
vn 0.99186 0.09291 0.08704
vn 0.91573 0.11098 -0.38618
vn 0.89061 -0.36585 -0.27012
vn 0.81614 -0.57430 0.06403
vn 0.62810 -0.48106 -0.61161
vn 0.88027 -0.27106 0.38943
vn 0.81614 -0.57430 0.06403
vn 0.89061 -0.36585 -0.27012
vn 0.99186 0.09291 0.08704
vn 0.88027 -0.27106 0.38943
vn 0.89061 -0.36585 -0.27012
vn 0.80961 0.32275 0.49027
vn 0.88027 -0.27106 0.38943
vn 0.99186 0.09291 0.08704
vn 0.67850 0.73034 -0.07902
vn 0.80961 0.32275 0.49027
vn 0.99186 0.09291 0.08704
vn 0.88027 -0.27106 0.38943
vn 0.63411 -0.28638 0.71826
vn 0.81614 -0.57430 0.06403
vn 0.50697 0.14220 0.85015
vn 0.63411 -0.28638 0.71826
vn 0.88027 -0.27106 0.38943
vn 0.80961 0.32275 0.49027
vn 0.50697 0.14220 0.85015
vn 0.88027 -0.27106 0.38943
vn 0.42144 0.70052 0.57590
vn 0.50697 0.14220 0.85015
vn 0.80961 0.32275 0.49027
vn 0.67850 0.73034 -0.07902
vn 0.42144 0.70052 0.57590
vn 0.80961 0.32275 0.49027
vn 0.50697 0.14220 0.85015
vn 0.09892 0.19794 0.97521
vn 0.63411 -0.28638 0.71826
vn 0.01407 0.59372 0.80455
vn 0.09892 0.19794 0.97521
vn 0.50697 0.14220 0.85015
vn 0.42144 0.70052 0.57590
vn 0.01407 0.59372 0.80455
vn 0.50697 0.14220 0.85015
vn 0.06944 0.95925 0.27390
vn 0.01407 0.59372 0.80455
vn 0.42144 0.70052 0.57590
vn 0.67850 0.73034 -0.07902
vn 0.06944 0.95925 0.27390
vn 0.42144 0.70052 0.57590
vn 0.06944 0.95925 0.27390
vn -0.28045 0.94674 0.15822
vn 0.01407 0.59372 0.80455
vn -0.02206 0.97891 -0.20312
vn -0.28045 0.94674 0.15822
vn 0.06944 0.95925 0.27390
vn 0.67850 0.73034 -0.07902
vn -0.02206 0.97891 -0.20312
vn 0.06944 0.95925 0.27390
vn -0.02206 0.97891 -0.20312
vn -0.31666 0.78853 -0.52721
vn -0.28045 0.94674 0.15822
vn -0.03863 0.68115 -0.73112
vn -0.31666 0.78853 -0.52721
vn -0.02206 0.97891 -0.20312
vn 0.67850 0.73034 -0.07902
vn 0.49369 0.78764 -0.36864
vn -0.02206 0.97891 -0.20312
vn 0.33471 0.00224 0.94232
vn -0.18120 0.07381 0.98067
vn 0.40360 -0.19752 0.89336
vn -0.40608 0.35455 0.84225
vn -0.18120 0.07381 0.98067
vn 0.33471 0.00224 0.94232
vn 0.10867 0.47130 0.87525
vn -0.40608 0.35455 0.84225
vn 0.33471 0.00224 0.94232
vn -0.50411 0.69556 0.51192
vn -0.40608 0.35455 0.84225
vn 0.10867 0.47130 0.87525
vn -0.04706 0.88914 0.45520
vn -0.50411 0.69556 0.51192
vn 0.10867 0.47130 0.87525
vn -0.32978 0.94383 0.02054
vn -0.50411 0.69556 0.51192
vn -0.04706 0.88914 0.45520
vn 0.44159 0.88988 -0.11449
vn -0.32978 0.94383 0.02054
vn -0.04706 0.88914 0.45520
vn -0.40608 0.35455 0.84225
vn -0.78316 0.31395 0.53675
vn -0.18120 0.07381 0.98067
vn -0.84427 0.47527 0.24766
vn -0.78316 0.31395 0.53675
vn -0.40608 0.35455 0.84225
vn -0.50411 0.69556 0.51192
vn -0.84427 0.47527 0.24766
vn -0.40608 0.35455 0.84225
vn -0.71460 0.68795 -0.12678
vn -0.84427 0.47527 0.24766
vn -0.50411 0.69556 0.51192
vn -0.32978 0.94383 0.02054
vn -0.71460 0.68795 -0.12678
vn -0.50411 0.69556 0.51192
vn -0.24838 0.84657 -0.47077
vn -0.71460 0.68795 -0.12678
vn -0.32978 0.94383 0.02054
vn 0.44159 0.88988 -0.11449
vn -0.24838 0.84657 -0.47077
vn -0.32978 0.94383 0.02054
vn -0.84427 0.47527 0.24766
vn -0.94596 0.28999 -0.14516
vn -0.78316 0.31395 0.53675
vn -0.82239 0.35306 -0.44612
vn -0.94596 0.28999 -0.14516
vn -0.84427 0.47527 0.24766
vn -0.71460 0.68795 -0.12678
vn -0.82239 0.35306 -0.44612
vn -0.84427 0.47527 0.24766
vn -0.46022 0.48805 -0.74162
vn -0.82239 0.35306 -0.44612
vn -0.71460 0.68795 -0.12678
vn -0.24838 0.84657 -0.47077
vn -0.46022 0.48805 -0.74162
vn -0.71460 0.68795 -0.12678
vn 0.17338 0.62030 -0.76496
vn -0.46022 0.48805 -0.74162
vn -0.24838 0.84657 -0.47077
vn 0.44159 0.88988 -0.11449
vn 0.17338 0.62030 -0.76496
vn -0.24838 0.84657 -0.47077
vn -0.82239 0.35306 -0.44612
vn -0.77191 0.15748 -0.61592
vn -0.94596 0.28999 -0.14516
vn -0.40139 0.15405 -0.90286
vn -0.77191 0.15748 -0.61592
vn -0.82239 0.35306 -0.44612
vn -0.46022 0.48805 -0.74162
vn -0.40139 0.15405 -0.90286
vn -0.82239 0.35306 -0.44612
vn 0.19750 0.14062 -0.97016
vn -0.40139 0.15405 -0.90286
vn -0.46022 0.48805 -0.74162
vn 0.17338 0.62030 -0.76496
vn 0.19750 0.14062 -0.97016
vn -0.46022 0.48805 -0.74162
vn 0.68306 0.37149 -0.62883
vn 0.19750 0.14062 -0.97016
vn 0.17338 0.62030 -0.76496
vn 0.44159 0.88988 -0.11449
vn 0.68306 0.37149 -0.62883
vn 0.17338 0.62030 -0.76496
vn 0.46262 0.66884 0.58193
vn 0.44159 0.88988 -0.11449
vn -0.04706 0.88914 0.45520
vn 0.10867 0.47130 0.87525
vn 0.46262 0.66884 0.58193
vn -0.04706 0.88914 0.45520
vn 0.74707 0.10653 0.65616
vn 0.46262 0.66884 0.58193
vn 0.10867 0.47130 0.87525
vn 0.33471 0.00224 0.94232
vn 0.74707 0.10653 0.65616
vn 0.10867 0.47130 0.87525
vn 0.76418 -0.18912 0.61666
vn 0.74707 0.10653 0.65616
vn 0.33471 0.00224 0.94232
vn 0.40360 -0.19752 0.89336
vn 0.76418 -0.18912 0.61666
vn 0.33471 0.00224 0.94232
vn 0.19750 0.14062 -0.97016
vn 0.27518 -0.11755 -0.95418
vn -0.40139 0.15405 -0.90286
vn 0.76117 -0.01203 -0.64845
vn 0.27518 -0.11755 -0.95418
vn 0.19750 0.14062 -0.97016
vn 0.68306 0.37149 -0.62883
vn 0.76117 -0.01203 -0.64845
vn 0.19750 0.14062 -0.97016
vn 0.94224 0.28387 -0.17776
vn 0.76117 -0.01203 -0.64845
vn 0.68306 0.37149 -0.62883
vn 0.44159 0.88988 -0.11449
vn 0.94224 0.28387 -0.17776
vn 0.68306 0.37149 -0.62883
vn 0.69416 0.70923 0.12301
vn 0.44159 0.88988 -0.11449
vn 0.46262 0.66884 0.58193
vn 0.74707 0.10653 0.65616
vn 0.90003 0.16390 0.40384
vn 0.46262 0.66884 0.58193
vn 0.98973 -0.02474 0.14078
vn 0.90003 0.16390 0.40384
vn 0.74707 0.10653 0.65616
vn 0.76418 -0.18912 0.61666
vn 0.98973 -0.02474 0.14078
vn 0.74707 0.10653 0.65616
vn 0.94224 0.28387 -0.17776
vn 0.98973 -0.02474 0.14078
vn 0.76117 -0.01203 -0.64845
vn 0.90003 0.16390 0.40384
vn 0.98973 -0.02474 0.14078
vn 0.94224 0.28387 -0.17776
vn 0.44159 0.88988 -0.11449
vn 0.69416 0.70923 0.12301
vn 0.94224 0.28387 -0.17776
vn -0.48317 0.51345 0.70916
vn -0.84464 0.35378 0.40177
vn -0.45069 0.31448 0.83545
vn -0.85510 0.51205 0.08132
vn -0.84464 0.35378 0.40177
vn -0.48317 0.51345 0.70916
vn -0.46356 0.83706 0.29058
vn -0.85510 0.51205 0.08132
vn -0.48317 0.51345 0.70916
vn -0.61038 0.72438 -0.32048
vn -0.85510 0.51205 0.08132
vn -0.46356 0.83706 0.29058
vn -0.18433 0.96549 -0.18398
vn -0.61038 0.72438 -0.32048
vn -0.46356 0.83706 0.29058
vn -0.06863 0.80960 -0.58296
vn -0.61038 0.72438 -0.32048
vn -0.18433 0.96549 -0.18398
vn 0.46403 0.85844 -0.21853
vn -0.06863 0.80960 -0.58296
vn -0.18433 0.96549 -0.18398
vn -0.85510 0.51205 0.08132
vn -0.94433 0.19598 -0.26426
vn -0.84464 0.35378 0.40177
vn -0.77182 0.25571 -0.58216
vn -0.94433 0.19598 -0.26426
vn -0.85510 0.51205 0.08132
vn -0.61038 0.72438 -0.32048
vn -0.77182 0.25571 -0.58216
vn -0.85510 0.51205 0.08132
vn -0.30022 0.42438 -0.85426
vn -0.77182 0.25571 -0.58216
vn -0.61038 0.72438 -0.32048
vn -0.06863 0.80960 -0.58296
vn -0.30022 0.42438 -0.85426
vn -0.61038 0.72438 -0.32048
vn 0.32167 0.56557 -0.75938
vn -0.30022 0.42438 -0.85426
vn -0.06863 0.80960 -0.58296
vn 0.46403 0.85844 -0.21853
vn 0.32167 0.56557 -0.75938
vn -0.06863 0.80960 -0.58296
vn -0.77182 0.25571 -0.58216
vn -0.60233 -0.15425 -0.78320
vn -0.94433 0.19598 -0.26426
vn -0.23500 -0.13438 -0.96266
vn -0.60233 -0.15425 -0.78320
vn -0.77182 0.25571 -0.58216
vn -0.30022 0.42438 -0.85426
vn -0.23500 -0.13438 -0.96266
vn -0.77182 0.25571 -0.58216
vn 0.34653 0.06787 -0.93558
vn -0.23500 -0.13438 -0.96266
vn -0.30022 0.42438 -0.85426
vn 0.32167 0.56557 -0.75938
vn 0.34653 0.06787 -0.93558
vn -0.30022 0.42438 -0.85426
vn 0.73425 0.37717 -0.56446
vn 0.34653 0.06787 -0.93558
vn 0.32167 0.56557 -0.75938
vn 0.46403 0.85844 -0.21853
vn 0.73425 0.37717 -0.56446
vn 0.32167 0.56557 -0.75938
vn -0.23500 -0.13438 -0.96266
vn -0.11956 -0.38819 -0.91379
vn -0.60233 -0.15425 -0.78320
vn 0.11410 -0.30459 -0.94563
vn -0.11956 -0.38819 -0.91379
vn -0.23500 -0.13438 -0.96266
vn 0.34653 0.06787 -0.93558
vn 0.11410 -0.30459 -0.94563
vn -0.23500 -0.13438 -0.96266
vn 0.87043 -0.08999 -0.48400
vn 0.72625 -0.38475 -0.56968
vn 0.34653 0.06787 -0.93558
vn 0.73425 0.37717 -0.56446
vn 0.87043 -0.08999 -0.48400
vn 0.34653 0.06787 -0.93558
vn 0.91133 0.38016 -0.15799
vn 0.87043 -0.08999 -0.48400
vn 0.73425 0.37717 -0.56446
vn 0.46403 0.85844 -0.21853
vn 0.91133 0.38016 -0.15799
vn 0.73425 0.37717 -0.56446
vn 0.91133 0.38016 -0.15799
vn 0.46403 0.85844 -0.21853
vn 0.79444 0.56620 0.21973
vn 0.99023 0.01430 0.13872
vn 0.91133 0.38016 -0.15799
vn 0.79444 0.56620 0.21973
vn 0.87043 -0.08999 -0.48400
vn 0.91133 0.38016 -0.15799
vn 0.99023 0.01430 0.13872
vn 0.90181 -0.37487 -0.21498
vn 0.87043 -0.08999 -0.48400
vn 0.99023 0.01430 0.13872
vn 0.72625 -0.38475 -0.56968
vn 0.87043 -0.08999 -0.48400
vn 0.90181 -0.37487 -0.21498
vn 0.70382 -0.57727 -0.41400
vn 0.72625 -0.38475 -0.56968
vn 0.90181 -0.37487 -0.21498
vn 0.01695 0.97903 0.20301
vn 0.46403 0.85844 -0.21853
vn -0.18433 0.96549 -0.18398
vn -0.46356 0.83706 0.29058
vn 0.01695 0.97903 0.20301
vn -0.18433 0.96549 -0.18398
vn 0.07080 0.70472 0.70594
vn 0.01695 0.97903 0.20301
vn -0.46356 0.83706 0.29058
vn -0.48317 0.51345 0.70916
vn 0.07080 0.70472 0.70594
vn -0.46356 0.83706 0.29058
vn 0.04292 0.41137 0.91046
vn 0.07080 0.70472 0.70594
vn -0.48317 0.51345 0.70916
vn -0.45069 0.31448 0.83545
vn 0.04292 0.41137 0.91046
vn -0.48317 0.51345 0.70916
vn 0.99023 0.01430 0.13872
vn 0.85170 -0.08144 0.51766
vn 0.90181 -0.37487 -0.21498
vn 0.69634 0.33886 0.63268
vn 0.85170 -0.08144 0.51766
vn 0.99023 0.01430 0.13872
vn 0.79444 0.56620 0.21973
vn 0.69634 0.33886 0.63268
vn 0.99023 0.01430 0.13872
vn 0.42858 0.82209 0.37482
vn 0.69634 0.33886 0.63268
vn 0.79444 0.56620 0.21973
vn 0.46403 0.85844 -0.21853
vn 0.42858 0.82209 0.37482
vn 0.79444 0.56620 0.21973
vn 0.69634 0.33886 0.63268
vn 0.61444 0.03810 0.78804
vn 0.85170 -0.08144 0.51766
vn 0.07080 0.70472 0.70594
vn 0.04292 0.41137 0.91046
vn 0.69634 0.33886 0.63268
vn 0.42858 0.82209 0.37482
vn 0.07080 0.70472 0.70594
vn 0.69634 0.33886 0.63268
vn 0.01695 0.97903 0.20301
vn 0.07080 0.70472 0.70594
vn 0.42858 0.82209 0.37482
vn 0.46403 0.85844 -0.21853
vn 0.01695 0.97903 0.20301
vn 0.42858 0.82209 0.37482
vn 0.13542 0.95111 0.27758
vn 0.75992 0.64942 0.02786
vn 0.09846 0.98155 -0.16390
vn -0.28076 0.92197 0.26673
vn 0.13542 0.95111 0.27758
vn 0.09846 0.98155 -0.16390
vn -0.21102 0.80617 0.55277
vn 0.13542 0.95111 0.27758
vn -0.28076 0.92197 0.26673
vn -0.49980 0.65020 0.57222
vn -0.21102 0.80617 0.55277
vn -0.28076 0.92197 0.26673
vn 0.57710 0.77571 -0.25538
vn 0.75992 0.64942 0.02786
vn 0.65832 0.68947 -0.30207
vn 0.11952 0.38818 -0.91380
vn 0.10199 0.65971 -0.74457
vn 0.56108 0.24175 -0.79167
vn -0.09353 0.68934 -0.71837
vn 0.10199 0.65971 -0.74457
vn 0.11952 0.38818 -0.91380
vn -0.17523 0.40062 -0.89933
vn -0.09353 0.68934 -0.71837
vn 0.11952 0.38818 -0.91380
vn 0.11952 0.38818 -0.91380
vn 0.08660 0.19689 -0.97659
vn -0.17523 0.40062 -0.89933
vn 0.64413 0.08061 -0.76065
vn 0.08660 0.19689 -0.97659
vn 0.11952 0.38818 -0.91380
vn 0.56108 0.24175 -0.79167
vn 0.64413 0.08061 -0.76065
vn 0.11952 0.38818 -0.91380
vn 0.96146 0.08986 -0.25983
vn 0.64413 0.08061 -0.76065
vn 0.56108 0.24175 -0.79167
vn 0.75992 0.64942 0.02786
vn 0.96146 0.08986 -0.25983
vn 0.92228 0.35716 -0.14778
vn 0.47511 0.34306 0.81030
vn 0.36926 0.37293 0.85122
vn 0.59402 0.23134 0.77047
vn 0.13542 0.95111 0.27758
vn -0.21102 0.80617 0.55277
vn 0.26782 0.87583 0.40149
vn 0.75992 0.64942 0.02786
vn 0.13542 0.95111 0.27758
vn 0.26782 0.87583 0.40149
vn 0.09846 0.98155 -0.16390
vn -0.25277 0.96366 -0.08637
vn -0.28076 0.92197 0.26673
vn 0.10199 0.65971 -0.74457
vn -0.09353 0.68934 -0.71837
vn 0.09846 0.98155 -0.16390
vn 0.75992 0.64942 0.02786
vn 0.57710 0.77571 -0.25538
vn 0.09846 0.98155 -0.16390
vn 0.96146 0.08986 -0.25983
vn 0.97350 -0.17251 -0.15010
vn 0.64413 0.08061 -0.76065
vn 0.98212 0.06569 0.17642
vn 0.97350 -0.17251 -0.15010
vn 0.96146 0.08986 -0.25983
vn 0.75992 0.64942 0.02786
vn 0.98212 0.06569 0.17642
vn 0.96146 0.08986 -0.25983
vn 0.98212 0.06569 0.17642
vn 0.90312 -0.08562 0.42077
vn 0.97350 -0.17251 -0.15010
vn 0.81408 0.23793 0.52978
vn 0.90312 -0.08562 0.42077
vn 0.98212 0.06569 0.17642
vn 0.75992 0.64942 0.02786
vn 0.81408 0.23793 0.52978
vn 0.98212 0.06569 0.17642
vn 0.81408 0.23793 0.52978
vn 0.59402 0.23134 0.77047
vn 0.90312 -0.08562 0.42077
vn 0.47511 0.34306 0.81030
vn 0.59402 0.23134 0.77047
vn 0.81408 0.23793 0.52978
vn 0.75992 0.64942 0.02786
vn 0.81121 0.46016 0.36081
vn 0.81408 0.23793 0.52978
vn 0.97472 0.22298 0.01426
vn 0.93073 0.36547 0.01311
vn 0.93079 0.36531 0.01336
vn 0.93068 0.36562 0.01275
vn 0.93068 0.36562 0.01275
vn 0.97472 0.22298 0.01426
vn 0.93065 0.36562 0.01447
vn 0.93065 0.36562 0.01447
vn 0.97472 0.22298 0.01426
vn 0.96876 0.24760 0.01425
vn 0.98245 0.18599 0.01437
vn 0.99989 0.00000 0.01462
vn 0.93072 0.36549 0.01361
vn 0.98245 0.18599 0.01437
vn 0.96876 0.24760 0.01425
vn 0.93072 0.36549 0.01360
vn 0.93072 0.36549 0.01361
vn 0.96876 0.24760 0.01425
vn 0.97472 0.22298 0.01426
vn 0.99989 0.00000 0.01462
vn 0.99989 0.00000 0.01462
vn 0.99989 0.00000 0.01462
vn 0.99989 0.00000 0.01462
vn 0.97472 0.22298 0.01426
vn 0.96876 0.24760 0.01425
vn 0.99989 0.00000 0.01462
vn 0.97472 0.22298 0.01426
vn 0.99989 0.00000 0.01462
vn 0.99989 0.00000 0.01462
vn 0.96876 0.24760 0.01425
vn 0.97472 0.22298 0.01426
vn 0.93072 0.36547 0.01412
vn 0.93072 0.36547 0.01412
vn 0.95512 0.29591 0.01387
vn 0.93064 0.36569 0.01347
vn 0.97472 0.22298 0.01426
vn 0.99989 0.00000 0.01462
vn 0.95512 0.29591 0.01387
vn 0.97472 0.22298 0.01426
vn 0.01143 -0.62339 -0.78183
vn 0.01412 -0.25985 -0.96554
vn 0.01412 -0.25985 -0.96554
vn 0.01143 -0.62339 -0.78183
vn 0.01412 -0.25985 -0.96554
vn 0.01143 -0.62339 -0.78183
vn 0.00791 -0.84096 -0.54104
vn 0.01143 -0.62339 -0.78183
vn 0.01143 -0.62339 -0.78183
vn 0.00791 -0.84096 -0.54104
vn 0.01143 -0.62339 -0.78183
vn 0.00791 -0.84096 -0.54104
vn 0.00383 -0.96512 -0.26178
vn 0.00791 -0.84096 -0.54104
vn 0.00791 -0.84096 -0.54104
vn 0.00383 -0.96512 -0.26178
vn 0.00791 -0.84096 -0.54104
vn 0.00383 -0.96512 -0.26178
vn 0.00000 -1.00000 0.00000
vn 0.00383 -0.96512 -0.26178
vn 0.00383 -0.96512 -0.26178
vn -0.00000 -1.00000 -0.00000
vn 0.00383 -0.96512 -0.26178
vn 0.00000 -1.00000 0.00000
vn -0.00383 -0.96512 0.26178
vn -0.00000 -1.00000 -0.00000
vn 0.00000 -1.00000 0.00000
vn -0.00383 -0.96512 0.26178
vn -0.00000 -1.00000 -0.00000
vn -0.00383 -0.96512 0.26178
vn -0.00791 -0.84096 0.54104
vn -0.00383 -0.96512 0.26178
vn -0.00383 -0.96512 0.26178
vn -0.00791 -0.84096 0.54104
vn -0.00383 -0.96512 0.26178
vn -0.00791 -0.84096 0.54104
vn -0.01143 -0.62339 0.78183
vn -0.00791 -0.84096 0.54104
vn -0.00791 -0.84096 0.54104
vn -0.01143 -0.62339 0.78183
vn -0.00791 -0.84096 0.54104
vn -0.01143 -0.62339 0.78183
vn -0.01412 -0.25985 0.96554
vn -0.01143 -0.62339 0.78183
vn -0.01143 -0.62339 0.78183
vn -0.01412 -0.25985 0.96554
vn -0.01143 -0.62339 0.78183
vn -0.01412 -0.25985 0.96554
vn -0.01143 -0.62339 0.78183
vn -0.01412 -0.25985 0.96554
vn -0.01412 -0.25985 0.96554
vn -0.01143 -0.62339 0.78183
vn -0.01412 -0.25985 0.96554
vn -0.01143 -0.62339 0.78183
vn -0.00791 -0.84096 0.54104
vn -0.01143 -0.62339 0.78183
vn -0.01143 -0.62339 0.78183
vn -0.00791 -0.84096 0.54104
vn -0.01143 -0.62339 0.78183
vn -0.00791 -0.84096 0.54104
vn -0.00383 -0.96512 0.26178
vn -0.00791 -0.84096 0.54104
vn -0.00791 -0.84096 0.54104
vn -0.00383 -0.96512 0.26178
vn -0.00791 -0.84096 0.54104
vn -0.00383 -0.96512 0.26178
vn 0.00000 -1.00000 -0.00000
vn -0.00383 -0.96512 0.26178
vn -0.00383 -0.96512 0.26178
vn -0.00000 -1.00000 -0.00000
vn -0.00383 -0.96512 0.26178
vn 0.00000 -1.00000 -0.00000
vn 0.00383 -0.96512 -0.26178
vn -0.00000 -1.00000 -0.00000
vn 0.00000 -1.00000 -0.00000
vn 0.00383 -0.96512 -0.26178
vn -0.00000 -1.00000 -0.00000
vn 0.00383 -0.96512 -0.26178
vn 0.00791 -0.84096 -0.54104
vn 0.00383 -0.96512 -0.26178
vn 0.00383 -0.96512 -0.26178
vn 0.00791 -0.84096 -0.54104
vn 0.00383 -0.96512 -0.26178
vn 0.00791 -0.84096 -0.54104
vn 0.01143 -0.62339 -0.78183
vn 0.00791 -0.84096 -0.54104
vn 0.00791 -0.84096 -0.54104
vn 0.01143 -0.62339 -0.78183
vn 0.00791 -0.84096 -0.54104
vn 0.01143 -0.62339 -0.78183
vn 0.01412 -0.25985 -0.96554
vn 0.01143 -0.62339 -0.78183
vn 0.01143 -0.62339 -0.78183
vn 0.01412 -0.25985 -0.96554
vn 0.01143 -0.62339 -0.78183
vn 0.01412 -0.25985 -0.96554
vn 0.29363 0.95517 -0.03773
vn 0.29363 0.95517 -0.03773
vn 0.29364 0.95517 -0.03772
vn 0.29363 0.95517 -0.03774
vn 0.29363 0.95517 -0.03773
vn 0.29363 0.95517 -0.03773
vn 0.30332 0.64569 -0.70077
vn 0.30332 0.64569 -0.70077
vn 0.30332 0.64569 -0.70077
vn 0.30333 0.64569 -0.70077
vn 0.30332 0.64569 -0.70077
vn 0.30332 0.64569 -0.70077
vn 0.30698 -0.04203 -0.95079
vn 0.30698 -0.04203 -0.95079
vn 0.30698 -0.04204 -0.95079
vn 0.30698 -0.04203 -0.95079
vn 0.30698 -0.04203 -0.95079
vn 0.30698 -0.04203 -0.95079
vn 0.30244 -0.70511 -0.64136
vn 0.30244 -0.70511 -0.64136
vn 0.30245 -0.70510 -0.64137
vn 0.30243 -0.70513 -0.64135
vn 0.30244 -0.70511 -0.64136
vn 0.30244 -0.70511 -0.64136
vn 0.29238 -0.95518 0.04631
vn 0.29238 -0.95518 0.04631
vn 0.29238 -0.95518 0.04631
vn 0.29238 -0.95518 0.04631
vn 0.29238 -0.95518 0.04631
vn 0.29238 -0.95518 0.04631
vn 0.28270 -0.64570 0.70933
vn 0.28270 -0.64570 0.70933
vn 0.28268 -0.64569 0.70935
vn 0.28271 -0.64571 0.70932
vn 0.28270 -0.64570 0.70933
vn 0.28270 -0.64570 0.70933
vn 0.27906 0.04202 0.95936
vn 0.27906 0.04202 0.95936
vn 0.27908 0.04199 0.95935
vn 0.27903 0.04205 0.95936
vn 0.27906 0.04202 0.95936
vn 0.27906 0.04202 0.95936
vn 0.28357 0.70513 0.64990
vn 0.28357 0.70513 0.64990
vn 0.28355 0.70515 0.64989
vn 0.28358 0.70512 0.64992
vn 0.28357 0.70513 0.64990
vn 0.28357 0.70513 0.64990
vn 0.27157 0.67063 0.69029
vn 0.27157 0.67063 0.69029
vn 0.27157 0.67063 0.69029
vn 0.27156 0.67064 0.69029
vn 0.27157 0.67063 0.69029
vn 0.27157 0.67063 0.69029
vn 0.28143 0.95946 0.01517
vn 0.28143 0.95946 0.01517
vn 0.28143 0.95946 0.01516
vn 0.28144 0.95946 0.01517
vn 0.28143 0.95946 0.01517
vn 0.28143 0.95946 0.01517
vn 0.29141 0.68624 -0.66645
vn 0.29141 0.68624 -0.66645
vn 0.29141 0.68624 -0.66645
vn 0.29141 0.68624 -0.66645
vn 0.29141 0.68624 -0.66645
vn 0.29141 0.68624 -0.66645
vn 0.29563 0.01103 -0.95524
vn 0.29563 0.01103 -0.95524
vn 0.29562 0.01102 -0.95524
vn 0.29563 0.01103 -0.95524
vn 0.29563 0.01103 -0.95524
vn 0.29563 0.01103 -0.95524
vn 0.29163 -0.67064 -0.68205
vn 0.29163 -0.67064 -0.68205
vn 0.29164 -0.67063 -0.68206
vn 0.29163 -0.67064 -0.68205
vn 0.29163 -0.67064 -0.68205
vn 0.29163 -0.67064 -0.68205
vn 0.28174 -0.95946 -0.00692
vn 0.28174 -0.95946 -0.00692
vn 0.28174 -0.95946 -0.00692
vn 0.28174 -0.95947 -0.00692
vn 0.28174 -0.95946 -0.00692
vn 0.28174 -0.95946 -0.00692
vn 0.27178 -0.68626 0.67468
vn 0.27178 -0.68626 0.67468
vn 0.27179 -0.68626 0.67467
vn 0.27177 -0.68625 0.67468
vn 0.27178 -0.68626 0.67468
vn 0.27178 -0.68626 0.67468
vn 0.26756 -0.01103 0.96348
vn 0.26756 -0.01103 0.96348
vn 0.26756 -0.01102 0.96348
vn 0.26757 -0.01104 0.96348
vn 0.26756 -0.01103 0.96348
vn 0.26756 -0.01103 0.96348
vn 0.00000 -1.00000 0.00000
vn 0.00000 -1.00000 0.00000
vn 0.00000 -1.00000 0.00000
vn 0.99989 0.00000 0.01462
vn 0.99989 0.00000 0.01462
vn 0.99989 0.00000 0.01462
vn 0.99989 0.00000 0.01462
vn 0.99989 0.00000 0.01462
vn 0.99989 0.00000 0.01462
vn 0.00000 1.00000 0.00000
vn 0.00000 1.00000 0.00000
vn 0.00000 1.00000 0.00000
vn 0.00000 1.00000 0.00000
vn 0.00000 1.00000 0.00000
vn 0.00000 1.00000 0.00000
vn 0.00000 -1.00000 0.00000
vn 0.00000 -1.00000 0.00000
vn 0.00000 -1.00000 0.00000
vn 0.29363 0.95517 -0.03773
vn 0.29363 0.95517 -0.03773
vn 0.29364 0.95517 -0.03772
vn 0.29363 0.95517 -0.03774
vn 0.29363 0.95517 -0.03773
vn 0.29363 0.95517 -0.03773
vn 0.30332 0.64569 -0.70077
vn 0.30332 0.64569 -0.70077
vn 0.30332 0.64569 -0.70077
vn 0.30333 0.64569 -0.70077
vn 0.30332 0.64569 -0.70077
vn 0.30332 0.64569 -0.70077
vn 0.30698 -0.04203 -0.95079
vn 0.30698 -0.04203 -0.95079
vn 0.30698 -0.04204 -0.95079
vn 0.30698 -0.04203 -0.95079
vn 0.30698 -0.04203 -0.95079
vn 0.30698 -0.04203 -0.95079
vn 0.30244 -0.70511 -0.64136
vn 0.30244 -0.70511 -0.64136
vn 0.30245 -0.70510 -0.64137
vn 0.30243 -0.70512 -0.64136
vn 0.30244 -0.70511 -0.64136
vn 0.30244 -0.70511 -0.64136
vn 0.29238 -0.95518 0.04631
vn 0.29238 -0.95518 0.04631
vn 0.29238 -0.95518 0.04631
vn 0.29238 -0.95518 0.04631
vn 0.29238 -0.95518 0.04631
vn 0.29238 -0.95518 0.04631
vn 0.28270 -0.64570 0.70933
vn 0.28270 -0.64570 0.70933
vn 0.28268 -0.64569 0.70935
vn 0.28271 -0.64571 0.70932
vn 0.28270 -0.64570 0.70933
vn 0.28270 -0.64570 0.70933
vn 0.27906 0.04202 0.95936
vn 0.27906 0.04202 0.95936
vn 0.27908 0.04199 0.95935
vn 0.27903 0.04205 0.95936
vn 0.27906 0.04202 0.95936
vn 0.27906 0.04202 0.95936
vn 0.28357 0.70513 0.64990
vn 0.28357 0.70513 0.64990
vn 0.28355 0.70515 0.64989
vn 0.28358 0.70512 0.64991
vn 0.28357 0.70513 0.64990
vn 0.28357 0.70513 0.64990
vn 0.27157 0.67063 0.69029
vn 0.27157 0.67063 0.69029
vn 0.27157 0.67063 0.69029
vn 0.27156 0.67064 0.69029
vn 0.27157 0.67063 0.69029
vn 0.27157 0.67063 0.69029
vn 0.28143 0.95946 0.01517
vn 0.28143 0.95946 0.01517
vn 0.28143 0.95946 0.01516
vn 0.28144 0.95946 0.01517
vn 0.28143 0.95946 0.01517
vn 0.28143 0.95946 0.01517
vn 0.29141 0.68624 -0.66645
vn 0.29141 0.68624 -0.66645
vn 0.29141 0.68624 -0.66644
vn 0.29141 0.68624 -0.66645
vn 0.29141 0.68624 -0.66645
vn 0.29141 0.68624 -0.66645
vn 0.29562 0.01103 -0.95524
vn 0.29562 0.01103 -0.95524
vn 0.29562 0.01102 -0.95524
vn 0.29563 0.01103 -0.95524
vn 0.29562 0.01103 -0.95524
vn 0.29562 0.01103 -0.95524
vn 0.29164 -0.67064 -0.68205
vn 0.29164 -0.67064 -0.68205
vn 0.29164 -0.67063 -0.68206
vn 0.29163 -0.67064 -0.68205
vn 0.29164 -0.67064 -0.68205
vn 0.29164 -0.67064 -0.68205
vn 0.28174 -0.95946 -0.00692
vn 0.28174 -0.95946 -0.00692
vn 0.28174 -0.95946 -0.00692
vn 0.28174 -0.95947 -0.00692
vn 0.28174 -0.95946 -0.00692
vn 0.28174 -0.95946 -0.00692
vn 0.27178 -0.68626 0.67468
vn 0.27178 -0.68626 0.67468
vn 0.27179 -0.68626 0.67467
vn 0.27177 -0.68625 0.67468
vn 0.27178 -0.68626 0.67468
vn 0.27178 -0.68626 0.67468
vn 0.26756 -0.01103 0.96348
vn 0.26756 -0.01103 0.96348
vn 0.26756 -0.01102 0.96348
vn 0.26757 -0.01104 0.96347
vn 0.26756 -0.01103 0.96348
vn 0.26756 -0.01103 0.96348
vn 0.00000 -1.00000 0.00000
vn 0.00000 -1.00000 0.00000
vn 0.00000 -1.00000 0.00000
vn 0.99989 0.00000 0.01462
vn 0.99989 0.00000 0.01462
vn 0.99989 0.00000 0.01462
vn 0.99989 0.00000 0.01462
vn 0.99989 0.00000 0.01462
vn 0.99989 0.00000 0.01462
vn 0.00000 1.00000 0.00000
vn 0.00000 1.00000 0.00000
vn 0.00000 1.00000 0.00000
vn 0.00000 1.00000 0.00000
vn 0.00000 1.00000 0.00000
vn 0.00000 1.00000 0.00000
vn 0.00000 -1.00000 0.00000
vn 0.00000 -1.00000 0.00000
vn 0.00000 -1.00000 0.00000
vn 0.96876 0.24760 0.01425
vn 0.97472 0.22298 0.01426
vn 0.93079 0.36531 0.01336
vn 0.99989 -0.00000 0.01462
vn 0.89779 -0.00491 0.44040
vn 0.91099 -0.15736 0.38123
vn 0.89957 0.29862 0.31876
vn 0.89957 0.29862 0.31876
vn 0.99989 -0.00000 0.01462
vn 0.90396 0.42723 0.01814
vn 0.90396 0.42723 0.01814
vn 0.99989 -0.00000 0.01462
vn 0.99989 -0.00000 0.01462
vn 0.90840 0.30557 -0.28537
vn 0.90840 0.30557 -0.28537
vn 0.91028 0.00491 -0.41396
vn 0.91028 0.00491 -0.41396
vn 0.99989 -0.00000 0.01462
vn 0.90850 -0.29862 -0.29232
vn 0.90850 -0.29862 -0.29232
vn 0.99989 -0.00000 0.01462
vn 0.99989 -0.00000 0.01462
vn 0.90411 -0.42723 0.00831
vn 0.90411 -0.42723 0.00831
vn 0.91099 -0.15736 0.38123
vn 0.89967 -0.30558 0.31180
vn 0.99989 -0.00000 0.01462
vn 0.99989 0.00000 0.01462
vn 0.91242 0.29508 0.28357
vn 0.92235 0.15819 0.35248
vn 0.91663 0.39972 -0.00418
vn 0.91663 0.39972 -0.00418
vn 0.99989 0.00000 0.01462
vn 0.92069 0.27020 -0.28164
vn 0.92069 0.27020 -0.28164
vn 0.99989 0.00000 0.01462
vn 0.99989 0.00000 0.01462
vn 0.92222 -0.01759 -0.38627
vn 0.92222 -0.01759 -0.38627
vn 0.92033 -0.29506 -0.25678
vn 0.92033 -0.29506 -0.25678
vn 0.99989 0.00000 0.01462
vn 0.91612 -0.39971 0.03099
vn 0.91612 -0.39971 0.03099
vn 0.99989 0.00000 0.01462
vn 0.99989 0.00000 0.01462
vn 0.91206 -0.27020 0.30845
vn 0.91206 -0.27020 0.30845
vn 0.92235 0.15819 0.35248
vn 0.91053 0.01757 0.41308
vn 0.99989 0.00000 0.01462
vn 0.99989 -0.00000 0.01462
vn 0.89779 -0.00491 0.44040
vn 0.91099 -0.15736 0.38123
vn 0.89957 0.29862 0.31876
vn 0.89957 0.29862 0.31876
vn 0.99989 -0.00000 0.01462
vn 0.90396 0.42723 0.01814
vn 0.90396 0.42723 0.01814
vn 0.99989 -0.00000 0.01462
vn 0.99989 -0.00000 0.01462
vn 0.90840 0.30557 -0.28537
vn 0.90840 0.30557 -0.28537
vn 0.91028 0.00491 -0.41396
vn 0.91028 0.00491 -0.41396
vn 0.99989 -0.00000 0.01462
vn 0.90850 -0.29862 -0.29232
vn 0.90850 -0.29862 -0.29232
vn 0.99989 -0.00000 0.01462
vn 0.99989 -0.00000 0.01462
vn 0.90411 -0.42723 0.00831
vn 0.90411 -0.42723 0.00831
vn 0.91099 -0.15736 0.38123
vn 0.89967 -0.30558 0.31180
vn 0.99989 -0.00000 0.01462
vn 0.99989 0.00000 0.01462
vn 0.91242 0.29508 0.28357
vn 0.92235 0.15819 0.35248
vn 0.91663 0.39972 -0.00418
vn 0.91663 0.39972 -0.00418
vn 0.99989 0.00000 0.01462
vn 0.92069 0.27020 -0.28164
vn 0.92069 0.27020 -0.28164
vn 0.99989 0.00000 0.01462
vn 0.99989 0.00000 0.01462
vn 0.92222 -0.01759 -0.38627
vn 0.92222 -0.01759 -0.38627
vn 0.92033 -0.29506 -0.25678
vn 0.92033 -0.29506 -0.25678
vn 0.99989 0.00000 0.01462
vn 0.91612 -0.39971 0.03099
vn 0.91612 -0.39971 0.03099
vn 0.99989 0.00000 0.01462
vn 0.99989 0.00000 0.01462
vn 0.91206 -0.27020 0.30845
vn 0.91206 -0.27020 0.30845
vn 0.92235 0.15819 0.35248
vn 0.91053 0.01757 0.41308
vn 0.99989 0.00000 0.01462
f 1/1/1 2/2/2 3/3/3
f 4/4/4 5/5/5 6/6/6
f 7/7/7 8/8/8 9/9/9
f 10/10/10 11/11/11 12/12/12
f 13/13/13 14/14/14 15/15/15
f 16/16/16 17/17/17 18/18/18
f 19/19/19 20/20/20 21/21/21
f 22/22/22 23/23/23 24/24/24
f 25/25/25 26/26/26 27/27/27
f 28/28/28 29/29/29 30/30/30
f 31/31/31 32/32/32 33/33/33
f 34/34/34 35/35/35 36/36/36
f 37/37/37 38/38/38 39/39/39
f 40/40/40 41/41/41 42/42/42
f 43/43/43 44/44/44 45/45/45
f 46/46/46 47/47/47 48/48/48
f 49/49/49 50/50/50 51/51/51
f 52/52/52 53/53/53 54/54/54
f 55/55/55 56/56/56 57/57/57
f 58/58/58 59/59/59 60/60/60
f 61/61/61 62/62/62 63/63/63
f 64/64/64 65/65/65 66/66/66
f 67/67/67 68/68/68 69/69/69
f 70/70/70 71/71/71 72/72/72
f 73/73/73 74/74/74 75/75/75
f 76/76/76 77/77/77 78/78/78
f 79/79/79 80/80/80 81/81/81
f 82/82/82 83/83/83 84/84/84
f 85/85/85 86/86/86 87/87/87
f 88/88/88 89/89/89 90/90/90
f 91/91/91 92/92/92 93/93/93
f 94/94/94 95/95/95 96/96/96
f 97/97/97 98/98/98 99/99/99
f 100/100/100 101/101/101 102/102/102
f 103/103/103 104/104/104 105/105/105
f 106/106/106 107/107/107 108/108/108
f 109/109/109 110/110/110 111/111/111
f 112/112/112 113/113/113 114/114/114
f 115/115/115 116/116/116 117/117/117
f 118/118/118 119/119/119 120/120/120
f 121/121/121 122/122/122 123/123/123
f 124/124/124 125/125/125 126/126/126
f 127/127/127 128/128/128 129/129/129
f 130/130/130 131/131/131 132/132/132
f 133/133/133 134/134/134 135/135/135
f 136/136/136 137/137/137 138/138/138
f 139/139/139 140/140/140 141/141/141
f 142/142/142 143/143/143 144/144/144
f 145/145/145 146/146/146 147/147/147
f 148/148/148 149/149/149 150/150/150
f 151/151/151 152/152/152 153/153/153
f 154/154/154 155/155/155 156/156/156
f 157/157/157 158/158/158 159/159/159
f 160/160/160 161/161/161 162/162/162
f 163/163/163 164/164/164 165/165/165
f 166/166/166 167/167/167 168/168/168
f 169/169/169 170/170/170 171/171/171
f 172/172/172 173/173/173 174/174/174
f 175/175/175 176/176/176 177/177/177
f 178/178/178 179/179/179 180/180/180
f 181/181/181 182/182/182 183/183/183
f 184/184/184 185/185/185 186/186/186
f 187/187/187 188/188/188 189/189/189
f 190/190/190 191/191/191 192/192/192
f 193/193/193 194/194/194 195/195/195
f 196/196/196 197/197/197 198/198/198
f 199/199/199 200/200/200 201/201/201
f 202/202/202 203/203/203 204/204/204
f 205/205/205 206/206/206 207/207/207
f 208/208/208 209/209/209 210/210/210
f 211/211/211 212/212/212 213/213/213
f 214/214/214 215/215/215 216/216/216
f 217/217/217 218/218/218 219/219/219
f 220/220/220 221/221/221 222/222/222
f 223/223/223 224/224/224 225/225/225
f 226/226/226 227/227/227 228/228/228
f 229/229/229 230/230/230 231/231/231
f 232/232/232 233/233/233 234/234/234
f 235/235/235 236/236/236 237/237/237
f 238/238/238 239/239/239 240/240/240
f 241/241/241 242/242/242 243/243/243
f 244/244/244 245/245/245 246/246/246
f 247/247/247 248/248/248 249/249/249
f 250/250/250 251/251/251 252/252/252
f 253/253/253 254/254/254 255/255/255
f 256/256/256 257/257/257 258/258/258
f 259/259/259 260/260/260 261/261/261
f 262/262/262 263/263/263 264/264/264
f 265/265/265 266/266/266 267/267/267
f 268/268/268 269/269/269 270/270/270
f 271/271/271 272/272/272 273/273/273
f 274/274/274 275/275/275 276/276/276
f 277/277/277 278/278/278 279/279/279
f 280/280/280 281/281/281 282/282/282
f 283/283/283 284/284/284 285/285/285
f 286/286/286 287/287/287 288/288/288
f 289/289/289 290/290/290 291/291/291
f 292/292/292 293/293/293 294/294/294
f 295/295/295 296/296/296 297/297/297
f 298/298/298 299/299/299 300/300/300
f 301/301/301 302/302/302 303/303/303
f 304/304/304 305/305/305 306/306/306
f 307/307/307 308/308/308 309/309/309
f 310/310/310 311/311/311 312/312/312
f 313/313/313 314/314/314 315/315/315
f 316/316/316 317/317/317 318/318/318
f 319/319/319 320/320/320 321/321/321
f 322/322/322 323/323/323 324/324/324
f 325/325/325 326/326/326 327/327/327
f 328/328/328 329/329/329 330/330/330
f 331/331/331 332/332/332 333/333/333
f 334/334/334 335/335/335 336/336/336
f 337/337/337 338/338/338 339/339/339
f 340/340/340 341/341/341 342/342/342
f 343/343/343 344/344/344 345/345/345
f 346/346/346 347/347/347 348/348/348
f 349/349/349 350/350/350 351/351/351
f 352/352/352 353/353/353 354/354/354
f 355/355/355 356/356/356 357/357/357
f 358/358/358 359/359/359 360/360/360
f 361/361/361 362/362/362 363/363/363
f 364/364/364 365/365/365 366/366/366
f 367/367/367 368/368/368 369/369/369
f 370/370/370 371/371/371 372/372/372
f 373/373/373 374/374/374 375/375/375
f 376/376/376 377/377/377 378/378/378
f 379/379/379 380/380/380 381/381/381
f 382/382/382 383/383/383 384/384/384
f 385/385/385 386/386/386 387/387/387
f 388/388/388 389/389/389 390/390/390
f 391/391/391 392/392/392 393/393/393
f 394/394/394 395/395/395 396/396/396
f 397/397/397 398/398/398 399/399/399
f 400/400/400 401/401/401 402/402/402
f 403/403/403 404/404/404 405/405/405
f 406/406/406 407/407/407 408/408/408
f 409/409/409 410/410/410 411/411/411
f 412/412/412 413/413/413 414/414/414
f 415/415/415 416/416/416 417/417/417
f 418/418/418 419/419/419 420/420/420
f 421/421/421 422/422/422 423/423/423
f 424/424/424 425/425/425 426/426/426
f 427/427/427 428/428/428 429/429/429
f 430/430/430 431/431/431 432/432/432
f 433/433/433 434/434/434 435/435/435
f 436/436/436 437/437/437 438/438/438
f 439/439/439 440/440/440 441/441/441
f 442/442/442 443/443/443 444/444/444
f 445/445/445 446/446/446 447/447/447
f 448/448/448 449/449/449 450/450/450
f 451/451/451 452/452/452 453/453/453
f 454/454/454 455/455/455 456/456/456
f 457/457/457 458/458/458 459/459/459
f 460/460/460 461/461/461 462/462/462
f 463/463/463 464/464/464 465/465/465
f 466/466/466 467/467/467 468/468/468
f 469/469/469 470/470/470 471/471/471
f 472/472/472 473/473/473 474/474/474
f 475/475/475 476/476/476 477/477/477
f 478/478/478 479/479/479 480/480/480
f 481/481/481 482/482/482 483/483/483
f 484/484/484 485/485/485 486/486/486
f 487/487/487 488/488/488 489/489/489
f 490/490/490 491/491/491 492/492/492
f 493/493/493 494/494/494 495/495/495
f 496/496/496 497/497/497 498/498/498
f 499/499/499 500/500/500 501/501/501
f 502/502/502 503/503/503 504/504/504
f 505/505/505 506/506/506 507/507/507
f 508/508/508 509/509/509 510/510/510
f 511/511/511 512/512/512 513/513/513
f 514/514/514 515/515/515 516/516/516
f 517/517/517 518/518/518 519/519/519
f 520/520/520 521/521/521 522/522/522
f 523/523/523 524/524/524 525/525/525
f 526/526/526 527/527/527 528/528/528
f 529/529/529 530/530/530 531/531/531
f 532/532/532 533/533/533 534/534/534
f 535/535/535 536/536/536 537/537/537
f 538/538/538 539/539/539 540/540/540
f 541/541/541 542/542/542 543/543/543
f 544/544/544 545/545/545 546/546/546
f 547/547/547 548/548/548 549/549/549
f 550/550/550 551/551/551 552/552/552
f 553/553/553 554/554/554 555/555/555
f 556/556/556 557/557/557 558/558/558
f 559/559/559 560/560/560 561/561/561
f 562/562/562 563/563/563 564/564/564
f 565/565/565 566/566/566 567/567/567
f 568/568/568 569/569/569 570/570/570
f 571/571/571 572/572/572 573/573/573
f 574/574/574 575/575/575 576/576/576
f 577/577/577 578/578/578 579/579/579
f 580/580/580 581/581/581 582/582/582
f 583/583/583 584/584/584 585/585/585
f 586/586/586 587/587/587 588/588/588
f 589/589/589 590/590/590 591/591/591
f 592/592/592 593/593/593 594/594/594
f 595/595/595 596/596/596 597/597/597
f 598/598/598 599/599/599 600/600/600
f 601/601/601 602/602/602 603/603/603
f 604/604/604 605/605/605 606/606/606
f 607/607/607 608/608/608 609/609/609
f 610/610/610 611/611/611 612/612/612
f 613/613/613 614/614/614 615/615/615
f 616/616/616 617/617/617 618/618/618
f 619/619/619 620/620/620 621/621/621
f 622/622/622 623/623/623 624/624/624
f 625/625/625 626/626/626 627/627/627
f 628/628/628 629/629/629 630/630/630
f 631/631/631 632/632/632 633/633/633
f 634/634/634 635/635/635 636/636/636
f 637/637/637 638/638/638 639/639/639
f 640/640/640 641/641/641 642/642/642
f 643/643/643 644/644/644 645/645/645
f 646/646/646 647/647/647 648/648/648
f 649/649/649 650/650/650 651/651/651
f 652/652/652 653/653/653 654/654/654
f 655/655/655 656/656/656 657/657/657
f 658/658/658 659/659/659 660/660/660
f 661/661/661 662/662/662 663/663/663
f 664/664/664 665/665/665 666/666/666
f 667/667/667 668/668/668 669/669/669
f 670/670/670 671/671/671 672/672/672
f 673/673/673 674/674/674 675/675/675
f 676/676/676 677/677/677 678/678/678
f 679/679/679 680/680/680 681/681/681
f 682/682/682 683/683/683 684/684/684
f 685/685/685 686/686/686 687/687/687
f 688/688/688 689/689/689 690/690/690
f 691/691/691 692/692/692 693/693/693
f 694/694/694 695/695/695 696/696/696
f 697/697/697 698/698/698 699/699/699
f 700/700/700 701/701/701 702/702/702
f 703/703/703 704/704/704 705/705/705
f 706/706/706 707/707/707 708/708/708
f 709/709/709 710/710/710 711/711/711
f 712/712/712 713/713/713 714/714/714
f 715/715/715 716/716/716 717/717/717
f 718/718/718 719/719/719 720/720/720
f 721/721/721 722/722/722 723/723/723
f 724/724/724 725/725/725 726/726/726
f 727/727/727 728/728/728 729/729/729
f 730/730/730 731/731/731 732/732/732
f 733/733/733 734/734/734 735/735/735
f 736/736/736 737/737/737 738/738/738
f 739/739/739 740/740/740 741/741/741
f 742/742/742 743/743/743 744/744/744
f 745/745/745 746/746/746 747/747/747
f 748/748/748 749/749/749 750/750/750
f 751/751/751 752/752/752 753/753/753
f 754/754/754 755/755/755 756/756/756
f 757/757/757 758/758/758 759/759/759
f 760/760/760 761/761/761 762/762/762
f 763/763/763 764/764/764 765/765/765
f 766/766/766 767/767/767 768/768/768
f 769/769/769 770/770/770 771/771/771
f 772/772/772 773/773/773 774/774/774
f 775/775/775 776/776/776 777/777/777
f 778/778/778 779/779/779 780/780/780
f 781/781/781 782/782/782 783/783/783
f 784/784/784 785/785/785 786/786/786
f 787/787/787 788/788/788 789/789/789
f 790/790/790 791/791/791 792/792/792
f 793/793/793 794/794/794 795/795/795
f 796/796/796 797/797/797 798/798/798
f 799/799/799 800/800/800 801/801/801
f 802/802/802 803/803/803 804/804/804
f 805/805/805 806/806/806 807/807/807
f 808/808/808 809/809/809 810/810/810
f 811/811/811 812/812/812 813/813/813
f 814/814/814 815/815/815 816/816/816
f 817/817/817 818/818/818 819/819/819
f 820/820/820 821/821/821 822/822/822
f 823/823/823 824/824/824 825/825/825
f 826/826/826 827/827/827 828/828/828
f 829/829/829 830/830/830 831/831/831
f 832/832/832 833/833/833 834/834/834
f 835/835/835 836/836/836 837/837/837
f 838/838/838 839/839/839 840/840/840
f 841/841/841 842/842/842 843/843/843
f 844/844/844 845/845/845 846/846/846
f 847/847/847 848/848/848 849/849/849
f 850/850/850 851/851/851 852/852/852
f 853/853/853 854/854/854 855/855/855
f 856/856/856 857/857/857 858/858/858
f 859/859/859 860/860/860 861/861/861
f 862/862/862 863/863/863 864/864/864
f 865/865/865 866/866/866 867/867/867
f 868/868/868 869/869/869 870/870/870
f 871/871/871 872/872/872 873/873/873
f 874/874/874 875/875/875 876/876/876
f 877/877/877 878/878/878 879/879/879
f 880/880/880 881/881/881 882/882/882
f 883/883/883 884/884/884 885/885/885
f 886/886/886 887/887/887 888/888/888
f 889/889/889 890/890/890 891/891/891
f 892/892/892 893/893/893 894/894/894
f 895/895/895 896/896/896 897/897/897
f 898/898/898 899/899/899 900/900/900
f 901/901/901 902/902/902 903/903/903
f 904/904/904 905/905/905 906/906/906
f 907/907/907 908/908/908 909/909/909
f 910/910/910 911/911/911 912/912/912
f 913/913/913 914/914/914 915/915/915
f 916/916/916 917/917/917 918/918/918
f 919/919/919 920/920/920 921/921/921
f 922/922/922 923/923/923 924/924/924
f 925/925/925 926/926/926 927/927/927
f 928/928/928 929/929/929 930/930/930
f 931/931/931 932/932/932 933/933/933
f 934/934/934 935/935/935 936/936/936
f 937/937/937 938/938/938 939/939/939
f 940/940/940 941/941/941 942/942/942
f 943/943/943 944/944/944 945/945/945
f 946/946/946 947/947/947 948/948/948
f 949/949/949 950/950/950 951/951/951
f 952/952/952 953/953/953 954/954/954
f 955/955/955 956/956/956 957/957/957
f 958/958/958 959/959/959 960/960/960
f 961/961/961 962/962/962 963/963/963
f 964/964/964 965/965/965 966/966/966
f 967/967/967 968/968/968 969/969/969
f 970/970/970 971/971/971 972/972/972
f 973/973/973 974/974/974 975/975/975
f 976/976/976 977/977/977 978/978/978
f 979/979/979 980/980/980 981/981/981
f 982/982/982 983/983/983 984/984/984
f 985/985/985 986/986/986 987/987/987
f 988/988/988 989/989/989 990/990/990
f 991/991/991 992/992/992 993/993/993
f 994/994/994 995/995/995 996/996/996
f 997/997/997 998/998/998 999/999/999
f 1000/1000/1000 1001/1001/1001 1002/1002/1002
f 1003/1003/1003 1004/1004/1004 1005/1005/1005
f 1006/1006/1006 1007/1007/1007 1008/1008/1008
f 1009/1009/1009 1010/1010/1010 1011/1011/1011
f 1012/1012/1012 1013/1013/1013 1014/1014/1014
f 1015/1015/1015 1016/1016/1016 1017/1017/1017
f 1018/1018/1018 1019/1019/1019 1020/1020/1020
f 1021/1021/1021 1022/1022/1022 1023/1023/1023
f 1024/1024/1024 1025/1025/1025 1026/1026/1026
f 1027/1027/1027 1028/1028/1028 1029/1029/1029
f 1030/1030/1030 1031/1031/1031 1032/1032/1032
f 1033/1033/1033 1034/1034/1034 1035/1035/1035
f 1036/1036/1036 1037/1037/1037 1038/1038/1038
f 1039/1039/1039 1040/1040/1040 1041/1041/1041
f 1042/1042/1042 1043/1043/1043 1044/1044/1044
f 1045/1045/1045 1046/1046/1046 1047/1047/1047
f 1048/1048/1048 1049/1049/1049 1050/1050/1050
f 1051/1051/1051 1052/1052/1052 1053/1053/1053
f 1054/1054/1054 1055/1055/1055 1056/1056/1056
f 1057/1057/1057 1058/1058/1058 1059/1059/1059
f 1060/1060/1060 1061/1061/1061 1062/1062/1062
f 1063/1063/1063 1064/1064/1064 1065/1065/1065
f 1066/1066/1066 1067/1067/1067 1068/1068/1068
f 1069/1069/1069 1070/1070/1070 1071/1071/1071
f 1072/1072/1072 1073/1073/1073 1074/1074/1074
f 1075/1075/1075 1076/1076/1076 1077/1077/1077
f 1078/1078/1078 1079/1079/1079 1080/1080/1080
f 1081/1081/1081 1082/1082/1082 1083/1083/1083
f 1084/1084/1084 1085/1085/1085 1086/1086/1086
f 1087/1087/1087 1088/1088/1088 1089/1089/1089
f 1090/1090/1090 1091/1091/1091 1092/1092/1092
f 1093/1093/1093 1094/1094/1094 1095/1095/1095
f 1096/1096/1096 1097/1097/1097 1098/1098/1098
f 1099/1099/1099 1100/1100/1100 1101/1101/1101
f 1102/1102/1102 1103/1103/1103 1104/1104/1104
f 1105/1105/1105 1106/1106/1106 1107/1107/1107
f 1108/1108/1108 1109/1109/1109 1110/1110/1110
f 1111/1111/1111 1112/1112/1112 1113/1113/1113
f 1114/1114/1114 1115/1115/1115 1116/1116/1116
f 1117/1117/1117 1118/1118/1118 1119/1119/1119
f 1120/1120/1120 1121/1121/1121 1122/1122/1122
f 1123/1123/1123 1124/1124/1124 1125/1125/1125
f 1126/1126/1126 1127/1127/1127 1128/1128/1128
f 1129/1129/1129 1130/1130/1130 1131/1131/1131
f 1132/1132/1132 1133/1133/1133 1134/1134/1134
f 1135/1135/1135 1136/1136/1136 1137/1137/1137
f 1138/1138/1138 1139/1139/1139 1140/1140/1140
f 1141/1141/1141 1142/1142/1142 1143/1143/1143
f 1144/1144/1144 1145/1145/1145 1146/1146/1146
f 1147/1147/1147 1148/1148/1148 1149/1149/1149
f 1150/1150/1150 1151/1151/1151 1152/1152/1152
f 1153/1153/1153 1154/1154/1154 1155/1155/1155
f 1156/1156/1156 1157/1157/1157 1158/1158/1158
f 1159/1159/1159 1160/1160/1160 1161/1161/1161
f 1162/1162/1162 1163/1163/1163 1164/1164/1164
f 1165/1165/1165 1166/1166/1166 1167/1167/1167
f 1168/1168/1168 1169/1169/1169 1170/1170/1170
f 1171/1171/1171 1172/1172/1172 1173/1173/1173
f 1174/1174/1174 1175/1175/1175 1176/1176/1176
f 1177/1177/1177 1178/1178/1178 1179/1179/1179
f 1180/1180/1180 1181/1181/1181 1182/1182/1182
f 1183/1183/1183 1184/1184/1184 1185/1185/1185
f 1186/1186/1186 1187/1187/1187 1188/1188/1188
f 1189/1189/1189 1190/1190/1190 1191/1191/1191
f 1192/1192/1192 1193/1193/1193 1194/1194/1194
f 1195/1195/1195 1196/1196/1196 1197/1197/1197
f 1198/1198/1198 1199/1199/1199 1200/1200/1200
f 1201/1201/1201 1202/1202/1202 1203/1203/1203
f 1204/1204/1204 1205/1205/1205 1206/1206/1206
f 1207/1207/1207 1208/1208/1208 1209/1209/1209
f 1210/1210/1210 1211/1211/1211 1212/1212/1212
f 1213/1213/1213 1214/1214/1214 1215/1215/1215
f 1216/1216/1216 1217/1217/1217 1218/1218/1218
f 1219/1219/1219 1220/1220/1220 1221/1221/1221
f 1222/1222/1222 1223/1223/1223 1224/1224/1224
f 1225/1225/1225 1226/1226/1226 1227/1227/1227
f 1228/1228/1228 1229/1229/1229 1230/1230/1230
f 1231/1231/1231 1232/1232/1232 1233/1233/1233
f 1234/1234/1234 1235/1235/1235 1236/1236/1236
f 1237/1237/1237 1238/1238/1238 1239/1239/1239
f 1240/1240/1240 1241/1241/1241 1242/1242/1242
f 1243/1243/1243 1244/1244/1244 1245/1245/1245
f 1246/1246/1246 1247/1247/1247 1248/1248/1248
f 1249/1249/1249 1250/1250/1250 1251/1251/1251
f 1252/1252/1252 1253/1253/1253 1254/1254/1254
f 1255/1255/1255 1256/1256/1256 1257/1257/1257
f 1258/1258/1258 1259/1259/1259 1260/1260/1260
f 1261/1261/1261 1262/1262/1262 1263/1263/1263
f 1264/1264/1264 1265/1265/1265 1266/1266/1266
f 1267/1267/1267 1268/1268/1268 1269/1269/1269
f 1270/1270/1270 1271/1271/1271 1272/1272/1272
f 1273/1273/1273 1274/1274/1274 1275/1275/1275
f 1276/1276/1276 1277/1277/1277 1278/1278/1278
f 1279/1279/1279 1280/1280/1280 1281/1281/1281
f 1282/1282/1282 1283/1283/1283 1284/1284/1284
f 1285/1285/1285 1286/1286/1286 1287/1287/1287
f 1288/1288/1288 1289/1289/1289 1290/1290/1290
f 1291/1291/1291 1292/1292/1292 1293/1293/1293
f 1294/1294/1294 1295/1295/1295 1296/1296/1296
f 1297/1297/1297 1298/1298/1298 1299/1299/1299
f 1300/1300/1300 1301/1301/1301 1302/1302/1302
f 1303/1303/1303 1304/1304/1304 1305/1305/1305
f 1306/1306/1306 1307/1307/1307 1308/1308/1308
f 1309/1309/1309 1310/1310/1310 1311/1311/1311
f 1312/1312/1312 1313/1313/1313 1314/1314/1314
f 1315/1315/1315 1316/1316/1316 1317/1317/1317
f 1318/1318/1318 1319/1319/1319 1320/1320/1320
f 1321/1321/1321 1322/1322/1322 1323/1323/1323
f 1324/1324/1324 1325/1325/1325 1326/1326/1326
f 1327/1327/1327 1328/1328/1328 1329/1329/1329
f 1330/1330/1330 1331/1331/1331 1332/1332/1332
f 1333/1333/1333 1334/1334/1334 1335/1335/1335
f 1336/1336/1336 1337/1337/1337 1338/1338/1338
f 1339/1339/1339 1340/1340/1340 1341/1341/1341
f 1342/1342/1342 1343/1343/1343 1344/1344/1344
f 1345/1345/1345 1346/1346/1346 1347/1347/1347
f 1348/1348/1348 1349/1349/1349 1350/1350/1350
f 1351/1351/1351 1352/1352/1352 1353/1353/1353
f 1354/1354/1354 1355/1355/1355 1356/1356/1356
f 1357/1357/1357 1358/1358/1358 1359/1359/1359
f 1360/1360/1360 1361/1361/1361 1362/1362/1362
f 1363/1363/1363 1364/1364/1364 1365/1365/1365
f 1366/1366/1366 1367/1367/1367 1368/1368/1368
f 1369/1369/1369 1370/1370/1370 1371/1371/1371
f 1372/1372/1372 1373/1373/1373 1374/1374/1374
f 1375/1375/1375 1376/1376/1376 1377/1377/1377
f 1378/1378/1378 1379/1379/1379 1380/1380/1380
f 1381/1381/1381 1382/1382/1382 1383/1383/1383
f 1384/1384/1384 1385/1385/1385 1386/1386/1386
f 1387/1387/1387 1388/1388/1388 1389/1389/1389
f 1390/1390/1390 1391/1391/1391 1392/1392/1392
f 1393/1393/1393 1394/1394/1394 1395/1395/1395
f 1396/1396/1396 1397/1397/1397 1398/1398/1398
f 1399/1399/1399 1400/1400/1400 1401/1401/1401
f 1402/1402/1402 1403/1403/1403 1404/1404/1404
f 1405/1405/1405 1406/1406/1406 1407/1407/1407
f 1408/1408/1408 1409/1409/1409 1410/1410/1410
f 1411/1411/1411 1412/1412/1412 1413/1413/1413
f 1414/1414/1414 1415/1415/1415 1416/1416/1416
f 1417/1417/1417 1418/1418/1418 1419/1419/1419
f 1420/1420/1420 1421/1421/1421 1422/1422/1422
f 1423/1423/1423 1424/1424/1424 1425/1425/1425
f 1426/1426/1426 1427/1427/1427 1428/1428/1428
f 1429/1429/1429 1430/1430/1430 1431/1431/1431
f 1432/1432/1432 1433/1433/1433 1434/1434/1434
f 1435/1435/1435 1436/1436/1436 1437/1437/1437
f 1438/1438/1438 1439/1439/1439 1440/1440/1440
f 1441/1441/1441 1442/1442/1442 1443/1443/1443
f 1444/1444/1444 1445/1445/1445 1446/1446/1446
f 1447/1447/1447 1448/1448/1448 1449/1449/1449
f 1450/1450/1450 1451/1451/1451 1452/1452/1452
f 1453/1453/1453 1454/1454/1454 1455/1455/1455
f 1456/1456/1456 1457/1457/1457 1458/1458/1458
f 1459/1459/1459 1460/1460/1460 1461/1461/1461
f 1462/1462/1462 1463/1463/1463 1464/1464/1464
f 1465/1465/1465 1466/1466/1466 1467/1467/1467
f 1468/1468/1468 1469/1469/1469 1470/1470/1470
f 1471/1471/1471 1472/1472/1472 1473/1473/1473
f 1474/1474/1474 1475/1475/1475 1476/1476/1476
f 1477/1477/1477 1478/1478/1478 1479/1479/1479
f 1480/1480/1480 1481/1481/1481 1482/1482/1482
f 1483/1483/1483 1484/1484/1484 1485/1485/1485
f 1486/1486/1486 1487/1487/1487 1488/1488/1488
f 1489/1489/1489 1490/1490/1490 1491/1491/1491
f 1492/1492/1492 1493/1493/1493 1494/1494/1494
f 1495/1495/1495 1496/1496/1496 1497/1497/1497
f 1498/1498/1498 1499/1499/1499 1500/1500/1500
f 1501/1501/1501 1502/1502/1502 1503/1503/1503
f 1504/1504/1504 1505/1505/1505 1506/1506/1506
f 1507/1507/1507 1508/1508/1508 1509/1509/1509
f 1510/1510/1510 1511/1511/1511 1512/1512/1512
f 1513/1513/1513 1514/1514/1514 1515/1515/1515
f 1516/1516/1516 1517/1517/1517 1518/1518/1518
f 1519/1519/1519 1520/1520/1520 1521/1521/1521
f 1522/1522/1522 1523/1523/1523 1524/1524/1524
f 1525/1525/1525 1526/1526/1526 1527/1527/1527
f 1528/1528/1528 1529/1529/1529 1530/1530/1530
f 1531/1531/1531 1532/1532/1532 1533/1533/1533
f 1534/1534/1534 1535/1535/1535 1536/1536/1536
f 1537/1537/1537 1538/1538/1538 1539/1539/1539
f 1540/1540/1540 1541/1541/1541 1542/1542/1542
f 1543/1543/1543 1544/1544/1544 1545/1545/1545
f 1546/1546/1546 1547/1547/1547 1548/1548/1548
f 1549/1549/1549 1550/1550/1550 1551/1551/1551
f 1552/1552/1552 1553/1553/1553 1554/1554/1554
f 1555/1555/1555 1556/1556/1556 1557/1557/1557
f 1558/1558/1558 1559/1559/1559 1560/1560/1560
f 1561/1561/1561 1562/1562/1562 1563/1563/1563
f 1564/1564/1564 1565/1565/1565 1566/1566/1566
f 1567/1567/1567 1568/1568/1568 1569/1569/1569
f 1570/1570/1570 1571/1571/1571 1572/1572/1572
f 1573/1573/1573 1574/1574/1574 1575/1575/1575
f 1576/1576/1576 1577/1577/1577 1578/1578/1578
f 1579/1579/1579 1580/1580/1580 1581/1581/1581
f 1582/1582/1582 1583/1583/1583 1584/1584/1584
f 1585/1585/1585 1586/1586/1586 1587/1587/1587
f 1588/1588/1588 1589/1589/1589 1590/1590/1590
f 1591/1591/1591 1592/1592/1592 1593/1593/1593
f 1594/1594/1594 1595/1595/1595 1596/1596/1596
f 1597/1597/1597 1598/1598/1598 1599/1599/1599
f 1600/1600/1600 1601/1601/1601 1602/1602/1602
f 1603/1603/1603 1604/1604/1604 1605/1605/1605
f 1606/1606/1606 1607/1607/1607 1608/1608/1608
f 1609/1609/1609 1610/1610/1610 1611/1611/1611
f 1612/1612/1612 1613/1613/1613 1614/1614/1614
f 1615/1615/1615 1616/1616/1616 1617/1617/1617
f 1618/1618/1618 1619/1619/1619 1620/1620/1620
f 1621/1621/1621 1622/1622/1622 1623/1623/1623
f 1624/1624/1624 1625/1625/1625 1626/1626/1626
f 1627/1627/1627 1628/1628/1628 1629/1629/1629
f 1630/1630/1630 1631/1631/1631 1632/1632/1632
f 1633/1633/1633 1634/1634/1634 1635/1635/1635
f 1636/1636/1636 1637/1637/1637 1638/1638/1638
f 1639/1639/1639 1640/1640/1640 1641/1641/1641
f 1642/1642/1642 1643/1643/1643 1644/1644/1644
f 1645/1645/1645 1646/1646/1646 1647/1647/1647
f 1648/1648/1648 1649/1649/1649 1650/1650/1650
f 1651/1651/1651 1652/1652/1652 1653/1653/1653
f 1654/1654/1654 1655/1655/1655 1656/1656/1656
f 1657/1657/1657 1658/1658/1658 1659/1659/1659
f 1660/1660/1660 1661/1661/1661 1662/1662/1662
f 1663/1663/1663 1664/1664/1664 1665/1665/1665
f 1666/1666/1666 1667/1667/1667 1668/1668/1668
f 1669/1669/1669 1670/1670/1670 1671/1671/1671
f 1672/1672/1672 1673/1673/1673 1674/1674/1674
f 1675/1675/1675 1676/1676/1676 1677/1677/1677
f 1678/1678/1678 1679/1679/1679 1680/1680/1680
f 1681/1681/1681 1682/1682/1682 1683/1683/1683
f 1684/1684/1684 1685/1685/1685 1686/1686/1686
f 1687/1687/1687 1688/1688/1688 1689/1689/1689
f 1690/1690/1690 1691/1691/1691 1692/1692/1692
f 1693/1693/1693 1694/1694/1694 1695/1695/1695
f 1696/1696/1696 1697/1697/1697 1698/1698/1698
f 1699/1699/1699 1700/1700/1700 1701/1701/1701
f 1702/1702/1702 1703/1703/1703 1704/1704/1704
f 1705/1705/1705 1706/1706/1706 1707/1707/1707
f 1708/1708/1708 1709/1709/1709 1710/1710/1710
f 1711/1711/1711 1712/1712/1712 1713/1713/1713
f 1714/1714/1714 1715/1715/1715 1716/1716/1716
f 1717/1717/1717 1718/1718/1718 1719/1719/1719
f 1720/1720/1720 1721/1721/1721 1722/1722/1722
f 1723/1723/1723 1724/1724/1724 1725/1725/1725
f 1726/1726/1726 1727/1727/1727 1728/1728/1728
f 1729/1729/1729 1730/1730/1730 1731/1731/1731
f 1732/1732/1732 1733/1733/1733 1734/1734/1734
f 1735/1735/1735 1736/1736/1736 1737/1737/1737
f 1738/1738/1738 1739/1739/1739 1740/1740/1740
f 1741/1741/1741 1742/1742/1742 1743/1743/1743
f 1744/1744/1744 1745/1745/1745 1746/1746/1746
f 1747/1747/1747 1748/1748/1748 1749/1749/1749
f 1750/1750/1750 1751/1751/1751 1752/1752/1752
f 1753/1753/1753 1754/1754/1754 1755/1755/1755
f 1756/1756/1756 1757/1757/1757 1758/1758/1758
f 1759/1759/1759 1760/1760/1760 1761/1761/1761
f 1762/1762/1762 1763/1763/1763 1764/1764/1764
f 1765/1765/1765 1766/1766/1766 1767/1767/1767
f 1768/1768/1768 1769/1769/1769 1770/1770/1770
f 1771/1771/1771 1772/1772/1772 1773/1773/1773
f 1774/1774/1774 1775/1775/1775 1776/1776/1776
f 1777/1777/1777 1778/1778/1778 1779/1779/1779
f 1780/1780/1780 1781/1781/1781 1782/1782/1782
f 1783/1783/1783 1784/1784/1784 1785/1785/1785
f 1786/1786/1786 1787/1787/1787 1788/1788/1788
f 1789/1789/1789 1790/1790/1790 1791/1791/1791
f 1792/1792/1792 1793/1793/1793 1794/1794/1794
f 1795/1795/1795 1796/1796/1796 1797/1797/1797
f 1798/1798/1798 1799/1799/1799 1800/1800/1800
f 1801/1801/1801 1802/1802/1802 1803/1803/1803
f 1804/1804/1804 1805/1805/1805 1806/1806/1806
f 1807/1807/1807 1808/1808/1808 1809/1809/1809
f 1810/1810/1810 1811/1811/1811 1812/1812/1812
f 1813/1813/1813 1814/1814/1814 1815/1815/1815
f 1816/1816/1816 1817/1817/1817 1818/1818/1818
f 1819/1819/1819 1820/1820/1820 1821/1821/1821
f 1822/1822/1822 1823/1823/1823 1824/1824/1824
f 1825/1825/1825 1826/1826/1826 1827/1827/1827
f 1828/1828/1828 1829/1829/1829 1830/1830/1830
f 1831/1831/1831 1832/1832/1832 1833/1833/1833
f 1834/1834/1834 1835/1835/1835 1836/1836/1836
f 1837/1837/1837 1838/1838/1838 1839/1839/1839
f 1840/1840/1840 1841/1841/1841 1842/1842/1842
f 1843/1843/1843 1844/1844/1844 1845/1845/1845
f 1846/1846/1846 1847/1847/1847 1848/1848/1848
f 1849/1849/1849 1850/1850/1850 1851/1851/1851
f 1852/1852/1852 1853/1853/1853 1854/1854/1854
f 1855/1855/1855 1856/1856/1856 1857/1857/1857
f 1858/1858/1858 1859/1859/1859 1860/1860/1860
f 1861/1861/1861 1862/1862/1862 1863/1863/1863
f 1864/1864/1864 1865/1865/1865 1866/1866/1866
f 1867/1867/1867 1868/1868/1868 1869/1869/1869
f 1870/1870/1870 1871/1871/1871 1872/1872/1872
f 1873/1873/1873 1874/1874/1874 1875/1875/1875
f 1876/1876/1876 1877/1877/1877 1878/1878/1878
f 1879/1879/1879 1880/1880/1880 1881/1881/1881
f 1882/1882/1882 1883/1883/1883 1884/1884/1884
f 1885/1885/1885 1886/1886/1886 1887/1887/1887
f 1888/1888/1888 1889/1889/1889 1890/1890/1890
f 1891/1891/1891 1892/1892/1892 1893/1893/1893
f 1894/1894/1894 1895/1895/1895 1896/1896/1896
f 1897/1897/1897 1898/1898/1898 1899/1899/1899
f 1900/1900/1900 1901/1901/1901 1902/1902/1902
f 1903/1903/1903 1904/1904/1904 1905/1905/1905
f 1906/1906/1906 1907/1907/1907 1908/1908/1908
f 1909/1909/1909 1910/1910/1910 1911/1911/1911
f 1912/1912/1912 1913/1913/1913 1914/1914/1914
f 1915/1915/1915 1916/1916/1916 1917/1917/1917
f 1918/1918/1918 1919/1919/1919 1920/1920/1920
f 1921/1921/1921 1922/1922/1922 1923/1923/1923
f 1924/1924/1924 1925/1925/1925 1926/1926/1926
f 1927/1927/1927 1928/1928/1928 1929/1929/1929
f 1930/1930/1930 1931/1931/1931 1932/1932/1932
f 1933/1933/1933 1934/1934/1934 1935/1935/1935
f 1936/1936/1936 1937/1937/1937 1938/1938/1938
f 1939/1939/1939 1940/1940/1940 1941/1941/1941
f 1942/1942/1942 1943/1943/1943 1944/1944/1944
f 1945/1945/1945 1946/1946/1946 1947/1947/1947
f 1948/1948/1948 1949/1949/1949 1950/1950/1950
f 1951/1951/1951 1952/1952/1952 1953/1953/1953
f 1954/1954/1954 1955/1955/1955 1956/1956/1956
f 1957/1957/1957 1958/1958/1958 1959/1959/1959
f 1960/1960/1960 1961/1961/1961 1962/1962/1962
f 1963/1963/1963 1964/1964/1964 1965/1965/1965
f 1966/1966/1966 1967/1967/1967 1968/1968/1968
f 1969/1969/1969 1970/1970/1970 1971/1971/1971
f 1972/1972/1972 1973/1973/1973 1974/1974/1974
f 1975/1975/1975 1976/1976/1976 1977/1977/1977
f 1978/1978/1978 1979/1979/1979 1980/1980/1980
f 1981/1981/1981 1982/1982/1982 1983/1983/1983
f 1984/1984/1984 1985/1985/1985 1986/1986/1986
f 1987/1987/1987 1988/1988/1988 1989/1989/1989
f 1990/1990/1990 1991/1991/1991 1992/1992/1992
f 1993/1993/1993 1994/1994/1994 1995/1995/1995
f 1996/1996/1996 1997/1997/1997 1998/1998/1998
f 1999/1999/1999 2000/2000/2000 2001/2001/2001
f 2002/2002/2002 2003/2003/2003 2004/2004/2004
f 2005/2005/2005 2006/2006/2006 2007/2007/2007
f 2008/2008/2008 2009/2009/2009 2010/2010/2010
f 2011/2011/2011 2012/2012/2012 2013/2013/2013
f 2014/2014/2014 2015/2015/2015 2016/2016/2016
f 2017/2017/2017 2018/2018/2018 2019/2019/2019
f 2020/2020/2020 2021/2021/2021 2022/2022/2022
f 2023/2023/2023 2024/2024/2024 2025/2025/2025
f 2026/2026/2026 2027/2027/2027 2028/2028/2028
f 2029/2029/2029 2030/2030/2030 2031/2031/2031
f 2032/2032/2032 2033/2033/2033 2034/2034/2034
f 2035/2035/2035 2036/2036/2036 2037/2037/2037
f 2038/2038/2038 2039/2039/2039 2040/2040/2040
f 2041/2041/2041 2042/2042/2042 2043/2043/2043
f 2044/2044/2044 2045/2045/2045 2046/2046/2046
f 2047/2047/2047 2048/2048/2048 2049/2049/2049
f 2050/2050/2050 2051/2051/2051 2052/2052/2052
f 2053/2053/2053 2054/2054/2054 2055/2055/2055
f 2056/2056/2056 2057/2057/2057 2058/2058/2058
f 2059/2059/2059 2060/2060/2060 2061/2061/2061
f 2062/2062/2062 2063/2063/2063 2064/2064/2064
f 2065/2065/2065 2066/2066/2066 2067/2067/2067
f 2068/2068/2068 2069/2069/2069 2070/2070/2070
f 2071/2071/2071 2072/2072/2072 2073/2073/2073
f 2074/2074/2074 2075/2075/2075 2076/2076/2076
f 2077/2077/2077 2078/2078/2078 2079/2079/2079
f 2080/2080/2080 2081/2081/2081 2082/2082/2082
f 2083/2083/2083 2084/2084/2084 2085/2085/2085
f 2086/2086/2086 2087/2087/2087 2088/2088/2088
f 2089/2089/2089 2090/2090/2090 2091/2091/2091
f 2092/2092/2092 2093/2093/2093 2094/2094/2094
f 2095/2095/2095 2096/2096/2096 2097/2097/2097
f 2098/2098/2098 2099/2099/2099 2100/2100/2100
f 2101/2101/2101 2102/2102/2102 2103/2103/2103
f 2104/2104/2104 2105/2105/2105 2106/2106/2106
f 2107/2107/2107 2108/2108/2108 2109/2109/2109
f 2110/2110/2110 2111/2111/2111 2112/2112/2112
f 2113/2113/2113 2114/2114/2114 2115/2115/2115
f 2116/2116/2116 2117/2117/2117 2118/2118/2118
f 2119/2119/2119 2120/2120/2120 2121/2121/2121
f 2122/2122/2122 2123/2123/2123 2124/2124/2124
f 2125/2125/2125 2126/2126/2126 2127/2127/2127
f 2128/2128/2128 2129/2129/2129 2130/2130/2130
f 2131/2131/2131 2132/2132/2132 2133/2133/2133
f 2134/2134/2134 2135/2135/2135 2136/2136/2136
f 2137/2137/2137 2138/2138/2138 2139/2139/2139
f 2140/2140/2140 2141/2141/2141 2142/2142/2142
f 2143/2143/2143 2144/2144/2144 2145/2145/2145
f 2146/2146/2146 2147/2147/2147 2148/2148/2148
f 2149/2149/2149 2150/2150/2150 2151/2151/2151
f 2152/2152/2152 2153/2153/2153 2154/2154/2154
f 2155/2155/2155 2156/2156/2156 2157/2157/2157
f 2158/2158/2158 2159/2159/2159 2160/2160/2160
f 2161/2161/2161 2162/2162/2162 2163/2163/2163
f 2164/2164/2164 2165/2165/2165 2166/2166/2166
f 2167/2167/2167 2168/2168/2168 2169/2169/2169
f 2170/2170/2170 2171/2171/2171 2172/2172/2172
f 2173/2173/2173 2174/2174/2174 2175/2175/2175
f 2176/2176/2176 2177/2177/2177 2178/2178/2178
f 2179/2179/2179 2180/2180/2180 2181/2181/2181
f 2182/2182/2182 2183/2183/2183 2184/2184/2184
f 2185/2185/2185 2186/2186/2186 2187/2187/2187
f 2188/2188/2188 2189/2189/2189 2190/2190/2190
f 2191/2191/2191 2192/2192/2192 2193/2193/2193
f 2194/2194/2194 2195/2195/2195 2196/2196/2196
f 2197/2197/2197 2198/2198/2198 2199/2199/2199
f 2200/2200/2200 2201/2201/2201 2202/2202/2202
f 2203/2203/2203 2204/2204/2204 2205/2205/2205
f 2206/2206/2206 2207/2207/2207 2208/2208/2208
f 2209/2209/2209 2210/2210/2210 2211/2211/2211
f 2212/2212/2212 2213/2213/2213 2214/2214/2214
f 2215/2215/2215 2216/2216/2216 2217/2217/2217
f 2218/2218/2218 2219/2219/2219 2220/2220/2220
f 2221/2221/2221 2222/2222/2222 2223/2223/2223
f 2224/2224/2224 2225/2225/2225 2226/2226/2226
f 2227/2227/2227 2228/2228/2228 2229/2229/2229
f 2230/2230/2230 2231/2231/2231 2232/2232/2232
f 2233/2233/2233 2234/2234/2234 2235/2235/2235
f 2236/2236/2236 2237/2237/2237 2238/2238/2238
f 2239/2239/2239 2240/2240/2240 2241/2241/2241
f 2242/2242/2242 2243/2243/2243 2244/2244/2244
f 2245/2245/2245 2246/2246/2246 2247/2247/2247
f 2248/2248/2248 2249/2249/2249 2250/2250/2250
f 2251/2251/2251 2252/2252/2252 2253/2253/2253
f 2254/2254/2254 2255/2255/2255 2256/2256/2256
f 2257/2257/2257 2258/2258/2258 2259/2259/2259
f 2260/2260/2260 2261/2261/2261 2262/2262/2262
f 2263/2263/2263 2264/2264/2264 2265/2265/2265
f 2266/2266/2266 2267/2267/2267 2268/2268/2268
f 2269/2269/2269 2270/2270/2270 2271/2271/2271
f 2272/2272/2272 2273/2273/2273 2274/2274/2274
f 2275/2275/2275 2276/2276/2276 2277/2277/2277
f 2278/2278/2278 2279/2279/2279 2280/2280/2280
f 2281/2281/2281 2282/2282/2282 2283/2283/2283
f 2284/2284/2284 2285/2285/2285 2286/2286/2286
f 2287/2287/2287 2288/2288/2288 2289/2289/2289
f 2290/2290/2290 2291/2291/2291 2292/2292/2292
f 2293/2293/2293 2294/2294/2294 2295/2295/2295
f 2296/2296/2296 2297/2297/2297 2298/2298/2298
f 2299/2299/2299 2300/2300/2300 2301/2301/2301
f 2302/2302/2302 2303/2303/2303 2304/2304/2304
f 2305/2305/2305 2306/2306/2306 2307/2307/2307
f 2308/2308/2308 2309/2309/2309 2310/2310/2310
f 2311/2311/2311 2312/2312/2312 2313/2313/2313
f 2314/2314/2314 2315/2315/2315 2316/2316/2316
f 2317/2317/2317 2318/2318/2318 2319/2319/2319
f 2320/2320/2320 2321/2321/2321 2322/2322/2322
f 2323/2323/2323 2324/2324/2324 2325/2325/2325
f 2326/2326/2326 2327/2327/2327 2328/2328/2328
f 2329/2329/2329 2330/2330/2330 2331/2331/2331
f 2332/2332/2332 2333/2333/2333 2334/2334/2334
f 2335/2335/2335 2336/2336/2336 2337/2337/2337
f 2338/2338/2338 2339/2339/2339 2340/2340/2340
f 2341/2341/2341 2342/2342/2342 2343/2343/2343
f 2344/2344/2344 2345/2345/2345 2346/2346/2346
f 2347/2347/2347 2348/2348/2348 2349/2349/2349
f 2350/2350/2350 2351/2351/2351 2352/2352/2352
f 2353/2353/2353 2354/2354/2354 2355/2355/2355
f 2356/2356/2356 2357/2357/2357 2358/2358/2358
f 2359/2359/2359 2360/2360/2360 2361/2361/2361
f 2362/2362/2362 2363/2363/2363 2364/2364/2364
f 2365/2365/2365 2366/2366/2366 2367/2367/2367
f 2368/2368/2368 2369/2369/2369 2370/2370/2370
f 2371/2371/2371 2372/2372/2372 2373/2373/2373
f 2374/2374/2374 2375/2375/2375 2376/2376/2376
f 2377/2377/2377 2378/2378/2378 2379/2379/2379
f 2380/2380/2380 2381/2381/2381 2382/2382/2382
f 2383/2383/2383 2384/2384/2384 2385/2385/2385
f 2386/2386/2386 2387/2387/2387 2388/2388/2388
f 2389/2389/2389 2390/2390/2390 2391/2391/2391
f 2392/2392/2392 2393/2393/2393 2394/2394/2394
f 2395/2395/2395 2396/2396/2396 2397/2397/2397
f 2398/2398/2398 2399/2399/2399 2400/2400/2400
f 2401/2401/2401 2402/2402/2402 2403/2403/2403
f 2404/2404/2404 2405/2405/2405 2406/2406/2406
f 2407/2407/2407 2408/2408/2408 2409/2409/2409
f 2410/2410/2410 2411/2411/2411 2412/2412/2412
f 2413/2413/2413 2414/2414/2414 2415/2415/2415
f 2416/2416/2416 2417/2417/2417 2418/2418/2418
f 2419/2419/2419 2420/2420/2420 2421/2421/2421
f 2422/2422/2422 2423/2423/2423 2424/2424/2424
f 2425/2425/2425 2426/2426/2426 2427/2427/2427
f 2428/2428/2428 2429/2429/2429 2430/2430/2430
f 2431/2431/2431 2432/2432/2432 2433/2433/2433
f 2434/2434/2434 2435/2435/2435 2436/2436/2436
f 2437/2437/2437 2438/2438/2438 2439/2439/2439
f 2440/2440/2440 2441/2441/2441 2442/2442/2442
f 2443/2443/2443 2444/2444/2444 2445/2445/2445
f 2446/2446/2446 2447/2447/2447 2448/2448/2448
f 2449/2449/2449 2450/2450/2450 2451/2451/2451
f 2452/2452/2452 2453/2453/2453 2454/2454/2454
f 2455/2455/2455 2456/2456/2456 2457/2457/2457
f 2458/2458/2458 2459/2459/2459 2460/2460/2460
f 2461/2461/2461 2462/2462/2462 2463/2463/2463
f 2464/2464/2464 2465/2465/2465 2466/2466/2466
f 2467/2467/2467 2468/2468/2468 2469/2469/2469
f 2470/2470/2470 2471/2471/2471 2472/2472/2472
f 2473/2473/2473 2474/2474/2474 2475/2475/2475
f 2476/2476/2476 2477/2477/2477 2478/2478/2478
f 2479/2479/2479 2480/2480/2480 2481/2481/2481
f 2482/2482/2482 2483/2483/2483 2484/2484/2484
f 2485/2485/2485 2486/2486/2486 2487/2487/2487
f 2488/2488/2488 2489/2489/2489 2490/2490/2490
f 2491/2491/2491 2492/2492/2492 2493/2493/2493
f 2494/2494/2494 2495/2495/2495 2496/2496/2496
f 2497/2497/2497 2498/2498/2498 2499/2499/2499
f 2500/2500/2500 2501/2501/2501 2502/2502/2502
f 2503/2503/2503 2504/2504/2504 2505/2505/2505
f 2506/2506/2506 2507/2507/2507 2508/2508/2508
f 2509/2509/2509 2510/2510/2510 2511/2511/2511
f 2512/2512/2512 2513/2513/2513 2514/2514/2514
f 2515/2515/2515 2516/2516/2516 2517/2517/2517
f 2518/2518/2518 2519/2519/2519 2520/2520/2520
f 2521/2521/2521 2522/2522/2522 2523/2523/2523
f 2524/2524/2524 2525/2525/2525 2526/2526/2526
f 2527/2527/2527 2528/2528/2528 2529/2529/2529
f 2530/2530/2530 2531/2531/2531 2532/2532/2532
f 2533/2533/2533 2534/2534/2534 2535/2535/2535
f 2536/2536/2536 2537/2537/2537 2538/2538/2538
f 2539/2539/2539 2540/2540/2540 2541/2541/2541
f 2542/2542/2542 2543/2543/2543 2544/2544/2544
f 2545/2545/2545 2546/2546/2546 2547/2547/2547
f 2548/2548/2548 2549/2549/2549 2550/2550/2550
f 2551/2551/2551 2552/2552/2552 2553/2553/2553
f 2554/2554/2554 2555/2555/2555 2556/2556/2556
f 2557/2557/2557 2558/2558/2558 2559/2559/2559
f 2560/2560/2560 2561/2561/2561 2562/2562/2562
f 2563/2563/2563 2564/2564/2564 2565/2565/2565
f 2566/2566/2566 2567/2567/2567 2568/2568/2568
f 2569/2569/2569 2570/2570/2570 2571/2571/2571
f 2572/2572/2572 2573/2573/2573 2574/2574/2574
f 2575/2575/2575 2576/2576/2576 2577/2577/2577
f 2578/2578/2578 2579/2579/2579 2580/2580/2580
f 2581/2581/2581 2582/2582/2582 2583/2583/2583
f 2584/2584/2584 2585/2585/2585 2586/2586/2586
f 2587/2587/2587 2588/2588/2588 2589/2589/2589
f 2590/2590/2590 2591/2591/2591 2592/2592/2592
f 2593/2593/2593 2594/2594/2594 2595/2595/2595
f 2596/2596/2596 2597/2597/2597 2598/2598/2598
f 2599/2599/2599 2600/2600/2600 2601/2601/2601
f 2602/2602/2602 2603/2603/2603 2604/2604/2604
f 2605/2605/2605 2606/2606/2606 2607/2607/2607
f 2608/2608/2608 2609/2609/2609 2610/2610/2610
f 2611/2611/2611 2612/2612/2612 2613/2613/2613
f 2614/2614/2614 2615/2615/2615 2616/2616/2616
f 2617/2617/2617 2618/2618/2618 2619/2619/2619
f 2620/2620/2620 2621/2621/2621 2622/2622/2622
f 2623/2623/2623 2624/2624/2624 2625/2625/2625
f 2626/2626/2626 2627/2627/2627 2628/2628/2628
f 2629/2629/2629 2630/2630/2630 2631/2631/2631
f 2632/2632/2632 2633/2633/2633 2634/2634/2634
f 2635/2635/2635 2636/2636/2636 2637/2637/2637
f 2638/2638/2638 2639/2639/2639 2640/2640/2640
f 2641/2641/2641 2642/2642/2642 2643/2643/2643
f 2644/2644/2644 2645/2645/2645 2646/2646/2646
f 2647/2647/2647 2648/2648/2648 2649/2649/2649
f 2650/2650/2650 2651/2651/2651 2652/2652/2652
f 2653/2653/2653 2654/2654/2654 2655/2655/2655
f 2656/2656/2656 2657/2657/2657 2658/2658/2658
f 2659/2659/2659 2660/2660/2660 2661/2661/2661
f 2662/2662/2662 2663/2663/2663 2664/2664/2664
f 2665/2665/2665 2666/2666/2666 2667/2667/2667
f 2668/2668/2668 2669/2669/2669 2670/2670/2670
f 2671/2671/2671 2672/2672/2672 2673/2673/2673
f 2674/2674/2674 2675/2675/2675 2676/2676/2676
f 2677/2677/2677 2678/2678/2678 2679/2679/2679
f 2680/2680/2680 2681/2681/2681 2682/2682/2682
f 2683/2683/2683 2684/2684/2684 2685/2685/2685
f 2686/2686/2686 2687/2687/2687 2688/2688/2688
f 2689/2689/2689 2690/2690/2690 2691/2691/2691
f 2692/2692/2692 2693/2693/2693 2694/2694/2694
f 2695/2695/2695 2696/2696/2696 2697/2697/2697
f 2698/2698/2698 2699/2699/2699 2700/2700/2700
f 2701/2701/2701 2702/2702/2702 2703/2703/2703
f 2704/2704/2704 2705/2705/2705 2706/2706/2706
f 2707/2707/2707 2708/2708/2708 2709/2709/2709
f 2710/2710/2710 2711/2711/2711 2712/2712/2712
f 2713/2713/2713 2714/2714/2714 2715/2715/2715
f 2716/2716/2716 2717/2717/2717 2718/2718/2718
f 2719/2719/2719 2720/2720/2720 2721/2721/2721
f 2722/2722/2722 2723/2723/2723 2724/2724/2724
f 2725/2725/2725 2726/2726/2726 2727/2727/2727
f 2728/2728/2728 2729/2729/2729 2730/2730/2730
f 2731/2731/2731 2732/2732/2732 2733/2733/2733
f 2734/2734/2734 2735/2735/2735 2736/2736/2736
f 2737/2737/2737 2738/2738/2738 2739/2739/2739
f 2740/2740/2740 2741/2741/2741 2742/2742/2742
f 2743/2743/2743 2744/2744/2744 2745/2745/2745
f 2746/2746/2746 2747/2747/2747 2748/2748/2748
f 2749/2749/2749 2750/2750/2750 2751/2751/2751
f 2752/2752/2752 2753/2753/2753 2754/2754/2754
f 2755/2755/2755 2756/2756/2756 2757/2757/2757
f 2758/2758/2758 2759/2759/2759 2760/2760/2760
f 2761/2761/2761 2762/2762/2762 2763/2763/2763
f 2764/2764/2764 2765/2765/2765 2766/2766/2766
f 2767/2767/2767 2768/2768/2768 2769/2769/2769
f 2770/2770/2770 2771/2771/2771 2772/2772/2772
f 2773/2773/2773 2774/2774/2774 2775/2775/2775
f 2776/2776/2776 2777/2777/2777 2778/2778/2778
f 2779/2779/2779 2780/2780/2780 2781/2781/2781
f 2782/2782/2782 2783/2783/2783 2784/2784/2784
f 2785/2785/2785 2786/2786/2786 2787/2787/2787
f 2788/2788/2788 2789/2789/2789 2790/2790/2790
f 2791/2791/2791 2792/2792/2792 2793/2793/2793
f 2794/2794/2794 2795/2795/2795 2796/2796/2796
f 2797/2797/2797 2798/2798/2798 2799/2799/2799
f 2800/2800/2800 2801/2801/2801 2802/2802/2802
f 2803/2803/2803 2804/2804/2804 2805/2805/2805
f 2806/2806/2806 2807/2807/2807 2808/2808/2808
f 2809/2809/2809 2810/2810/2810 2811/2811/2811
f 2812/2812/2812 2813/2813/2813 2814/2814/2814
f 2815/2815/2815 2816/2816/2816 2817/2817/2817
f 2818/2818/2818 2819/2819/2819 2820/2820/2820
f 2821/2821/2821 2822/2822/2822 2823/2823/2823
f 2824/2824/2824 2825/2825/2825 2826/2826/2826
f 2827/2827/2827 2828/2828/2828 2829/2829/2829
f 2830/2830/2830 2831/2831/2831 2832/2832/2832
f 2833/2833/2833 2834/2834/2834 2835/2835/2835
f 2836/2836/2836 2837/2837/2837 2838/2838/2838
f 2839/2839/2839 2840/2840/2840 2841/2841/2841
f 2842/2842/2842 2843/2843/2843 2844/2844/2844
f 2845/2845/2845 2846/2846/2846 2847/2847/2847
f 2848/2848/2848 2849/2849/2849 2850/2850/2850
f 2851/2851/2851 2852/2852/2852 2853/2853/2853
f 2854/2854/2854 2855/2855/2855 2856/2856/2856
f 2857/2857/2857 2858/2858/2858 2859/2859/2859
f 2860/2860/2860 2861/2861/2861 2862/2862/2862
f 2863/2863/2863 2864/2864/2864 2865/2865/2865
f 2866/2866/2866 2867/2867/2867 2868/2868/2868
f 2869/2869/2869 2870/2870/2870 2871/2871/2871
f 2872/2872/2872 2873/2873/2873 2874/2874/2874
f 2875/2875/2875 2876/2876/2876 2877/2877/2877
f 2878/2878/2878 2879/2879/2879 2880/2880/2880
f 2881/2881/2881 2882/2882/2882 2883/2883/2883
f 2884/2884/2884 2885/2885/2885 2886/2886/2886
f 2887/2887/2887 2888/2888/2888 2889/2889/2889
f 2890/2890/2890 2891/2891/2891 2892/2892/2892
f 2893/2893/2893 2894/2894/2894 2895/2895/2895
f 2896/2896/2896 2897/2897/2897 2898/2898/2898
f 2899/2899/2899 2900/2900/2900 2901/2901/2901
f 2902/2902/2902 2903/2903/2903 2904/2904/2904
f 2905/2905/2905 2906/2906/2906 2907/2907/2907
f 2908/2908/2908 2909/2909/2909 2910/2910/2910
f 2911/2911/2911 2912/2912/2912 2913/2913/2913
f 2914/2914/2914 2915/2915/2915 2916/2916/2916
f 2917/2917/2917 2918/2918/2918 2919/2919/2919
f 2920/2920/2920 2921/2921/2921 2922/2922/2922
f 2923/2923/2923 2924/2924/2924 2925/2925/2925
f 2926/2926/2926 2927/2927/2927 2928/2928/2928
f 2929/2929/2929 2930/2930/2930 2931/2931/2931
f 2932/2932/2932 2933/2933/2933 2934/2934/2934
f 2935/2935/2935 2936/2936/2936 2937/2937/2937
f 2938/2938/2938 2939/2939/2939 2940/2940/2940
f 2941/2941/2941 2942/2942/2942 2943/2943/2943
f 2944/2944/2944 2945/2945/2945 2946/2946/2946
f 2947/2947/2947 2948/2948/2948 2949/2949/2949
f 2950/2950/2950 2951/2951/2951 2952/2952/2952
f 2953/2953/2953 2954/2954/2954 2955/2955/2955
f 2956/2956/2956 2957/2957/2957 2958/2958/2958
f 2959/2959/2959 2960/2960/2960 2961/2961/2961
f 2962/2962/2962 2963/2963/2963 2964/2964/2964
f 2965/2965/2965 2966/2966/2966 2967/2967/2967
f 2968/2968/2968 2969/2969/2969 2970/2970/2970
f 2971/2971/2971 2972/2972/2972 2973/2973/2973
f 2974/2974/2974 2975/2975/2975 2976/2976/2976
f 2977/2977/2977 2978/2978/2978 2979/2979/2979
f 2980/2980/2980 2981/2981/2981 2982/2982/2982
f 2983/2983/2983 2984/2984/2984 2985/2985/2985
f 2986/2986/2986 2987/2987/2987 2988/2988/2988
f 2989/2989/2989 2990/2990/2990 2991/2991/2991
f 2992/2992/2992 2993/2993/2993 2994/2994/2994
f 2995/2995/2995 2996/2996/2996 2997/2997/2997
f 2998/2998/2998 2999/2999/2999 3000/3000/3000
f 3001/3001/3001 3002/3002/3002 3003/3003/3003
f 3004/3004/3004 3005/3005/3005 3006/3006/3006
f 3007/3007/3007 3008/3008/3008 3009/3009/3009
f 3010/3010/3010 3011/3011/3011 3012/3012/3012
f 3013/3013/3013 3014/3014/3014 3015/3015/3015
f 3016/3016/3016 3017/3017/3017 3018/3018/3018
f 3019/3019/3019 3020/3020/3020 3021/3021/3021
f 3022/3022/3022 3023/3023/3023 3024/3024/3024
f 3025/3025/3025 3026/3026/3026 3027/3027/3027
f 3028/3028/3028 3029/3029/3029 3030/3030/3030
f 3031/3031/3031 3032/3032/3032 3033/3033/3033
f 3034/3034/3034 3035/3035/3035 3036/3036/3036
f 3037/3037/3037 3038/3038/3038 3039/3039/3039
f 3040/3040/3040 3041/3041/3041 3042/3042/3042
f 3043/3043/3043 3044/3044/3044 3045/3045/3045
f 3046/3046/3046 3047/3047/3047 3048/3048/3048
f 3049/3049/3049 3050/3050/3050 3051/3051/3051
f 3052/3052/3052 3053/3053/3053 3054/3054/3054
f 3055/3055/3055 3056/3056/3056 3057/3057/3057
f 3058/3058/3058 3059/3059/3059 3060/3060/3060
f 3061/3061/3061 3062/3062/3062 3063/3063/3063
f 3064/3064/3064 3065/3065/3065 3066/3066/3066
f 3067/3067/3067 3068/3068/3068 3069/3069/3069
f 3070/3070/3070 3071/3071/3071 3072/3072/3072
f 3073/3073/3073 3074/3074/3074 3075/3075/3075
f 3076/3076/3076 3077/3077/3077 3078/3078/3078
f 3079/3079/3079 3080/3080/3080 3081/3081/3081
f 3082/3082/3082 3083/3083/3083 3084/3084/3084
f 3085/3085/3085 3086/3086/3086 3087/3087/3087
f 3088/3088/3088 3089/3089/3089 3090/3090/3090
f 3091/3091/3091 3092/3092/3092 3093/3093/3093
f 3094/3094/3094 3095/3095/3095 3096/3096/3096
f 3097/3097/3097 3098/3098/3098 3099/3099/3099
f 3100/3100/3100 3101/3101/3101 3102/3102/3102
f 3103/3103/3103 3104/3104/3104 3105/3105/3105
f 3106/3106/3106 3107/3107/3107 3108/3108/3108
f 3109/3109/3109 3110/3110/3110 3111/3111/3111
f 3112/3112/3112 3113/3113/3113 3114/3114/3114
f 3115/3115/3115 3116/3116/3116 3117/3117/3117
f 3118/3118/3118 3119/3119/3119 3120/3120/3120
f 3121/3121/3121 3122/3122/3122 3123/3123/3123
f 3124/3124/3124 3125/3125/3125 3126/3126/3126
f 3127/3127/3127 3128/3128/3128 3129/3129/3129
f 3130/3130/3130 3131/3131/3131 3132/3132/3132
f 3133/3133/3133 3134/3134/3134 3135/3135/3135
f 3136/3136/3136 3137/3137/3137 3138/3138/3138
f 3139/3139/3139 3140/3140/3140 3141/3141/3141
f 3142/3142/3142 3143/3143/3143 3144/3144/3144
f 3145/3145/3145 3146/3146/3146 3147/3147/3147
f 3148/3148/3148 3149/3149/3149 3150/3150/3150
f 3151/3151/3151 3152/3152/3152 3153/3153/3153
f 3154/3154/3154 3155/3155/3155 3156/3156/3156
f 3157/3157/3157 3158/3158/3158 3159/3159/3159
f 3160/3160/3160 3161/3161/3161 3162/3162/3162
f 3163/3163/3163 3164/3164/3164 3165/3165/3165
f 3166/3166/3166 3167/3167/3167 3168/3168/3168
f 3169/3169/3169 3170/3170/3170 3171/3171/3171
f 3172/3172/3172 3173/3173/3173 3174/3174/3174
f 3175/3175/3175 3176/3176/3176 3177/3177/3177
f 3178/3178/3178 3179/3179/3179 3180/3180/3180
f 3181/3181/3181 3182/3182/3182 3183/3183/3183
