# Extracted game/assets/models/tunnel_chunk.obj
v 5.99019 7.31337 11.54530
v 6.31368 7.15666 10.64910
v 5.52281 6.90899 10.95680
v -0.29868 7.71374 11.79300
v -0.76684 7.08484 12.22170
v -0.05402 7.06181 12.32240
v -0.29868 7.71374 11.79300
v -0.05402 7.06181 12.32240
v 0.52512 7.30987 12.03330
v 0.40907 7.11114 4.10810
v 0.11233 7.07175 4.45470
v 0.44543 7.03163 4.53670
v 0.40907 7.11114 4.10810
v 0.44543 7.03163 4.53670
v 0.73553 6.94372 4.39050
v 2.27037 7.35087 4.08010
v 2.71345 7.27947 4.54130
v 2.85710 7.04899 4.18180
v 2.89792 7.48751 4.25960
v 2.46369 6.18224 4.75820
v 2.98347 6.98022 5.42290
v -1.23868 3.68524 2.99760
v -1.48305 3.91432 3.09140
v 1.26082 4.84551 3.41660
v -1.23868 3.68524 2.99760
v 1.26082 4.84551 3.41660
v -1.12106 3.48046 2.91520
v -1.12106 3.48046 2.91520
v 1.26082 4.84551 3.41660
v 1.22938 -0.63039 1.26660
v -1.12106 3.48046 2.91520
v 1.22938 -0.63039 1.26660
v -1.14466 -0.63039 1.30130
v -2.86433 3.91432 3.11160
v -3.11133 3.68524 3.02500
v -7.10733 4.84551 3.53890
v -7.10733 4.84551 3.53890
v -3.11133 3.68524 3.02500
v -3.23130 3.48046 2.94610
v -7.10733 4.84551 3.53890
v -3.23130 3.48046 2.94610
v -4.92951 -0.63039 1.35670
v -4.92951 -0.63039 1.35670
v -3.23130 3.48046 2.94610
v -3.25492 -0.63039 1.33220
v -2.05707 5.70383 11.07420
v 1.37209 5.70383 11.02410
v 1.32579 5.70383 7.85870
v -2.05707 5.70383 11.07420
v 1.32579 5.70383 7.85870
v -2.10338 5.70383 7.90880
v -2.10338 5.70383 7.90880
v 1.32579 5.70383 7.85870
v 1.27949 5.70383 4.69330
v -2.10338 5.70383 7.90880
v 1.27949 5.70383 4.69330
v -2.14968 5.70383 4.74340
v -2.14968 5.70383 4.74340
v 1.27949 5.70383 4.69330
v 1.26082 5.70382 3.41660
v -2.14968 5.70383 4.74340
v 1.26082 5.70382 3.41660
v -2.16834 5.70382 3.46670
v -1.12106 3.48046 2.91520
v -1.14466 -0.63039 1.30130
v -1.09455 -0.63039 4.72800
v -1.12106 3.48046 2.91520
v -1.09455 -0.63039 4.72800
v -1.09455 3.48046 4.72800
v -1.09455 3.48046 4.72800
v -1.09455 -0.63039 4.72800
v -1.04825 -0.63039 7.89340
v -1.09455 3.48046 4.72800
v -1.04825 -0.63039 7.89340
v -1.04825 3.48046 7.89340
v -1.04825 3.48046 7.89340
v -1.04825 -0.63039 7.89340
v -1.00195 -0.63039 11.05880
v -1.04825 3.48046 7.89340
v -1.00195 -0.63039 11.05880
v -1.00195 3.48046 11.05880
v -1.00195 3.48046 11.05880
v -1.00195 -0.63039 11.05880
v -0.95185 -0.63039 14.48550
v -1.00195 3.48046 11.05880
v -0.95185 -0.63039 14.48550
v -0.97544 3.48046 12.87160
v -3.20479 3.48046 4.75890
v -3.23130 3.48046 2.94610
v -3.08600 3.68524 4.75720
v -3.08600 3.68524 4.75720
v -3.23130 3.48046 2.94610
v -3.11133 3.68524 3.02500
v -3.08600 3.68524 4.75720
v -3.11133 3.68524 3.02500
v -2.84031 3.91432 4.75350
v -2.84031 3.91432 4.75350
v -3.11133 3.68524 3.02500
v -2.86433 3.91432 3.11160
v -2.84031 3.91432 4.75350
v -2.86433 3.91432 3.11160
v -2.54776 4.03564 4.74930
v -2.54776 4.03564 4.74930
v -2.86433 3.91432 3.11160
v -2.57108 4.03564 3.15480
v -2.54776 4.03564 4.74930
v -2.57108 4.03564 3.15480
v -2.14968 4.09041 4.74340
v -2.14968 4.09041 4.74340
v -2.57108 4.03564 3.15480
v -2.17269 4.09041 3.17010
v -2.14968 4.09041 4.74340
v -2.17269 4.09041 3.17010
v -1.75157 4.03564 4.73760
v -1.75157 4.03564 4.73760
v -2.17269 4.09041 3.17010
v -1.77488 4.03564 3.14320
v -1.75157 4.03564 4.73760
v -1.77488 4.03564 3.14320
v -1.45903 3.91432 4.73340
v -1.45903 3.91432 4.73340
v -1.77488 4.03564 3.14320
v -1.48305 3.91432 3.09140
v -1.45903 3.91432 4.73340
v -1.48305 3.91432 3.09140
v -1.21335 3.68524 4.72980
v -1.21335 3.68524 4.72980
v -1.48305 3.91432 3.09140
v -1.23868 3.68524 2.99760
v -1.21335 3.68524 4.72980
v -1.23868 3.68524 2.99760
v -1.09455 3.48046 4.72800
v -1.09455 3.48046 4.72800
v -1.23868 3.68524 2.99760
v -1.12106 3.48046 2.91520
v -1.00195 3.48046 11.05880
v -0.97544 3.48046 12.87160
v -1.12076 3.68524 11.06050
v -1.12076 3.68524 11.06050
v -0.97544 3.48046 12.87160
v -1.09542 3.68524 12.79270
v -1.12076 3.68524 11.06050
v -1.09542 3.68524 12.79270
v -1.36643 3.91432 11.06410
v -1.36643 3.91432 11.06410
v -1.09542 3.68524 12.79270
v -1.34242 3.91432 12.70610
v -1.36643 3.91432 11.06410
v -1.34242 3.91432 12.70610
v -1.65899 4.03564 11.06840
v -1.65899 4.03564 11.06840
v -1.34242 3.91432 12.70610
v -1.63568 4.03564 12.66290
v -1.65899 4.03564 11.06840
v -1.63568 4.03564 12.66290
v -2.05707 4.09041 11.07420
v -2.05707 4.09041 11.07420
v -1.63568 4.03564 12.66290
v -2.03406 4.09041 12.64750
v -2.05707 4.09041 11.07420
v -2.03406 4.09041 12.64750
v -2.45519 4.03564 11.08000
v -2.45519 4.03564 11.08000
v -2.03406 4.09041 12.64750
v -2.43186 4.03564 12.67450
v -2.45519 4.03564 11.08000
v -2.43186 4.03564 12.67450
v -2.74771 3.91432 11.08430
v -2.74771 3.91432 11.08430
v -2.43186 4.03564 12.67450
v -2.72371 3.91432 12.72630
v -2.74771 3.91432 11.08430
v -2.72371 3.91432 12.72630
v -2.99339 3.68524 11.08790
v -2.99339 3.68524 11.08790
v -2.72371 3.91432 12.72630
v -2.96807 3.68524 12.82010
v -2.99339 3.68524 11.08790
v -2.96807 3.68524 12.82010
v -3.11221 3.48046 11.08970
v -3.11221 3.48046 11.08970
v -2.96807 3.68524 12.82010
v -3.08570 3.48046 12.90240
v -3.25492 -0.63039 1.33220
v -3.23130 3.48046 2.94610
v -3.20479 3.48046 4.75890
v -3.25492 -0.63039 1.33220
v -3.20479 3.48046 4.75890
v -3.20479 -0.63039 4.75890
v -3.20479 -0.63039 4.75890
v -3.20479 3.48046 4.75890
v -3.15849 3.48046 7.92430
v -3.20479 -0.63039 4.75890
v -3.15849 3.48046 7.92430
v -3.15849 -0.63039 7.92430
v -3.15849 -0.63039 7.92430
v -3.15849 3.48046 7.92430
v -3.11221 3.48046 11.08970
v -3.15849 -0.63039 7.92430
v -3.11221 3.48046 11.08970
v -3.11221 -0.63039 11.08970
v -3.11221 -0.63039 11.08970
v -3.11221 3.48046 11.08970
v -3.08570 3.48046 12.90240
v -3.11221 -0.63039 11.08970
v -3.08570 3.48046 12.90240
v -3.06210 -0.63039 14.51630
v -6.99310 5.70383 11.14640
v -2.05707 5.70383 11.07420
v -7.04238 5.70383 7.98110
v -7.04238 5.70383 7.98110
v -2.05707 5.70383 11.07420
v -2.10338 5.70383 7.90880
v -7.04238 5.70383 7.98110
v -2.10338 5.70383 7.90880
v -2.14968 5.70383 4.74340
v 7.04923 5.70382 3.33190
v 1.26082 5.70382 3.41660
v 1.27949 5.70383 4.69330
v 7.04923 5.70382 3.33190
v 1.27949 5.70383 4.69330
v 7.34647 5.70383 4.60460
v 7.34647 5.70383 4.60460
v 1.27949 5.70383 4.69330
v 1.32579 5.70383 7.85870
v 7.34647 5.70383 4.60460
v 1.32579 5.70383 7.85870
v 7.39276 5.70383 7.77000
v 7.39276 5.70383 7.77000
v 1.32579 5.70383 7.85870
v 1.37209 5.70383 11.02410
v 7.39276 5.70383 7.77000
v 1.37209 5.70383 11.02410
v 7.43907 5.70383 10.93530
v -7.04238 5.70383 7.98110
v -2.14968 5.70383 4.74340
v -7.16361 5.70383 4.81680
v -7.16361 5.70383 4.81680
v -2.14968 5.70383 4.74340
v -2.16834 5.70382 3.46670
v -7.16361 5.70383 4.81680
v -2.16834 5.70382 3.46670
v -7.10733 5.70382 3.53890
v 2.00886 1.47583 0.44320
v 3.05050 1.47583 0.42800
v 2.00641 1.47583 0.27620
v 2.00641 1.47583 0.27620
v 3.05050 1.47583 0.42800
v 3.04806 1.47583 0.26100
v 2.00641 1.47583 0.27620
v 3.04806 1.47583 0.26100
v 2.00641 1.07356 0.27620
v 2.00641 1.07356 0.27620
v 3.04806 1.47583 0.26100
v 3.04806 1.07356 0.26100
v 2.00641 1.07356 0.27620
v 3.04806 1.07356 0.26100
v 2.00886 1.07356 0.44320
v 2.00886 1.07356 0.44320
v 3.04806 1.07356 0.26100
v 3.05050 1.07356 0.42800
v 0.98498 1.07356 0.29110
v 0.98742 1.07356 0.45820
v 0.98498 1.47583 0.29110
v 0.98498 1.47583 0.29110
v 0.98742 1.07356 0.45820
v 0.98742 1.47583 0.45820
v 3.05050 1.07356 0.42800
v 3.04806 1.07356 0.26100
v 3.05050 1.47583 0.42800
v 3.05050 1.47583 0.42800
v 3.04806 1.07356 0.26100
v 3.04806 1.47583 0.26100
v 1.41911 0.19294 0.45460
v 1.17741 0.19294 0.45810
v 1.49104 1.58605 0.45350
v 1.49104 1.58605 0.45350
v 1.17741 0.19294 0.45810
v 1.24972 1.59521 0.45710
v 1.49104 1.58605 0.45350
v 1.24972 1.59521 0.45710
v 1.49278 1.58605 0.57230
v 1.49278 1.58605 0.57230
v 1.24972 1.59521 0.45710
v 1.25145 1.59521 0.57590
v 1.41911 0.19294 0.45460
v 1.49104 1.58605 0.45350
v 1.42087 0.19503 0.56990
v 1.42087 0.19503 0.56990
v 1.49104 1.58605 0.45350
v 1.49278 1.58605 0.57230
v 1.25937 1.00982 0.56380
v 1.42837 1.00656 0.56460
v 1.26146 0.19294 1.39440
v 1.26146 0.19294 1.39440
v 1.42837 1.00656 0.56460
v 1.43041 0.19294 1.39200
v 1.43041 0.19294 1.39200
v 1.42837 1.00656 0.56460
v 1.43287 0.19294 1.56000
v 1.43287 0.19294 1.56000
v 1.42837 1.00656 0.56460
v 1.42832 1.17856 0.56060
v 2.84322 0.19294 0.43380
v 2.60145 0.19294 0.43730
v 2.74844 1.66088 0.43520
v 2.74844 1.66088 0.43520
v 2.60145 0.19294 0.43730
v 2.50724 1.64928 0.43870
v 2.74844 1.66088 0.43520
v 2.50724 1.64928 0.43870
v 2.75018 1.66088 0.55390
v 2.75018 1.66088 0.55390
v 2.50724 1.64928 0.43870
v 2.50898 1.64928 0.55750
v 2.84322 0.19294 0.43380
v 2.74844 1.66088 0.43520
v 2.84447 0.20043 0.54380
v 2.84447 0.20043 0.54380
v 2.74844 1.66088 0.43520
v 2.75018 1.66088 0.55390
v 2.58135 1.05076 0.54440
v 2.75032 1.05569 0.54520
v 2.60696 0.19294 1.37480
v 2.60696 0.19294 1.37480
v 2.75032 1.05569 0.54520
v 2.77592 0.19294 1.37230
v 2.77592 0.19294 1.37230
v 2.75032 1.05569 0.54520
v 2.77836 0.19294 1.54030
v 2.77836 0.19294 1.54030
v 2.75032 1.05569 0.54520
v 2.74192 1.22749 0.54130
v 1.17741 0.19294 0.45810
v 1.17928 0.19960 0.56890
v 1.24972 1.59521 0.45710
v 1.24972 1.59521 0.45710
v 1.17928 0.19960 0.56890
v 1.25145 1.59521 0.57590
v 1.26391 0.19294 1.56240
v 1.43287 0.19294 1.56000
v 1.25936 1.17856 0.56300
v 1.25936 1.17856 0.56300
v 1.43287 0.19294 1.56000
v 1.42832 1.17856 0.56060
v 1.26146 0.19294 1.39440
v 1.26391 0.19294 1.56240
v 1.25937 1.00982 0.56380
v 1.25937 1.00982 0.56380
v 1.26391 0.19294 1.56240
v 1.25936 1.17856 0.56300
v 2.60145 0.19294 0.43730
v 2.60305 0.19463 0.55300
v 2.50724 1.64928 0.43870
v 2.50724 1.64928 0.43870
v 2.60305 0.19463 0.55300
v 2.50898 1.64928 0.55750
v 2.60941 0.19294 1.54280
v 2.77836 0.19294 1.54030
v 2.57316 1.21930 0.54380
v 2.57316 1.21930 0.54380
v 2.77836 0.19294 1.54030
v 2.74192 1.22749 0.54130
v 2.60696 0.19294 1.37480
v 2.60941 0.19294 1.54280
v 2.58135 1.05076 0.54440
v 2.58135 1.05076 0.54440
v 2.60941 0.19294 1.54280
v 2.57316 1.21930 0.54380
v 1.13260 0.20867 1.64520
v 2.91987 0.20867 1.61900
v 1.11053 0.20867 0.13650
v 1.11053 0.20867 0.13650
v 2.91987 0.20867 1.61900
v 2.89781 0.20867 0.11040
v 2.91987 0.20867 1.61900
v 3.00670 -0.01507 1.61770
v 2.98463 -0.01507 0.10910
v 2.91987 0.20867 1.61900
v 2.98463 -0.01507 0.10910
v 2.89781 0.20867 0.11040
v 2.89781 0.20867 0.11040
v 2.98463 -0.01507 0.10910
v 1.02371 -0.01507 0.13780
v 2.89781 0.20867 0.11040
v 1.02371 -0.01507 0.13780
v 1.11053 0.20867 0.13650
v 1.11053 0.20867 0.13650
v 1.02371 -0.01507 0.13780
v 1.04577 -0.01507 1.64640
v 1.11053 0.20867 0.13650
v 1.04577 -0.01507 1.64640
v 1.13260 0.20867 1.64520
v -0.10141 1.47583 0.47410
v 0.94024 1.47583 0.45890
v -0.10385 1.47583 0.30710
v -0.10385 1.47583 0.30710
v 0.94024 1.47583 0.45890
v 0.93780 1.47583 0.29180
v -0.10385 1.47583 0.30710
v 0.93780 1.47583 0.29180
v -0.10385 1.07356 0.30710
v -0.10385 1.07356 0.30710
v 0.93780 1.47583 0.29180
v 0.93780 1.07356 0.29180
v -0.10385 1.07356 0.30710
v 0.93780 1.07356 0.29180
v -0.10141 1.07356 0.47410
v -0.10141 1.07356 0.47410
v 0.93780 1.07356 0.29180
v 0.94024 1.07356 0.45890
v -1.12528 1.07356 0.32200
v -1.12284 1.07356 0.48900
v -1.12528 1.47583 0.32200
v -1.12528 1.47583 0.32200
v -1.12284 1.07356 0.48900
v -1.12284 1.47583 0.48900
v 0.94024 1.07356 0.45890
v 0.93780 1.07356 0.29180
v 0.94024 1.47583 0.45890
v 0.94024 1.47583 0.45890
v 0.93780 1.07356 0.29180
v 0.93780 1.47583 0.29180
v -0.69115 0.19294 0.48550
v -0.93283 0.19294 0.48900
v -0.61922 1.58605 0.48440
v -0.61922 1.58605 0.48440
v -0.93283 0.19294 0.48900
v -0.86054 1.59521 0.48790
v -0.61922 1.58605 0.48440
v -0.86054 1.59521 0.48790
v -0.61749 1.58605 0.60320
v -0.61749 1.58605 0.60320
v -0.86054 1.59521 0.48790
v -0.85881 1.59521 0.60670
v -0.69115 0.19294 0.48550
v -0.61922 1.58605 0.48440
v -0.68939 0.19503 0.60080
v -0.68939 0.19503 0.60080
v -0.61922 1.58605 0.48440
v -0.61749 1.58605 0.60320
v -0.85089 1.00982 0.59460
v -0.68189 1.00656 0.59540
v -0.84881 0.19294 1.42530
v -0.84881 0.19294 1.42530
v -0.68189 1.00656 0.59540
v -0.67985 0.19294 1.42280
v -0.67985 0.19294 1.42280
v -0.68189 1.00656 0.59540
v -0.67739 0.19294 1.59080
v -0.67739 0.19294 1.59080
v -0.68189 1.00656 0.59540
v -0.68195 1.17856 0.59140
v 0.49279 0.19463 0.58390
v 0.73421 0.20043 0.57460
v 0.39872 1.64928 0.58830
v 0.39872 1.64928 0.58830
v 0.73421 0.20043 0.57460
v 0.63994 1.66088 0.58480
v 0.73296 0.19294 0.46460
v 0.49116 0.19294 0.46820
v 0.63820 1.66088 0.46600
v 0.63820 1.66088 0.46600
v 0.49116 0.19294 0.46820
v 0.39698 1.64928 0.46950
v 0.63820 1.66088 0.46600
v 0.39698 1.64928 0.46950
v 0.63994 1.66088 0.58480
v 0.63994 1.66088 0.58480
v 0.39698 1.64928 0.46950
v 0.39872 1.64928 0.58830
v 0.73296 0.19294 0.46460
v 0.63820 1.66088 0.46600
v 0.73421 0.20043 0.57460
v 0.73421 0.20043 0.57460
v 0.63820 1.66088 0.46600
v 0.63994 1.66088 0.58480
v 0.47111 1.05076 0.57530
v 0.64007 1.05569 0.57610
v 0.49670 0.19294 1.40560
v 0.49670 0.19294 1.40560
v 0.64007 1.05569 0.57610
v 0.66566 0.19294 1.40320
v 0.66566 0.19294 1.40320
v 0.64007 1.05569 0.57610
v 0.66812 0.19294 1.57110
v 0.66812 0.19294 1.57110
v 0.64007 1.05569 0.57610
v 0.63167 1.22749 0.57220
v -0.93283 0.19294 0.48900
v -0.93096 0.19960 0.59980
v -0.86054 1.59521 0.48790
v -0.86054 1.59521 0.48790
v -0.93096 0.19960 0.59980
v -0.85881 1.59521 0.60670
v -0.84635 0.19294 1.59330
v -0.67739 0.19294 1.59080
v -0.85090 1.17856 0.59390
v -0.85090 1.17856 0.59390
v -0.67739 0.19294 1.59080
v -0.68195 1.17856 0.59140
v -0.84881 0.19294 1.42530
v -0.84635 0.19294 1.59330
v -0.85089 1.00982 0.59460
v -0.85089 1.00982 0.59460
v -0.84635 0.19294 1.59330
v -0.85090 1.17856 0.59390
v 0.49116 0.19294 0.46820
v 0.49279 0.19463 0.58390
v 0.39698 1.64928 0.46950
v 0.39698 1.64928 0.46950
v 0.49279 0.19463 0.58390
v 0.39872 1.64928 0.58830
v 0.49917 0.19294 1.57360
v 0.66812 0.19294 1.57110
v 0.46290 1.21930 0.57470
v 0.46290 1.21930 0.57470
v 0.66812 0.19294 1.57110
v 0.63167 1.22749 0.57220
v 0.49670 0.19294 1.40560
v 0.49917 0.19294 1.57360
v 0.47111 1.05076 0.57530
v 0.47111 1.05076 0.57530
v 0.49917 0.19294 1.57360
v 0.46290 1.21930 0.57470
v -0.97766 0.20867 1.67600
v 0.80963 0.20867 1.64990
v -0.99971 0.20867 0.16740
v -0.99971 0.20867 0.16740
v 0.80963 0.20867 1.64990
v 0.78757 0.20867 0.14130
v 0.80963 0.20867 1.64990
v 0.89645 -0.01507 1.64860
v 0.87438 -0.01507 0.14000
v 0.80963 0.20867 1.64990
v 0.87438 -0.01507 0.14000
v 0.78757 0.20867 0.14130
v 0.78757 0.20867 0.14130
v 0.87438 -0.01507 0.14000
v -1.08653 -0.01507 0.16870
v 0.78757 0.20867 0.14130
v -1.08653 -0.01507 0.16870
v -0.99971 0.20867 0.16740
v -0.99971 0.20867 0.16740
v -1.08653 -0.01507 0.16870
v -1.06447 -0.01507 1.67730
v -0.99971 0.20867 0.16740
v -1.06447 -0.01507 1.67730
v -0.97766 0.20867 1.67600
v 2.71991 -0.00004 0.87300
v 2.71526 -0.00004 0.55640
v 2.67660 0.06478 0.87360
v 2.67660 0.06478 0.87360
v 2.71526 -0.00004 0.55640
v 2.67197 0.06478 0.55710
v 6.95240 5.30159 9.38590
v 6.17779 5.30159 8.53390
v 6.93949 6.38802 8.95920
v 6.93949 6.38802 8.95920
v 6.17779 5.30159 8.53390
v 5.82776 6.38802 8.23960
v 6.93949 6.38802 8.95920
v 5.82776 6.38802 8.23960
v 6.35911 7.79433 8.70930
v 6.35911 7.79433 8.70930
v 5.82776 6.38802 8.23960
v 5.21854 7.79433 8.42580
v 6.35911 7.79433 8.70930
v 5.21854 7.79433 8.42580
v 5.43152 8.64484 9.00490
v 5.43152 8.64484 9.00490
v 5.21854 7.79433 8.42580
v 4.80008 8.64484 9.21570
v 5.43152 8.64484 9.00490
v 4.80008 8.64484 9.21570
v 5.40479 8.90088 9.78540
v 6.17779 5.30159 8.53390
v 4.95036 5.30159 8.41490
v 5.82776 6.38802 8.23960
v 5.82776 6.38802 8.23960
v 4.95036 5.30159 8.41490
v 4.46824 6.38802 8.42540
v 5.82776 6.38802 8.23960
v 4.46824 6.38802 8.42540
v 5.21854 7.79433 8.42580
v 5.21854 7.79433 8.42580
v 4.46824 6.38802 8.42540
v 4.18707 7.79433 8.93860
v 5.21854 7.79433 8.42580
v 4.18707 7.79433 8.93860
v 4.80008 8.64484 9.21570
v 4.80008 8.64484 9.21570
v 4.18707 7.79433 8.93860
v 4.52286 8.64484 9.76020
v 4.80008 8.64484 9.21570
v 4.52286 8.64484 9.76020
v 5.40479 8.90088 9.78540
v 4.95036 5.30159 8.41490
v 3.98913 5.30159 9.09870
v 4.46824 6.38802 8.42540
v 4.46824 6.38802 8.42540
v 3.98913 5.30159 9.09870
v 3.65735 6.38802 9.40800
v 4.46824 6.38802 8.42540
v 3.65735 6.38802 9.40800
v 4.18707 7.79433 8.93860
v 4.18707 7.79433 8.93860
v 3.65735 6.38802 9.40800
v 3.86892 7.79433 9.94750
v 4.18707 7.79433 8.93860
v 3.86892 7.79433 9.94750
v 4.52286 8.64484 9.76020
v 4.52286 8.64484 9.76020
v 3.86892 7.79433 9.94750
v 4.76229 8.64484 10.31940
v 4.52286 8.64484 9.76020
v 4.76229 8.64484 10.31940
v 5.40479 8.90088 9.78540
v 5.43152 8.64484 9.00490
v 5.40479 8.90088 9.78540
v 6.04729 8.64484 9.25130
v 5.43152 8.64484 9.00490
v 6.04729 8.64484 9.25130
v 6.35911 7.79433 8.70930
v 6.35911 7.79433 8.70930
v 6.04729 8.64484 9.25130
v 6.94066 7.79433 9.62330
v 6.35911 7.79433 8.70930
v 6.94066 7.79433 9.62330
v 6.93949 6.38802 8.95920
v 6.93949 6.38802 8.95920
v 6.94066 7.79433 9.62330
v 7.15224 6.38802 10.16280
v 6.93949 6.38802 8.95920
v 7.15224 6.38802 10.16280
v 6.95240 5.30159 9.38590
v 3.65735 6.38802 9.40800
v 3.87008 6.38802 10.61150
v 3.86892 7.79433 9.94750
v 3.86892 7.79433 9.94750
v 3.87008 6.38802 10.61150
v 4.45046 7.79433 10.86140
v 3.86892 7.79433 9.94750
v 4.45046 7.79433 10.86140
v 4.76229 8.64484 10.31940
v 4.76229 8.64484 10.31940
v 4.45046 7.79433 10.86140
v 5.37806 8.64484 10.56590
v 4.76229 8.64484 10.31940
v 5.37806 8.64484 10.56590
v 5.40479 8.90088 9.78540
v 3.87008 6.38802 10.61150
v 4.98182 6.62373 11.33120
v 4.45046 7.79433 10.86140
v 4.45046 7.79433 10.86140
v 4.98182 6.62373 11.33120
v 5.59103 7.79433 11.14500
v 4.45046 7.79433 10.86140
v 5.59103 7.79433 11.14500
v 5.37806 8.64484 10.56590
v 5.37806 8.64484 10.56590
v 5.59103 7.79433 11.14500
v 6.00949 8.64484 10.35510
v 5.37806 8.64484 10.56590
v 6.00949 8.64484 10.35510
v 5.40479 8.90088 9.78540
v 4.98182 6.62373 11.33120
v 6.34133 6.62373 11.14530
v 5.59103 7.79433 11.14500
v 5.59103 7.79433 11.14500
v 6.34133 6.62373 11.14530
v 6.62250 7.79433 10.63210
v 5.59103 7.79433 11.14500
v 6.62250 7.79433 10.63210
v 6.00949 8.64484 10.35510
v 6.00949 8.64484 10.35510
v 6.62250 7.79433 10.63210
v 6.28671 8.64484 9.81060
v 6.00949 8.64484 10.35510
v 6.28671 8.64484 9.81060
v 5.40479 8.90088 9.78540
v 6.34133 6.62373 11.14530
v 7.15224 6.38802 10.16280
v 6.62250 7.79433 10.63210
v 6.62250 7.79433 10.63210
v 7.15224 6.38802 10.16280
v 6.94066 7.79433 9.62330
v 6.62250 7.79433 10.63210
v 6.94066 7.79433 9.62330
v 6.28671 8.64484 9.81060
v 6.28671 8.64484 9.81060
v 6.94066 7.79433 9.62330
v 6.04729 8.64484 9.25130
v 6.28671 8.64484 9.81060
v 6.04729 8.64484 9.25130
v 5.40479 8.90088 9.78540
v 5.99019 7.31337 11.54530
v 6.47447 7.41595 11.41920
v 6.31368 7.15666 10.64910
v 6.31368 7.15666 10.64910
v 6.47447 7.41595 11.41920
v 7.18934 7.02634 10.82160
v 6.31368 7.15666 10.64910
v 7.18934 7.02634 10.82160
v 6.78567 6.51300 9.95870
v 6.78567 6.51300 9.95870
v 7.18934 7.02634 10.82160
v 7.63978 5.93969 10.39390
v 6.78567 6.51300 9.95870
v 7.63978 5.93969 10.39390
v 7.05906 5.45717 9.59900
v 7.05906 5.45717 9.59900
v 7.63978 5.93969 10.39390
v 7.65465 5.05533 10.11360
v 6.47447 7.41595 11.41920
v 6.94734 7.30125 11.56850
v 7.18934 7.02634 10.82160
v 7.18934 7.02634 10.82160
v 6.94734 7.30125 11.56850
v 7.63685 6.59437 11.37310
v 7.18934 7.02634 10.82160
v 7.63685 6.59437 11.37310
v 7.63978 5.93969 10.39390
v 7.63978 5.93969 10.39390
v 7.63685 6.59437 11.37310
v 7.80465 5.36865 11.11950
v 7.63978 5.93969 10.39390
v 7.80465 5.36865 11.11950
v 7.65465 5.05533 10.11360
v 3.06464 7.24034 11.32710
v 3.54007 7.41884 11.36610
v 3.76346 7.17239 10.60480
v 3.76346 7.17239 10.60480
v 3.54007 7.41884 11.36610
v 4.63582 7.16704 10.82090
v 3.76346 7.17239 10.60480
v 4.63582 7.16704 10.82090
v 4.60718 6.63819 10.13320
v 2.78497 6.93896 11.56800
v 3.06464 7.24034 11.32710
v 2.96037 6.79762 10.63740
v 2.96037 6.79762 10.63740
v 3.06464 7.24034 11.32710
v 3.76346 7.17239 10.60480
v 2.96037 6.79762 10.63740
v 3.76346 7.17239 10.60480
v 3.62561 6.38607 9.89650
v 3.62561 6.38607 9.89650
v 3.76346 7.17239 10.60480
v 4.60718 6.63819 10.13320
v 3.54007 7.41884 11.36610
v 3.93277 7.36991 11.66200
v 4.63582 7.16704 10.82090
v 4.63582 7.16704 10.82090
v 3.93277 7.36991 11.66200
v 4.78190 6.78470 11.72260
v 4.63582 7.16704 10.82090
v 4.78190 6.78470 11.72260
v 5.27302 6.17858 10.82440
v 3.55758 5.59467 8.97520
v 2.61658 6.03466 8.39800
v 3.30859 7.17272 8.96280
v 3.30859 7.17272 8.96280
v 2.61658 6.03466 8.39800
v 2.10106 7.27265 8.59290
v 3.30859 7.17272 8.96280
v 2.10106 7.27265 8.59290
v 2.58887 8.44857 9.28610
v 2.58887 8.44857 9.28610
v 2.10106 7.27265 8.59290
v 1.47925 8.37647 9.32080
v 2.58887 8.44857 9.28610
v 1.47925 8.37647 9.32080
v 1.74509 9.11204 10.08560
v 1.74509 9.11204 10.08560
v 1.47925 8.37647 9.32080
v 1.23530 8.93091 10.43980
v 1.74509 9.11204 10.08560
v 1.23530 8.93091 10.43980
v 1.91540 9.08631 10.89130
v 2.61658 6.03466 8.39800
v 1.47538 5.64985 8.60500
v 2.10106 7.27265 8.59290
v 2.10106 7.27265 8.59290
v 1.47538 5.64985 8.60500
v 0.92731 6.74982 9.11140
v 2.10106 7.27265 8.59290
v 0.92731 6.74982 9.11140
v 1.47925 8.37647 9.32080
v 1.47925 8.37647 9.32080
v 0.92731 6.74982 9.11140
v 0.69436 8.01585 10.05290
v 1.47925 8.37647 9.32080
v 0.69436 8.01585 10.05290
v 1.23530 8.93091 10.43980
v 1.23530 8.93091 10.43980
v 0.69436 8.01585 10.05290
v 1.13991 8.67783 11.00700
v 1.23530 8.93091 10.43980
v 1.13991 8.67783 11.00700
v 1.91540 9.08631 10.89130
v 1.47538 5.64985 8.60500
v 0.80247 5.23471 9.47480
v 0.92731 6.74982 9.11140
v 0.92731 6.74982 9.11140
v 0.80247 5.23471 9.47480
v 0.47490 6.24386 10.21470
v 0.92731 6.74982 9.11140
v 0.47490 6.24386 10.21470
v 0.69436 8.01585 10.05290
v 0.69436 8.01585 10.05290
v 0.47490 6.24386 10.21470
v 0.69401 7.57794 11.05370
v 0.69436 8.01585 10.05290
v 0.69401 7.57794 11.05370
v 1.13991 8.67783 11.00700
v 1.13991 8.67783 11.00700
v 0.69401 7.57794 11.05370
v 1.51483 8.50105 11.45500
v 1.13991 8.67783 11.00700
v 1.51483 8.50105 11.45500
v 1.91540 9.08631 10.89130
v 3.74715 5.15667 9.99840
v 3.55758 5.59467 8.97520
v 3.84253 6.50859 10.00450
v 3.84253 6.50859 10.00450
v 3.55758 5.59467 8.97520
v 3.30859 7.17272 8.96280
v 3.84253 6.50859 10.00450
v 3.30859 7.17272 8.96280
v 3.37326 8.18991 9.96920
v 3.37326 8.18991 9.96920
v 3.30859 7.17272 8.96280
v 2.58887 8.44857 9.28610
v 3.37326 8.18991 9.96920
v 2.58887 8.44857 9.28610
v 2.37069 9.11513 10.15190
v 2.37069 9.11513 10.15190
v 2.58887 8.44857 9.28610
v 1.74509 9.11204 10.08560
v 2.37069 9.11513 10.15190
v 1.74509 9.11204 10.08560
v 1.91540 9.08631 10.89130
v 0.47490 6.24386 10.21470
v 1.00884 6.05114 11.25640
v 0.69401 7.57794 11.05370
v 0.69401 7.57794 11.05370
v 1.00884 6.05114 11.25640
v 1.47839 7.31928 11.73680
v 0.69401 7.57794 11.05370
v 1.47839 7.31928 11.73680
v 1.51483 8.50105 11.45500
v 1.51483 8.50105 11.45500
v 1.47839 7.31928 11.73680
v 2.14043 8.50415 11.52120
v 1.51483 8.50105 11.45500
v 2.14043 8.50415 11.52120
v 1.91540 9.08631 10.89130
v 2.37069 9.11513 10.15190
v 1.91540 9.08631 10.89130
v 2.74560 8.93836 10.59980
v 2.37069 9.11513 10.15190
v 2.74560 8.93836 10.59980
v 3.37326 8.18991 9.96920
v 3.37326 8.18991 9.96920
v 2.74560 8.93836 10.59980
v 3.37289 7.75200 10.97000
v 3.37326 8.18991 9.96920
v 3.37289 7.75200 10.97000
v 3.84253 6.50859 10.00450
v 1.47839 7.31928 11.73680
v 2.58802 7.39138 11.70210
v 2.14043 8.50415 11.52120
v 2.14043 8.50415 11.52120
v 2.58802 7.39138 11.70210
v 2.65023 8.68528 11.16700
v 2.14043 8.50415 11.52120
v 2.65023 8.68528 11.16700
v 1.91540 9.08631 10.89130
v 2.58802 7.39138 11.70210
v 3.37289 7.75200 10.97000
v 2.65023 8.68528 11.16700
v 2.65023 8.68528 11.16700
v 3.37289 7.75200 10.97000
v 2.74560 8.93836 10.59980
v 2.65023 8.68528 11.16700
v 2.74560 8.93836 10.59980
v 1.91540 9.08631 10.89130
v 1.37488 5.76812 9.39670
v 0.30060 6.11485 8.81110
v 1.15216 6.81834 9.61480
v 1.15216 6.81834 9.61480
v 0.30060 6.11485 8.81110
v -0.22481 7.02095 9.20050
v 1.15216 6.81834 9.61480
v -0.22481 7.02095 9.20050
v 0.39944 7.71518 10.12690
v 0.39944 7.71518 10.12690
v -0.22481 7.02095 9.20050
v -0.86427 7.65651 10.08680
v 0.39944 7.71518 10.12690
v -0.86427 7.65651 10.08680
v -0.51050 7.98736 10.99150
v -0.51050 7.98736 10.99150
v -0.86427 7.65651 10.08680
v -1.08962 7.73930 11.28060
v -0.51050 7.98736 10.99150
v -1.08962 7.73930 11.28060
v -0.29868 7.71374 11.79300
v 0.30060 6.11485 8.81110
v -0.99833 5.70684 8.92550
v -0.22481 7.02095 9.20050
v -0.22481 7.02095 9.20050
v -0.99833 5.70684 8.92550
v -1.55947 6.40822 9.59620
v -0.22481 7.02095 9.20050
v -1.55947 6.40822 9.59620
v -0.86427 7.65651 10.08680
v -0.86427 7.65651 10.08680
v -1.55947 6.40822 9.59620
v -1.75508 7.15248 10.70180
v -0.86427 7.65651 10.08680
v -1.75508 7.15248 10.70180
v -1.08962 7.73930 11.28060
v -1.08962 7.73930 11.28060
v -1.75508 7.15248 10.70180
v -1.19581 7.36546 11.79020
v -1.08962 7.73930 11.28060
v -1.19581 7.36546 11.79020
v -0.29868 7.71374 11.79300
v -0.99833 5.70684 8.92550
v -1.76103 5.11644 9.67300
v -1.55947 6.40822 9.59620
v -1.55947 6.40822 9.59620
v -1.76103 5.11644 9.67300
v -2.06999 5.67240 10.57010
v -1.55947 6.40822 9.59620
v -2.06999 5.67240 10.57010
v -1.75508 7.15248 10.70180
v -1.75508 7.15248 10.70180
v -2.06999 5.67240 10.57010
v -1.75117 6.49836 11.61160
v -1.75508 7.15248 10.70180
v -1.75117 6.49836 11.61160
v -1.19581 7.36546 11.79020
v -1.19581 7.36546 11.79020
v -1.75117 6.49836 11.61160
v -0.76684 7.08484 12.22170
v -1.19581 7.36546 11.79020
v -0.76684 7.08484 12.22170
v -0.29868 7.71374 11.79300
v -0.51050 7.98736 10.99150
v -0.29868 7.71374 11.79300
v 0.20234 7.96433 11.09220
v -0.51050 7.98736 10.99150
v 0.20234 7.96433 11.09220
v 0.39944 7.71518 10.12690
v 0.39944 7.71518 10.12690
v 0.20234 7.96433 11.09220
v 1.29577 7.29414 10.79870
v 0.39944 7.71518 10.12690
v 1.29577 7.29414 10.79870
v 1.15216 6.81834 9.61480
v 1.29971 6.64001 11.70860
v 0.63130 7.68371 11.52370
v 0.52512 7.30987 12.03330
v 0.52512 7.30987 12.03330
v 0.63130 7.68371 11.52370
v -0.29868 7.71374 11.79300
v 1.29971 6.64001 11.70860
v 1.29577 7.29414 10.79870
v 0.63130 7.68371 11.52370
v 0.63130 7.68371 11.52370
v 1.29577 7.29414 10.79870
v 0.20234 7.96433 11.09220
v 0.63130 7.68371 11.52370
v 0.20234 7.96433 11.09220
v -0.29868 7.71374 11.79300
v -1.86182 5.83610 10.43460
v -1.95484 6.05952 9.48690
v -1.60301 6.70064 10.30120
v -1.60301 6.70064 10.30120
v -1.95484 6.05952 9.48690
v -2.01873 6.96101 9.30940
v -1.60301 6.70064 10.30120
v -2.01873 6.96101 9.30940
v -1.85930 7.69576 10.07400
v -1.85930 7.69576 10.07400
v -2.01873 6.96101 9.30940
v -2.54079 7.90840 9.38930
v -1.85930 7.69576 10.07400
v -2.54079 7.90840 9.38930
v -2.68586 8.44085 10.04650
v -2.68586 8.44085 10.04650
v -2.54079 7.90840 9.38930
v -3.26937 8.51451 9.93650
v -2.68586 8.44085 10.04650
v -3.26937 8.51451 9.93650
v -3.13638 8.54275 10.64990
v -1.95484 6.05952 9.48690
v -2.79263 6.26604 8.88630
v -2.01873 6.96101 9.30940
v -2.01873 6.96101 9.30940
v -2.79263 6.26604 8.88630
v -3.12480 7.15171 8.87660
v -2.01873 6.96101 9.30940
v -3.12480 7.15171 8.87660
v -2.54079 7.90840 9.38930
v -2.54079 7.90840 9.38930
v -3.12480 7.15171 8.87660
v -3.58849 8.00853 9.33310
v -2.54079 7.90840 9.38930
v -3.58849 8.00853 9.33310
v -3.26937 8.51451 9.93650
v -3.26937 8.51451 9.93650
v -3.58849 8.00853 9.33310
v -3.77897 8.49270 10.21900
v -3.26937 8.51451 9.93650
v -3.77897 8.49270 10.21900
v -3.13638 8.54275 10.64990
v -2.79263 6.26604 8.88630
v -3.88445 6.33469 8.98460
v -3.12480 7.15171 8.87660
v -3.12480 7.15171 8.87660
v -3.88445 6.33469 8.98460
v -4.27331 7.16102 9.25630
v -3.12480 7.15171 8.87660
v -4.27331 7.16102 9.25630
v -3.58849 8.00853 9.33310
v -3.58849 8.00853 9.33310
v -4.27331 7.16102 9.25630
v -4.38865 7.93750 9.93830
v -3.58849 8.00853 9.33310
v -4.38865 7.93750 9.93830
v -3.77897 8.49270 10.21900
v -3.77897 8.49270 10.21900
v -4.38865 7.93750 9.93830
v -3.91616 8.38819 10.72840
v -3.77897 8.49270 10.21900
v -3.91616 8.38819 10.72840
v -3.13638 8.54275 10.64990
v -2.68586 8.44085 10.04650
v -3.13638 8.54275 10.64990
v -2.37028 8.31487 10.48440
v -2.68586 8.44085 10.04650
v -2.37028 8.31487 10.48440
v -1.85930 7.69576 10.07400
v -1.85930 7.69576 10.07400
v -2.37028 8.31487 10.48440
v -1.94324 7.49517 10.98620
v -1.85930 7.69576 10.07400
v -1.94324 7.49517 10.98620
v -1.60301 6.70064 10.30120
v -1.60301 6.70064 10.30120
v -1.94324 7.49517 10.98620
v -2.12116 6.52312 11.27100
v -1.60301 6.70064 10.30120
v -2.12116 6.52312 11.27100
v -1.86182 5.83610 10.43460
v -3.01707 8.18855 11.27640
v -3.13638 8.54275 10.64990
v -3.60056 8.26221 11.16640
v -3.01707 8.18855 11.27640
v -3.60056 8.26221 11.16640
v -3.79111 7.52426 11.53510
v -3.79111 7.52426 11.53510
v -3.60056 8.26221 11.16640
v -4.47260 7.73691 10.85040
v -3.79111 7.52426 11.53510
v -4.47260 7.73691 10.85040
v -4.37572 6.72313 11.21790
v -4.37572 6.72313 11.21790
v -3.26966 6.53243 11.65070
v -3.79111 7.52426 11.53510
v -3.79111 7.52426 11.53510
v -3.26966 6.53243 11.65070
v -2.74341 7.42413 11.59130
v -3.79111 7.52426 11.53510
v -2.74341 7.42413 11.59130
v -3.01707 8.18855 11.27640
v -3.01707 8.18855 11.27640
v -2.74341 7.42413 11.59130
v -2.50746 8.21036 10.99390
v -3.01707 8.18855 11.27640
v -2.50746 8.21036 10.99390
v -3.13638 8.54275 10.64990
v -3.26966 6.53243 11.65070
v -2.12116 6.52312 11.27100
v -2.74341 7.42413 11.59130
v -2.74341 7.42413 11.59130
v -2.12116 6.52312 11.27100
v -1.94324 7.49517 10.98620
v -2.74341 7.42413 11.59130
v -1.94324 7.49517 10.98620
v -2.50746 8.21036 10.99390
v -2.50746 8.21036 10.99390
v -1.94324 7.49517 10.98620
v -2.37028 8.31487 10.48440
v -2.50746 8.21036 10.99390
v -2.37028 8.31487 10.48440
v -3.13638 8.54275 10.64990
v -4.38865 7.93750 9.93830
v -4.47260 7.73691 10.85040
v -3.91616 8.38819 10.72840
v -3.91616 8.38819 10.72840
v -4.47260 7.73691 10.85040
v -3.60056 8.26221 11.16640
v -3.91616 8.38819 10.72840
v -3.60056 8.26221 11.16640
v -3.13638 8.54275 10.64990
v -7.18622 7.04899 11.74550
v -6.59966 7.35087 11.84810
v -7.04204 7.27947 11.38630
v -7.18622 7.04899 11.74550
v -7.04204 7.27947 11.38630
v -7.34728 6.75570 10.92730
v -7.34728 6.75570 10.92730
v -7.04204 7.27947 11.38630
v -6.65856 7.11073 10.59220
v -7.34728 6.75570 10.92730
v -6.65856 7.11073 10.59220
v -6.97330 6.04432 10.21300
v -6.97330 6.04432 10.21300
v -6.65856 7.11073 10.59220
v -6.01623 6.58520 10.09570
v -6.97330 6.04432 10.21300
v -6.01623 6.58520 10.09570
v -6.42062 5.48778 9.85920
v -6.42062 5.48778 9.85920
v -7.04171 5.08854 10.30780
v -6.97330 6.04432 10.21300
v -6.97330 6.04432 10.21300
v -7.04171 5.08854 10.30780
v -7.45646 5.57281 10.85990
v -6.97330 6.04432 10.21300
v -7.45646 5.57281 10.85990
v -7.34728 6.75570 10.92730
v -7.34728 6.75570 10.92730
v -7.45646 5.57281 10.85990
v -7.47414 6.36366 11.59370
v -7.34728 6.75570 10.92730
v -7.47414 6.36366 11.59370
v -7.18622 7.04899 11.74550
v -7.18622 7.04899 11.74550
v -7.47414 6.36366 11.59370
v -6.95815 6.90612 12.11670
v -7.18622 7.04899 11.74550
v -6.95815 6.90612 12.11670
v -6.59966 7.35087 11.84810
v -7.04204 7.27947 11.38630
v -6.59966 7.35087 11.84810
v -6.61005 7.46254 11.24950
v -7.04204 7.27947 11.38630
v -6.61005 7.46254 11.24950
v -6.65856 7.11073 10.59220
v -6.65856 7.11073 10.59220
v -6.61005 7.46254 11.24950
v -5.81142 7.22079 10.78470
v -6.65856 7.11073 10.59220
v -5.81142 7.22079 10.78470
v -6.01623 6.58520 10.09570
v -7.47414 6.36366 11.59370
v -6.96481 6.16427 12.20110
v -6.95815 6.90612 12.11670
v -6.95815 6.90612 12.11670
v -6.96481 6.16427 12.20110
v -6.49139 6.93455 12.28240
v -6.95815 6.90612 12.11670
v -6.49139 6.93455 12.28240
v -6.59966 7.35087 11.84810
v -6.96481 6.16427 12.20110
v -6.11767 6.27433 12.39350
v -6.49139 6.93455 12.28240
v -6.49139 6.93455 12.28240
v -6.11767 6.27433 12.39350
v -6.05938 7.11761 12.14550
v -6.49139 6.93455 12.28240
v -6.05938 7.11761 12.14550
v -6.59966 7.35087 11.84810
v -6.11767 6.27433 12.39350
v -5.42895 6.62936 12.05850
v -6.05938 7.11761 12.14550
v -6.05938 7.11761 12.14550
v -5.42895 6.62936 12.05850
v -5.91520 7.34809 11.78630
v -6.05938 7.11761 12.14550
v -5.91520 7.34809 11.78630
v -6.59966 7.35087 11.84810
v -5.42895 6.62936 12.05850
v -5.30209 7.02140 11.39200
v -5.91520 7.34809 11.78630
v -5.91520 7.34809 11.78630
v -5.30209 7.02140 11.39200
v -6.14330 7.49097 11.41520
v -5.91520 7.34809 11.78630
v -6.14330 7.49097 11.41520
v -6.59966 7.35087 11.84810
v -5.30209 7.02140 11.39200
v -5.81142 7.22079 10.78470
v -6.14330 7.49097 11.41520
v -6.14330 7.49097 11.41520
v -5.81142 7.22079 10.78470
v -6.61005 7.46254 11.24950
v -6.14330 7.49097 11.41520
v -6.61005 7.46254 11.24950
v -6.59966 7.35087 11.84810
v -6.12460 8.15757 10.60550
v -5.50422 8.25771 11.25310
v -5.51877 8.41431 10.41350
v -6.12460 8.15757 10.60550
v -5.51877 8.41431 10.41350
v -5.58681 7.92094 9.49180
v -5.58681 7.92094 9.49180
v -5.51877 8.41431 10.41350
v -4.39878 8.07529 9.76170
v -5.58681 7.92094 9.49180
v -4.39878 8.07529 9.76170
v -4.68602 7.18395 8.79550
v -4.68602 7.18395 8.79550
v -4.39878 8.07529 9.76170
v -3.46550 7.12796 9.47000
v -4.68602 7.18395 8.79550
v -3.46550 7.12796 9.47000
v -4.00089 6.22833 8.58160
v -4.00089 6.22833 8.58160
v -5.25312 5.73979 8.46390
v -4.68602 7.18395 8.79550
v -4.68602 7.18395 8.79550
v -5.25312 5.73979 8.46390
v -6.02817 6.52027 8.96000
v -4.68602 7.18395 8.79550
v -6.02817 6.52027 8.96000
v -5.58681 7.92094 9.49180
v -5.58681 7.92094 9.49180
v -6.02817 6.52027 8.96000
v -6.55265 7.42305 9.96180
v -5.58681 7.92094 9.49180
v -6.55265 7.42305 9.96180
v -6.12460 8.15757 10.60550
v -6.12460 8.15757 10.60550
v -6.55265 7.42305 9.96180
v -6.32681 7.83436 11.10920
v -6.12460 8.15757 10.60550
v -6.32681 7.83436 11.10920
v -5.50422 8.25771 11.25310
v -5.25312 5.73979 8.46390
v -6.12414 5.17990 9.09300
v -6.02817 6.52027 8.96000
v -6.02817 6.52027 8.96000
v -6.12414 5.17990 9.09300
v -6.70576 5.85903 9.86730
v -6.02817 6.52027 8.96000
v -6.70576 5.85903 9.86730
v -6.55265 7.42305 9.96180
v -6.55265 7.42305 9.96180
v -6.70576 5.85903 9.86730
v -6.73055 6.63756 10.89640
v -6.55265 7.42305 9.96180
v -6.73055 6.63756 10.89640
v -6.32681 7.83436 11.10920
v -6.32681 7.83436 11.10920
v -6.73055 6.63756 10.89640
v -6.00694 7.63400 11.62980
v -6.32681 7.83436 11.10920
v -6.00694 7.63400 11.62980
v -5.50422 8.25771 11.25310
v -6.12414 5.17990 9.09300
v -6.10374 4.64091 10.10040
v -6.70576 5.85903 9.86730
v -6.70576 5.85903 9.86730
v -6.10374 4.64091 10.10040
v -6.32185 5.35188 10.98570
v -6.70576 5.85903 9.86730
v -6.32185 5.35188 10.98570
v -6.73055 6.63756 10.89640
v -6.73055 6.63756 10.89640
v -6.32185 5.35188 10.98570
v -6.01628 6.35794 11.74810
v -6.73055 6.63756 10.89640
v -6.01628 6.35794 11.74810
v -6.00694 7.63400 11.62980
v -6.00694 7.63400 11.62980
v -6.01628 6.35794 11.74810
v -5.35237 7.67386 11.86210
v -6.00694 7.63400 11.62980
v -5.35237 7.67386 11.86210
v -5.50422 8.25771 11.25310
v -5.51877 8.41431 10.41350
v -5.50422 8.25771 11.25310
v -4.86421 8.45417 10.64590
v -5.51877 8.41431 10.41350
v -4.86421 8.45417 10.64590
v -4.39878 8.07529 9.76170
v -4.39878 8.07529 9.76170
v -4.86421 8.45417 10.64590
v -3.68450 7.79567 10.61350
v -4.39878 8.07529 9.76170
v -3.68450 7.79567 10.61350
v -3.46550 7.12796 9.47000
v -6.01628 6.35794 11.74810
v -4.82827 6.74799 12.01800
v -5.35237 7.67386 11.86210
v -5.35237 7.67386 11.86210
v -4.82827 6.74799 12.01800
v -4.74655 7.93060 11.67020
v -5.35237 7.67386 11.86210
v -4.74655 7.93060 11.67020
v -5.50422 8.25771 11.25310
v -4.82827 6.74799 12.01800
v -3.86241 7.24588 11.54800
v -4.74655 7.93060 11.67020
v -4.74655 7.93060 11.67020
v -3.86241 7.24588 11.54800
v -4.54434 8.25381 11.16640
v -4.74655 7.93060 11.67020
v -4.54434 8.25381 11.16640
v -5.50422 8.25771 11.25310
v -3.86241 7.24588 11.54800
v -3.68450 7.79567 10.61350
v -4.54434 8.25381 11.16640
v -4.54434 8.25381 11.16640
v -3.68450 7.79567 10.61350
v -4.86421 8.45417 10.64590
v -4.54434 8.25381 11.16640
v -4.86421 8.45417 10.64590
v -5.50422 8.25771 11.25310
v -6.69734 9.11513 5.79020
v -6.24320 9.08631 5.05010
v -7.07295 8.93836 5.34290
v -6.69734 9.11513 5.79020
v -7.07295 8.93836 5.34290
v -7.69964 8.18991 5.97440
v -7.69964 8.18991 5.97440
v -7.07295 8.93836 5.34290
v -7.70083 7.75200 4.97370
v -7.69964 8.18991 5.97440
v -7.70083 7.75200 4.97370
v -8.16897 6.50859 5.93990
v -8.16897 6.50859 5.93990
v -7.70083 7.75200 4.97370
v -7.71826 6.00263 4.83590
v -8.16897 6.50859 5.93990
v -7.71826 6.00263 4.83590
v -8.07356 5.15667 5.94580
v -8.07356 5.15667 5.94580
v -7.88243 5.59467 6.96880
v -8.16897 6.50859 5.93990
v -8.16897 6.50859 5.93990
v -7.88243 5.59467 6.96880
v -7.63342 7.17272 6.98080
v -8.16897 6.50859 5.93990
v -7.63342 7.17272 6.98080
v -7.69964 8.18991 5.97440
v -7.69964 8.18991 5.97440
v -7.63342 7.17272 6.98080
v -6.91421 8.44857 6.65640
v -7.69964 8.18991 5.97440
v -6.91421 8.44857 6.65640
v -6.69734 9.11513 5.79020
v -6.69734 9.11513 5.79020
v -6.91421 8.44857 6.65640
v -6.07166 9.11204 5.85550
v -6.69734 9.11513 5.79020
v -6.07166 9.11204 5.85550
v -6.24320 9.08631 5.05010
v -7.63342 7.17272 6.98080
v -6.42533 7.27265 7.34880
v -6.91421 8.44857 6.65640
v -6.91421 8.44857 6.65640
v -6.42533 7.27265 7.34880
v -5.80463 8.37647 6.61990
v -6.91421 8.44857 6.65640
v -5.80463 8.37647 6.61990
v -6.07166 9.11204 5.85550
v -6.07166 9.11204 5.85550
v -5.80463 8.37647 6.61990
v -5.56240 8.93091 5.50060
v -6.07166 9.11204 5.85550
v -5.56240 8.93091 5.50060
v -6.24320 9.08631 5.05010
v -6.42533 7.27265 7.34880
v -5.25237 6.74982 6.82850
v -5.80463 8.37647 6.61990
v -5.80463 8.37647 6.61990
v -5.25237 6.74982 6.82850
v -5.02088 8.01585 5.88660
v -5.80463 8.37647 6.61990
v -5.02088 8.01585 5.88660
v -5.56240 8.93091 5.50060
v -5.56240 8.93091 5.50060
v -5.02088 8.01585 5.88660
v -5.46789 8.67783 4.93320
v -5.56240 8.93091 5.50060
v -5.46789 8.67783 4.93320
v -6.24320 9.08631 5.05010
v -6.46919 8.50415 4.42050
v -6.24320 9.08631 5.05010
v -5.84351 8.50105 4.48580
v -6.46919 8.50415 4.42050
v -5.84351 8.50105 4.48580
v -5.80750 7.31928 4.20400
v -5.80750 7.31928 4.20400
v -5.84351 8.50105 4.48580
v -5.02207 7.57794 4.88590
v -5.80750 7.31928 4.20400
v -5.02207 7.57794 4.88590
v -5.33720 5.81543 4.68360
v -5.33720 5.81543 4.68360
v -6.54530 5.71551 4.31560
v -5.80750 7.31928 4.20400
v -5.80750 7.31928 4.20400
v -6.54530 5.71551 4.31560
v -6.91708 7.39138 4.24040
v -5.80750 7.31928 4.20400
v -6.91708 7.39138 4.24040
v -6.46919 8.50415 4.42050
v -6.46919 8.50415 4.42050
v -6.91708 7.39138 4.24040
v -6.97845 8.68528 4.77550
v -6.46919 8.50415 4.42050
v -6.97845 8.68528 4.77550
v -6.24320 9.08631 5.05010
v -6.54530 5.71551 4.31560
v -7.71826 6.00263 4.83590
v -6.91708 7.39138 4.24040
v -6.91708 7.39138 4.24040
v -7.71826 6.00263 4.83590
v -7.70083 7.75200 4.97370
v -6.91708 7.39138 4.24040
v -7.70083 7.75200 4.97370
v -6.97845 8.68528 4.77550
v -6.97845 8.68528 4.77550
v -7.70083 7.75200 4.97370
v -7.07295 8.93836 5.34290
v -6.97845 8.68528 4.77550
v -7.07295 8.93836 5.34290
v -6.24320 9.08631 5.05010
v -5.02088 8.01585 5.88660
v -5.02207 7.57794 4.88590
v -5.46789 8.67783 4.93320
v -5.46789 8.67783 4.93320
v -5.02207 7.57794 4.88590
v -5.84351 8.50105 4.48580
v -5.46789 8.67783 4.93320
v -5.84351 8.50105 4.48580
v -6.24320 9.08631 5.05010
v -7.37840 6.26476 4.72040
v -6.91168 6.38625 5.14210
v -7.20033 6.84844 4.66520
v -7.20033 6.84844 4.66520
v -6.91168 6.38625 5.14210
v -6.56203 6.89531 5.02550
v -7.20033 6.84844 4.66520
v -6.56203 6.89531 5.02550
v -6.71936 7.35515 4.50880
v -6.71936 7.35515 4.50880
v -6.56203 6.89531 5.02550
v -6.09302 7.28804 4.65730
v -6.71936 7.35515 4.50880
v -6.09302 7.28804 4.65730
v -6.12988 7.54081 4.16770
v -6.12988 7.54081 4.16770
v -6.09302 7.28804 4.65730
v -5.80618 7.41049 4.07110
v -6.12988 7.54081 4.16770
v -5.80618 7.41049 4.07110
v -6.13049 7.45228 3.72640
v -6.91168 6.38625 5.14210
v -6.24932 6.26686 5.21130
v -6.56203 6.89531 5.02550
v -6.56203 6.89531 5.02550
v -6.24932 6.26686 5.21130
v -5.84828 6.68260 4.94760
v -6.56203 6.89531 5.02550
v -5.84828 6.68260 4.94760
v -6.09302 7.28804 4.65730
v -6.09302 7.28804 4.65730
v -5.84828 6.68260 4.94760
v -5.57479 7.03246 4.41730
v -6.09302 7.28804 4.65730
v -5.57479 7.03246 4.41730
v -5.80618 7.41049 4.07110
v -5.80618 7.41049 4.07110
v -5.57479 7.03246 4.41730
v -5.69241 7.23879 3.80880
v -5.80618 7.41049 4.07110
v -5.69241 7.23879 3.80880
v -6.13049 7.45228 3.72640
v -6.24932 6.26686 5.21130
v -5.77928 5.97652 4.88760
v -5.84828 6.68260 4.94760
v -5.84828 6.68260 4.94760
v -5.77928 5.97652 4.88760
v -5.47720 6.33492 4.47730
v -5.84828 6.68260 4.94760
v -5.47720 6.33492 4.47730
v -5.57479 7.03246 4.41730
v -5.57479 7.03246 4.41730
v -5.47720 6.33492 4.47730
v -5.46827 6.73813 3.92960
v -5.57479 7.03246 4.41730
v -5.46827 6.73813 3.92960
v -5.69241 7.23879 3.80880
v -5.69241 7.23879 3.80880
v -5.46827 6.73813 3.92960
v -5.85519 7.12627 3.53460
v -5.69241 7.23879 3.80880
v -5.85519 7.12627 3.53460
v -6.13049 7.45228 3.72640
v -5.77928 5.97652 4.88760
v -5.77693 5.44961 4.36050
v -5.47720 6.33492 4.47730
v -5.47720 6.33492 4.47730
v -5.77693 5.44961 4.36050
v -5.66614 5.82023 3.88990
v -5.47720 6.33492 4.47730
v -5.66614 5.82023 3.88990
v -5.46827 6.73813 3.92960
v -5.46827 6.73813 3.92960
v -5.66614 5.82023 3.88990
v -5.83586 6.57746 3.47970
v -5.46827 6.73813 3.92960
v -5.83586 6.57746 3.47970
v -5.85519 7.12627 3.53460
v -5.85519 7.12627 3.53460
v -5.83586 6.57746 3.47970
v -6.19920 7.13886 3.40900
v -5.85519 7.12627 3.53460
v -6.19920 7.13886 3.40900
v -6.13049 7.45228 3.72640
v -5.77693 5.44961 4.36050
v -6.24365 5.32812 3.93890
v -5.66614 5.82023 3.88990
v -5.66614 5.82023 3.88990
v -6.24365 5.32812 3.93890
v -6.30443 5.77336 3.52960
v -5.66614 5.82023 3.88990
v -6.30443 5.77336 3.52960
v -5.83586 6.57746 3.47970
v -5.83586 6.57746 3.47970
v -6.30443 5.77336 3.52960
v -6.46221 6.64456 3.33120
v -5.83586 6.57746 3.47970
v -6.46221 6.64456 3.33120
v -6.19920 7.13886 3.40900
v -6.19920 7.13886 3.40900
v -6.46221 6.64456 3.33120
v -6.52291 7.26918 3.50570
v -6.19920 7.13886 3.40900
v -6.52291 7.26918 3.50570
v -6.13049 7.45228 3.72640
v -6.63669 7.44089 3.76790
v -6.13049 7.45228 3.72640
v -6.52291 7.26918 3.50570
v -6.63669 7.44089 3.76790
v -6.52291 7.26918 3.50570
v -6.98042 6.90014 3.57110
v -6.98042 6.90014 3.57110
v -6.52291 7.26918 3.50570
v -6.46221 6.64456 3.33120
v -6.98042 6.90014 3.57110
v -6.46221 6.64456 3.33120
v -7.01818 6.22178 3.60740
v -7.01818 6.22178 3.60740
v -6.46221 6.64456 3.33120
v -6.30443 5.77336 3.52960
v -7.01818 6.22178 3.60740
v -6.30443 5.77336 3.52960
v -6.90603 5.44751 3.86970
v -6.90603 5.44751 3.86970
v -7.37606 5.97355 4.19340
v -7.01818 6.22178 3.60740
v -7.01818 6.22178 3.60740
v -7.37606 5.97355 4.19340
v -7.38928 6.56945 4.07780
v -7.01818 6.22178 3.60740
v -7.38928 6.56945 4.07780
v -6.98042 6.90014 3.57110
v -6.98042 6.90014 3.57110
v -7.38928 6.56945 4.07780
v -7.08694 7.19448 4.05890
v -6.98042 6.90014 3.57110
v -7.08694 7.19448 4.05890
v -6.63669 7.44089 3.76790
v -6.63669 7.44089 3.76790
v -7.08694 7.19448 4.05890
v -6.47388 7.55340 4.04220
v -6.63669 7.44089 3.76790
v -6.47388 7.55340 4.04220
v -6.13049 7.45228 3.72640
v -7.37606 5.97355 4.19340
v -7.37840 6.26476 4.72040
v -7.38928 6.56945 4.07780
v -7.38928 6.56945 4.07780
v -7.37840 6.26476 4.72040
v -7.20033 6.84844 4.66520
v -7.38928 6.56945 4.07780
v -7.20033 6.84844 4.66520
v -7.08694 7.19448 4.05890
v -7.08694 7.19448 4.05890
v -7.20033 6.84844 4.66520
v -6.71936 7.35515 4.50880
v -7.08694 7.19448 4.05890
v -6.71936 7.35515 4.50880
v -6.47388 7.55340 4.04220
v -6.47388 7.55340 4.04220
v -6.71936 7.35515 4.50880
v -6.12988 7.54081 4.16770
v -6.47388 7.55340 4.04220
v -6.12988 7.54081 4.16770
v -6.13049 7.45228 3.72640
v -5.47798 6.81834 6.32540
v -4.10038 7.02095 6.73760
v -4.72606 7.71518 5.81220
v -4.72606 7.71518 5.81220
v -4.10038 7.02095 6.73760
v -3.46229 7.65651 5.85040
v -4.72606 7.71518 5.81220
v -3.46229 7.65651 5.85040
v -3.81748 7.98736 4.94610
v -3.81748 7.98736 4.94610
v -3.46229 7.65651 5.85040
v -3.23879 7.73930 4.65610
v -3.81748 7.98736 4.94610
v -3.23879 7.73930 4.65610
v -4.03053 7.71374 4.14500
v -4.10038 7.02095 6.73760
v -2.76634 6.40822 6.33990
v -3.46229 7.65651 5.85040
v -3.46229 7.65651 5.85040
v -2.76634 6.40822 6.33990
v -2.57244 7.15248 5.23400
v -3.46229 7.65651 5.85040
v -2.57244 7.15248 5.23400
v -3.23879 7.73930 4.65610
v -3.23879 7.73930 4.65610
v -2.57244 7.15248 5.23400
v -3.13339 7.36546 4.14640
v -3.23879 7.73930 4.65610
v -3.13339 7.36546 4.14640
v -4.03053 7.71374 4.14500
v -2.76634 6.40822 6.33990
v -2.25730 5.67240 5.36520
v -2.57244 7.15248 5.23400
v -2.57244 7.15248 5.23400
v -2.25730 5.67240 5.36520
v -2.57776 6.26266 4.32410
v -2.57244 7.15248 5.23400
v -2.57776 6.26266 4.32410
v -3.13339 7.36546 4.14640
v -3.13339 7.36546 4.14640
v -2.57776 6.26266 4.32410
v -3.56301 7.08484 3.71560
v -3.13339 7.36546 4.14640
v -3.56301 7.08484 3.71560
v -4.03053 7.71374 4.14500
v -2.25730 5.67240 5.36520
v -2.87147 5.00883 4.38450
v -2.57776 6.26266 4.32410
v -2.57776 6.26266 4.32410
v -2.87147 5.00883 4.38450
v -3.47514 5.84161 3.65380
v -2.57776 6.26266 4.32410
v -3.47514 5.84161 3.65380
v -3.56301 7.08484 3.71560
v -3.56301 7.08484 3.71560
v -3.47514 5.84161 3.65380
v -4.27601 7.06181 3.61600
v -3.56301 7.08484 3.71560
v -4.27601 7.06181 3.61600
v -4.03053 7.71374 4.14500
v -2.87147 5.00883 4.38450
v -4.24906 4.80621 3.97230
v -3.47514 5.84161 3.65380
v -3.47514 5.84161 3.65380
v -4.24906 4.80621 3.97230
v -4.73892 5.90029 3.61550
v -3.47514 5.84161 3.65380
v -4.73892 5.90029 3.61550
v -4.27601 7.06181 3.61600
v -4.27601 7.06181 3.61600
v -4.73892 5.90029 3.61550
v -4.85468 7.30987 3.90600
v -4.27601 7.06181 3.61600
v -4.85468 7.30987 3.90600
v -4.03053 7.71374 4.14500
v -4.24906 4.80621 3.97230
v -5.58313 5.18325 4.37000
v -4.73892 5.90029 3.61550
v -4.73892 5.90029 3.61550
v -5.58313 5.18325 4.37000
v -5.62877 6.40431 4.23190
v -4.73892 5.90029 3.61550
v -5.62877 6.40431 4.23190
v -4.85468 7.30987 3.90600
v -4.85468 7.30987 3.90600
v -5.62877 6.40431 4.23190
v -4.96010 7.68371 4.41570
v -4.85468 7.30987 3.90600
v -4.96010 7.68371 4.41570
v -4.03053 7.71374 4.14500
v -3.81748 7.98736 4.94610
v -4.03053 7.71374 4.14500
v -4.53046 7.96433 4.84650
v -3.81748 7.98736 4.94610
v -4.53046 7.96433 4.84650
v -4.72606 7.71518 5.81220
v -4.72606 7.71518 5.81220
v -4.53046 7.96433 4.84650
v -5.62345 7.29414 5.14180
v -4.72606 7.71518 5.81220
v -5.62345 7.29414 5.14180
v -5.47798 6.81834 6.32540
v -5.62877 6.40431 4.23190
v -5.62345 7.29414 5.14180
v -4.96010 7.68371 4.41570
v -4.96010 7.68371 4.41570
v -5.62345 7.29414 5.14180
v -4.53046 7.96433 4.84650
v -4.96010 7.68371 4.41570
v -4.53046 7.96433 4.84650
v -4.03053 7.71374 4.14500
v -1.52669 6.41943 3.46090
v -1.75172 6.80169 3.59030
v -1.28856 6.61777 3.61850
v -1.52669 6.41943 3.46090
v -1.28856 6.61777 3.61850
v -0.98988 5.95159 3.84100
v -0.98988 5.95159 3.84100
v -1.28856 6.61777 3.61850
v -0.95082 6.64117 4.19660
v -0.98988 5.95159 3.84100
v -0.95082 6.64117 4.19660
v -0.77548 5.77381 4.46990
v -0.77548 5.77381 4.46990
v -0.95082 6.64117 4.19660
v -0.99832 6.51569 4.86370
v -0.77548 5.77381 4.46990
v -0.99832 6.51569 4.86370
v -0.89033 5.59802 5.04190
v -2.39333 6.61364 4.92630
v -1.66845 6.76593 5.05280
v -2.03520 7.01326 4.47680
v -2.03520 7.01326 4.47680
v -1.66845 6.76593 5.05280
v -1.38381 6.98330 4.46000
v -2.03520 7.01326 4.47680
v -1.38381 6.98330 4.46000
v -1.60840 7.04343 3.94840
v -1.60840 7.04343 3.94840
v -1.38381 6.98330 4.46000
v -1.32241 6.87624 3.82040
v -1.60840 7.04343 3.94840
v -1.32241 6.87624 3.82040
v -1.75172 6.80169 3.59030
v -1.66845 6.76593 5.05280
v -0.99832 6.51569 4.86370
v -1.38381 6.98330 4.46000
v -1.38381 6.98330 4.46000
v -0.99832 6.51569 4.86370
v -0.95082 6.64117 4.19660
v -1.38381 6.98330 4.46000
v -0.95082 6.64117 4.19660
v -1.32241 6.87624 3.82040
v -1.32241 6.87624 3.82040
v -0.95082 6.64117 4.19660
v -1.28856 6.61777 3.61850
v -1.32241 6.87624 3.82040
v -1.28856 6.61777 3.61850
v -1.75172 6.80169 3.59030
v -0.77548 5.77381 4.46990
v -1.13046 5.30820 4.10200
v -0.98988 5.95159 3.84100
v -0.98988 5.95159 3.84100
v -1.13046 5.30820 4.10200
v -1.47812 5.65184 3.60160
v -0.98988 5.95159 3.84100
v -1.47812 5.65184 3.60160
v -1.52669 6.41943 3.46090
v -1.52669 6.41943 3.46090
v -1.47812 5.65184 3.60160
v -1.89731 6.39738 3.43990
v -1.52669 6.41943 3.46090
v -1.89731 6.39738 3.43990
v -1.75172 6.80169 3.59030
v -2.21716 6.82303 3.76980
v -1.75172 6.80169 3.59030
v -2.18332 6.56456 3.56790
v -2.21716 6.82303 3.76980
v -2.18332 6.56456 3.56790
v -2.56250 6.25962 3.88180
v -2.56250 6.25962 3.88180
v -2.18332 6.56456 3.56790
v -2.12952 5.68180 3.61850
v -2.56250 6.25962 3.88180
v -2.12952 5.68180 3.61850
v -2.52546 5.40615 4.16460
v -2.52546 5.40615 4.16460
v -2.74832 6.14804 4.55840
v -2.56250 6.25962 3.88180
v -2.56250 6.25962 3.88180
v -2.74832 6.14804 4.55840
v -2.52343 6.71350 4.23740
v -2.56250 6.25962 3.88180
v -2.52343 6.71350 4.23740
v -2.21716 6.82303 3.76980
v -2.21716 6.82303 3.76980
v -2.52343 6.71350 4.23740
v -1.97903 7.02139 3.92740
v -2.21716 6.82303 3.76980
v -1.97903 7.02139 3.92740
v -1.75172 6.80169 3.59030
v -2.74832 6.14804 4.55840
v -2.39333 6.61364 4.92630
v -2.52343 6.71350 4.23740
v -2.52343 6.71350 4.23740
v -2.39333 6.61364 4.92630
v -2.03520 7.01326 4.47680
v -2.52343 6.71350 4.23740
v -2.03520 7.01326 4.47680
v -1.97903 7.02139 3.92740
v -1.97903 7.02139 3.92740
v -2.03520 7.01326 4.47680
v -1.60840 7.04343 3.94840
v -1.97903 7.02139 3.92740
v -1.60840 7.04343 3.94840
v -1.75172 6.80169 3.59030
v -1.47812 5.65184 3.60160
v -2.12952 5.68180 3.61850
v -1.89731 6.39738 3.43990
v -1.89731 6.39738 3.43990
v -2.12952 5.68180 3.61850
v -2.18332 6.56456 3.56790
v -1.89731 6.39738 3.43990
v -2.18332 6.56456 3.56790
v -1.75172 6.80169 3.59030
v -1.05696 8.51451 5.99690
v -1.19107 8.54275 5.28370
v -1.64063 8.44085 5.88780
v -1.05696 8.51451 5.99690
v -1.64063 8.44085 5.88780
v -1.78471 7.90840 6.54530
v -1.78471 7.90840 6.54530
v -1.64063 8.44085 5.88780
v -2.46725 7.69576 5.86160
v -1.78471 7.90840 6.54530
v -2.46725 7.69576 5.86160
v -2.30662 6.96101 6.62600
v -2.30662 6.96101 6.62600
v -2.46725 7.69576 5.86160
v -2.72389 6.70064 5.63480
v -2.30662 6.96101 6.62600
v -2.72389 6.70064 5.63480
v -2.37081 6.05952 6.44850
v -2.37081 6.05952 6.44850
v -1.53208 6.26604 7.04780
v -2.30662 6.96101 6.62600
v -2.30662 6.96101 6.62600
v -1.53208 6.26604 7.04780
v -1.19989 7.15171 7.05700
v -2.30662 6.96101 6.62600
v -1.19989 7.15171 7.05700
v -1.78471 7.90840 6.54530
v -1.78471 7.90840 6.54530
v -1.19989 7.15171 7.05700
v -0.73693 8.00853 6.59990
v -1.78471 7.90840 6.54530
v -0.73693 8.00853 6.59990
v -1.05696 8.51451 5.99690
v -1.05696 8.51451 5.99690
v -0.73693 8.00853 6.59990
v -0.54779 8.49270 5.71360
v -1.05696 8.51451 5.99690
v -0.54779 8.49270 5.71360
v -1.19107 8.54275 5.28370
v -1.53208 6.26604 7.04780
v -0.44042 6.33469 6.94790
v -1.19989 7.15171 7.05700
v -1.19989 7.15171 7.05700
v -0.44042 6.33469 6.94790
v -0.05200 7.16102 6.67550
v -1.19989 7.15171 7.05700
v -0.05200 7.16102 6.67550
v -0.73693 8.00853 6.59990
v -0.73693 8.00853 6.59990
v -0.05200 7.16102 6.67550
v 0.06232 7.93750 5.99340
v -0.73693 8.00853 6.59990
v 0.06232 7.93750 5.99340
v -0.54779 8.49270 5.71360
v -0.54779 8.49270 5.71360
v 0.06232 7.93750 5.99340
v -0.41139 8.38819 5.20400
v -0.54779 8.49270 5.71360
v -0.41139 8.38819 5.20400
v -1.19107 8.54275 5.28370
v -1.82051 8.21036 4.94070
v -1.19107 8.54275 5.28370
v -1.31135 8.18855 4.65740
v -1.82051 8.21036 4.94070
v -1.31135 8.18855 4.65740
v -1.58547 7.42413 4.34290
v -1.58547 7.42413 4.34290
v -1.31135 8.18855 4.65740
v -0.53770 7.52426 4.39750
v -1.58547 7.42413 4.34290
v -0.53770 7.52426 4.39750
v -1.05934 6.53243 4.28270
v -1.05934 6.53243 4.28270
v -0.53770 7.52426 4.39750
v 0.04741 6.72313 4.71380
v -1.05934 6.53243 4.28270
v 0.04741 6.72313 4.71380
v -0.66850 5.79528 4.66040
v -1.31135 8.18855 4.65740
v -1.19107 8.54275 5.28370
v -0.72766 8.26221 4.76650
v -1.31135 8.18855 4.65740
v -0.72766 8.26221 4.76650
v -0.53770 7.52426 4.39750
v -0.53770 7.52426 4.39750
v -0.72766 8.26221 4.76650
v 0.14486 7.73691 5.08120
v -0.53770 7.52426 4.39750
v 0.14486 7.73691 5.08120
v 0.04741 6.72313 4.71380
v -1.05934 6.53243 4.28270
v -2.20724 6.52312 4.66420
v -1.58547 7.42413 4.34290
v -1.58547 7.42413 4.34290
v -2.20724 6.52312 4.66420
v -2.38472 7.49517 4.94930
v -1.58547 7.42413 4.34290
v -2.38472 7.49517 4.94930
v -1.82051 8.21036 4.94070
v -1.82051 8.21036 4.94070
v -2.38472 7.49517 4.94930
v -1.95691 8.31487 5.45040
v -1.82051 8.21036 4.94070
v -1.95691 8.31487 5.45040
v -1.19107 8.54275 5.28370
v -2.20724 6.52312 4.66420
v -2.72389 6.70064 5.63480
v -2.38472 7.49517 4.94930
v -2.38472 7.49517 4.94930
v -2.72389 6.70064 5.63480
v -2.46725 7.69576 5.86160
v -2.38472 7.49517 4.94930
v -2.46725 7.69576 5.86160
v -1.95691 8.31487 5.45040
v -1.95691 8.31487 5.45040
v -2.46725 7.69576 5.86160
v -1.64063 8.44085 5.88780
v -1.95691 8.31487 5.45040
v -1.64063 8.44085 5.88780
v -1.19107 8.54275 5.28370
v 0.06232 7.93750 5.99340
v 0.14486 7.73691 5.08120
v -0.41139 8.38819 5.20400
v -0.41139 8.38819 5.20400
v 0.14486 7.73691 5.08120
v -0.72766 8.26221 4.76650
v -0.41139 8.38819 5.20400
v -0.72766 8.26221 4.76650
v -1.19107 8.54275 5.28370
v 0.98942 5.29648 4.52900
v 0.75017 5.19750 3.94510
v 0.99369 6.00083 4.09580
v 0.99369 6.00083 4.09580
v 0.75017 5.19750 3.94510
v 0.60349 5.97000 3.68010
v 0.99369 6.00083 4.09580
v 0.60349 5.97000 3.68010
v 0.63180 6.82837 3.83980
v 0.63180 6.82837 3.83980
v 0.60349 5.97000 3.68010
v 0.29869 6.86850 3.75780
v 0.63180 6.82837 3.83980
v 0.29869 6.86850 3.75780
v 0.40907 7.11114 4.10810
v 0.75017 5.19750 3.94510
v 0.11831 5.24223 3.66080
v 0.60349 5.97000 3.68010
v 0.60349 5.97000 3.68010
v 0.11831 5.24223 3.66080
v 0.00570 6.06176 3.61430
v 0.60349 5.97000 3.68010
v 0.00570 6.06176 3.61430
v 0.29869 6.86850 3.75780
v 0.29869 6.86850 3.75780
v 0.00570 6.06176 3.61430
v 0.00858 6.95640 3.90400
v 0.29869 6.86850 3.75780
v 0.00858 6.95640 3.90400
v 0.40907 7.11114 4.10810
v 0.11831 5.24223 3.66080
v -0.53608 5.40445 3.84250
v 0.00570 6.06176 3.61430
v 0.00570 6.06176 3.61430
v -0.53608 5.40445 3.84250
v -0.44950 6.45807 3.93680
v 0.00570 6.06176 3.61430
v -0.44950 6.45807 3.93680
v 0.00858 6.95640 3.90400
v 0.00858 6.95640 3.90400
v -0.44950 6.45807 3.93680
v -0.06861 7.04059 4.19270
v 0.00858 6.95640 3.90400
v -0.06861 7.04059 4.19270
v 0.40907 7.11114 4.10810
v -0.53608 5.40445 3.84250
v -0.82963 5.58916 4.38380
v -0.44950 6.45807 3.93680
v -0.44950 6.45807 3.93680
v -0.82963 5.58916 4.38380
v -0.49546 6.59343 4.45880
v -0.44950 6.45807 3.93680
v -0.49546 6.59343 4.45880
v -0.06861 7.04059 4.19270
v -0.06861 7.04059 4.19270
v -0.49546 6.59343 4.45880
v 0.11233 7.07175 4.45470
v -0.06861 7.04059 4.19270
v 0.11233 7.07175 4.45470
v 0.40907 7.11114 4.10810
v 0.94772 6.13620 4.61790
v 0.81274 6.85953 4.10180
v 0.73553 6.94372 4.39050
v 0.73553 6.94372 4.39050
v 0.81274 6.85953 4.10180
v 0.40907 7.11114 4.10810
v 0.94772 6.13620 4.61790
v 0.99369 6.00083 4.09580
v 0.81274 6.85953 4.10180
v 0.81274 6.85953 4.10180
v 0.99369 6.00083 4.09580
v 0.63180 6.82837 3.83980
v 0.81274 6.85953 4.10180
v 0.63180 6.82837 3.83980
v 0.40907 7.11114 4.10810
v 2.16143 6.93455 3.64610
v 2.27037 7.35087 4.08010
v 2.62842 6.90612 3.81100
v 2.16143 6.93455 3.64610
v 2.62842 6.90612 3.81100
v 2.63497 5.92857 3.72660
v 2.63497 5.92857 3.72660
v 2.62842 6.90612 3.81100
v 3.14524 6.12795 4.33320
v 2.63497 5.92857 3.72660
v 3.14524 6.12795 4.33320
v 2.85370 5.21117 4.26990
v 2.85370 5.21117 4.26990
v 1.98264 5.17125 3.79030
v 2.63497 5.92857 3.72660
v 2.63497 5.92857 3.72660
v 1.98264 5.17125 3.79030
v 1.78753 6.03863 3.53540
v 2.63497 5.92857 3.72660
v 1.78753 6.03863 3.53540
v 2.16143 6.93455 3.64610
v 2.16143 6.93455 3.64610
v 1.78753 6.03863 3.53540
v 1.72964 7.11761 3.78350
v 2.16143 6.93455 3.64610
v 1.72964 7.11761 3.78350
v 2.27037 7.35087 4.08010
v 1.98264 5.17125 3.79030
v 1.02576 5.47643 3.90910
v 1.78753 6.03863 3.53540
v 1.78753 6.03863 3.53540
v 1.02576 5.47643 3.90910
v 1.09932 6.62936 3.87160
v 1.78753 6.03863 3.53540
v 1.09932 6.62936 3.87160
v 1.72964 7.11761 3.78350
v 1.72964 7.11761 3.78350
v 1.09932 6.62936 3.87160
v 1.58600 7.34809 4.14300
v 1.72964 7.11761 3.78350
v 1.58600 7.34809 4.14300
v 2.27037 7.35087 4.08010
v 1.02576 5.47643 3.90910
v 0.54360 5.94794 4.55670
v 1.09932 6.62936 3.87160
v 1.09932 6.62936 3.87160
v 0.54360 5.94794 4.55670
v 0.97350 7.02140 4.53830
v 1.09932 6.62936 3.87160
v 0.97350 7.02140 4.53830
v 1.58600 7.34809 4.14300
v 1.58600 7.34809 4.14300
v 0.97350 7.02140 4.53830
v 1.81467 7.49097 4.51380
v 1.58600 7.34809 4.14300
v 1.81467 7.49097 4.51380
v 2.27037 7.35087 4.08010
v 0.54360 5.94794 4.55670
v 0.81859 6.54528 5.35380
v 0.97350 7.02140 4.53830
v 0.97350 7.02140 4.53830
v 0.81859 6.54528 5.35380
v 1.48377 7.22079 5.14480
v 0.97350 7.02140 4.53830
v 1.48377 7.22079 5.14480
v 1.81467 7.49097 4.51380
v 1.81467 7.49097 4.51380
v 1.48377 7.22079 5.14480
v 2.28166 7.46254 4.67880
v 1.81467 7.49097 4.51380
v 2.28166 7.46254 4.67880
v 2.27037 7.35087 4.08010
v 1.48377 7.22079 5.14480
v 2.33121 7.11073 5.33600
v 2.28166 7.46254 4.67880
v 2.28166 7.46254 4.67880
v 2.33121 7.11073 5.33600
v 2.71345 7.27947 4.54130
v 2.28166 7.46254 4.67880
v 2.71345 7.27947 4.54130
v 2.27037 7.35087 4.08010
v 3.14524 6.12795 4.33320
v 2.62842 6.90612 3.81100
v 2.85710 7.04899 4.18180
v 2.85710 7.04899 4.18180
v 2.62842 6.90612 3.81100
v 2.27037 7.35087 4.08010
v 1.79722 8.15757 5.32350
v 1.17584 8.25771 4.67690
v 1.19169 8.41431 5.51640
v 1.79722 8.15757 5.32350
v 1.19169 8.41431 5.51640
v 1.26115 7.92094 6.43800
v 1.26115 7.92094 6.43800
v 1.19169 8.41431 5.51640
v 0.07273 8.07529 6.16990
v 1.26115 7.92094 6.43800
v 0.07273 8.07529 6.16990
v 0.36144 7.18395 7.13570
v 0.36144 7.18395 7.13570
v 0.07273 8.07529 6.16990
v -0.86010 7.12796 6.46310
v 0.36144 7.18395 7.13570
v -0.86010 7.12796 6.46310
v -0.32334 6.22833 7.35070
v -0.32334 6.22833 7.35070
v 0.92904 5.73979 7.46640
v 0.36144 7.18395 7.13570
v 0.36144 7.18395 7.13570
v 0.92904 5.73979 7.46640
v 1.70334 6.52027 6.96910
v 0.36144 7.18395 7.13570
v 1.70334 6.52027 6.96910
v 1.26115 7.92094 6.43800
v 1.26115 7.92094 6.43800
v 1.70334 6.52027 6.96910
v 2.22627 7.42305 5.96660
v 1.26115 7.92094 6.43800
v 2.22627 7.42305 5.96660
v 1.79722 8.15757 5.32350
v 1.79722 8.15757 5.32350
v 2.22627 7.42305 5.96660
v 1.99864 7.83436 4.81950
v 1.79722 8.15757 5.32350
v 1.99864 7.83436 4.81950
v 1.17584 8.25771 4.67690
v 1.70334 6.52027 6.96910
v 2.37953 5.85903 6.06090
v 2.22627 7.42305 5.96660
v 2.22627 7.42305 5.96660
v 2.37953 5.85903 6.06090
v 2.40273 6.63756 5.03170
v 2.22627 7.42305 5.96660
v 2.40273 6.63756 5.03170
v 1.99864 7.83436 4.81950
v 1.99864 7.83436 4.81950
v 2.40273 6.63756 5.03170
v 1.67797 7.63400 4.29940
v 1.99864 7.83436 4.81950
v 1.67797 7.63400 4.29940
v 1.17584 8.25771 4.67690
v 0.41753 7.93060 4.26090
v 1.17584 8.25771 4.67690
v 1.02305 7.67386 4.06810
v 0.41753 7.93060 4.26090
v 1.02305 7.67386 4.06810
v 0.49871 6.51228 3.91300
v 0.49871 6.51228 3.91300
v 1.02305 7.67386 4.06810
v 1.68713 6.35794 4.18110
v 0.49871 6.51228 3.91300
v 1.68713 6.35794 4.18110
v 0.77234 5.29589 4.27040
v 0.21611 8.25381 4.76500
v 1.17584 8.25771 4.67690
v 0.41753 7.93060 4.26090
v 0.21611 8.25381 4.76500
v 0.41753 7.93060 4.26090
v -0.46641 7.24588 4.38450
v -0.46641 7.24588 4.38450
v 0.41753 7.93060 4.26090
v 0.49871 6.51228 3.91300
v -0.46641 7.24588 4.38450
v 0.49871 6.51228 3.91300
v -0.56957 5.72387 4.43700
v -0.56957 5.72387 4.43700
v -1.24575 6.38511 5.34520
v -0.46641 7.24588 4.38450
v -0.46641 7.24588 4.38450
v -1.24575 6.38511 5.34520
v -0.64286 7.79567 5.31930
v -0.46641 7.24588 4.38450
v -0.64286 7.79567 5.31930
v 0.21611 8.25381 4.76500
v 0.21611 8.25381 4.76500
v -0.64286 7.79567 5.31930
v 0.53677 8.45417 5.28500
v 0.21611 8.25381 4.76500
v 0.53677 8.45417 5.28500
v 1.17584 8.25771 4.67690
v -1.24575 6.38511 5.34520
v -0.86010 7.12796 6.46310
v -0.64286 7.79567 5.31930
v -0.64286 7.79567 5.31930
v -0.86010 7.12796 6.46310
v 0.07273 8.07529 6.16990
v -0.64286 7.79567 5.31930
v 0.07273 8.07529 6.16990
v 0.53677 8.45417 5.28500
v 0.53677 8.45417 5.28500
v 0.07273 8.07529 6.16990
v 1.19169 8.41431 5.51640
v 0.53677 8.45417 5.28500
v 1.19169 8.41431 5.51640
v 1.17584 8.25771 4.67690
v 2.40273 6.63756 5.03170
v 1.68713 6.35794 4.18110
v 1.67797 7.63400 4.29940
v 1.67797 7.63400 4.29940
v 1.68713 6.35794 4.18110
v 1.02305 7.67386 4.06810
v 1.67797 7.63400 4.29940
v 1.02305 7.67386 4.06810
v 1.17584 8.25771 4.67690
v 4.77754 7.53892 3.29550
v 4.12417 7.88924 3.22600
v 4.72875 7.86909 3.64530
v 4.77754 7.53892 3.29550
v 4.72875 7.86909 3.64530
v 5.19526 7.27291 4.29180
v 5.19526 7.27291 4.29180
v 4.72875 7.86909 3.64530
v 4.56357 7.74030 4.72260
v 5.19526 7.27291 4.29180
v 4.56357 7.74030 4.72260
v 5.02128 6.51133 5.40540
v 5.02128 6.51133 5.40540
v 5.34556 5.85248 4.73340
v 5.19526 7.27291 4.29180
v 5.19526 7.27291 4.29180
v 5.34556 5.85248 4.73340
v 5.13703 6.46511 3.66940
v 5.19526 7.27291 4.29180
v 5.13703 6.46511 3.66940
v 4.77754 7.53892 3.29550
v 4.77754 7.53892 3.29550
v 5.13703 6.46511 3.66940
v 4.42913 7.30619 3.00510
v 4.77754 7.53892 3.29550
v 4.42913 7.30619 3.00510
v 4.12417 7.88924 3.22600
v 5.34556 5.85248 4.73340
v 4.82575 5.29021 4.06860
v 5.13703 6.46511 3.66940
v 5.13703 6.46511 3.66940
v 4.82575 5.29021 4.06860
v 4.42298 6.12344 3.21980
v 5.13703 6.46511 3.66940
v 4.42298 6.12344 3.21980
v 4.42913 7.30619 3.00510
v 4.42913 7.30619 3.00510
v 4.42298 6.12344 3.21980
v 3.88761 7.30723 2.94420
v 4.42913 7.30619 3.00510
v 3.88761 7.30723 2.94420
v 4.12417 7.88924 3.22600
v 4.82575 5.29021 4.06860
v 3.76636 5.15390 3.80050
v 4.42298 6.12344 3.21980
v 4.42298 6.12344 3.21980
v 3.76636 5.15390 3.80050
v 3.47140 6.21233 3.20650
v 4.42298 6.12344 3.21980
v 3.47140 6.21233 3.20650
v 3.88761 7.30723 2.94420
v 3.88761 7.30723 2.94420
v 3.47140 6.21233 3.20650
v 3.47021 7.54144 3.14840
v 3.88761 7.30723 2.94420
v 3.47021 7.54144 3.14840
v 4.12417 7.88924 3.22600
v 3.76636 5.15390 3.80050
v 2.78795 5.52339 4.08610
v 3.47140 6.21233 3.20650
v 3.47140 6.21233 3.20650
v 2.78795 5.52339 4.08610
v 2.83970 6.91542 3.63720
v 3.47140 6.21233 3.20650
v 2.83970 6.91542 3.63720
v 3.47021 7.54144 3.14840
v 3.47021 7.54144 3.14840
v 2.83970 6.91542 3.63720
v 3.42142 7.87162 3.49830
v 3.47021 7.54144 3.14840
v 3.42142 7.87162 3.49830
v 4.12417 7.88924 3.22600
v 2.78795 5.52339 4.08610
v 2.46369 6.18224 4.75820
v 2.83970 6.91542 3.63720
v 2.83970 6.91542 3.63720
v 2.46369 6.18224 4.75820
v 2.89792 7.48751 4.25960
v 2.83970 6.91542 3.63720
v 2.89792 7.48751 4.25960
v 3.42142 7.87162 3.49830
v 3.42142 7.87162 3.49830
v 2.89792 7.48751 4.25960
v 3.76983 8.10435 3.78870
v 3.42142 7.87162 3.49830
v 3.76983 8.10435 3.78870
v 4.12417 7.88924 3.22600
v 2.89792 7.48751 4.25960
v 3.61197 7.82919 4.70920
v 3.76983 8.10435 3.78870
v 3.76983 8.10435 3.78870
v 3.61197 7.82919 4.70920
v 4.31135 8.10330 3.84960
v 3.76983 8.10435 3.78870
v 4.31135 8.10330 3.84960
v 4.12417 7.88924 3.22600
v 3.61197 7.82919 4.70920
v 4.56357 7.74030 4.72260
v 4.31135 8.10330 3.84960
v 4.31135 8.10330 3.84960
v 4.56357 7.74030 4.72260
v 4.72875 7.86909 3.64530
v 4.31135 8.10330 3.84960
v 4.72875 7.86909 3.64530
v 4.12417 7.88924 3.22600
v 2.30432 6.01950 5.51490
v 2.13471 6.44207 6.32330
v 2.18337 7.24572 5.18250
v 2.18337 7.24572 5.18250
v 2.13471 6.44207 6.32330
v 2.29633 7.69034 6.10710
v 2.18337 7.24572 5.18250
v 2.29633 7.69034 6.10710
v 2.51888 8.60805 5.02560
v 2.51888 8.60805 5.02560
v 2.29633 7.69034 6.10710
v 2.95675 8.91794 5.76140
v 2.51888 8.60805 5.02560
v 2.95675 8.91794 5.76140
v 3.38380 9.54140 4.95580
v 3.38380 9.54140 4.95580
v 2.95675 8.91794 5.76140
v 3.88662 9.59469 5.19100
v 3.38380 9.54140 4.95580
v 3.88662 9.59469 5.19100
v 3.99242 9.55157 4.47750
v 2.13471 6.44207 6.32330
v 2.73779 6.71568 7.02790
v 2.29633 7.69034 6.10710
v 2.29633 7.69034 6.10710
v 2.73779 6.71568 7.02790
v 3.18922 7.89122 6.73890
v 2.29633 7.69034 6.10710
v 3.18922 7.89122 6.73890
v 2.95675 8.91794 5.76140
v 2.95675 8.91794 5.76140
v 3.18922 7.89122 6.73890
v 3.89751 8.95077 6.06670
v 2.95675 8.91794 5.76140
v 3.89751 8.95077 6.06670
v 3.88662 9.59469 5.19100
v 3.88662 9.59469 5.19100
v 3.89751 8.95077 6.06670
v 4.42740 9.47272 5.08260
v 3.88662 9.59469 5.19100
v 4.42740 9.47272 5.08260
v 3.99242 9.55157 4.47750
v 2.73779 6.71568 7.02790
v 3.76029 6.68004 7.21600
v 3.18922 7.89122 6.73890
v 3.18922 7.89122 6.73890
v 3.76029 6.68004 7.21600
v 4.33903 7.73071 6.70770
v 3.18922 7.89122 6.73890
v 4.33903 7.73071 6.70770
v 3.89751 8.95077 6.06670
v 3.89751 8.95077 6.06670
v 4.33903 7.73071 6.70770
v 4.79006 8.68730 5.76260
v 3.89751 8.95077 6.06670
v 4.79006 8.68730 5.76260
v 4.42740 9.47272 5.08260
v 4.42740 9.47272 5.08260
v 4.79006 8.68730 5.76260
v 4.68938 9.24694 4.69430
v 4.42740 9.47272 5.08260
v 4.68938 9.24694 4.69430
v 3.99242 9.55157 4.47750
v 3.76029 6.68004 7.21600
v 4.60325 6.35604 6.77730
v 4.33903 7.73071 6.70770
v 4.33903 7.73071 6.70770
v 4.60325 6.35604 6.77730
v 5.07216 7.30283 6.03180
v 4.33903 7.73071 6.70770
v 5.07216 7.30283 6.03180
v 4.79006 8.68730 5.76260
v 4.79006 8.68730 5.76260
v 5.07216 7.30283 6.03180
v 5.11157 8.28186 5.02730
v 4.79006 8.68730 5.76260
v 5.11157 8.28186 5.02730
v 4.68938 9.24694 4.69430
v 4.68938 9.24694 4.69430
v 5.11157 8.28186 5.02730
v 4.51906 9.04962 4.25340
v 4.68938 9.24694 4.69430
v 4.51906 9.04962 4.25340
v 3.99242 9.55157 4.47750
v 3.38380 9.54140 4.95580
v 3.99242 9.55157 4.47750
v 3.21348 9.34408 4.51490
v 3.38380 9.54140 4.95580
v 3.21348 9.34408 4.51490
v 2.51888 8.60805 5.02560
v 2.51888 8.60805 5.02560
v 3.21348 9.34408 4.51490
v 2.84040 8.20261 4.29040
v 2.51888 8.60805 5.02560
v 2.84040 8.20261 4.29040
v 2.18337 7.24572 5.18250
v 2.18337 7.24572 5.18250
v 2.84040 8.20261 4.29040
v 2.91652 6.81784 4.50660
v 2.18337 7.24572 5.18250
v 2.91652 6.81784 4.50660
v 2.30432 6.01950 5.51490
v 5.07216 7.30283 6.03180
v 4.95920 6.85822 5.10720
v 5.11157 8.28186 5.02730
v 5.11157 8.28186 5.02730
v 4.95920 6.85822 5.10720
v 4.67369 7.97196 4.29150
v 5.11157 8.28186 5.02730
v 4.67369 7.97196 4.29150
v 4.51906 9.04962 4.25340
v 4.51906 9.04962 4.25340
v 4.67369 7.97196 4.29150
v 4.01623 8.99634 4.01820
v 4.51906 9.04962 4.25340
v 4.01623 8.99634 4.01820
v 3.99242 9.55157 4.47750
v 3.21348 9.34408 4.51490
v 3.99242 9.55157 4.47750
v 3.47544 9.11830 4.12650
v 3.21348 9.34408 4.51490
v 3.47544 9.11830 4.12650
v 2.84040 8.20261 4.29040
v 2.84040 8.20261 4.29040
v 3.47544 9.11830 4.12650
v 3.73294 7.93914 3.98630
v 2.84040 8.20261 4.29040
v 3.73294 7.93914 3.98630
v 2.91652 6.81784 4.50660
v 4.67369 7.97196 4.29150
v 3.73294 7.93914 3.98630
v 4.01623 8.99634 4.01820
v 4.01623 8.99634 4.01820
v 3.73294 7.93914 3.98630
v 3.47544 9.11830 4.12650
v 4.01623 8.99634 4.01820
v 3.47544 9.11830 4.12650
v 3.99242 9.55157 4.47750
v 4.71425 6.61483 6.77010
v 5.49692 6.79057 7.45980
v 5.03068 7.57196 6.68880
v 5.03068 7.57196 6.68880
v 5.49692 6.79057 7.45980
v 6.09170 7.62059 7.27300
v 5.03068 7.57196 6.68880
v 6.09170 7.62059 7.27300
v 5.84089 8.39477 6.43420
v 5.84089 8.39477 6.43420
v 6.09170 7.62059 7.27300
v 6.87314 8.26071 6.66710
v 5.84089 8.39477 6.43420
v 6.87314 8.26071 6.66710
v 6.81282 8.68923 5.86660
v 6.81282 8.68923 5.86660
v 6.87314 8.26071 6.66710
v 7.33875 8.46624 5.69910
v 6.81282 8.68923 5.86660
v 7.33875 8.46624 5.69910
v 6.79905 8.55322 5.13740
v 5.49692 6.79057 7.45980
v 6.58469 6.57097 7.56030
v 6.09170 7.62059 7.27300
v 6.09170 7.62059 7.27300
v 6.58469 6.57097 7.56030
v 7.25722 7.24886 7.12830
v 6.09170 7.62059 7.27300
v 7.25722 7.24886 7.12830
v 6.87314 8.26071 6.66710
v 6.87314 8.26071 6.66710
v 7.25722 7.24886 7.12830
v 7.71140 7.82826 6.25760
v 6.87314 8.26071 6.66710
v 7.71140 7.82826 6.25760
v 7.33875 8.46624 5.69910
v 7.33875 8.46624 5.69910
v 7.71140 7.82826 6.25760
v 7.51369 8.18551 5.26120
v 7.33875 8.46624 5.69910
v 7.51369 8.18551 5.26120
v 6.79905 8.55322 5.13740
v 6.58469 6.57097 7.56030
v 7.34038 6.08467 7.01270
v 7.25722 7.24886 7.12830
v 7.25722 7.24886 7.12830
v 7.34038 6.08467 7.01270
v 7.84452 6.67454 6.33950
v 7.25722 7.24886 7.12830
v 7.84452 6.67454 6.33950
v 7.71140 7.82826 6.25760
v 7.71140 7.82826 6.25760
v 7.84452 6.67454 6.33950
v 7.86466 7.35074 5.44560
v 7.71140 7.82826 6.25760
v 7.86466 7.35074 5.44560
v 7.51369 8.18551 5.26120
v 7.51369 8.18551 5.26120
v 7.86466 7.35074 5.44560
v 7.23519 8.01148 4.80950
v 7.51369 8.18551 5.26120
v 7.23519 8.01148 4.80950
v 6.79905 8.55322 5.13740
v 7.34038 6.08467 7.01270
v 7.32130 5.38082 6.13780
v 7.84452 6.67454 6.33950
v 7.84452 6.67454 6.33950
v 7.32130 5.38082 6.13780
v 7.50957 5.99834 5.36860
v 7.84452 6.67454 6.33950
v 7.50957 5.99834 5.36860
v 7.86466 7.35074 5.44560
v 7.86466 7.35074 5.44560
v 7.50957 5.99834 5.36860
v 7.24314 7.10787 4.70680
v 7.86466 7.35074 5.44560
v 7.24314 7.10787 4.70680
v 7.23519 8.01148 4.80950
v 7.23519 8.01148 4.80950
v 7.24314 7.10787 4.70680
v 6.66634 8.04611 4.60860
v 7.23519 8.01148 4.80950
v 6.66634 8.04611 4.60860
v 6.79905 8.55322 5.13740
v 6.14039 8.26910 4.77610
v 6.79905 8.55322 5.13740
v 6.66634 8.04611 4.60860
v 6.14039 8.26910 4.77610
v 6.66634 8.04611 4.60860
v 6.21091 7.24193 4.47390
v 6.21091 7.24193 4.47390
v 6.66634 8.04611 4.60860
v 7.24314 7.10787 4.70680
v 6.21091 7.24193 4.47390
v 7.24314 7.10787 4.70680
v 6.44856 5.94971 4.78430
v 6.44856 5.94971 4.78430
v 7.24314 7.10787 4.70680
v 7.50957 5.99834 5.36860
v 6.44856 5.94971 4.78430
v 7.50957 5.99834 5.36860
v 6.53865 5.20507 5.44810
v 6.81282 8.68923 5.86660
v 6.79905 8.55322 5.13740
v 6.24397 8.72386 5.66560
v 6.81282 8.68923 5.86660
v 6.24397 8.72386 5.66560
v 5.84089 8.39477 6.43420
v 5.84089 8.39477 6.43420
v 6.24397 8.72386 5.66560
v 5.21937 8.15190 5.69540
v 5.84089 8.39477 6.43420
v 5.21937 8.15190 5.69540
v 5.03068 7.57196 6.68880
v 5.03068 7.57196 6.68880
v 5.21937 8.15190 5.69540
v 4.69572 7.13147 5.71790
v 5.03068 7.57196 6.68880
v 4.69572 7.13147 5.71790
v 4.71425 6.61483 6.77010
v 6.44856 5.94971 4.78430
v 5.28303 6.55714 4.92900
v 6.21091 7.24193 4.47390
v 6.21091 7.24193 4.47390
v 5.28303 6.55714 4.92900
v 5.37263 7.67438 4.88340
v 6.21091 7.24193 4.47390
v 5.37263 7.67438 4.88340
v 6.14039 8.26910 4.77610
v 6.14039 8.26910 4.77610
v 5.37263 7.67438 4.88340
v 5.96545 8.54983 5.21390
v 6.14039 8.26910 4.77610
v 5.96545 8.54983 5.21390
v 6.79905 8.55322 5.13740
v 5.28303 6.55714 4.92900
v 4.69572 7.13147 5.71790
v 5.37263 7.67438 4.88340
v 5.37263 7.67438 4.88340
v 4.69572 7.13147 5.71790
v 5.21937 8.15190 5.69540
v 5.37263 7.67438 4.88340
v 5.21937 8.15190 5.69540
v 5.96545 8.54983 5.21390
v 5.96545 8.54983 5.21390
v 5.21937 8.15190 5.69540
v 6.24397 8.72386 5.66560
v 5.96545 8.54983 5.21390
v 6.24397 8.72386 5.66560
v 6.79905 8.55322 5.13740
v 6.16559 7.02151 4.27260
v 5.93515 6.77427 3.74410
v 5.65843 7.01004 4.25960
v 6.16559 7.02151 4.27260
v 5.65843 7.01004 4.25960
v 5.61388 6.87124 5.03400
v 5.61388 6.87124 5.03400
v 5.65843 7.01004 4.25960
v 4.91736 6.52841 4.68260
v 5.61388 6.87124 5.03400
v 4.91736 6.52841 4.68260
v 5.12929 5.98582 5.63110
v 6.55664 6.49311 3.73480
v 5.93515 6.77427 3.74410
v 6.53766 6.80739 4.05520
v 6.55664 6.49311 3.73480
v 6.53766 6.80739 4.05520
v 7.05198 6.14060 4.53310
v 7.05198 6.14060 4.53310
v 6.53766 6.80739 4.05520
v 6.49806 6.80824 4.97210
v 7.05198 6.14060 4.53310
v 6.49806 6.80824 4.97210
v 7.01927 5.80999 5.45670
v 7.01927 5.80999 5.45670
v 7.26974 5.18809 4.82320
v 7.05198 6.14060 4.53310
v 7.05198 6.14060 4.53310
v 7.26974 5.18809 4.82320
v 6.95116 5.59277 3.97420
v 7.05198 6.14060 4.53310
v 6.95116 5.59277 3.97420
v 6.55664 6.49311 3.73480
v 6.55664 6.49311 3.73480
v 6.95116 5.59277 3.97420
v 6.21145 6.02706 3.49900
v 6.55664 6.49311 3.73480
v 6.21145 6.02706 3.49900
v 5.93515 6.77427 3.74410
v 4.81654 5.74487 4.12370
v 4.91736 6.52841 4.68260
v 5.31325 6.77970 4.02380
v 5.31325 6.77970 4.02380
v 4.91736 6.52841 4.68260
v 5.65843 7.01004 4.25960
v 5.31325 6.77970 4.02380
v 5.65843 7.01004 4.25960
v 5.93515 6.77427 3.74410
v 5.61388 6.87124 5.03400
v 6.49806 6.80824 4.97210
v 6.16559 7.02151 4.27260
v 6.16559 7.02151 4.27260
v 6.49806 6.80824 4.97210
v 6.53766 6.80739 4.05520
v 6.16559 7.02151 4.27260
v 6.53766 6.80739 4.05520
v 5.93515 6.77427 3.74410
v 6.95116 5.59277 3.97420
v 6.25465 5.24994 3.62270
v 6.21145 6.02706 3.49900
v 6.21145 6.02706 3.49900
v 6.25465 5.24994 3.62270
v 5.70428 6.01559 3.48600
v 6.21145 6.02706 3.49900
v 5.70428 6.01559 3.48600
v 5.93515 6.77427 3.74410
v 6.25465 5.24994 3.62270
v 5.37046 5.31294 3.68470
v 5.70428 6.01559 3.48600
v 5.70428 6.01559 3.48600
v 5.37046 5.31294 3.68470
v 5.33224 6.22971 3.70330
v 5.70428 6.01559 3.48600
v 5.33224 6.22971 3.70330
v 5.93515 6.77427 3.74410
v 5.37046 5.31294 3.68470
v 4.81654 5.74487 4.12370
v 5.33224 6.22971 3.70330
v 5.33224 6.22971 3.70330
v 4.81654 5.74487 4.12370
v 5.31325 6.77970 4.02380
v 5.33224 6.22971 3.70330
v 5.31325 6.77970 4.02380
v 5.93515 6.77427 3.74410
v -1.48305 3.91432 3.09140
v -1.77488 4.03564 3.14320
v -2.16834 4.84551 3.46670
v -2.16834 4.84551 3.46670
v -1.77488 4.03564 3.14320
v -2.17269 4.09041 3.17010
v -2.16834 4.84551 3.46670
v -2.17269 4.09041 3.17010
v -2.57108 4.03564 3.15480
v 7.04923 5.70382 3.33190
v 7.04923 4.84551 3.33190
v 1.26082 4.84551 3.41660
v 1.26082 4.84551 3.41660
v 7.04923 4.84551 3.33190
v 5.46589 -0.63039 1.20460
v 1.26082 4.84551 3.41660
v 5.46589 -0.63039 1.20460
v 1.22938 -0.63039 1.26660
v -7.10733 5.70382 3.53890
v -2.16834 5.70382 3.46670
v -2.16834 4.84551 3.46670
v -2.16834 4.84551 3.46670
v -2.16834 5.70382 3.46670
v 1.26082 5.70382 3.41660
v -2.16834 4.84551 3.46670
v 1.26082 5.70382 3.41660
v 1.26082 4.84551 3.41660
v 1.26082 4.84551 3.41660
v 1.26082 5.70382 3.41660
v 7.04923 5.70382 3.33190
v -2.57108 4.03564 3.15480
v -2.86433 3.91432 3.11160
v -2.16834 4.84551 3.46670
v -2.16834 4.84551 3.46670
v -2.86433 3.91432 3.11160
v -7.10733 4.84551 3.53890
v -2.16834 4.84551 3.46670
v -7.10733 4.84551 3.53890
v -7.10733 5.70382 3.53890
v -3.11221 3.48046 11.08970
v -3.15849 3.48046 7.92430
v -2.99339 3.68524 11.08790
v -2.99339 3.68524 11.08790
v -3.15849 3.48046 7.92430
v -3.03971 3.68524 7.92250
v -2.99339 3.68524 11.08790
v -3.03971 3.68524 7.92250
v -2.74771 3.91432 11.08430
v -2.74771 3.91432 11.08430
v -3.03971 3.68524 7.92250
v -2.79401 3.91432 7.91890
v -2.74771 3.91432 11.08430
v -2.79401 3.91432 7.91890
v -2.45519 4.03564 11.08000
v -2.45519 4.03564 11.08000
v -2.79401 3.91432 7.91890
v -2.50147 4.03564 7.91470
v -2.45519 4.03564 11.08000
v -2.50147 4.03564 7.91470
v -2.05707 4.09041 11.07420
v -2.05707 4.09041 11.07420
v -2.50147 4.03564 7.91470
v -2.10338 4.09041 7.90880
v -2.05707 4.09041 11.07420
v -2.10338 4.09041 7.90880
v -1.65899 4.03564 11.06840
v -1.65899 4.03564 11.06840
v -2.10338 4.09041 7.90880
v -1.70528 4.03564 7.90300
v -1.65899 4.03564 11.06840
v -1.70528 4.03564 7.90300
v -1.36643 3.91432 11.06410
v -1.36643 3.91432 11.06410
v -1.70528 4.03564 7.90300
v -1.41274 3.91432 7.89870
v -1.36643 3.91432 11.06410
v -1.41274 3.91432 7.89870
v -1.12076 3.68524 11.06050
v -1.12076 3.68524 11.06050
v -1.41274 3.91432 7.89870
v -1.16706 3.68524 7.89520
v -1.12076 3.68524 11.06050
v -1.16706 3.68524 7.89520
v -1.00195 3.48046 11.05880
v -1.00195 3.48046 11.05880
v -1.16706 3.68524 7.89520
v -1.04825 3.48046 7.89340
v -1.09455 3.48046 4.72800
v -1.04825 3.48046 7.89340
v -1.21335 3.68524 4.72980
v -1.21335 3.68524 4.72980
v -1.04825 3.48046 7.89340
v -1.16706 3.68524 7.89520
v -1.21335 3.68524 4.72980
v -1.16706 3.68524 7.89520
v -1.45903 3.91432 4.73340
v -1.45903 3.91432 4.73340
v -1.16706 3.68524 7.89520
v -1.41274 3.91432 7.89870
v -1.45903 3.91432 4.73340
v -1.41274 3.91432 7.89870
v -1.75157 4.03564 4.73760
v -1.75157 4.03564 4.73760
v -1.41274 3.91432 7.89870
v -1.70528 4.03564 7.90300
v -1.75157 4.03564 4.73760
v -1.70528 4.03564 7.90300
v -2.14968 4.09041 4.74340
v -2.14968 4.09041 4.74340
v -1.70528 4.03564 7.90300
v -2.10338 4.09041 7.90880
v -2.14968 4.09041 4.74340
v -2.10338 4.09041 7.90880
v -2.54776 4.03564 4.74930
v -2.54776 4.03564 4.74930
v -2.10338 4.09041 7.90880
v -2.50147 4.03564 7.91470
v -2.54776 4.03564 4.74930
v -2.50147 4.03564 7.91470
v -2.84031 3.91432 4.75350
v -2.84031 3.91432 4.75350
v -2.50147 4.03564 7.91470
v -2.79401 3.91432 7.91890
v -2.84031 3.91432 4.75350
v -2.79401 3.91432 7.91890
v -3.08600 3.68524 4.75720
v -3.08600 3.68524 4.75720
v -2.79401 3.91432 7.91890
v -3.03971 3.68524 7.92250
v -3.08600 3.68524 4.75720
v -3.03971 3.68524 7.92250
v -3.20479 3.48046 4.75890
v -3.20479 3.48046 4.75890
v -3.03971 3.68524 7.92250
v -3.15849 3.48046 7.92430
v 1.29819 1.47084 0.07540
v 1.28332 1.51782 0.22630
v 1.42695 1.46517 0.07350
v 1.42695 1.46517 0.07350
v 1.28332 1.51782 0.22630
v 1.45031 1.51047 0.22390
v 1.42695 1.46517 0.07350
v 1.45031 1.51047 0.22390
v 1.51401 1.37010 0.07220
v 1.51401 1.37010 0.07220
v 1.45031 1.51047 0.22390
v 1.56320 1.38718 0.22220
v 1.51401 1.37010 0.07220
v 1.56320 1.38718 0.22220
v 1.50834 1.24131 0.07230
v 1.50834 1.24131 0.07230
v 1.56320 1.38718 0.22220
v 1.55585 1.22017 0.22230
v 1.50834 1.24131 0.07230
v 1.55585 1.22017 0.22230
v 1.41330 1.15425 0.07370
v 1.41330 1.15425 0.07370
v 1.55585 1.22017 0.22230
v 1.43256 1.10728 0.22410
v 1.41330 1.15425 0.07370
v 1.43256 1.10728 0.22410
v 1.28451 1.15992 0.07560
v 1.28451 1.15992 0.07560
v 1.43256 1.10728 0.22410
v 1.26557 1.11462 0.22660
v 1.28451 1.15992 0.07560
v 1.26557 1.11462 0.22660
v 1.19746 1.25499 0.07690
v 1.19746 1.25499 0.07690
v 1.26557 1.11462 0.22660
v 1.15269 1.23791 0.22820
v 1.19746 1.25499 0.07690
v 1.15269 1.23791 0.22820
v 1.20313 1.38378 0.07680
v 1.20313 1.38378 0.07680
v 1.15269 1.23791 0.22820
v 1.16005 1.40492 0.22810
v 1.20313 1.38378 0.07680
v 1.16005 1.40492 0.22810
v 1.29819 1.47084 0.07540
v 1.29819 1.47084 0.07540
v 1.16005 1.40492 0.22810
v 1.28332 1.51782 0.22630
v 2.52303 1.37689 0.05560
v 2.48292 1.39380 0.19930
v 2.61555 1.47157 0.05420
v 2.61555 1.47157 0.05420
v 2.48292 1.39380 0.19930
v 2.59975 1.51336 0.19750
v 2.61555 1.47157 0.05420
v 2.59975 1.51336 0.19750
v 2.74788 1.47309 0.05230
v 2.74788 1.47309 0.05230
v 2.59975 1.51336 0.19750
v 2.76690 1.51529 0.19510
v 2.74788 1.47309 0.05230
v 2.76690 1.51529 0.19510
v 2.84257 1.38057 0.05090
v 2.84257 1.38057 0.05090
v 2.76690 1.51529 0.19510
v 2.88643 1.39845 0.19340
v 2.84257 1.38057 0.05090
v 2.88643 1.39845 0.19340
v 2.84408 1.24820 0.05090
v 2.84408 1.24820 0.05090
v 2.88643 1.39845 0.19340
v 2.88836 1.23129 0.19330
v 2.84408 1.24820 0.05090
v 2.88836 1.23129 0.19330
v 2.75157 1.15352 0.05220
v 2.75157 1.15352 0.05220
v 2.88836 1.23129 0.19330
v 2.77154 1.11173 0.19500
v 2.75157 1.15352 0.05220
v 2.77154 1.11173 0.19500
v 2.61923 1.15200 0.05420
v 2.61923 1.15200 0.05420
v 2.77154 1.11173 0.19500
v 2.60441 1.10981 0.19750
v 2.61923 1.15200 0.05420
v 2.60441 1.10981 0.19750
v 2.52456 1.24452 0.05560
v 2.52456 1.24452 0.05560
v 2.60441 1.10981 0.19750
v 2.48485 1.22665 0.19920
v 2.52456 1.24452 0.05560
v 2.48485 1.22665 0.19920
v 2.52303 1.37689 0.05560
v 2.52303 1.37689 0.05560
v 2.48485 1.22665 0.19920
v 2.48292 1.39380 0.19930
v 0.98742 1.07356 0.45820
v 0.98498 1.07356 0.29110
v 2.00641 1.07356 0.27620
v 2.00641 1.07356 0.27620
v 0.98498 1.07356 0.29110
v 0.98498 1.47583 0.29110
v 2.00641 1.07356 0.27620
v 0.98498 1.47583 0.29110
v 2.00641 1.47583 0.27620
v 2.00641 1.47583 0.27620
v 0.98498 1.47583 0.29110
v 0.98742 1.47583 0.45820
v 2.00641 1.47583 0.27620
v 0.98742 1.47583 0.45820
v 2.00886 1.47583 0.44320
v 0.98742 1.07356 0.45820
v 2.00641 1.07356 0.27620
v 2.00886 1.07356 0.44320
v -0.81206 1.47084 0.10630
v -0.82694 1.51782 0.25720
v -0.68329 1.46517 0.10440
v -0.68329 1.46517 0.10440
v -0.82694 1.51782 0.25720
v -0.65994 1.51047 0.25470
v -0.68329 1.46517 0.10440
v -0.65994 1.51047 0.25470
v -0.59623 1.37010 0.10310
v -0.59623 1.37010 0.10310
v -0.65994 1.51047 0.25470
v -0.54705 1.38718 0.25310
v -0.59623 1.37010 0.10310
v -0.54705 1.38718 0.25310
v -0.60190 1.24131 0.10320
v -0.60190 1.24131 0.10320
v -0.54705 1.38718 0.25310
v -0.55440 1.22017 0.25320
v -0.60190 1.24131 0.10320
v -0.55440 1.22017 0.25320
v -0.69696 1.15425 0.10460
v -0.69696 1.15425 0.10460
v -0.55440 1.22017 0.25320
v -0.67768 1.10728 0.25500
v -0.69696 1.15425 0.10460
v -0.67768 1.10728 0.25500
v -0.82574 1.15992 0.10650
v -0.82574 1.15992 0.10650
v -0.67768 1.10728 0.25500
v -0.84467 1.11462 0.25740
v -0.82574 1.15992 0.10650
v -0.84467 1.11462 0.25740
v -0.91279 1.25499 0.10770
v -0.91279 1.25499 0.10770
v -0.84467 1.11462 0.25740
v -0.95757 1.23791 0.25910
v -0.91279 1.25499 0.10770
v -0.95757 1.23791 0.25910
v -0.90713 1.38378 0.10770
v -0.90713 1.38378 0.10770
v -0.95757 1.23791 0.25910
v -0.95021 1.40492 0.25900
v -0.90713 1.38378 0.10770
v -0.95021 1.40492 0.25900
v -0.81206 1.47084 0.10630
v -0.81206 1.47084 0.10630
v -0.95021 1.40492 0.25900
v -0.82694 1.51782 0.25720
v 0.41276 1.37689 0.08640
v 0.37267 1.39380 0.23010
v 0.50528 1.47157 0.08510
v 0.50528 1.47157 0.08510
v 0.37267 1.39380 0.23010
v 0.48950 1.51336 0.22840
v 0.50528 1.47157 0.08510
v 0.48950 1.51336 0.22840
v 0.63764 1.47309 0.08310
v 0.63764 1.47309 0.08310
v 0.48950 1.51336 0.22840
v 0.65664 1.51529 0.22600
v 0.63764 1.47309 0.08310
v 0.65664 1.51529 0.22600
v 0.73232 1.38057 0.08180
v 0.73232 1.38057 0.08180
v 0.65664 1.51529 0.22600
v 0.77619 1.39845 0.22420
v 0.73232 1.38057 0.08180
v 0.77619 1.39845 0.22420
v 0.73383 1.24820 0.08170
v 0.73383 1.24820 0.08170
v 0.77619 1.39845 0.22420
v 0.77812 1.23129 0.22420
v 0.73383 1.24820 0.08170
v 0.77812 1.23129 0.22420
v 0.64133 1.15352 0.08310
v 0.64133 1.15352 0.08310
v 0.77812 1.23129 0.22420
v 0.66128 1.11173 0.22590
v 0.64133 1.15352 0.08310
v 0.66128 1.11173 0.22590
v 0.50897 1.15200 0.08500
v 0.50897 1.15200 0.08500
v 0.66128 1.11173 0.22590
v 0.49415 1.10981 0.22830
v 0.50897 1.15200 0.08500
v 0.49415 1.10981 0.22830
v 0.41430 1.24452 0.08640
v 0.41430 1.24452 0.08640
v 0.49415 1.10981 0.22830
v 0.37459 1.22665 0.23010
v 0.41430 1.24452 0.08640
v 0.37459 1.22665 0.23010
v 0.41276 1.37689 0.08640
v 0.41276 1.37689 0.08640
v 0.37459 1.22665 0.23010
v 0.37267 1.39380 0.23010
v -1.12284 1.07356 0.48900
v -1.12528 1.07356 0.32200
v -0.10385 1.07356 0.30710
v -0.10385 1.07356 0.30710
v -1.12528 1.07356 0.32200
v -1.12528 1.47583 0.32200
v -0.10385 1.07356 0.30710
v -1.12528 1.47583 0.32200
v -0.10385 1.47583 0.30710
v -0.10385 1.47583 0.30710
v -1.12528 1.47583 0.32200
v -1.12284 1.47583 0.48900
v -0.10385 1.47583 0.30710
v -1.12284 1.47583 0.48900
v -0.10141 1.47583 0.47410
v -1.12284 1.07356 0.48900
v -0.10385 1.07356 0.30710
v -0.10141 1.07356 0.47410
v -1.48305 3.91432 3.09140
v -2.16834 4.84551 3.46670
v 1.26082 4.84551 3.41660
v 2.52456 1.24452 0.05560
v 2.52303 1.37689 0.05560
v 2.68246 1.31255 -0.02230
v 2.68246 1.31255 -0.02230
v 2.52303 1.37689 0.05560
v 2.61555 1.47157 0.05420
v 2.68246 1.31255 -0.02230
v 2.61555 1.47157 0.05420
v 2.74788 1.47309 0.05230
v 2.74788 1.47309 0.05230
v 2.84257 1.38057 0.05090
v 2.68246 1.31255 -0.02230
v 2.68246 1.31255 -0.02230
v 2.84257 1.38057 0.05090
v 2.84408 1.24820 0.05090
v 2.68246 1.31255 -0.02230
v 2.84408 1.24820 0.05090
v 2.75157 1.15352 0.05220
v 2.75157 1.15352 0.05220
v 2.61923 1.15200 0.05420
v 2.68246 1.31255 -0.02230
v 2.68246 1.31255 -0.02230
v 2.61923 1.15200 0.05420
v 2.52456 1.24452 0.05560
v 1.20313 1.38378 0.07680
v 1.29819 1.47084 0.07540
v 1.35475 1.31255 0.00660
v 1.35475 1.31255 0.00660
v 1.29819 1.47084 0.07540
v 1.42695 1.46517 0.07350
v 1.35475 1.31255 0.00660
v 1.42695 1.46517 0.07350
v 1.51401 1.37010 0.07220
v 1.51401 1.37010 0.07220
v 1.50834 1.24131 0.07230
v 1.35475 1.31255 0.00660
v 1.35475 1.31255 0.00660
v 1.50834 1.24131 0.07230
v 1.41330 1.15425 0.07370
v 1.35475 1.31255 0.00660
v 1.41330 1.15425 0.07370
v 1.28451 1.15992 0.07560
v 1.28451 1.15992 0.07560
v 1.19746 1.25499 0.07690
v 1.35475 1.31255 0.00660
v 1.35475 1.31255 0.00660
v 1.19746 1.25499 0.07690
v 1.20313 1.38378 0.07680
v 0.41430 1.24452 0.08640
v 0.41276 1.37689 0.08640
v 0.57219 1.31255 0.00860
v 0.57219 1.31255 0.00860
v 0.41276 1.37689 0.08640
v 0.50528 1.47157 0.08510
v 0.57219 1.31255 0.00860
v 0.50528 1.47157 0.08510
v 0.63764 1.47309 0.08310
v 0.63764 1.47309 0.08310
v 0.73232 1.38057 0.08180
v 0.57219 1.31255 0.00860
v 0.57219 1.31255 0.00860
v 0.73232 1.38057 0.08180
v 0.73383 1.24820 0.08170
v 0.57219 1.31255 0.00860
v 0.73383 1.24820 0.08170
v 0.64133 1.15352 0.08310
v 0.64133 1.15352 0.08310
v 0.50897 1.15200 0.08500
v 0.57219 1.31255 0.00860
v 0.57219 1.31255 0.00860
v 0.50897 1.15200 0.08500
v 0.41430 1.24452 0.08640
v -0.90713 1.38378 0.10770
v -0.81206 1.47084 0.10630
v -0.75550 1.31255 0.03750
v -0.75550 1.31255 0.03750
v -0.81206 1.47084 0.10630
v -0.68329 1.46517 0.10440
v -0.75550 1.31255 0.03750
v -0.68329 1.46517 0.10440
v -0.59623 1.37010 0.10310
v -0.59623 1.37010 0.10310
v -0.60190 1.24131 0.10320
v -0.75550 1.31255 0.03750
v -0.75550 1.31255 0.03750
v -0.60190 1.24131 0.10320
v -0.69696 1.15425 0.10460
v -0.75550 1.31255 0.03750
v -0.69696 1.15425 0.10460
v -0.82574 1.15992 0.10650
v -0.82574 1.15992 0.10650
v -0.91279 1.25499 0.10770
v -0.75550 1.31255 0.03750
v -0.75550 1.31255 0.03750
v -0.91279 1.25499 0.10770
v -0.90713 1.38378 0.10770
vt 0.88926 0.41678
vt 0.90253 0.38651
vt 0.83153 0.39633
vt 0.87687 0.44376
vt 0.88926 0.41678
vt 0.85536 0.42002
vt 0.87687 0.44376
vt 0.88926 0.41678
vt 0.85536 0.42002
vt 0.87687 0.44376
vt 0.88926 0.41678
vt 0.85536 0.42002
vt 0.87687 0.44376
vt 0.88926 0.41678
vt 0.85536 0.42002
vt 0.88166 0.44722
vt 0.91166 0.44510
vt 0.89341 0.41833
vt 0.90253 0.38651
vt 0.91291 0.36130
vt 0.81635 0.38093
vt 0.54723 0.10683
vt 0.53436 0.09482
vt 0.67787 0.04603
vt 0.54723 0.10683
vt 0.67787 0.04603
vt 0.55346 0.11756
vt 0.55346 0.11756
vt 0.67787 0.04603
vt 0.67787 0.33296
vt 0.55346 0.11756
vt 0.67787 0.33296
vt 0.55346 0.33296
vt 0.53436 0.09482
vt 0.54723 0.10683
vt 0.96167 0.04603
vt 0.96167 0.04603
vt 0.54723 0.10683
vt 0.54866 0.11195
vt 0.96167 0.04603
vt 0.54866 0.11195
vt 0.91865 0.33385
vt 0.91865 0.33385
vt 0.54866 0.11195
vt 0.54866 0.33296
vt 0.15174 0.03393
vt 0.15350 0.03393
vt 0.15350 0.08769
vt 0.15174 0.03393
vt 0.15350 0.08769
vt 0.15174 0.08769
vt 0.15174 0.08769
vt 0.15350 0.08769
vt 0.15350 0.03386
vt 0.15174 0.08769
vt 0.15350 0.03386
vt 0.15174 0.03386
vt 0.15174 0.03386
vt 0.15350 0.03386
vt 0.15350 0.01143
vt 0.15174 0.03386
vt 0.15350 0.01143
vt 0.15174 0.01143
vt 0.00470 0.70344
vt 0.00470 1.01752
vt 0.09464 1.01752
vt 0.00470 0.70344
vt 0.09464 1.01752
vt 0.04861 0.70344
vt 0.04861 0.70344
vt 0.09464 1.01752
vt 0.10325 1.01752
vt 0.04861 0.70344
vt 0.10325 1.01752
vt 0.10313 0.70344
vt 0.10313 0.70344
vt 0.10325 1.01752
vt 0.09464 1.01752
vt 0.10313 0.70344
vt 0.09464 1.01752
vt 0.04861 0.70344
vt 0.04861 0.70344
vt 0.09464 1.01752
vt 0.00470 1.01752
vt 0.04861 0.70344
vt 0.00470 1.01752
vt 0.00470 0.70344
vt 0.06329 0.64454
vt 0.06329 0.67862
vt 0.06854 0.64453
vt 0.06854 0.64453
vt 0.06329 0.67862
vt 0.06854 0.67862
vt 0.06854 0.64453
vt 0.06854 0.67862
vt 0.08691 0.64449
vt 0.08691 0.64449
vt 0.06854 0.67862
vt 0.08691 0.67862
vt 0.08691 0.64449
vt 0.08691 0.67862
vt 0.09896 0.64445
vt 0.09896 0.64445
vt 0.08691 0.67862
vt 0.09896 0.67862
vt 0.09896 0.64445
vt 0.09896 0.67862
vt 0.11896 0.64445
vt 0.11896 0.64445
vt 0.09896 0.67862
vt 0.11896 0.67862
vt 0.11896 0.64445
vt 0.11896 0.67862
vt 0.09896 0.64445
vt 0.09896 0.64445
vt 0.11896 0.67862
vt 0.09896 0.67862
vt 0.09896 0.64445
vt 0.09896 0.67862
vt 0.08691 0.64449
vt 0.08691 0.64449
vt 0.09896 0.67862
vt 0.08691 0.67862
vt 0.08691 0.64449
vt 0.08691 0.67862
vt 0.06854 0.64453
vt 0.06854 0.64453
vt 0.08691 0.67862
vt 0.06854 0.67862
vt 0.06854 0.64453
vt 0.06854 0.67862
vt 0.06329 0.64454
vt 0.06329 0.64454
vt 0.06854 0.67862
vt 0.06329 0.67862
vt 0.06329 0.64454
vt 0.06329 0.67862
vt 0.06854 0.64453
vt 0.06854 0.64453
vt 0.06329 0.67862
vt 0.06854 0.67862
vt 0.06854 0.64453
vt 0.06854 0.67862
vt 0.08691 0.64449
vt 0.08691 0.64449
vt 0.06854 0.67862
vt 0.08691 0.67862
vt 0.08691 0.64449
vt 0.08691 0.67862
vt 0.09896 0.64445
vt 0.09896 0.64445
vt 0.08691 0.67862
vt 0.09896 0.67862
vt 0.09896 0.64445
vt 0.09896 0.67862
vt 0.11896 0.64445
vt 0.11896 0.64445
vt 0.09896 0.67862
vt 0.11896 0.67862
vt 0.11896 0.64445
vt 0.11896 0.67862
vt 0.09896 0.64445
vt 0.09896 0.64445
vt 0.11896 0.67862
vt 0.09896 0.67862
vt 0.09896 0.64445
vt 0.09896 0.67862
vt 0.08691 0.64449
vt 0.08691 0.64449
vt 0.09896 0.67862
vt 0.08691 0.67862
vt 0.08691 0.64449
vt 0.08691 0.67862
vt 0.06854 0.64453
vt 0.06854 0.64453
vt 0.08691 0.67862
vt 0.06854 0.67862
vt 0.06854 0.64453
vt 0.06854 0.67862
vt 0.06329 0.64454
vt 0.06329 0.64454
vt 0.06854 0.67862
vt 0.06329 0.67862
vt 0.00470 1.01752
vt 0.00470 0.70344
vt 0.04861 0.70344
vt 0.00470 1.01752
vt 0.04861 0.70344
vt 0.09464 1.01752
vt 0.09464 1.01752
vt 0.04861 0.70344
vt 0.10320 0.70344
vt 0.09464 1.01752
vt 0.10320 0.70344
vt 0.10325 1.01752
vt 0.10325 1.01752
vt 0.10320 0.70344
vt 0.04861 0.70344
vt 0.10325 1.01752
vt 0.04861 0.70344
vt 0.09464 1.01752
vt 0.09464 1.01752
vt 0.04861 0.70344
vt 0.00470 0.70344
vt 0.09464 1.01752
vt 0.00470 0.70344
vt 0.00470 1.01752
vt 0.15174 0.03393
vt 0.15350 0.03393
vt 0.15174 0.08769
vt 0.15174 0.08769
vt 0.15350 0.03393
vt 0.15350 0.08769
vt 0.15174 0.08769
vt 0.15350 0.08769
vt 0.15350 0.03386
vt 0.15174 0.01143
vt 0.15350 0.01143
vt 0.15350 0.03386
vt 0.15174 0.01143
vt 0.15350 0.03386
vt 0.15174 0.03386
vt 0.15174 0.03386
vt 0.15350 0.03386
vt 0.15350 0.08769
vt 0.15174 0.03386
vt 0.15350 0.08769
vt 0.15174 0.08769
vt 0.15174 0.08769
vt 0.15350 0.08769
vt 0.15350 0.03393
vt 0.15174 0.08769
vt 0.15350 0.03393
vt 0.15174 0.03393
vt 0.15174 0.08769
vt 0.15350 0.03386
vt 0.15174 0.03386
vt 0.15174 0.03386
vt 0.15350 0.03386
vt 0.15350 0.01143
vt 0.15174 0.03386
vt 0.15350 0.01143
vt 0.15174 0.01143
vt 0.90998 0.68816
vt 0.99966 0.68816
vt 0.90998 0.71487
vt 0.90998 0.71487
vt 0.99966 0.68816
vt 0.99966 0.71487
vt 0.90998 0.71487
vt 0.99966 0.71487
vt 0.90998 0.75186
vt 0.90998 0.75186
vt 0.99966 0.71487
vt 0.99966 0.75186
vt 0.90998 0.75186
vt 0.99966 0.75186
vt 0.90998 0.71487
vt 0.90998 0.71487
vt 0.99966 0.75186
vt 0.99966 0.71487
vt 0.91371 0.86969
vt 0.91371 0.85317
vt 0.94229 0.86969
vt 0.94229 0.86969
vt 0.91371 0.85317
vt 0.94229 0.85317
vt 0.91376 0.86969
vt 0.91376 0.85310
vt 0.94229 0.86969
vt 0.94229 0.86969
vt 0.91376 0.85310
vt 0.94229 0.85310
vt 0.96203 0.99790
vt 0.94488 0.99858
vt 0.96130 0.87167
vt 0.96130 0.87167
vt 0.94488 0.99858
vt 0.94416 0.87167
vt 0.96130 0.87167
vt 0.94416 0.87167
vt 0.96123 0.86359
vt 0.96123 0.86359
vt 0.94416 0.87167
vt 0.94410 0.86359
vt 0.96203 0.99790
vt 0.96231 0.85021
vt 0.97305 0.99809
vt 0.97305 0.99809
vt 0.96231 0.85021
vt 0.97305 0.85021
vt 0.91536 0.94208
vt 0.92647 0.94229
vt 0.91536 0.99772
vt 0.91536 0.99772
vt 0.92647 0.94229
vt 0.92647 0.99772
vt 0.97305 0.85021
vt 0.97305 0.99809
vt 0.96231 0.85021
vt 0.96231 0.85021
vt 0.97305 0.99809
vt 0.96231 0.99809
vt 0.94488 0.99858
vt 0.96203 0.99790
vt 0.94416 0.87167
vt 0.94416 0.87167
vt 0.96203 0.99790
vt 0.96129 0.87167
vt 0.94416 0.87167
vt 0.96129 0.87167
vt 0.94410 0.86359
vt 0.94410 0.86359
vt 0.96129 0.87167
vt 0.96123 0.86359
vt 0.96231 0.99809
vt 0.96231 0.85021
vt 0.97305 0.99809
vt 0.97305 0.99809
vt 0.96231 0.85021
vt 0.97305 0.85021
vt 0.91542 0.94262
vt 0.92653 0.94284
vt 0.91542 0.99772
vt 0.91542 0.99772
vt 0.92653 0.94284
vt 0.92653 0.99772
vt 0.97305 0.85021
vt 0.97305 0.99809
vt 0.96231 0.85021
vt 0.96231 0.85021
vt 0.97305 0.99809
vt 0.96231 0.99809
vt 0.97305 0.99809
vt 0.96231 0.99809
vt 0.97305 0.85021
vt 0.97305 0.85021
vt 0.96231 0.99809
vt 0.96231 0.85021
vt 0.92841 0.92190
vt 0.94382 0.92190
vt 0.92841 0.87245
vt 0.92841 0.87245
vt 0.94382 0.92190
vt 0.94382 0.87245
vt 0.97305 0.99809
vt 0.96231 0.99809
vt 0.97305 0.85021
vt 0.97305 0.85021
vt 0.96231 0.99809
vt 0.96231 0.85021
vt 0.97305 0.99809
vt 0.96231 0.99809
vt 0.97305 0.85021
vt 0.97305 0.85021
vt 0.96231 0.99809
vt 0.96231 0.85021
vt 0.94382 0.92190
vt 0.92841 0.92190
vt 0.94382 0.87245
vt 0.94382 0.87245
vt 0.92841 0.92190
vt 0.92841 0.87245
vt 0.97305 0.99809
vt 0.96231 0.99809
vt 0.97305 0.85021
vt 0.97305 0.85021
vt 0.96231 0.99809
vt 0.96231 0.85021
vt 0.82886 0.64440
vt 0.82886 0.55623
vt 0.90218 0.64440
vt 0.90218 0.64440
vt 0.82886 0.55623
vt 0.90218 0.55623
vt 0.97530 0.99811
vt 0.99732 0.99811
vt 0.99732 0.84882
vt 0.97530 0.99811
vt 0.99732 0.84882
vt 0.97626 0.84882
vt 0.97626 0.84882
vt 0.99732 0.84882
vt 0.99732 0.99811
vt 0.97626 0.84882
vt 0.99732 0.99811
vt 0.97530 0.99811
vt 0.97530 0.99811
vt 0.99732 0.99811
vt 0.99732 0.84882
vt 0.97530 0.99811
vt 0.99732 0.84882
vt 0.97626 0.84882
vt 0.90998 0.68816
vt 0.99966 0.68816
vt 0.90998 0.71487
vt 0.90998 0.71487
vt 0.99966 0.68816
vt 0.99966 0.71487
vt 0.90998 0.71487
vt 0.99966 0.71487
vt 0.90998 0.75186
vt 0.90998 0.75186
vt 0.99966 0.71487
vt 0.99966 0.75186
vt 0.90998 0.75186
vt 0.99966 0.75186
vt 0.90998 0.71487
vt 0.90998 0.71487
vt 0.99966 0.75186
vt 0.99966 0.71487
vt 0.91371 0.86969
vt 0.91371 0.85317
vt 0.94229 0.86969
vt 0.94229 0.86969
vt 0.91371 0.85317
vt 0.94229 0.85317
vt 0.91376 0.86969
vt 0.91376 0.85310
vt 0.94229 0.86969
vt 0.94229 0.86969
vt 0.91376 0.85310
vt 0.94229 0.85310
vt 0.96203 0.99790
vt 0.94488 0.99858
vt 0.96130 0.87167
vt 0.96130 0.87167
vt 0.94488 0.99858
vt 0.94416 0.87167
vt 0.96130 0.87167
vt 0.94416 0.87167
vt 0.96123 0.86359
vt 0.96123 0.86359
vt 0.94416 0.87167
vt 0.94410 0.86359
vt 0.96203 0.99790
vt 0.96231 0.85021
vt 0.97305 0.99809
vt 0.97305 0.99809
vt 0.96231 0.85021
vt 0.97305 0.85021
vt 0.91536 0.94208
vt 0.92647 0.94229
vt 0.91536 0.99772
vt 0.91536 0.99772
vt 0.92647 0.94229
vt 0.92647 0.99772
vt 0.97305 0.85021
vt 0.97305 0.99809
vt 0.96231 0.85021
vt 0.96231 0.85021
vt 0.97305 0.99809
vt 0.96231 0.99809
vt 0.96110 0.99833
vt 0.94581 0.99834
vt 0.96099 0.87264
vt 0.96099 0.87264
vt 0.94581 0.99834
vt 0.94570 0.87265
vt 0.94488 0.99858
vt 0.96203 0.99790
vt 0.94416 0.87167
vt 0.94416 0.87167
vt 0.96203 0.99790
vt 0.96129 0.87167
vt 0.94416 0.87167
vt 0.96129 0.87167
vt 0.94410 0.86359
vt 0.94410 0.86359
vt 0.96129 0.87167
vt 0.96123 0.86359
vt 0.96231 0.99809
vt 0.96231 0.85021
vt 0.97305 0.99809
vt 0.97305 0.99809
vt 0.96231 0.85021
vt 0.97305 0.85021
vt 0.91542 0.94262
vt 0.92653 0.94284
vt 0.91542 0.99772
vt 0.91542 0.99772
vt 0.92653 0.94284
vt 0.92653 0.99772
vt 0.97305 0.85021
vt 0.97305 0.99809
vt 0.96231 0.85021
vt 0.96231 0.85021
vt 0.97305 0.99809
vt 0.96231 0.99809
vt 0.97305 0.99809
vt 0.96231 0.99809
vt 0.97305 0.85021
vt 0.97305 0.85021
vt 0.96231 0.99809
vt 0.96231 0.85021
vt 0.92841 0.92190
vt 0.94382 0.92190
vt 0.92841 0.87245
vt 0.92841 0.87245
vt 0.94382 0.92190
vt 0.94382 0.87245
vt 0.97305 0.99809
vt 0.96231 0.99809
vt 0.97305 0.85021
vt 0.97305 0.85021
vt 0.96231 0.99809
vt 0.96231 0.85021
vt 0.97305 0.99809
vt 0.96231 0.99809
vt 0.97305 0.85021
vt 0.97305 0.85021
vt 0.96231 0.99809
vt 0.96231 0.85021
vt 0.94382 0.92190
vt 0.92841 0.92190
vt 0.94382 0.87245
vt 0.94382 0.87245
vt 0.92841 0.92190
vt 0.92841 0.87245
vt 0.97305 0.99809
vt 0.96231 0.99809
vt 0.97305 0.85021
vt 0.97305 0.85021
vt 0.96231 0.99809
vt 0.96231 0.85021
vt 0.82886 0.64440
vt 0.82886 0.55623
vt 0.90218 0.64440
vt 0.90218 0.64440
vt 0.82886 0.55623
vt 0.90218 0.55623
vt 0.97530 0.99811
vt 0.99732 0.99811
vt 0.99732 0.84882
vt 0.97530 0.99811
vt 0.99732 0.84882
vt 0.97626 0.84882
vt 0.97626 0.84882
vt 0.99732 0.84882
vt 0.99732 0.99811
vt 0.97626 0.84882
vt 0.99732 0.99811
vt 0.97530 0.99811
vt 0.97530 0.99811
vt 0.99732 0.99811
vt 0.99732 0.84882
vt 0.97530 0.99811
vt 0.99732 0.84882
vt 0.97626 0.84882
vt 0.18245 0.38513
vt 0.18245 0.43942
vt 0.19913 0.38852
vt 0.19913 0.38852
vt 0.18245 0.43942
vt 0.19913 0.43603
vt 0.92316 0.33540
vt 0.79475 0.36002
vt 0.91291 0.36130
vt 0.91291 0.36130
vt 0.79475 0.36002
vt 0.81635 0.38093
vt 0.91291 0.36130
vt 0.81635 0.38093
vt 0.90253 0.38651
vt 0.90253 0.38651
vt 0.81635 0.38093
vt 0.83153 0.39633
vt 0.90253 0.38651
vt 0.83153 0.39633
vt 0.88926 0.41678
vt 0.88926 0.41678
vt 0.83153 0.39633
vt 0.85536 0.42002
vt 0.88926 0.41678
vt 0.85536 0.42002
vt 0.87687 0.44376
vt 0.92316 0.33540
vt 0.79475 0.36002
vt 0.91291 0.36130
vt 0.91291 0.36130
vt 0.79475 0.36002
vt 0.81635 0.38093
vt 0.91291 0.36130
vt 0.81635 0.38093
vt 0.90253 0.38651
vt 0.90253 0.38651
vt 0.81635 0.38093
vt 0.83153 0.39633
vt 0.90253 0.38651
vt 0.83153 0.39633
vt 0.88926 0.41678
vt 0.88926 0.41678
vt 0.83153 0.39633
vt 0.85536 0.42002
vt 0.88926 0.41678
vt 0.85536 0.42002
vt 0.87687 0.44376
vt 0.92316 0.33540
vt 0.79475 0.36002
vt 0.91291 0.36130
vt 0.91291 0.36130
vt 0.79475 0.36002
vt 0.81635 0.38093
vt 0.91291 0.36130
vt 0.81635 0.38093
vt 0.90253 0.38651
vt 0.90253 0.38651
vt 0.81635 0.38093
vt 0.83153 0.39633
vt 0.90253 0.38651
vt 0.83153 0.39633
vt 0.88926 0.41678
vt 0.88926 0.41678
vt 0.83153 0.39633
vt 0.85536 0.42002
vt 0.88926 0.41678
vt 0.85536 0.42002
vt 0.87687 0.44376
vt 0.85536 0.42002
vt 0.87687 0.44376
vt 0.88926 0.41678
vt 0.85536 0.42002
vt 0.88926 0.41678
vt 0.83153 0.39633
vt 0.83153 0.39633
vt 0.88926 0.41678
vt 0.90253 0.38651
vt 0.83153 0.39633
vt 0.90253 0.38651
vt 0.81635 0.38093
vt 0.81635 0.38093
vt 0.90253 0.38651
vt 0.91291 0.36130
vt 0.81635 0.38093
vt 0.91291 0.36130
vt 0.79475 0.36002
vt 0.91291 0.36130
vt 0.81635 0.38093
vt 0.90253 0.38651
vt 0.90253 0.38651
vt 0.81635 0.38093
vt 0.83153 0.39633
vt 0.90253 0.38651
vt 0.83153 0.39633
vt 0.88926 0.41678
vt 0.88926 0.41678
vt 0.83153 0.39633
vt 0.85536 0.42002
vt 0.88926 0.41678
vt 0.85536 0.42002
vt 0.87687 0.44376
vt 0.91291 0.36130
vt 0.81635 0.38093
vt 0.90253 0.38651
vt 0.90253 0.38651
vt 0.81635 0.38093
vt 0.83153 0.39633
vt 0.90253 0.38651
vt 0.83153 0.39633
vt 0.88926 0.41678
vt 0.88926 0.41678
vt 0.83153 0.39633
vt 0.85536 0.42002
vt 0.88926 0.41678
vt 0.85536 0.42002
vt 0.87687 0.44376
vt 0.91291 0.36130
vt 0.81635 0.38093
vt 0.90253 0.38651
vt 0.90253 0.38651
vt 0.81635 0.38093
vt 0.83153 0.39633
vt 0.90253 0.38651
vt 0.83153 0.39633
vt 0.88926 0.41678
vt 0.88926 0.41678
vt 0.83153 0.39633
vt 0.85536 0.42002
vt 0.88926 0.41678
vt 0.85536 0.42002
vt 0.87687 0.44376
vt 0.91291 0.36130
vt 0.81635 0.38093
vt 0.90253 0.38651
vt 0.90253 0.38651
vt 0.81635 0.38093
vt 0.83153 0.39633
vt 0.90253 0.38651
vt 0.83153 0.39633
vt 0.88926 0.41678
vt 0.88926 0.41678
vt 0.83153 0.39633
vt 0.85536 0.42002
vt 0.88926 0.41678
vt 0.85536 0.42002
vt 0.87687 0.44376
vt 0.85536 0.42002
vt 0.88926 0.41678
vt 0.83153 0.39633
vt 0.83153 0.39633
vt 0.88926 0.41678
vt 0.90253 0.38651
vt 0.83153 0.39633
vt 0.90253 0.38651
vt 0.81635 0.38093
vt 0.81635 0.38093
vt 0.90253 0.38651
vt 0.91291 0.36130
vt 0.81635 0.38093
vt 0.91291 0.36130
vt 0.79475 0.36002
vt 0.79475 0.36002
vt 0.91291 0.36130
vt 0.92316 0.33540
vt 0.85536 0.42002
vt 0.88926 0.41678
vt 0.83153 0.39633
vt 0.83153 0.39633
vt 0.88926 0.41678
vt 0.90253 0.38651
vt 0.83153 0.39633
vt 0.90253 0.38651
vt 0.81635 0.38093
vt 0.81635 0.38093
vt 0.90253 0.38651
vt 0.91291 0.36130
vt 0.81635 0.38093
vt 0.91291 0.36130
vt 0.79475 0.36002
vt 0.85536 0.42002
vt 0.88926 0.41678
vt 0.83153 0.39633
vt 0.83153 0.39633
vt 0.88926 0.41678
vt 0.90253 0.38651
vt 0.83153 0.39633
vt 0.90253 0.38651
vt 0.81635 0.38093
vt 0.85536 0.42002
vt 0.88926 0.41678
vt 0.83153 0.39633
vt 0.83153 0.39633
vt 0.88926 0.41678
vt 0.90253 0.38651
vt 0.83153 0.39633
vt 0.90253 0.38651
vt 0.81635 0.38093
vt 0.81635 0.38093
vt 0.90253 0.38651
vt 0.91291 0.36130
vt 0.85536 0.42002
vt 0.88926 0.41678
vt 0.83153 0.39633
vt 0.83153 0.39633
vt 0.88926 0.41678
vt 0.90253 0.38651
vt 0.83153 0.39633
vt 0.90253 0.38651
vt 0.81635 0.38093
vt 0.99916 0.43435
vt 0.92622 0.33711
vt 0.97158 0.43825
vt 0.97158 0.43825
vt 0.92622 0.33711
vt 0.91626 0.36176
vt 0.97158 0.43825
vt 0.91626 0.36176
vt 0.94453 0.44168
vt 0.94453 0.44168
vt 0.91626 0.36176
vt 0.90631 0.38640
vt 0.94453 0.44168
vt 0.90631 0.38640
vt 0.91166 0.44510
vt 0.91166 0.44510
vt 0.90631 0.38640
vt 0.89341 0.41833
vt 0.91166 0.44510
vt 0.89341 0.41833
vt 0.88166 0.44722
vt 0.99916 0.43435
vt 0.92622 0.33711
vt 0.97158 0.43825
vt 0.97158 0.43825
vt 0.92622 0.33711
vt 0.91626 0.36176
vt 0.97158 0.43825
vt 0.91626 0.36176
vt 0.94453 0.44168
vt 0.94453 0.44168
vt 0.91626 0.36176
vt 0.90631 0.38640
vt 0.94453 0.44168
vt 0.90631 0.38640
vt 0.91166 0.44510
vt 0.91166 0.44510
vt 0.90631 0.38640
vt 0.89341 0.41833
vt 0.91166 0.44510
vt 0.89341 0.41833
vt 0.88166 0.44722
vt 0.99916 0.43435
vt 0.92622 0.33711
vt 0.97158 0.43825
vt 0.97158 0.43825
vt 0.92622 0.33711
vt 0.91626 0.36176
vt 0.97158 0.43825
vt 0.91626 0.36176
vt 0.94453 0.44168
vt 0.94453 0.44168
vt 0.91626 0.36176
vt 0.90631 0.38640
vt 0.94453 0.44168
vt 0.90631 0.38640
vt 0.91166 0.44510
vt 0.91166 0.44510
vt 0.90631 0.38640
vt 0.89341 0.41833
vt 0.91166 0.44510
vt 0.89341 0.41833
vt 0.88166 0.44722
vt 0.99916 0.43435
vt 0.92622 0.33711
vt 0.97158 0.43825
vt 0.97158 0.43825
vt 0.92622 0.33711
vt 0.91626 0.36176
vt 0.97158 0.43825
vt 0.91626 0.36176
vt 0.94453 0.44168
vt 0.94453 0.44168
vt 0.91626 0.36176
vt 0.90631 0.38640
vt 0.94453 0.44168
vt 0.90631 0.38640
vt 0.91166 0.44510
vt 0.91166 0.44510
vt 0.90631 0.38640
vt 0.89341 0.41833
vt 0.91166 0.44510
vt 0.89341 0.41833
vt 0.88166 0.44722
vt 0.97158 0.43825
vt 0.91626 0.36176
vt 0.94453 0.44168
vt 0.94453 0.44168
vt 0.91626 0.36176
vt 0.90631 0.38640
vt 0.94453 0.44168
vt 0.90631 0.38640
vt 0.91166 0.44510
vt 0.91166 0.44510
vt 0.90631 0.38640
vt 0.89341 0.41833
vt 0.91166 0.44510
vt 0.89341 0.41833
vt 0.88166 0.44722
vt 0.89341 0.41833
vt 0.88166 0.44722
vt 0.91166 0.44510
vt 0.89341 0.41833
vt 0.91166 0.44510
vt 0.90631 0.38640
vt 0.90631 0.38640
vt 0.91166 0.44510
vt 0.94453 0.44168
vt 0.90631 0.38640
vt 0.94453 0.44168
vt 0.91626 0.36176
vt 0.94453 0.44168
vt 0.90631 0.38640
vt 0.91166 0.44510
vt 0.91166 0.44510
vt 0.90631 0.38640
vt 0.89341 0.41833
vt 0.91166 0.44510
vt 0.89341 0.41833
vt 0.88166 0.44722
vt 0.94453 0.44168
vt 0.90631 0.38640
vt 0.91166 0.44510
vt 0.91166 0.44510
vt 0.90631 0.38640
vt 0.89341 0.41833
vt 0.91166 0.44510
vt 0.89341 0.41833
vt 0.88166 0.44722
vt 0.92316 0.33540
vt 0.79475 0.36002
vt 0.91291 0.36130
vt 0.91291 0.36130
vt 0.79475 0.36002
vt 0.81635 0.38093
vt 0.91291 0.36130
vt 0.81635 0.38093
vt 0.90253 0.38651
vt 0.90253 0.38651
vt 0.81635 0.38093
vt 0.83153 0.39633
vt 0.90253 0.38651
vt 0.83153 0.39633
vt 0.88926 0.41678
vt 0.88926 0.41678
vt 0.83153 0.39633
vt 0.85536 0.42002
vt 0.88926 0.41678
vt 0.85536 0.42002
vt 0.87687 0.44376
vt 0.92316 0.33540
vt 0.79475 0.36002
vt 0.91291 0.36130
vt 0.91291 0.36130
vt 0.79475 0.36002
vt 0.81635 0.38093
vt 0.91291 0.36130
vt 0.81635 0.38093
vt 0.90253 0.38651
vt 0.90253 0.38651
vt 0.81635 0.38093
vt 0.83153 0.39633
vt 0.90253 0.38651
vt 0.83153 0.39633
vt 0.88926 0.41678
vt 0.88926 0.41678
vt 0.83153 0.39633
vt 0.85536 0.42002
vt 0.88926 0.41678
vt 0.85536 0.42002
vt 0.87687 0.44376
vt 0.92316 0.33540
vt 0.79475 0.36002
vt 0.91291 0.36130
vt 0.91291 0.36130
vt 0.79475 0.36002
vt 0.81635 0.38093
vt 0.91291 0.36130
vt 0.81635 0.38093
vt 0.90253 0.38651
vt 0.90253 0.38651
vt 0.81635 0.38093
vt 0.83153 0.39633
vt 0.90253 0.38651
vt 0.83153 0.39633
vt 0.88926 0.41678
vt 0.88926 0.41678
vt 0.83153 0.39633
vt 0.85536 0.42002
vt 0.88926 0.41678
vt 0.85536 0.42002
vt 0.87687 0.44376
vt 0.85536 0.42002
vt 0.87687 0.44376
vt 0.88926 0.41678
vt 0.85536 0.42002
vt 0.88926 0.41678
vt 0.83153 0.39633
vt 0.83153 0.39633
vt 0.88926 0.41678
vt 0.90253 0.38651
vt 0.83153 0.39633
vt 0.90253 0.38651
vt 0.81635 0.38093
vt 0.83153 0.39633
vt 0.85536 0.42002
vt 0.88926 0.41678
vt 0.88926 0.41678
vt 0.85536 0.42002
vt 0.87687 0.44376
vt 0.90253 0.38651
vt 0.83153 0.39633
vt 0.88926 0.41678
vt 0.88926 0.41678
vt 0.83153 0.39633
vt 0.85536 0.42002
vt 0.88926 0.41678
vt 0.85536 0.42002
vt 0.87687 0.44376
vt 0.92316 0.33540
vt 0.79475 0.36002
vt 0.91291 0.36130
vt 0.91291 0.36130
vt 0.79475 0.36002
vt 0.81635 0.38093
vt 0.91291 0.36130
vt 0.81635 0.38093
vt 0.90253 0.38651
vt 0.90253 0.38651
vt 0.81635 0.38093
vt 0.83153 0.39633
vt 0.90253 0.38651
vt 0.83153 0.39633
vt 0.88926 0.41678
vt 0.88926 0.41678
vt 0.83153 0.39633
vt 0.85536 0.42002
vt 0.88926 0.41678
vt 0.85536 0.42002
vt 0.87687 0.44376
vt 0.92316 0.33540
vt 0.79475 0.36002
vt 0.91291 0.36130
vt 0.91291 0.36130
vt 0.79475 0.36002
vt 0.81635 0.38093
vt 0.91291 0.36130
vt 0.81635 0.38093
vt 0.90253 0.38651
vt 0.90253 0.38651
vt 0.81635 0.38093
vt 0.83153 0.39633
vt 0.90253 0.38651
vt 0.83153 0.39633
vt 0.88926 0.41678
vt 0.88926 0.41678
vt 0.83153 0.39633
vt 0.85536 0.42002
vt 0.88926 0.41678
vt 0.85536 0.42002
vt 0.87687 0.44376
vt 0.92316 0.33540
vt 0.79475 0.36002
vt 0.91291 0.36130
vt 0.91291 0.36130
vt 0.79475 0.36002
vt 0.81635 0.38093
vt 0.91291 0.36130
vt 0.81635 0.38093
vt 0.90253 0.38651
vt 0.90253 0.38651
vt 0.81635 0.38093
vt 0.83153 0.39633
vt 0.90253 0.38651
vt 0.83153 0.39633
vt 0.88926 0.41678
vt 0.88926 0.41678
vt 0.83153 0.39633
vt 0.85536 0.42002
vt 0.88926 0.41678
vt 0.85536 0.42002
vt 0.87687 0.44376
vt 0.85536 0.42002
vt 0.87687 0.44376
vt 0.88926 0.41678
vt 0.85536 0.42002
vt 0.88926 0.41678
vt 0.83153 0.39633
vt 0.83153 0.39633
vt 0.88926 0.41678
vt 0.90253 0.38651
vt 0.83153 0.39633
vt 0.90253 0.38651
vt 0.81635 0.38093
vt 0.81635 0.38093
vt 0.90253 0.38651
vt 0.91291 0.36130
vt 0.81635 0.38093
vt 0.91291 0.36130
vt 0.79475 0.36002
vt 0.85536 0.42002
vt 0.87687 0.44376
vt 0.88926 0.41678
vt 0.85536 0.42002
vt 0.88926 0.41678
vt 0.83153 0.39633
vt 0.83153 0.39633
vt 0.88926 0.41678
vt 0.90253 0.38651
vt 0.83153 0.39633
vt 0.90253 0.38651
vt 0.81635 0.38093
vt 0.91291 0.36130
vt 0.81635 0.38093
vt 0.90253 0.38651
vt 0.90253 0.38651
vt 0.81635 0.38093
vt 0.83153 0.39633
vt 0.90253 0.38651
vt 0.83153 0.39633
vt 0.88926 0.41678
vt 0.88926 0.41678
vt 0.83153 0.39633
vt 0.85536 0.42002
vt 0.88926 0.41678
vt 0.85536 0.42002
vt 0.87687 0.44376
vt 0.91291 0.36130
vt 0.81635 0.38093
vt 0.90253 0.38651
vt 0.90253 0.38651
vt 0.81635 0.38093
vt 0.83153 0.39633
vt 0.90253 0.38651
vt 0.83153 0.39633
vt 0.88926 0.41678
vt 0.88926 0.41678
vt 0.83153 0.39633
vt 0.85536 0.42002
vt 0.88926 0.41678
vt 0.85536 0.42002
vt 0.87687 0.44376
vt 0.90253 0.38651
vt 0.83153 0.39633
vt 0.88926 0.41678
vt 0.88926 0.41678
vt 0.83153 0.39633
vt 0.85536 0.42002
vt 0.88926 0.41678
vt 0.85536 0.42002
vt 0.87687 0.44376
vt 0.89341 0.41833
vt 0.88166 0.44722
vt 0.91166 0.44510
vt 0.89341 0.41833
vt 0.91166 0.44510
vt 0.90631 0.38640
vt 0.90631 0.38640
vt 0.91166 0.44510
vt 0.94453 0.44168
vt 0.90631 0.38640
vt 0.94453 0.44168
vt 0.91626 0.36176
vt 0.91626 0.36176
vt 0.94453 0.44168
vt 0.97158 0.43825
vt 0.91626 0.36176
vt 0.97158 0.43825
vt 0.92622 0.33711
vt 0.99916 0.43435
vt 0.92622 0.33711
vt 0.97158 0.43825
vt 0.97158 0.43825
vt 0.92622 0.33711
vt 0.91626 0.36176
vt 0.97158 0.43825
vt 0.91626 0.36176
vt 0.94453 0.44168
vt 0.94453 0.44168
vt 0.91626 0.36176
vt 0.90631 0.38640
vt 0.94453 0.44168
vt 0.90631 0.38640
vt 0.91166 0.44510
vt 0.91166 0.44510
vt 0.90631 0.38640
vt 0.89341 0.41833
vt 0.91166 0.44510
vt 0.89341 0.41833
vt 0.88166 0.44722
vt 0.89341 0.41833
vt 0.88166 0.44722
vt 0.91166 0.44510
vt 0.89341 0.41833
vt 0.91166 0.44510
vt 0.90631 0.38640
vt 0.90631 0.38640
vt 0.91166 0.44510
vt 0.94453 0.44168
vt 0.90631 0.38640
vt 0.94453 0.44168
vt 0.91626 0.36176
vt 0.94453 0.44168
vt 0.90631 0.38640
vt 0.91166 0.44510
vt 0.91166 0.44510
vt 0.90631 0.38640
vt 0.89341 0.41833
vt 0.91166 0.44510
vt 0.89341 0.41833
vt 0.88166 0.44722
vt 0.94453 0.44168
vt 0.90631 0.38640
vt 0.91166 0.44510
vt 0.91166 0.44510
vt 0.90631 0.38640
vt 0.89341 0.41833
vt 0.91166 0.44510
vt 0.89341 0.41833
vt 0.88166 0.44722
vt 0.94453 0.44168
vt 0.90631 0.38640
vt 0.91166 0.44510
vt 0.91166 0.44510
vt 0.90631 0.38640
vt 0.89341 0.41833
vt 0.91166 0.44510
vt 0.89341 0.41833
vt 0.88166 0.44722
vt 0.94453 0.44168
vt 0.90631 0.38640
vt 0.91166 0.44510
vt 0.91166 0.44510
vt 0.90631 0.38640
vt 0.89341 0.41833
vt 0.91166 0.44510
vt 0.89341 0.41833
vt 0.88166 0.44722
vt 0.94453 0.44168
vt 0.90631 0.38640
vt 0.91166 0.44510
vt 0.91166 0.44510
vt 0.90631 0.38640
vt 0.89341 0.41833
vt 0.91166 0.44510
vt 0.89341 0.41833
vt 0.88166 0.44722
vt 0.89341 0.41833
vt 0.88166 0.44722
vt 0.91166 0.44510
vt 0.89341 0.41833
vt 0.91166 0.44510
vt 0.90631 0.38640
vt 0.90631 0.38640
vt 0.91166 0.44510
vt 0.94453 0.44168
vt 0.90631 0.38640
vt 0.94453 0.44168
vt 0.91626 0.36176
vt 0.91626 0.36176
vt 0.94453 0.44168
vt 0.97158 0.43825
vt 0.91626 0.36176
vt 0.97158 0.43825
vt 0.92622 0.33711
vt 0.99916 0.43435
vt 0.92622 0.33711
vt 0.97158 0.43825
vt 0.97158 0.43825
vt 0.92622 0.33711
vt 0.91626 0.36176
vt 0.97158 0.43825
vt 0.91626 0.36176
vt 0.94453 0.44168
vt 0.94453 0.44168
vt 0.91626 0.36176
vt 0.90631 0.38640
vt 0.94453 0.44168
vt 0.90631 0.38640
vt 0.91166 0.44510
vt 0.91166 0.44510
vt 0.90631 0.38640
vt 0.89341 0.41833
vt 0.91166 0.44510
vt 0.89341 0.41833
vt 0.88166 0.44722
vt 0.99916 0.43435
vt 0.92622 0.33711
vt 0.97158 0.43825
vt 0.97158 0.43825
vt 0.92622 0.33711
vt 0.91626 0.36176
vt 0.97158 0.43825
vt 0.91626 0.36176
vt 0.94453 0.44168
vt 0.94453 0.44168
vt 0.91626 0.36176
vt 0.90631 0.38640
vt 0.94453 0.44168
vt 0.90631 0.38640
vt 0.91166 0.44510
vt 0.91166 0.44510
vt 0.90631 0.38640
vt 0.89341 0.41833
vt 0.91166 0.44510
vt 0.89341 0.41833
vt 0.88166 0.44722
vt 0.99916 0.43435
vt 0.92622 0.33711
vt 0.97158 0.43825
vt 0.97158 0.43825
vt 0.92622 0.33711
vt 0.91626 0.36176
vt 0.97158 0.43825
vt 0.91626 0.36176
vt 0.94453 0.44168
vt 0.94453 0.44168
vt 0.91626 0.36176
vt 0.90631 0.38640
vt 0.94453 0.44168
vt 0.90631 0.38640
vt 0.91166 0.44510
vt 0.91166 0.44510
vt 0.90631 0.38640
vt 0.89341 0.41833
vt 0.91166 0.44510
vt 0.89341 0.41833
vt 0.88166 0.44722
vt 0.89341 0.41833
vt 0.88166 0.44722
vt 0.91166 0.44510
vt 0.89341 0.41833
vt 0.91166 0.44510
vt 0.90631 0.38640
vt 0.90631 0.38640
vt 0.91166 0.44510
vt 0.94453 0.44168
vt 0.90631 0.38640
vt 0.94453 0.44168
vt 0.91626 0.36176
vt 0.94453 0.44168
vt 0.90631 0.38640
vt 0.91166 0.44510
vt 0.91166 0.44510
vt 0.90631 0.38640
vt 0.89341 0.41833
vt 0.91166 0.44510
vt 0.89341 0.41833
vt 0.88166 0.44722
vt 0.94453 0.44168
vt 0.90631 0.38640
vt 0.91166 0.44510
vt 0.91166 0.44510
vt 0.90631 0.38640
vt 0.89341 0.41833
vt 0.91166 0.44510
vt 0.89341 0.41833
vt 0.88166 0.44722
vt 0.94453 0.44168
vt 0.90631 0.38640
vt 0.91166 0.44510
vt 0.91166 0.44510
vt 0.90631 0.38640
vt 0.89341 0.41833
vt 0.91166 0.44510
vt 0.89341 0.41833
vt 0.88166 0.44722
vt 0.89341 0.41833
vt 0.88166 0.44722
vt 0.91166 0.44510
vt 0.89341 0.41833
vt 0.91166 0.44510
vt 0.90631 0.38640
vt 0.90631 0.38640
vt 0.91166 0.44510
vt 0.94453 0.44168
vt 0.90631 0.38640
vt 0.94453 0.44168
vt 0.91626 0.36176
vt 0.91626 0.36176
vt 0.94453 0.44168
vt 0.97158 0.43825
vt 0.91626 0.36176
vt 0.97158 0.43825
vt 0.92622 0.33711
vt 0.99916 0.43435
vt 0.92622 0.33711
vt 0.97158 0.43825
vt 0.97158 0.43825
vt 0.92622 0.33711
vt 0.91626 0.36176
vt 0.97158 0.43825
vt 0.91626 0.36176
vt 0.94453 0.44168
vt 0.94453 0.44168
vt 0.91626 0.36176
vt 0.90631 0.38640
vt 0.94453 0.44168
vt 0.90631 0.38640
vt 0.91166 0.44510
vt 0.91166 0.44510
vt 0.90631 0.38640
vt 0.89341 0.41833
vt 0.91166 0.44510
vt 0.89341 0.41833
vt 0.88166 0.44722
vt 0.97158 0.43825
vt 0.91626 0.36176
vt 0.94453 0.44168
vt 0.94453 0.44168
vt 0.91626 0.36176
vt 0.90631 0.38640
vt 0.94453 0.44168
vt 0.90631 0.38640
vt 0.91166 0.44510
vt 0.91166 0.44510
vt 0.90631 0.38640
vt 0.89341 0.41833
vt 0.91166 0.44510
vt 0.89341 0.41833
vt 0.88166 0.44722
vt 0.97158 0.43825
vt 0.91626 0.36176
vt 0.94453 0.44168
vt 0.94453 0.44168
vt 0.91626 0.36176
vt 0.90631 0.38640
vt 0.94453 0.44168
vt 0.90631 0.38640
vt 0.91166 0.44510
vt 0.91166 0.44510
vt 0.90631 0.38640
vt 0.89341 0.41833
vt 0.91166 0.44510
vt 0.89341 0.41833
vt 0.88166 0.44722
vt 0.89341 0.41833
vt 0.88166 0.44722
vt 0.91166 0.44510
vt 0.89341 0.41833
vt 0.91166 0.44510
vt 0.90631 0.38640
vt 0.90631 0.38640
vt 0.91166 0.44510
vt 0.94453 0.44168
vt 0.90631 0.38640
vt 0.94453 0.44168
vt 0.91626 0.36176
vt 0.97158 0.43825
vt 0.91626 0.36176
vt 0.94453 0.44168
vt 0.94453 0.44168
vt 0.91626 0.36176
vt 0.90631 0.38640
vt 0.94453 0.44168
vt 0.90631 0.38640
vt 0.91166 0.44510
vt 0.91166 0.44510
vt 0.90631 0.38640
vt 0.89341 0.41833
vt 0.91166 0.44510
vt 0.89341 0.41833
vt 0.88166 0.44722
vt 0.97158 0.43825
vt 0.91626 0.36176
vt 0.94453 0.44168
vt 0.94453 0.44168
vt 0.91626 0.36176
vt 0.90631 0.38640
vt 0.94453 0.44168
vt 0.90631 0.38640
vt 0.91166 0.44510
vt 0.91166 0.44510
vt 0.90631 0.38640
vt 0.89341 0.41833
vt 0.91166 0.44510
vt 0.89341 0.41833
vt 0.88166 0.44722
vt 0.94453 0.44168
vt 0.90631 0.38640
vt 0.91166 0.44510
vt 0.91166 0.44510
vt 0.90631 0.38640
vt 0.89341 0.41833
vt 0.91166 0.44510
vt 0.89341 0.41833
vt 0.88166 0.44722
vt 0.99916 0.43435
vt 0.92622 0.33711
vt 0.97158 0.43825
vt 0.97158 0.43825
vt 0.92622 0.33711
vt 0.91626 0.36176
vt 0.97158 0.43825
vt 0.91626 0.36176
vt 0.94453 0.44168
vt 0.94453 0.44168
vt 0.91626 0.36176
vt 0.90631 0.38640
vt 0.94453 0.44168
vt 0.90631 0.38640
vt 0.91166 0.44510
vt 0.91166 0.44510
vt 0.90631 0.38640
vt 0.89341 0.41833
vt 0.91166 0.44510
vt 0.89341 0.41833
vt 0.88166 0.44722
vt 0.99916 0.43435
vt 0.92622 0.33711
vt 0.97158 0.43825
vt 0.97158 0.43825
vt 0.92622 0.33711
vt 0.91626 0.36176
vt 0.97158 0.43825
vt 0.91626 0.36176
vt 0.94453 0.44168
vt 0.94453 0.44168
vt 0.91626 0.36176
vt 0.90631 0.38640
vt 0.94453 0.44168
vt 0.90631 0.38640
vt 0.91166 0.44510
vt 0.91166 0.44510
vt 0.90631 0.38640
vt 0.89341 0.41833
vt 0.91166 0.44510
vt 0.89341 0.41833
vt 0.88166 0.44722
vt 0.99916 0.43435
vt 0.92622 0.33711
vt 0.97158 0.43825
vt 0.97158 0.43825
vt 0.92622 0.33711
vt 0.91626 0.36176
vt 0.97158 0.43825
vt 0.91626 0.36176
vt 0.94453 0.44168
vt 0.94453 0.44168
vt 0.91626 0.36176
vt 0.90631 0.38640
vt 0.94453 0.44168
vt 0.90631 0.38640
vt 0.91166 0.44510
vt 0.91166 0.44510
vt 0.90631 0.38640
vt 0.89341 0.41833
vt 0.91166 0.44510
vt 0.89341 0.41833
vt 0.88166 0.44722
vt 0.99916 0.43435
vt 0.92622 0.33711
vt 0.97158 0.43825
vt 0.97158 0.43825
vt 0.92622 0.33711
vt 0.91626 0.36176
vt 0.97158 0.43825
vt 0.91626 0.36176
vt 0.94453 0.44168
vt 0.94453 0.44168
vt 0.91626 0.36176
vt 0.90631 0.38640
vt 0.94453 0.44168
vt 0.90631 0.38640
vt 0.91166 0.44510
vt 0.91166 0.44510
vt 0.90631 0.38640
vt 0.89341 0.41833
vt 0.91166 0.44510
vt 0.89341 0.41833
vt 0.88166 0.44722
vt 0.99916 0.43435
vt 0.92622 0.33711
vt 0.97158 0.43825
vt 0.97158 0.43825
vt 0.92622 0.33711
vt 0.91626 0.36176
vt 0.97158 0.43825
vt 0.91626 0.36176
vt 0.94453 0.44168
vt 0.94453 0.44168
vt 0.91626 0.36176
vt 0.90631 0.38640
vt 0.94453 0.44168
vt 0.90631 0.38640
vt 0.91166 0.44510
vt 0.91166 0.44510
vt 0.90631 0.38640
vt 0.89341 0.41833
vt 0.91166 0.44510
vt 0.89341 0.41833
vt 0.88166 0.44722
vt 0.89341 0.41833
vt 0.88166 0.44722
vt 0.91166 0.44510
vt 0.89341 0.41833
vt 0.91166 0.44510
vt 0.90631 0.38640
vt 0.90631 0.38640
vt 0.91166 0.44510
vt 0.94453 0.44168
vt 0.90631 0.38640
vt 0.94453 0.44168
vt 0.91626 0.36176
vt 0.91626 0.36176
vt 0.94453 0.44168
vt 0.97158 0.43825
vt 0.91626 0.36176
vt 0.97158 0.43825
vt 0.92622 0.33711
vt 0.99916 0.43435
vt 0.92622 0.33711
vt 0.97158 0.43825
vt 0.97158 0.43825
vt 0.92622 0.33711
vt 0.91626 0.36176
vt 0.97158 0.43825
vt 0.91626 0.36176
vt 0.94453 0.44168
vt 0.94453 0.44168
vt 0.91626 0.36176
vt 0.90631 0.38640
vt 0.94453 0.44168
vt 0.90631 0.38640
vt 0.91166 0.44510
vt 0.91166 0.44510
vt 0.90631 0.38640
vt 0.89341 0.41833
vt 0.91166 0.44510
vt 0.89341 0.41833
vt 0.88166 0.44722
vt 0.99916 0.43435
vt 0.92622 0.33711
vt 0.97158 0.43825
vt 0.97158 0.43825
vt 0.92622 0.33711
vt 0.91626 0.36176
vt 0.97158 0.43825
vt 0.91626 0.36176
vt 0.94453 0.44168
vt 0.94453 0.44168
vt 0.91626 0.36176
vt 0.90631 0.38640
vt 0.94453 0.44168
vt 0.90631 0.38640
vt 0.91166 0.44510
vt 0.91166 0.44510
vt 0.90631 0.38640
vt 0.89341 0.41833
vt 0.91166 0.44510
vt 0.89341 0.41833
vt 0.88166 0.44722
vt 0.91291 0.36130
vt 0.81635 0.38093
vt 0.90253 0.38651
vt 0.90253 0.38651
vt 0.81635 0.38093
vt 0.83153 0.39633
vt 0.90253 0.38651
vt 0.83153 0.39633
vt 0.88926 0.41678
vt 0.88926 0.41678
vt 0.83153 0.39633
vt 0.85536 0.42002
vt 0.88926 0.41678
vt 0.85536 0.42002
vt 0.87687 0.44376
vt 0.91291 0.36130
vt 0.81635 0.38093
vt 0.90253 0.38651
vt 0.90253 0.38651
vt 0.81635 0.38093
vt 0.83153 0.39633
vt 0.90253 0.38651
vt 0.83153 0.39633
vt 0.88926 0.41678
vt 0.88926 0.41678
vt 0.83153 0.39633
vt 0.85536 0.42002
vt 0.88926 0.41678
vt 0.85536 0.42002
vt 0.87687 0.44376
vt 0.91291 0.36130
vt 0.81635 0.38093
vt 0.90253 0.38651
vt 0.90253 0.38651
vt 0.81635 0.38093
vt 0.83153 0.39633
vt 0.90253 0.38651
vt 0.83153 0.39633
vt 0.88926 0.41678
vt 0.88926 0.41678
vt 0.83153 0.39633
vt 0.85536 0.42002
vt 0.88926 0.41678
vt 0.85536 0.42002
vt 0.87687 0.44376
vt 0.91291 0.36130
vt 0.81635 0.38093
vt 0.90253 0.38651
vt 0.90253 0.38651
vt 0.81635 0.38093
vt 0.83153 0.39633
vt 0.90253 0.38651
vt 0.83153 0.39633
vt 0.88926 0.41678
vt 0.88926 0.41678
vt 0.83153 0.39633
vt 0.85536 0.42002
vt 0.88926 0.41678
vt 0.85536 0.42002
vt 0.87687 0.44376
vt 0.91291 0.36130
vt 0.81635 0.38093
vt 0.90253 0.38651
vt 0.90253 0.38651
vt 0.81635 0.38093
vt 0.83153 0.39633
vt 0.90253 0.38651
vt 0.83153 0.39633
vt 0.88926 0.41678
vt 0.88926 0.41678
vt 0.83153 0.39633
vt 0.85536 0.42002
vt 0.88926 0.41678
vt 0.85536 0.42002
vt 0.87687 0.44376
vt 0.91291 0.36130
vt 0.81635 0.38093
vt 0.90253 0.38651
vt 0.90253 0.38651
vt 0.81635 0.38093
vt 0.83153 0.39633
vt 0.90253 0.38651
vt 0.83153 0.39633
vt 0.88926 0.41678
vt 0.88926 0.41678
vt 0.83153 0.39633
vt 0.85536 0.42002
vt 0.88926 0.41678
vt 0.85536 0.42002
vt 0.87687 0.44376
vt 0.85536 0.42002
vt 0.87687 0.44376
vt 0.88926 0.41678
vt 0.85536 0.42002
vt 0.88926 0.41678
vt 0.83153 0.39633
vt 0.83153 0.39633
vt 0.88926 0.41678
vt 0.90253 0.38651
vt 0.83153 0.39633
vt 0.90253 0.38651
vt 0.81635 0.38093
vt 0.90253 0.38651
vt 0.83153 0.39633
vt 0.88926 0.41678
vt 0.88926 0.41678
vt 0.83153 0.39633
vt 0.85536 0.42002
vt 0.88926 0.41678
vt 0.85536 0.42002
vt 0.87687 0.44376
vt 0.89341 0.41833
vt 0.88166 0.44722
vt 0.91166 0.44510
vt 0.89341 0.41833
vt 0.91166 0.44510
vt 0.90631 0.38640
vt 0.90631 0.38640
vt 0.91166 0.44510
vt 0.94453 0.44168
vt 0.90631 0.38640
vt 0.94453 0.44168
vt 0.91626 0.36176
vt 0.91626 0.36176
vt 0.94453 0.44168
vt 0.97158 0.43825
vt 0.91626 0.36176
vt 0.97158 0.43825
vt 0.92622 0.33711
vt 0.97158 0.43825
vt 0.91626 0.36176
vt 0.94453 0.44168
vt 0.94453 0.44168
vt 0.91626 0.36176
vt 0.90631 0.38640
vt 0.94453 0.44168
vt 0.90631 0.38640
vt 0.91166 0.44510
vt 0.91166 0.44510
vt 0.90631 0.38640
vt 0.89341 0.41833
vt 0.91166 0.44510
vt 0.89341 0.41833
vt 0.88166 0.44722
vt 0.97158 0.43825
vt 0.91626 0.36176
vt 0.94453 0.44168
vt 0.94453 0.44168
vt 0.91626 0.36176
vt 0.90631 0.38640
vt 0.94453 0.44168
vt 0.90631 0.38640
vt 0.91166 0.44510
vt 0.91166 0.44510
vt 0.90631 0.38640
vt 0.89341 0.41833
vt 0.91166 0.44510
vt 0.89341 0.41833
vt 0.88166 0.44722
vt 0.97158 0.43825
vt 0.91626 0.36176
vt 0.94453 0.44168
vt 0.94453 0.44168
vt 0.91626 0.36176
vt 0.90631 0.38640
vt 0.94453 0.44168
vt 0.90631 0.38640
vt 0.91166 0.44510
vt 0.91166 0.44510
vt 0.90631 0.38640
vt 0.89341 0.41833
vt 0.91166 0.44510
vt 0.89341 0.41833
vt 0.88166 0.44722
vt 0.89341 0.41833
vt 0.88166 0.44722
vt 0.91166 0.44510
vt 0.89341 0.41833
vt 0.91166 0.44510
vt 0.90631 0.38640
vt 0.90631 0.38640
vt 0.91166 0.44510
vt 0.94453 0.44168
vt 0.90631 0.38640
vt 0.94453 0.44168
vt 0.91626 0.36176
vt 0.97158 0.43825
vt 0.91626 0.36176
vt 0.94453 0.44168
vt 0.94453 0.44168
vt 0.91626 0.36176
vt 0.90631 0.38640
vt 0.94453 0.44168
vt 0.90631 0.38640
vt 0.91166 0.44510
vt 0.91166 0.44510
vt 0.90631 0.38640
vt 0.89341 0.41833
vt 0.91166 0.44510
vt 0.89341 0.41833
vt 0.88166 0.44722
vt 0.97158 0.43825
vt 0.91626 0.36176
vt 0.94453 0.44168
vt 0.94453 0.44168
vt 0.91626 0.36176
vt 0.90631 0.38640
vt 0.94453 0.44168
vt 0.90631 0.38640
vt 0.91166 0.44510
vt 0.91166 0.44510
vt 0.90631 0.38640
vt 0.89341 0.41833
vt 0.91166 0.44510
vt 0.89341 0.41833
vt 0.88166 0.44722
vt 0.94453 0.44168
vt 0.90631 0.38640
vt 0.91166 0.44510
vt 0.91166 0.44510
vt 0.90631 0.38640
vt 0.89341 0.41833
vt 0.91166 0.44510
vt 0.89341 0.41833
vt 0.88166 0.44722
vt 0.85536 0.42002
vt 0.87687 0.44376
vt 0.88926 0.41678
vt 0.85536 0.42002
vt 0.88926 0.41678
vt 0.83153 0.39633
vt 0.83153 0.39633
vt 0.88926 0.41678
vt 0.90253 0.38651
vt 0.83153 0.39633
vt 0.90253 0.38651
vt 0.81635 0.38093
vt 0.81635 0.38093
vt 0.90253 0.38651
vt 0.91291 0.36130
vt 0.81635 0.38093
vt 0.91291 0.36130
vt 0.79475 0.36002
vt 0.92316 0.33540
vt 0.79475 0.36002
vt 0.91291 0.36130
vt 0.91291 0.36130
vt 0.79475 0.36002
vt 0.81635 0.38093
vt 0.91291 0.36130
vt 0.81635 0.38093
vt 0.90253 0.38651
vt 0.90253 0.38651
vt 0.81635 0.38093
vt 0.83153 0.39633
vt 0.90253 0.38651
vt 0.83153 0.39633
vt 0.88926 0.41678
vt 0.88926 0.41678
vt 0.83153 0.39633
vt 0.85536 0.42002
vt 0.88926 0.41678
vt 0.85536 0.42002
vt 0.87687 0.44376
vt 0.92316 0.33540
vt 0.79475 0.36002
vt 0.91291 0.36130
vt 0.91291 0.36130
vt 0.79475 0.36002
vt 0.81635 0.38093
vt 0.91291 0.36130
vt 0.81635 0.38093
vt 0.90253 0.38651
vt 0.90253 0.38651
vt 0.81635 0.38093
vt 0.83153 0.39633
vt 0.90253 0.38651
vt 0.83153 0.39633
vt 0.88926 0.41678
vt 0.88926 0.41678
vt 0.83153 0.39633
vt 0.85536 0.42002
vt 0.88926 0.41678
vt 0.85536 0.42002
vt 0.87687 0.44376
vt 0.85536 0.42002
vt 0.87687 0.44376
vt 0.88926 0.41678
vt 0.85536 0.42002
vt 0.88926 0.41678
vt 0.83153 0.39633
vt 0.83153 0.39633
vt 0.88926 0.41678
vt 0.90253 0.38651
vt 0.83153 0.39633
vt 0.90253 0.38651
vt 0.81635 0.38093
vt 0.81635 0.38093
vt 0.90253 0.38651
vt 0.91291 0.36130
vt 0.81635 0.38093
vt 0.91291 0.36130
vt 0.79475 0.36002
vt 0.85536 0.42002
vt 0.87687 0.44376
vt 0.88926 0.41678
vt 0.85536 0.42002
vt 0.88926 0.41678
vt 0.83153 0.39633
vt 0.83153 0.39633
vt 0.88926 0.41678
vt 0.90253 0.38651
vt 0.83153 0.39633
vt 0.90253 0.38651
vt 0.81635 0.38093
vt 0.91291 0.36130
vt 0.81635 0.38093
vt 0.90253 0.38651
vt 0.90253 0.38651
vt 0.81635 0.38093
vt 0.83153 0.39633
vt 0.90253 0.38651
vt 0.83153 0.39633
vt 0.88926 0.41678
vt 0.88926 0.41678
vt 0.83153 0.39633
vt 0.85536 0.42002
vt 0.88926 0.41678
vt 0.85536 0.42002
vt 0.87687 0.44376
vt 0.91291 0.36130
vt 0.81635 0.38093
vt 0.90253 0.38651
vt 0.90253 0.38651
vt 0.81635 0.38093
vt 0.83153 0.39633
vt 0.90253 0.38651
vt 0.83153 0.39633
vt 0.88926 0.41678
vt 0.88926 0.41678
vt 0.83153 0.39633
vt 0.85536 0.42002
vt 0.88926 0.41678
vt 0.85536 0.42002
vt 0.87687 0.44376
vt 0.90253 0.38651
vt 0.83153 0.39633
vt 0.88926 0.41678
vt 0.88926 0.41678
vt 0.83153 0.39633
vt 0.85536 0.42002
vt 0.88926 0.41678
vt 0.85536 0.42002
vt 0.87687 0.44376
vt 0.91291 0.36130
vt 0.81635 0.38093
vt 0.90253 0.38651
vt 0.90253 0.38651
vt 0.81635 0.38093
vt 0.83153 0.39633
vt 0.90253 0.38651
vt 0.83153 0.39633
vt 0.88926 0.41678
vt 0.88926 0.41678
vt 0.83153 0.39633
vt 0.85536 0.42002
vt 0.88926 0.41678
vt 0.85536 0.42002
vt 0.87687 0.44376
vt 0.91291 0.36130
vt 0.81635 0.38093
vt 0.90253 0.38651
vt 0.90253 0.38651
vt 0.81635 0.38093
vt 0.83153 0.39633
vt 0.90253 0.38651
vt 0.83153 0.39633
vt 0.88926 0.41678
vt 0.88926 0.41678
vt 0.83153 0.39633
vt 0.85536 0.42002
vt 0.88926 0.41678
vt 0.85536 0.42002
vt 0.87687 0.44376
vt 0.91291 0.36130
vt 0.81635 0.38093
vt 0.90253 0.38651
vt 0.90253 0.38651
vt 0.81635 0.38093
vt 0.83153 0.39633
vt 0.90253 0.38651
vt 0.83153 0.39633
vt 0.88926 0.41678
vt 0.88926 0.41678
vt 0.83153 0.39633
vt 0.85536 0.42002
vt 0.88926 0.41678
vt 0.85536 0.42002
vt 0.87687 0.44376
vt 0.91291 0.36130
vt 0.81635 0.38093
vt 0.90253 0.38651
vt 0.90253 0.38651
vt 0.81635 0.38093
vt 0.83153 0.39633
vt 0.90253 0.38651
vt 0.83153 0.39633
vt 0.88926 0.41678
vt 0.88926 0.41678
vt 0.83153 0.39633
vt 0.85536 0.42002
vt 0.88926 0.41678
vt 0.85536 0.42002
vt 0.87687 0.44376
vt 0.83153 0.39633
vt 0.85536 0.42002
vt 0.88926 0.41678
vt 0.88926 0.41678
vt 0.85536 0.42002
vt 0.87687 0.44376
vt 0.90253 0.38651
vt 0.83153 0.39633
vt 0.88926 0.41678
vt 0.88926 0.41678
vt 0.83153 0.39633
vt 0.85536 0.42002
vt 0.88926 0.41678
vt 0.85536 0.42002
vt 0.87687 0.44376
vt 0.89341 0.41833
vt 0.88166 0.44722
vt 0.91166 0.44510
vt 0.89341 0.41833
vt 0.91166 0.44510
vt 0.90631 0.38640
vt 0.90631 0.38640
vt 0.91166 0.44510
vt 0.94453 0.44168
vt 0.90631 0.38640
vt 0.94453 0.44168
vt 0.91626 0.36176
vt 0.97158 0.43825
vt 0.91626 0.36176
vt 0.94453 0.44168
vt 0.94453 0.44168
vt 0.91626 0.36176
vt 0.90631 0.38640
vt 0.94453 0.44168
vt 0.90631 0.38640
vt 0.91166 0.44510
vt 0.91166 0.44510
vt 0.90631 0.38640
vt 0.89341 0.41833
vt 0.91166 0.44510
vt 0.89341 0.41833
vt 0.88166 0.44722
vt 0.97158 0.43825
vt 0.91626 0.36176
vt 0.94453 0.44168
vt 0.94453 0.44168
vt 0.91626 0.36176
vt 0.90631 0.38640
vt 0.94453 0.44168
vt 0.90631 0.38640
vt 0.91166 0.44510
vt 0.91166 0.44510
vt 0.90631 0.38640
vt 0.89341 0.41833
vt 0.91166 0.44510
vt 0.89341 0.41833
vt 0.88166 0.44722
vt 0.97158 0.43825
vt 0.91626 0.36176
vt 0.94453 0.44168
vt 0.94453 0.44168
vt 0.91626 0.36176
vt 0.90631 0.38640
vt 0.94453 0.44168
vt 0.90631 0.38640
vt 0.91166 0.44510
vt 0.91166 0.44510
vt 0.90631 0.38640
vt 0.89341 0.41833
vt 0.91166 0.44510
vt 0.89341 0.41833
vt 0.88166 0.44722
vt 0.97158 0.43825
vt 0.91626 0.36176
vt 0.94453 0.44168
vt 0.94453 0.44168
vt 0.91626 0.36176
vt 0.90631 0.38640
vt 0.94453 0.44168
vt 0.90631 0.38640
vt 0.91166 0.44510
vt 0.91166 0.44510
vt 0.90631 0.38640
vt 0.89341 0.41833
vt 0.91166 0.44510
vt 0.89341 0.41833
vt 0.88166 0.44722
vt 0.94453 0.44168
vt 0.90631 0.38640
vt 0.91166 0.44510
vt 0.91166 0.44510
vt 0.90631 0.38640
vt 0.89341 0.41833
vt 0.91166 0.44510
vt 0.89341 0.41833
vt 0.88166 0.44722
vt 0.90631 0.38640
vt 0.89341 0.41833
vt 0.91166 0.44510
vt 0.91166 0.44510
vt 0.89341 0.41833
vt 0.88166 0.44722
vt 0.89341 0.41833
vt 0.88166 0.44722
vt 0.91166 0.44510
vt 0.89341 0.41833
vt 0.91166 0.44510
vt 0.90631 0.38640
vt 0.90631 0.38640
vt 0.91166 0.44510
vt 0.94453 0.44168
vt 0.90631 0.38640
vt 0.94453 0.44168
vt 0.91626 0.36176
vt 0.91626 0.36176
vt 0.94453 0.44168
vt 0.97158 0.43825
vt 0.91626 0.36176
vt 0.97158 0.43825
vt 0.92622 0.33711
vt 0.99916 0.43435
vt 0.92622 0.33711
vt 0.97158 0.43825
vt 0.97158 0.43825
vt 0.92622 0.33711
vt 0.91626 0.36176
vt 0.97158 0.43825
vt 0.91626 0.36176
vt 0.94453 0.44168
vt 0.94453 0.44168
vt 0.91626 0.36176
vt 0.90631 0.38640
vt 0.94453 0.44168
vt 0.90631 0.38640
vt 0.91166 0.44510
vt 0.91166 0.44510
vt 0.90631 0.38640
vt 0.89341 0.41833
vt 0.91166 0.44510
vt 0.89341 0.41833
vt 0.88166 0.44722
vt 0.97158 0.43825
vt 0.91626 0.36176
vt 0.94453 0.44168
vt 0.94453 0.44168
vt 0.91626 0.36176
vt 0.90631 0.38640
vt 0.94453 0.44168
vt 0.90631 0.38640
vt 0.91166 0.44510
vt 0.91166 0.44510
vt 0.90631 0.38640
vt 0.89341 0.41833
vt 0.91166 0.44510
vt 0.89341 0.41833
vt 0.88166 0.44722
vt 0.89341 0.41833
vt 0.88166 0.44722
vt 0.91166 0.44510
vt 0.89341 0.41833
vt 0.91166 0.44510
vt 0.90631 0.38640
vt 0.90631 0.38640
vt 0.91166 0.44510
vt 0.94453 0.44168
vt 0.90631 0.38640
vt 0.94453 0.44168
vt 0.91626 0.36176
vt 0.89341 0.41833
vt 0.88166 0.44722
vt 0.91166 0.44510
vt 0.89341 0.41833
vt 0.91166 0.44510
vt 0.90631 0.38640
vt 0.90631 0.38640
vt 0.91166 0.44510
vt 0.94453 0.44168
vt 0.90631 0.38640
vt 0.94453 0.44168
vt 0.91626 0.36176
vt 0.97158 0.43825
vt 0.91626 0.36176
vt 0.94453 0.44168
vt 0.94453 0.44168
vt 0.91626 0.36176
vt 0.90631 0.38640
vt 0.94453 0.44168
vt 0.90631 0.38640
vt 0.91166 0.44510
vt 0.91166 0.44510
vt 0.90631 0.38640
vt 0.89341 0.41833
vt 0.91166 0.44510
vt 0.89341 0.41833
vt 0.88166 0.44722
vt 0.97158 0.43825
vt 0.91626 0.36176
vt 0.94453 0.44168
vt 0.94453 0.44168
vt 0.91626 0.36176
vt 0.90631 0.38640
vt 0.94453 0.44168
vt 0.90631 0.38640
vt 0.91166 0.44510
vt 0.91166 0.44510
vt 0.90631 0.38640
vt 0.89341 0.41833
vt 0.91166 0.44510
vt 0.89341 0.41833
vt 0.88166 0.44722
vt 0.94453 0.44168
vt 0.90631 0.38640
vt 0.91166 0.44510
vt 0.91166 0.44510
vt 0.90631 0.38640
vt 0.89341 0.41833
vt 0.91166 0.44510
vt 0.89341 0.41833
vt 0.88166 0.44722
vt 0.85536 0.42002
vt 0.87687 0.44376
vt 0.88926 0.41678
vt 0.85536 0.42002
vt 0.88926 0.41678
vt 0.83153 0.39633
vt 0.83153 0.39633
vt 0.88926 0.41678
vt 0.90253 0.38651
vt 0.83153 0.39633
vt 0.90253 0.38651
vt 0.81635 0.38093
vt 0.91291 0.36130
vt 0.81635 0.38093
vt 0.90253 0.38651
vt 0.90253 0.38651
vt 0.81635 0.38093
vt 0.83153 0.39633
vt 0.90253 0.38651
vt 0.83153 0.39633
vt 0.88926 0.41678
vt 0.88926 0.41678
vt 0.83153 0.39633
vt 0.85536 0.42002
vt 0.88926 0.41678
vt 0.85536 0.42002
vt 0.87687 0.44376
vt 0.91291 0.36130
vt 0.81635 0.38093
vt 0.90253 0.38651
vt 0.90253 0.38651
vt 0.81635 0.38093
vt 0.83153 0.39633
vt 0.90253 0.38651
vt 0.83153 0.39633
vt 0.88926 0.41678
vt 0.88926 0.41678
vt 0.83153 0.39633
vt 0.85536 0.42002
vt 0.88926 0.41678
vt 0.85536 0.42002
vt 0.87687 0.44376
vt 0.91291 0.36130
vt 0.81635 0.38093
vt 0.90253 0.38651
vt 0.90253 0.38651
vt 0.81635 0.38093
vt 0.83153 0.39633
vt 0.90253 0.38651
vt 0.83153 0.39633
vt 0.88926 0.41678
vt 0.88926 0.41678
vt 0.83153 0.39633
vt 0.85536 0.42002
vt 0.88926 0.41678
vt 0.85536 0.42002
vt 0.87687 0.44376
vt 0.91291 0.36130
vt 0.81635 0.38093
vt 0.90253 0.38651
vt 0.90253 0.38651
vt 0.81635 0.38093
vt 0.83153 0.39633
vt 0.90253 0.38651
vt 0.83153 0.39633
vt 0.88926 0.41678
vt 0.88926 0.41678
vt 0.83153 0.39633
vt 0.85536 0.42002
vt 0.88926 0.41678
vt 0.85536 0.42002
vt 0.87687 0.44376
vt 0.91291 0.36130
vt 0.81635 0.38093
vt 0.90253 0.38651
vt 0.90253 0.38651
vt 0.81635 0.38093
vt 0.83153 0.39633
vt 0.90253 0.38651
vt 0.83153 0.39633
vt 0.88926 0.41678
vt 0.88926 0.41678
vt 0.83153 0.39633
vt 0.85536 0.42002
vt 0.88926 0.41678
vt 0.85536 0.42002
vt 0.87687 0.44376
vt 0.90253 0.38651
vt 0.83153 0.39633
vt 0.88926 0.41678
vt 0.88926 0.41678
vt 0.83153 0.39633
vt 0.85536 0.42002
vt 0.88926 0.41678
vt 0.85536 0.42002
vt 0.87687 0.44376
vt 0.90253 0.38651
vt 0.83153 0.39633
vt 0.88926 0.41678
vt 0.88926 0.41678
vt 0.83153 0.39633
vt 0.85536 0.42002
vt 0.88926 0.41678
vt 0.85536 0.42002
vt 0.87687 0.44376
vt 0.92316 0.33540
vt 0.79475 0.36002
vt 0.91291 0.36130
vt 0.91291 0.36130
vt 0.79475 0.36002
vt 0.81635 0.38093
vt 0.91291 0.36130
vt 0.81635 0.38093
vt 0.90253 0.38651
vt 0.90253 0.38651
vt 0.81635 0.38093
vt 0.83153 0.39633
vt 0.90253 0.38651
vt 0.83153 0.39633
vt 0.88926 0.41678
vt 0.88926 0.41678
vt 0.83153 0.39633
vt 0.85536 0.42002
vt 0.88926 0.41678
vt 0.85536 0.42002
vt 0.87687 0.44376
vt 0.92316 0.33540
vt 0.79475 0.36002
vt 0.91291 0.36130
vt 0.91291 0.36130
vt 0.79475 0.36002
vt 0.81635 0.38093
vt 0.91291 0.36130
vt 0.81635 0.38093
vt 0.90253 0.38651
vt 0.90253 0.38651
vt 0.81635 0.38093
vt 0.83153 0.39633
vt 0.90253 0.38651
vt 0.83153 0.39633
vt 0.88926 0.41678
vt 0.88926 0.41678
vt 0.83153 0.39633
vt 0.85536 0.42002
vt 0.88926 0.41678
vt 0.85536 0.42002
vt 0.87687 0.44376
vt 0.92316 0.33540
vt 0.79475 0.36002
vt 0.91291 0.36130
vt 0.91291 0.36130
vt 0.79475 0.36002
vt 0.81635 0.38093
vt 0.91291 0.36130
vt 0.81635 0.38093
vt 0.90253 0.38651
vt 0.90253 0.38651
vt 0.81635 0.38093
vt 0.83153 0.39633
vt 0.90253 0.38651
vt 0.83153 0.39633
vt 0.88926 0.41678
vt 0.88926 0.41678
vt 0.83153 0.39633
vt 0.85536 0.42002
vt 0.88926 0.41678
vt 0.85536 0.42002
vt 0.87687 0.44376
vt 0.92316 0.33540
vt 0.79475 0.36002
vt 0.91291 0.36130
vt 0.91291 0.36130
vt 0.79475 0.36002
vt 0.81635 0.38093
vt 0.91291 0.36130
vt 0.81635 0.38093
vt 0.90253 0.38651
vt 0.90253 0.38651
vt 0.81635 0.38093
vt 0.83153 0.39633
vt 0.90253 0.38651
vt 0.83153 0.39633
vt 0.88926 0.41678
vt 0.88926 0.41678
vt 0.83153 0.39633
vt 0.85536 0.42002
vt 0.88926 0.41678
vt 0.85536 0.42002
vt 0.87687 0.44376
vt 0.85536 0.42002
vt 0.87687 0.44376
vt 0.88926 0.41678
vt 0.85536 0.42002
vt 0.88926 0.41678
vt 0.83153 0.39633
vt 0.83153 0.39633
vt 0.88926 0.41678
vt 0.90253 0.38651
vt 0.83153 0.39633
vt 0.90253 0.38651
vt 0.81635 0.38093
vt 0.81635 0.38093
vt 0.90253 0.38651
vt 0.91291 0.36130
vt 0.81635 0.38093
vt 0.91291 0.36130
vt 0.79475 0.36002
vt 0.91291 0.36130
vt 0.81635 0.38093
vt 0.90253 0.38651
vt 0.90253 0.38651
vt 0.81635 0.38093
vt 0.83153 0.39633
vt 0.90253 0.38651
vt 0.83153 0.39633
vt 0.88926 0.41678
vt 0.88926 0.41678
vt 0.83153 0.39633
vt 0.85536 0.42002
vt 0.88926 0.41678
vt 0.85536 0.42002
vt 0.87687 0.44376
vt 0.85536 0.42002
vt 0.87687 0.44376
vt 0.88926 0.41678
vt 0.85536 0.42002
vt 0.88926 0.41678
vt 0.83153 0.39633
vt 0.83153 0.39633
vt 0.88926 0.41678
vt 0.90253 0.38651
vt 0.83153 0.39633
vt 0.90253 0.38651
vt 0.81635 0.38093
vt 0.90253 0.38651
vt 0.83153 0.39633
vt 0.88926 0.41678
vt 0.88926 0.41678
vt 0.83153 0.39633
vt 0.85536 0.42002
vt 0.88926 0.41678
vt 0.85536 0.42002
vt 0.87687 0.44376
vt 0.99916 0.43435
vt 0.92622 0.33711
vt 0.97158 0.43825
vt 0.97158 0.43825
vt 0.92622 0.33711
vt 0.91626 0.36176
vt 0.97158 0.43825
vt 0.91626 0.36176
vt 0.94453 0.44168
vt 0.94453 0.44168
vt 0.91626 0.36176
vt 0.90631 0.38640
vt 0.94453 0.44168
vt 0.90631 0.38640
vt 0.91166 0.44510
vt 0.91166 0.44510
vt 0.90631 0.38640
vt 0.89341 0.41833
vt 0.91166 0.44510
vt 0.89341 0.41833
vt 0.88166 0.44722
vt 0.99916 0.43435
vt 0.92622 0.33711
vt 0.97158 0.43825
vt 0.97158 0.43825
vt 0.92622 0.33711
vt 0.91626 0.36176
vt 0.97158 0.43825
vt 0.91626 0.36176
vt 0.94453 0.44168
vt 0.94453 0.44168
vt 0.91626 0.36176
vt 0.90631 0.38640
vt 0.94453 0.44168
vt 0.90631 0.38640
vt 0.91166 0.44510
vt 0.91166 0.44510
vt 0.90631 0.38640
vt 0.89341 0.41833
vt 0.91166 0.44510
vt 0.89341 0.41833
vt 0.88166 0.44722
vt 0.99916 0.43435
vt 0.92622 0.33711
vt 0.97158 0.43825
vt 0.97158 0.43825
vt 0.92622 0.33711
vt 0.91626 0.36176
vt 0.97158 0.43825
vt 0.91626 0.36176
vt 0.94453 0.44168
vt 0.94453 0.44168
vt 0.91626 0.36176
vt 0.90631 0.38640
vt 0.94453 0.44168
vt 0.90631 0.38640
vt 0.91166 0.44510
vt 0.91166 0.44510
vt 0.90631 0.38640
vt 0.89341 0.41833
vt 0.91166 0.44510
vt 0.89341 0.41833
vt 0.88166 0.44722
vt 0.99916 0.43435
vt 0.92622 0.33711
vt 0.97158 0.43825
vt 0.97158 0.43825
vt 0.92622 0.33711
vt 0.91626 0.36176
vt 0.97158 0.43825
vt 0.91626 0.36176
vt 0.94453 0.44168
vt 0.94453 0.44168
vt 0.91626 0.36176
vt 0.90631 0.38640
vt 0.94453 0.44168
vt 0.90631 0.38640
vt 0.91166 0.44510
vt 0.91166 0.44510
vt 0.90631 0.38640
vt 0.89341 0.41833
vt 0.91166 0.44510
vt 0.89341 0.41833
vt 0.88166 0.44722
vt 0.89341 0.41833
vt 0.88166 0.44722
vt 0.91166 0.44510
vt 0.89341 0.41833
vt 0.91166 0.44510
vt 0.90631 0.38640
vt 0.90631 0.38640
vt 0.91166 0.44510
vt 0.94453 0.44168
vt 0.90631 0.38640
vt 0.94453 0.44168
vt 0.91626 0.36176
vt 0.91626 0.36176
vt 0.94453 0.44168
vt 0.97158 0.43825
vt 0.91626 0.36176
vt 0.97158 0.43825
vt 0.92622 0.33711
vt 0.89341 0.41833
vt 0.88166 0.44722
vt 0.91166 0.44510
vt 0.89341 0.41833
vt 0.91166 0.44510
vt 0.90631 0.38640
vt 0.90631 0.38640
vt 0.91166 0.44510
vt 0.94453 0.44168
vt 0.90631 0.38640
vt 0.94453 0.44168
vt 0.91626 0.36176
vt 0.91626 0.36176
vt 0.94453 0.44168
vt 0.97158 0.43825
vt 0.91626 0.36176
vt 0.97158 0.43825
vt 0.92622 0.33711
vt 0.97158 0.43825
vt 0.91626 0.36176
vt 0.94453 0.44168
vt 0.94453 0.44168
vt 0.91626 0.36176
vt 0.90631 0.38640
vt 0.94453 0.44168
vt 0.90631 0.38640
vt 0.91166 0.44510
vt 0.91166 0.44510
vt 0.90631 0.38640
vt 0.89341 0.41833
vt 0.91166 0.44510
vt 0.89341 0.41833
vt 0.88166 0.44722
vt 0.97158 0.43825
vt 0.91626 0.36176
vt 0.94453 0.44168
vt 0.94453 0.44168
vt 0.91626 0.36176
vt 0.90631 0.38640
vt 0.94453 0.44168
vt 0.90631 0.38640
vt 0.91166 0.44510
vt 0.91166 0.44510
vt 0.90631 0.38640
vt 0.89341 0.41833
vt 0.91166 0.44510
vt 0.89341 0.41833
vt 0.88166 0.44722
vt 0.85536 0.42002
vt 0.87687 0.44376
vt 0.88926 0.41678
vt 0.85536 0.42002
vt 0.88926 0.41678
vt 0.83153 0.39633
vt 0.83153 0.39633
vt 0.88926 0.41678
vt 0.90253 0.38651
vt 0.83153 0.39633
vt 0.90253 0.38651
vt 0.81635 0.38093
vt 0.85536 0.42002
vt 0.87687 0.44376
vt 0.88926 0.41678
vt 0.85536 0.42002
vt 0.88926 0.41678
vt 0.83153 0.39633
vt 0.83153 0.39633
vt 0.88926 0.41678
vt 0.90253 0.38651
vt 0.83153 0.39633
vt 0.90253 0.38651
vt 0.81635 0.38093
vt 0.91291 0.36130
vt 0.81635 0.38093
vt 0.90253 0.38651
vt 0.90253 0.38651
vt 0.81635 0.38093
vt 0.83153 0.39633
vt 0.90253 0.38651
vt 0.83153 0.39633
vt 0.88926 0.41678
vt 0.88926 0.41678
vt 0.83153 0.39633
vt 0.85536 0.42002
vt 0.88926 0.41678
vt 0.85536 0.42002
vt 0.87687 0.44376
vt 0.90253 0.38651
vt 0.83153 0.39633
vt 0.88926 0.41678
vt 0.88926 0.41678
vt 0.83153 0.39633
vt 0.85536 0.42002
vt 0.88926 0.41678
vt 0.85536 0.42002
vt 0.87687 0.44376
vt 0.90253 0.38651
vt 0.83153 0.39633
vt 0.88926 0.41678
vt 0.88926 0.41678
vt 0.83153 0.39633
vt 0.85536 0.42002
vt 0.88926 0.41678
vt 0.85536 0.42002
vt 0.87687 0.44376
vt 0.90253 0.38651
vt 0.83153 0.39633
vt 0.88926 0.41678
vt 0.88926 0.41678
vt 0.83153 0.39633
vt 0.85536 0.42002
vt 0.88926 0.41678
vt 0.85536 0.42002
vt 0.87687 0.44376
vt 0.90253 0.38651
vt 0.83153 0.39633
vt 0.88926 0.41678
vt 0.88926 0.41678
vt 0.83153 0.39633
vt 0.85536 0.42002
vt 0.88926 0.41678
vt 0.85536 0.42002
vt 0.87687 0.44376
vt 0.90253 0.38651
vt 0.83153 0.39633
vt 0.88926 0.41678
vt 0.88926 0.41678
vt 0.83153 0.39633
vt 0.85536 0.42002
vt 0.88926 0.41678
vt 0.85536 0.42002
vt 0.87687 0.44376
vt 0.53436 0.09482
vt 0.51903 0.08847
vt 0.50081 0.04603
vt 0.50081 0.04603
vt 0.51903 0.08847
vt 0.50081 0.08560
vt 0.50081 0.04603
vt 0.50081 0.08560
vt 0.51903 0.08847
vt 0.96121 0.00213
vt 0.96121 0.04603
vt 0.67787 0.04603
vt 0.67787 0.04603
vt 0.96121 0.04603
vt 0.91828 0.33296
vt 0.67787 0.04603
vt 0.91828 0.33296
vt 0.67787 0.33296
vt 0.96167 0.00213
vt 0.50081 0.00213
vt 0.50081 0.04603
vt 0.50081 0.04603
vt 0.50081 0.00213
vt 0.67787 0.00213
vt 0.50081 0.04603
vt 0.67787 0.00213
vt 0.67787 0.04603
vt 0.67787 0.04603
vt 0.67787 0.00213
vt 0.96121 0.00213
vt 0.51903 0.08847
vt 0.53436 0.09482
vt 0.50081 0.04603
vt 0.50081 0.04603
vt 0.53436 0.09482
vt 0.96167 0.04603
vt 0.50081 0.04603
vt 0.96167 0.04603
vt 0.96167 0.00213
vt 0.06329 0.64454
vt 0.06329 0.63393
vt 0.06854 0.64453
vt 0.06854 0.64453
vt 0.06329 0.63393
vt 0.06854 0.63389
vt 0.06854 0.64453
vt 0.06854 0.63389
vt 0.08691 0.64449
vt 0.08691 0.64449
vt 0.06854 0.63389
vt 0.08691 0.63389
vt 0.08691 0.64449
vt 0.08691 0.63389
vt 0.09896 0.64445
vt 0.09896 0.64445
vt 0.08691 0.63389
vt 0.09896 0.63389
vt 0.09896 0.64445
vt 0.09896 0.63389
vt 0.11896 0.64445
vt 0.11896 0.64445
vt 0.09896 0.63389
vt 0.11896 0.63389
vt 0.11896 0.64445
vt 0.11896 0.63389
vt 0.09896 0.64445
vt 0.09896 0.64445
vt 0.11896 0.63389
vt 0.09896 0.63389
vt 0.09896 0.64445
vt 0.09896 0.63389
vt 0.08691 0.64449
vt 0.08691 0.64449
vt 0.09896 0.63389
vt 0.08691 0.63393
vt 0.08691 0.64449
vt 0.08691 0.63393
vt 0.06854 0.64453
vt 0.06854 0.64453
vt 0.08691 0.63393
vt 0.06854 0.63397
vt 0.06854 0.64453
vt 0.06854 0.63397
vt 0.06329 0.64454
vt 0.06329 0.64454
vt 0.06854 0.63397
vt 0.06329 0.63397
vt 0.06329 0.64454
vt 0.06329 0.63397
vt 0.06854 0.64453
vt 0.06854 0.64453
vt 0.06329 0.63397
vt 0.06854 0.63397
vt 0.06854 0.64453
vt 0.06854 0.63397
vt 0.08691 0.64449
vt 0.08691 0.64449
vt 0.06854 0.63397
vt 0.08691 0.63393
vt 0.08691 0.64449
vt 0.08691 0.63393
vt 0.09896 0.64445
vt 0.09896 0.64445
vt 0.08691 0.63393
vt 0.09896 0.63389
vt 0.09896 0.64445
vt 0.09896 0.63389
vt 0.11896 0.64445
vt 0.11896 0.64445
vt 0.09896 0.63389
vt 0.11896 0.63389
vt 0.11896 0.64445
vt 0.11896 0.63389
vt 0.09896 0.64445
vt 0.09896 0.64445
vt 0.11896 0.63389
vt 0.09896 0.63389
vt 0.09896 0.64445
vt 0.09896 0.63389
vt 0.08691 0.64449
vt 0.08691 0.64449
vt 0.09896 0.63389
vt 0.08691 0.63389
vt 0.08691 0.64449
vt 0.08691 0.63389
vt 0.06854 0.64453
vt 0.06854 0.64453
vt 0.08691 0.63389
vt 0.06854 0.63389
vt 0.06854 0.64453
vt 0.06854 0.63389
vt 0.06329 0.64454
vt 0.06329 0.64454
vt 0.06854 0.63389
vt 0.06329 0.63393
vt 0.79266 0.68909
vt 0.79876 0.67373
vt 0.79266 0.68909
vt 0.79266 0.68909
vt 0.79876 0.67373
vt 0.79876 0.67373
vt 0.79266 0.68909
vt 0.79876 0.67373
vt 0.80603 0.69959
vt 0.80603 0.69959
vt 0.79876 0.67373
vt 0.81759 0.69308
vt 0.80603 0.69959
vt 0.81759 0.69308
vt 0.80534 0.71975
vt 0.80534 0.71975
vt 0.81759 0.69308
vt 0.81759 0.72644
vt 0.80534 0.71975
vt 0.81759 0.72644
vt 0.79306 0.73040
vt 0.79306 0.73040
vt 0.81759 0.72644
vt 0.79876 0.74585
vt 0.79306 0.73040
vt 0.79876 0.74585
vt 0.79306 0.73040
vt 0.79306 0.73040
vt 0.79876 0.74585
vt 0.79876 0.74585
vt 0.79306 0.73040
vt 0.79876 0.74585
vt 0.80534 0.71975
vt 0.80534 0.71975
vt 0.79876 0.74585
vt 0.81759 0.72644
vt 0.80534 0.71975
vt 0.81759 0.72644
vt 0.80603 0.69959
vt 0.80603 0.69959
vt 0.81759 0.72644
vt 0.81759 0.69308
vt 0.80603 0.69959
vt 0.81759 0.69308
vt 0.79266 0.68909
vt 0.79266 0.68909
vt 0.81759 0.69308
vt 0.79876 0.67373
vt 0.80603 0.69959
vt 0.81759 0.69308
vt 0.79266 0.68909
vt 0.79266 0.68909
vt 0.81759 0.69308
vt 0.79876 0.67373
vt 0.79266 0.68909
vt 0.79876 0.67373
vt 0.79266 0.68909
vt 0.79266 0.68909
vt 0.79876 0.67373
vt 0.79876 0.67373
vt 0.79266 0.68909
vt 0.79876 0.67373
vt 0.80603 0.69959
vt 0.80603 0.69959
vt 0.79876 0.67373
vt 0.81759 0.69308
vt 0.80603 0.69959
vt 0.81759 0.69308
vt 0.80534 0.71975
vt 0.80534 0.71975
vt 0.81759 0.69308
vt 0.81759 0.72644
vt 0.80534 0.71975
vt 0.81759 0.72644
vt 0.79306 0.73040
vt 0.79306 0.73040
vt 0.81759 0.72644
vt 0.79876 0.74585
vt 0.79306 0.73040
vt 0.79876 0.74585
vt 0.79306 0.73040
vt 0.79306 0.73040
vt 0.79876 0.74585
vt 0.79876 0.74585
vt 0.79306 0.73040
vt 0.79876 0.74585
vt 0.80534 0.71975
vt 0.80534 0.71975
vt 0.79876 0.74585
vt 0.81759 0.72644
vt 0.80534 0.71975
vt 0.81759 0.72644
vt 0.80603 0.69959
vt 0.80603 0.69959
vt 0.81759 0.72644
vt 0.81759 0.69308
vt 0.99966 0.71487
vt 0.99966 0.75186
vt 0.90998 0.75186
vt 0.90998 0.75186
vt 0.99966 0.75186
vt 0.99966 0.71487
vt 0.90998 0.75186
vt 0.99966 0.71487
vt 0.90998 0.71487
vt 0.90998 0.71487
vt 0.99966 0.71487
vt 0.99966 0.68816
vt 0.90998 0.71487
vt 0.99966 0.68816
vt 0.90998 0.68816
vt 0.99966 0.71487
vt 0.90998 0.75186
vt 0.90998 0.71487
vt 0.79266 0.68909
vt 0.79876 0.67373
vt 0.79266 0.68909
vt 0.79266 0.68909
vt 0.79876 0.67373
vt 0.79876 0.67373
vt 0.79266 0.68909
vt 0.79876 0.67373
vt 0.80603 0.69959
vt 0.80603 0.69959
vt 0.79876 0.67373
vt 0.81759 0.69308
vt 0.80603 0.69959
vt 0.81759 0.69308
vt 0.80534 0.71975
vt 0.80534 0.71975
vt 0.81759 0.69308
vt 0.81759 0.72644
vt 0.80534 0.71975
vt 0.81759 0.72644
vt 0.79306 0.73040
vt 0.79306 0.73040
vt 0.81759 0.72644
vt 0.79876 0.74585
vt 0.79306 0.73040
vt 0.79876 0.74585
vt 0.79306 0.73040
vt 0.79306 0.73040
vt 0.79876 0.74585
vt 0.79876 0.74585
vt 0.79306 0.73040
vt 0.79876 0.74585
vt 0.80534 0.71975
vt 0.80534 0.71975
vt 0.79876 0.74585
vt 0.81759 0.72644
vt 0.80534 0.71975
vt 0.81759 0.72644
vt 0.80603 0.69959
vt 0.80603 0.69959
vt 0.81759 0.72644
vt 0.81759 0.69308
vt 0.80603 0.69959
vt 0.81759 0.69308
vt 0.79266 0.68909
vt 0.79266 0.68909
vt 0.81759 0.69308
vt 0.79876 0.67373
vt 0.80603 0.69959
vt 0.81759 0.69308
vt 0.79266 0.68909
vt 0.79266 0.68909
vt 0.81759 0.69308
vt 0.79876 0.67373
vt 0.79266 0.68909
vt 0.79876 0.67373
vt 0.79266 0.68909
vt 0.79266 0.68909
vt 0.79876 0.67373
vt 0.79876 0.67373
vt 0.79266 0.68909
vt 0.79876 0.67373
vt 0.80603 0.69959
vt 0.80603 0.69959
vt 0.79876 0.67373
vt 0.81759 0.69308
vt 0.80603 0.69959
vt 0.81759 0.69308
vt 0.80534 0.71975
vt 0.80534 0.71975
vt 0.81759 0.69308
vt 0.81759 0.72644
vt 0.80534 0.71975
vt 0.81759 0.72644
vt 0.79306 0.73040
vt 0.79306 0.73040
vt 0.81759 0.72644
vt 0.79876 0.74585
vt 0.79306 0.73040
vt 0.79876 0.74585
vt 0.79306 0.73040
vt 0.79306 0.73040
vt 0.79876 0.74585
vt 0.79876 0.74585
vt 0.79306 0.73040
vt 0.79876 0.74585
vt 0.80534 0.71975
vt 0.80534 0.71975
vt 0.79876 0.74585
vt 0.81759 0.72644
vt 0.80534 0.71975
vt 0.81759 0.72644
vt 0.80603 0.69959
vt 0.80603 0.69959
vt 0.81759 0.72644
vt 0.81759 0.69308
vt 0.99966 0.71487
vt 0.99966 0.75186
vt 0.90998 0.75186
vt 0.90998 0.75186
vt 0.99966 0.75186
vt 0.99966 0.71487
vt 0.90998 0.75186
vt 0.99966 0.71487
vt 0.90998 0.71487
vt 0.90998 0.71487
vt 0.99966 0.71487
vt 0.99966 0.68816
vt 0.90998 0.71487
vt 0.99966 0.68816
vt 0.90998 0.68816
vt 0.99966 0.71487
vt 0.90998 0.75186
vt 0.90998 0.71487
vt 0.53436 0.09482
vt 0.50081 0.04603
vt 0.67787 0.04603
vt 0.80534 0.71975
vt 0.80603 0.69959
vt 0.78504 0.70965
vt 0.78504 0.70965
vt 0.80603 0.69959
vt 0.79266 0.68909
vt 0.78504 0.70965
vt 0.79266 0.68909
vt 0.79266 0.68909
vt 0.79266 0.68909
vt 0.80603 0.69959
vt 0.78504 0.70965
vt 0.78504 0.70965
vt 0.80603 0.69959
vt 0.80534 0.71975
vt 0.78504 0.70965
vt 0.80534 0.71975
vt 0.79306 0.73040
vt 0.79306 0.73040
vt 0.79306 0.73040
vt 0.78504 0.70965
vt 0.78504 0.70965
vt 0.79306 0.73040
vt 0.80534 0.71975
vt 0.80603 0.69959
vt 0.79266 0.68909
vt 0.78504 0.70965
vt 0.78504 0.70965
vt 0.79266 0.68909
vt 0.79266 0.68909
vt 0.78504 0.70965
vt 0.79266 0.68909
vt 0.80603 0.69959
vt 0.80603 0.69959
vt 0.80534 0.71975
vt 0.78504 0.70965
vt 0.78504 0.70965
vt 0.80534 0.71975
vt 0.79306 0.73040
vt 0.78504 0.70965
vt 0.79306 0.73040
vt 0.79306 0.73040
vt 0.79306 0.73040
vt 0.80534 0.71975
vt 0.78504 0.70965
vt 0.78504 0.70965
vt 0.80534 0.71975
vt 0.80603 0.69959
vt 0.80534 0.71975
vt 0.80603 0.69959
vt 0.78504 0.70965
vt 0.78504 0.70965
vt 0.80603 0.69959
vt 0.79266 0.68909
vt 0.78504 0.70965
vt 0.79266 0.68909
vt 0.79266 0.68909
vt 0.79266 0.68909
vt 0.80603 0.69959
vt 0.78504 0.70965
vt 0.78504 0.70965
vt 0.80603 0.69959
vt 0.80534 0.71975
vt 0.78504 0.70965
vt 0.80534 0.71975
vt 0.79306 0.73040
vt 0.79306 0.73040
vt 0.79306 0.73040
vt 0.78504 0.70965
vt 0.78504 0.70965
vt 0.79306 0.73040
vt 0.80534 0.71975
vt 0.80603 0.69959
vt 0.79266 0.68909
vt 0.78504 0.70965
vt 0.78504 0.70965
vt 0.79266 0.68909
vt 0.79266 0.68909
vt 0.78504 0.70965
vt 0.79266 0.68909
vt 0.80603 0.69959
vt 0.80603 0.69959
vt 0.80534 0.71975
vt 0.78504 0.70965
vt 0.78504 0.70965
vt 0.80534 0.71975
vt 0.79306 0.73040
vt 0.78504 0.70965
vt 0.79306 0.73040
vt 0.79306 0.73040
vt 0.79306 0.73040
vt 0.80534 0.71975
vt 0.78504 0.70965
vt 0.78504 0.70965
vt 0.80534 0.71975
vt 0.80603 0.69959
vn 0.2759722 0.9039615 0.3266388
vn 0.3876837 0.9200351 0.05689397
vn 0.2927647 0.8740891 0.3876302
vn -0.5829474 0.8105339 0.05663184
vn -0.7814628 0.526066 0.3355156
vn -0.7756801 0.6311181 -0.003226329
vn -0.5829474 0.8105339 0.05663184
vn -0.7756801 0.6311181 -0.003226329
vn -0.655457 0.6755212 -0.337709
vn 0.2328205 0.9565028 -0.1757755
vn -0.1679606 0.9580017 0.2324262
vn -0.1604211 0.9632115 -0.2156124
vn 0.2328205 0.9565028 -0.1757755
vn -0.1604211 0.9632115 -0.2156124
vn -0.01813819 0.895955 -0.4437745
vn 0.4640314 0.8584387 -0.218536
vn 0.04202897 0.8927693 -0.4485494
vn 0.5129044 0.5948851 -0.6189029
vn 0.01407339 0.5937157 0.804552
vn 0.0989248 0.1979443 0.9752088
vn -0.2340484 0.3862145 0.892222
vn 0.9304596 0.3661277 0.01399391
vn 0.9304594 0.3661282 0.01399415
vn 0.9687569 0.2476036 0.01425092
vn 0.9304596 0.3661277 0.01399391
vn 0.9687569 0.2476036 0.01425092
vn 0.9306328 0.3656972 0.01372701
vn 0.9306328 0.3656972 0.01372701
vn 0.9687569 0.2476036 0.01425092
vn 0.9307179 0.3654851 0.01359967
vn 0.9306328 0.3656972 0.01372701
vn 0.9307179 0.3654851 0.01359967
vn 0.9307227 0.3654729 0.0136121
vn 0.9306404 0.3656875 0.01347283
vn 0.9304366 0.3662106 0.01333914
vn 0.9551158 0.2959084 0.01386507
vn 0.9551158 0.2959084 0.01386507
vn 0.9304366 0.3662106 0.01333914
vn 0.9306286 0.3657151 0.01353187
vn 0.9551158 0.2959084 0.01386507
vn 0.9306286 0.3657151 0.01353187
vn 0.9307206 0.3654777 0.01362476
vn 0.9307206 0.3654777 0.01362476
vn 0.9306286 0.3657151 0.01353187
vn 0.9307225 0.3654732 0.01361204
vn -1.017144E-06 1 -1.487552E-08
vn -1.017144E-06 1 -1.487552E-08
vn -1.890898E-14 1 -2.793537E-15
vn -1.017144E-06 1 -1.487552E-08
vn -1.890898E-14 1 -2.793537E-15
vn 2.034287E-07 1 2.975106E-09
vn 2.034287E-07 1 2.975106E-09
vn -1.890898E-14 1 -2.793537E-15
vn 1.769452E-06 1 2.587783E-08
vn 2.034287E-07 1 2.975106E-09
vn 1.769452E-06 1 2.587783E-08
vn 1.769452E-06 1 2.587783E-08
vn 1.769452E-06 1 2.587783E-08
vn 1.769452E-06 1 2.587783E-08
vn 2.521761E-06 1 3.688025E-08
vn 1.769452E-06 1 2.587783E-08
vn 2.521761E-06 1 3.688025E-08
vn 2.521761E-06 1 3.688025E-08
vn -0.01440397 -0.1725429 0.9848968
vn -0.01462329 -1.010894E-08 0.9998932
vn -0.0146233 -3.369646E-09 0.9998932
vn -0.01440397 -0.1725429 0.9848968
vn -0.0146233 -3.369646E-09 0.9998932
vn -0.01412094 -0.2598534 0.9655449
vn -0.01412094 -0.2598534 0.9655449
vn -0.0146233 -3.369646E-09 0.9998932
vn -0.01462328 4.982294E-16 0.9998932
vn -0.01412094 -0.2598534 0.9655449
vn -0.01462328 4.982294E-16 0.9998932
vn -0.01412092 -0.2598534 0.9655449
vn -0.01412092 -0.2598534 0.9655449
vn -0.01462328 4.982294E-16 0.9998932
vn -0.01462327 9.964588E-16 0.9998932
vn -0.01412092 -0.2598534 0.9655449
vn -0.01462327 9.964588E-16 0.9998932
vn -0.01412092 -0.2598534 0.9655449
vn -0.01412092 -0.2598534 0.9655449
vn -0.01462327 9.964588E-16 0.9998932
vn -0.0146233 9.554412E-09 0.9998932
vn -0.01412092 -0.2598534 0.9655449
vn -0.0146233 9.554412E-09 0.9998932
vn -0.01372504 -0.3450857 0.9384709
vn 0.01412093 -0.2598532 -0.9655449
vn 0.01372504 -0.3450855 -0.938471
vn 0.01143409 -0.6233928 -0.7818252
vn 0.01143409 -0.6233928 -0.7818252
vn 0.01372504 -0.3450855 -0.938471
vn 0.01143412 -0.6233928 -0.7818253
vn 0.01143409 -0.6233928 -0.7818252
vn 0.01143412 -0.6233928 -0.7818253
vn 0.007912611 -0.8409612 -0.5410376
vn 0.007912611 -0.8409612 -0.5410376
vn 0.00997199 -0.7314243 -0.6818498
vn 0.007159443 -0.8719524 -0.4895384
vn 0.007912611 -0.8409612 -0.5410376
vn 0.007159443 -0.8719524 -0.4895384
vn 0.003828468 -0.9651205 -0.2617779
vn 0.003828468 -0.9651205 -0.2617779
vn 0.007159443 -0.8719524 -0.4895384
vn 0.00321908 -0.9754698 -0.2201099
vn 0.003828468 -0.9651205 -0.2617779
vn 0.00321908 -0.9754698 -0.2201099
vn 1.377748E-09 -1 -4.994212E-09
vn 1.377748E-09 -1 -4.994212E-09
vn 0.00321908 -0.9754698 -0.2201099
vn -0.0006697907 -0.9989504 0.04579811
vn 1.377748E-09 -1 -4.994212E-09
vn -0.0006697907 -0.9989504 0.04579811
vn -0.003828465 -0.9651206 0.2617778
vn -0.003828465 -0.9651206 0.2617778
vn -0.0006697907 -0.9989504 0.04579811
vn -0.004430803 -0.9529919 0.3029632
vn -0.003828465 -0.9651206 0.2617778
vn -0.004430803 -0.9529919 0.3029632
vn -0.007912619 -0.8409612 0.5410377
vn -0.007912619 -0.8409612 0.5410377
vn -0.004430803 -0.9529919 0.3029632
vn -0.00863719 -0.8069314 0.590582
vn -0.007912619 -0.8409612 0.5410377
vn -0.00863719 -0.8069314 0.590582
vn -0.0114341 -0.6233928 0.7818252
vn -0.0114341 -0.6233928 0.7818252
vn -0.00863719 -0.8069314 0.590582
vn -0.01143411 -0.6233928 0.7818252
vn -0.0114341 -0.6233928 0.7818252
vn -0.01143411 -0.6233928 0.7818252
vn -0.01412094 -0.2598534 0.9655449
vn -0.01412094 -0.2598534 0.9655449
vn -0.01264846 -0.5018539 0.8648601
vn -0.01440397 -0.1725429 0.9848968
vn -0.01412092 -0.2598534 0.9655449
vn -0.01372504 -0.3450857 0.9384709
vn -0.01143409 -0.6233928 0.7818252
vn -0.01143409 -0.6233928 0.7818252
vn -0.01372504 -0.3450857 0.9384709
vn -0.01096971 -0.6612649 0.7500724
vn -0.01143409 -0.6233928 0.7818252
vn -0.01096971 -0.6612649 0.7500724
vn -0.007912617 -0.8409612 0.5410377
vn -0.007912617 -0.8409612 0.5410377
vn -0.01096971 -0.6612649 0.7500724
vn -0.007159427 -0.8719524 0.4895384
vn -0.007912617 -0.8409612 0.5410377
vn -0.007159427 -0.8719524 0.4895384
vn -0.003828463 -0.9651205 0.2617779
vn -0.003828463 -0.9651205 0.2617779
vn -0.007159427 -0.8719524 0.4895384
vn -0.003219051 -0.9754698 0.2201098
vn -0.003828463 -0.9651205 0.2617779
vn -0.003219051 -0.9754698 0.2201098
vn 3.353901E-09 -1 5.063411E-09
vn 3.353901E-09 -1 5.063411E-09
vn -0.003219051 -0.9754698 0.2201098
vn 0.0006697856 -0.9989504 -0.04579811
vn 3.353901E-09 -1 5.063411E-09
vn 0.0006697856 -0.9989504 -0.04579811
vn 0.003828462 -0.9651206 -0.2617779
vn 0.003828462 -0.9651206 -0.2617779
vn 0.0006697856 -0.9989504 -0.04579811
vn 0.004430769 -0.9529919 -0.3029633
vn 0.003828462 -0.9651206 -0.2617779
vn 0.004430769 -0.9529919 -0.3029633
vn 0.007912598 -0.8409612 -0.5410376
vn 0.007912598 -0.8409612 -0.5410376
vn 0.004430769 -0.9529919 -0.3029633
vn 0.008637117 -0.8069316 -0.5905818
vn 0.007912598 -0.8409612 -0.5410376
vn 0.008637117 -0.8069316 -0.5905818
vn 0.01143408 -0.6233928 -0.7818252
vn 0.01143408 -0.6233928 -0.7818252
vn 0.008637117 -0.8069316 -0.5905818
vn 0.01187045 -0.5839978 -0.8116686
vn 0.01143408 -0.6233928 -0.7818252
vn 0.01187045 -0.5839978 -0.8116686
vn 0.01412091 -0.2598532 -0.9655449
vn 0.01412091 -0.2598532 -0.9655449
vn 0.01187045 -0.5839978 -0.8116686
vn 0.01440389 -0.1725427 -0.9848968
vn 0.01462331 -2.685726E-09 -0.9998932
vn 0.01372504 -0.3450855 -0.938471
vn 0.01412093 -0.2598532 -0.9655449
vn 0.01462331 -2.685726E-09 -0.9998932
vn 0.01412093 -0.2598532 -0.9655449
vn 0.01462328 -3.139146E-17 -0.9998932
vn 0.01462328 -3.139146E-17 -0.9998932
vn 0.01412093 -0.2598532 -0.9655449
vn 0.01412094 -0.2598532 -0.9655449
vn 0.01462328 -3.139146E-17 -0.9998932
vn 0.01412094 -0.2598532 -0.9655449
vn 0.0146233 2.491147E-15 -0.9998932
vn 0.0146233 2.491147E-15 -0.9998932
vn 0.01412094 -0.2598532 -0.9655449
vn 0.01412091 -0.2598532 -0.9655449
vn 0.0146233 2.491147E-15 -0.9998932
vn 0.01412091 -0.2598532 -0.9655449
vn 0.01462326 8.633692E-09 -0.9998932
vn 0.01462326 8.633692E-09 -0.9998932
vn 0.01412091 -0.2598532 -0.9655449
vn 0.01440389 -0.1725427 -0.9848968
vn 0.01462326 8.633692E-09 -0.9998932
vn 0.01440389 -0.1725427 -0.9848968
vn 0.01462326 2.590107E-08 -0.9998932
vn -1.017144E-06 1 -1.487552E-08
vn -1.017144E-06 1 -1.487552E-08
vn -5.691962E-14 1 4.794475E-15
vn -5.691962E-14 1 4.794475E-15
vn -1.017144E-06 1 -1.487552E-08
vn 2.034287E-07 1 2.975106E-09
vn -5.691962E-14 1 4.794475E-15
vn 2.034287E-07 1 2.975106E-09
vn 1.769452E-06 1 2.587783E-08
vn 2.521761E-06 1 3.688025E-08
vn 2.521761E-06 1 3.688025E-08
vn 1.769452E-06 1 2.587783E-08
vn 2.521761E-06 1 3.688025E-08
vn 1.769452E-06 1 2.587783E-08
vn 1.518683E-06 1 2.221036E-08
vn 1.518683E-06 1 2.221036E-08
vn 1.769452E-06 1 2.587783E-08
vn -1.890898E-14 1 -2.793537E-15
vn 1.518683E-06 1 2.221036E-08
vn -1.890898E-14 1 -2.793537E-15
vn -3.39048E-07 1 -4.95849E-09
vn -3.39048E-07 1 -4.95849E-09
vn -1.890898E-14 1 -2.793537E-15
vn -1.017144E-06 1 -1.487552E-08
vn -3.39048E-07 1 -4.95849E-09
vn -1.017144E-06 1 -1.487552E-08
vn -1.017144E-06 1 -1.487552E-08
vn -5.691962E-14 1 4.794475E-15
vn 1.769452E-06 1 2.587783E-08
vn 2.020222E-06 1 2.95453E-08
vn 2.020222E-06 1 2.95453E-08
vn 1.769452E-06 1 2.587783E-08
vn 2.521761E-06 1 3.688025E-08
vn 2.020222E-06 1 2.95453E-08
vn 2.521761E-06 1 3.688025E-08
vn 2.521761E-06 1 3.688025E-08
vn 0 1 0
vn 0 1 0
vn 0 1 0
vn 0 1 0
vn 0 1 0
vn 0 1 0
vn 0.9998932 0 0.0146232
vn 0.9998932 0 0.0146232
vn 0.9998932 0 0.0146232
vn 0.9998932 0 0.0146232
vn 0.9998932 0 0.0146232
vn 0.9998932 0 0.0146232
vn 0 -1 0
vn 0 -1 0
vn 0 -1 0
vn 0 -1 0
vn 0 -1 0
vn 0 -1 0
vn -0.0146232 0 0.9998932
vn -0.0146232 0 0.9998932
vn -0.0146232 0 0.9998932
vn -0.0146232 0 0.9998932
vn -0.0146232 0 0.9998932
vn -0.0146232 0 0.9998932
vn 0.0146232 0 -0.9998932
vn 0.0146232 0 -0.9998932
vn 0.0146232 0 -0.9998932
vn 0.0146232 0 -0.9998932
vn 0.0146232 0 -0.9998932
vn 0.0146232 0 -0.9998932
vn 0.9998932 0 0.0146232
vn 0.9998932 0 0.0146232
vn 0.9998932 0 0.0146232
vn 0.9998932 0 0.0146232
vn 0.9998932 0 0.0146232
vn 0.9998932 0 0.0146232
vn 0.0005535058 0.9992809 -0.03791518
vn 0.0005529867 0.9992809 -0.03791493
vn 0.0005529867 0.9992809 -0.03791493
vn 0.0005529867 0.9992809 -0.03791493
vn 0.0005529867 0.9992809 -0.03791493
vn 0.0005524677 0.9992809 -0.03791468
vn 0.01433954 -0.0515766 -0.9985662
vn 0.01433954 -0.0515766 -0.9985662
vn 0.01445853 -0.05158645 -0.998564
vn 0.01445853 -0.05158645 -0.998564
vn 0.01457746 -0.05159628 -0.9985617
vn 0.01457746 -0.05159628 -0.9985617
vn 0.7011045 -0.7129816 0.0104875
vn 0.7010933 -0.7129943 0.01037032
vn 0.7010933 -0.7129943 0.01037032
vn 0.7010933 -0.7129943 0.01037032
vn 0.7010933 -0.7129943 0.01037032
vn 0.7010821 -0.713007 0.01025315
vn 0.01462205 -0.01235763 -0.9998168
vn 0.009474259 -0.006058997 -0.9999369
vn 0.009474259 -0.006058997 -0.9999369
vn 0.009474259 -0.006058997 -0.9999369
vn 0.009474259 -0.006058997 -0.9999369
vn 0.004325848 0.0002400361 -0.9999908
vn 0.9998932 0 0.0146232
vn 0.9998932 0 0.0146232
vn 0.9998932 0 0.0146232
vn 0.9998932 0 0.0146232
vn 0.9998932 0 0.0146232
vn 0.9998932 0 0.0146232
vn -0.0007025291 0.9988453 0.04803709
vn -0.0007025291 0.9988453 0.04803709
vn -0.0007025291 0.9988453 0.04803709
vn -0.0007025291 0.9988453 0.04803709
vn -0.0007025291 0.9988453 0.04803709
vn -0.0007025291 0.9988453 0.04803709
vn 0.01570231 0.0644304 -0.9977988
vn 0.01570231 0.0644304 -0.9977988
vn 0.01514755 0.06447205 -0.9978046
vn 0.01514755 0.06447205 -0.9978046
vn 0.01459278 0.06451368 -0.9978102
vn 0.01459278 0.06451368 -0.9978102
vn 0.718671 -0.6949477 -0.02366409
vn 0.7202803 -0.6936523 -0.006555814
vn 0.7202803 -0.6936523 -0.006555814
vn 0.7202803 -0.6936523 -0.006555814
vn 0.7202803 -0.6936523 -0.006555814
vn 0.7216758 -0.6921509 0.01055439
vn 0.01462262 0.01564544 -0.9997708
vn 9.158999E-05 0.03239526 -0.9994753
vn 9.158999E-05 0.03239526 -0.9994753
vn 9.158999E-05 0.03239526 -0.9994753
vn 9.158999E-05 0.03239526 -0.9994753
vn -0.01443956 0.04912914 -0.9986881
vn -0.01368668 0.05148801 0.9985799
vn -0.01411854 0.05152224 0.9985722
vn -0.01411854 0.05152224 0.9985722
vn -0.01411854 0.05152224 0.9985722
vn -0.01411854 0.05152224 0.9985722
vn -0.01455051 0.05155646 0.9985642
vn -0.7021161 0.7119886 -0.01026827
vn -0.7021161 0.7119886 -0.01026827
vn -0.7021161 0.7119886 -0.01026827
vn -0.7021161 0.7119886 -0.01026827
vn -0.7021161 0.7119886 -0.01026827
vn -0.7021161 0.7119886 -0.01026827
vn -0.01462206 0.01230841 0.9998174
vn -0.009570509 0.00613198 0.9999355
vn -0.009570509 0.00613198 0.9999355
vn -0.009570509 0.00613198 0.9999355
vn -0.009570509 0.00613198 0.9999355
vn -0.004518256 -4.483854E-05 0.99999
vn -0.01483969 -0.06455709 0.9978038
vn -0.01471619 -0.06456689 0.997805
vn -0.01471619 -0.06456689 0.997805
vn -0.01471619 -0.06456689 0.997805
vn -0.01471619 -0.06456689 0.997805
vn -0.01459268 -0.06457667 0.9978062
vn -0.716387 0.6976246 -0.01047694
vn -0.7180935 0.6959177 0.006346688
vn -0.7180935 0.6959177 0.006346688
vn -0.7180935 0.6959177 0.006346688
vn -0.7180935 0.6959177 0.006346688
vn -0.7195926 0.69401 0.02316833
vn -0.01462255 -0.01568737 0.9997701
vn -0.0004771389 -0.03214039 0.9994833
vn -0.0004771389 -0.03214039 0.9994833
vn -0.0004771389 -0.03214039 0.9994833
vn -0.0004771389 -0.03214039 0.9994833
vn 0.01366865 -0.04857827 0.9987261
vn 0 1 0
vn 0 1 0
vn 0 1 0
vn 0 1 0
vn 0 1 0
vn 0 1 0
vn 0.01363274 0.3617859 -0.9321616
vn 0.01363274 0.3617859 -0.9321616
vn 0.01363274 0.3617859 -0.9321616
vn 0.01363274 0.3617859 -0.9321616
vn 0.01363274 0.3617859 -0.9321616
vn 0.01363274 0.3617859 -0.9321616
vn 0.9998932 0 0.0146232
vn 0.9998932 0 0.0146232
vn 0.9998932 0 0.0146232
vn 0.9998932 0 0.0146232
vn 0.9998932 0 0.0146232
vn 0.9998932 0 0.0146232
vn -0.01363276 0.3617743 0.932166
vn -0.01363276 0.3617743 0.932166
vn -0.01363276 0.3617743 0.932166
vn -0.01363276 0.3617743 0.932166
vn -0.01363276 0.3617743 0.932166
vn -0.01363276 0.3617743 0.932166
vn 0 1 0
vn 0 1 0
vn 0 1 0
vn 0 1 0
vn 0 1 0
vn 0 1 0
vn 0.9998932 0 0.0146232
vn 0.9998932 0 0.0146232
vn 0.9998932 0 0.0146232
vn 0.9998932 0 0.0146232
vn 0.9998932 0 0.0146232
vn 0.9998932 0 0.0146232
vn 0 -1 0
vn 0 -1 0
vn 0 -1 0
vn 0 -1 0
vn 0 -1 0
vn 0 -1 0
vn -0.0146232 0 0.9998932
vn -0.0146232 0 0.9998932
vn -0.0146232 0 0.9998932
vn -0.0146232 0 0.9998932
vn -0.0146232 0 0.9998932
vn -0.0146232 0 0.9998932
vn 0.0146232 0 -0.9998932
vn 0.0146232 0 -0.9998932
vn 0.0146232 0 -0.9998932
vn 0.0146232 0 -0.9998932
vn 0.0146232 0 -0.9998932
vn 0.0146232 0 -0.9998932
vn 0.9998932 0 0.0146232
vn 0.9998932 0 0.0146232
vn 0.9998932 0 0.0146232
vn 0.9998932 0 0.0146232
vn 0.9998932 0 0.0146232
vn 0.9998932 0 0.0146232
vn 0.0005534563 0.9992809 -0.03791515
vn 0.0005529469 0.9992809 -0.03791491
vn 0.0005529469 0.9992809 -0.03791491
vn 0.0005529469 0.9992809 -0.03791491
vn 0.0005529469 0.9992809 -0.03791491
vn 0.0005524376 0.9992809 -0.03791467
vn 0.01434128 -0.05157693 -0.9985662
vn 0.01434128 -0.05157693 -0.9985662
vn 0.01445878 -0.05158664 -0.998564
vn 0.01445878 -0.05158664 -0.998564
vn 0.01457621 -0.05159636 -0.9985617
vn 0.01457621 -0.05159636 -0.9985617
vn 0.7011044 -0.7129816 0.0104875
vn 0.7010932 -0.7129943 0.01037032
vn 0.7010932 -0.7129943 0.01037032
vn 0.7010932 -0.7129943 0.01037032
vn 0.7010932 -0.7129943 0.01037032
vn 0.7010821 -0.713007 0.01025315
vn 0.01462205 -0.01235757 -0.9998168
vn 0.009474281 -0.006058967 -0.9999369
vn 0.009474281 -0.006058967 -0.9999369
vn 0.009474281 -0.006058967 -0.9999369
vn 0.009474281 -0.006058967 -0.9999369
vn 0.004325897 0.0002400336 -0.9999907
vn -0.9992661 -0.0005702678 -0.0383033
vn -0.9996406 -0.003281701 -0.02660921
vn -0.9996406 -0.003281701 -0.02660921
vn -0.9996406 -0.003281701 -0.02660921
vn -0.9996406 -0.003281701 -0.02660921
vn -0.999871 -0.00599266 -0.0149112
vn 0.9998932 0 0.0146232
vn 0.9998932 0 0.0146232
vn 0.9998932 0 0.0146232
vn 0.9998932 0 0.0146232
vn 0.9998932 0 0.0146232
vn 0.9998932 0 0.0146232
vn -0.000702534 0.9988453 0.04803719
vn -0.000702534 0.9988453 0.0480372
vn -0.000702534 0.9988453 0.0480372
vn -0.000702534 0.9988453 0.0480372
vn -0.000702534 0.9988453 0.0480372
vn -0.000702534 0.9988453 0.0480372
vn 0.01570416 0.06443056 -0.9977987
vn 0.01570416 0.06443056 -0.9977987
vn 0.01514849 0.06447228 -0.9978046
vn 0.01514849 0.06447228 -0.9978046
vn 0.01459281 0.06451398 -0.9978102
vn 0.01459281 0.06451398 -0.9978102
vn 0.718671 -0.6949477 -0.02366403
vn 0.7202803 -0.6936523 -0.006555814
vn 0.7202803 -0.6936523 -0.006555814
vn 0.7202803 -0.6936523 -0.006555814
vn 0.7202803 -0.6936523 -0.006555814
vn 0.7216758 -0.6921509 0.01055433
vn 0.01462142 0.01564583 -0.9997708
vn 8.997507E-05 0.03239605 -0.9994752
vn 8.997507E-05 0.03239605 -0.9994752
vn 8.997507E-05 0.03239605 -0.9994752
vn 8.997507E-05 0.03239605 -0.9994752
vn -0.01444148 0.04913034 -0.998688
vn -0.01368488 0.05148797 0.99858
vn -0.01411721 0.05152224 0.9985721
vn -0.01411721 0.05152224 0.9985721
vn -0.01411721 0.05152224 0.9985721
vn -0.01411721 0.05152224 0.9985721
vn -0.01454966 0.0515565 0.9985642
vn -0.7021162 0.7119885 -0.01026828
vn -0.7021162 0.7119886 -0.01026828
vn -0.7021162 0.7119886 -0.01026828
vn -0.7021162 0.7119886 -0.01026828
vn -0.7021162 0.7119886 -0.01026828
vn -0.7021161 0.7119886 -0.01026827
vn -0.01462206 0.01230829 0.9998174
vn -0.009570561 0.00613192 0.9999356
vn -0.009570561 0.00613192 0.9999356
vn -0.009570561 0.00613192 0.9999356
vn -0.009570561 0.00613192 0.9999356
vn -0.004518358 -4.483824E-05 0.9999899
vn -0.01483753 -0.0645573 0.9978039
vn -0.0147151 -0.06456701 0.9978049
vn -0.0147151 -0.06456701 0.9978049
vn -0.0147151 -0.06456701 0.9978049
vn -0.0147151 -0.06456701 0.9978049
vn -0.01459268 -0.06457671 0.9978062
vn -0.716387 0.6976246 -0.01047694
vn -0.7180935 0.6959177 0.006346568
vn -0.7180935 0.6959177 0.006346568
vn -0.7180935 0.6959177 0.006346568
vn -0.7180935 0.6959177 0.006346568
vn -0.7195925 0.69401 0.02316821
vn -0.01462135 -0.01568853 0.9997702
vn -0.0004754141 -0.03214215 0.9994833
vn -0.0004754141 -0.03214215 0.9994833
vn -0.0004754141 -0.03214215 0.9994833
vn -0.0004754141 -0.03214215 0.9994833
vn 0.0136709 -0.04858065 0.9987258
vn 0 1 0
vn 0 1 0
vn 0 1 0
vn 0 1 0
vn 0 1 0
vn 0 1 0
vn 0.01363269 0.3617837 -0.9321624
vn 0.01363269 0.3617837 -0.9321624
vn 0.01363269 0.3617837 -0.9321624
vn 0.01363269 0.3617837 -0.9321624
vn 0.01363269 0.3617837 -0.9321624
vn 0.01363269 0.3617837 -0.9321624
vn 0.9998932 0 0.0146232
vn 0.9998932 0 0.0146232
vn 0.9998932 0 0.0146232
vn 0.9998932 0 0.0146232
vn 0.9998932 0 0.0146232
vn 0.9998932 0 0.0146232
vn -0.01363278 0.3617721 0.9321669
vn -0.01363278 0.3617721 0.9321669
vn -0.01363278 0.3617721 0.9321669
vn -0.01363278 0.3617721 0.9321669
vn -0.01363278 0.3617721 0.9321669
vn -0.01363278 0.3617721 0.9321669
vn 0.01216025 0.5554174 -0.8314829
vn 0.01216025 0.5554174 -0.8314829
vn 0.01216025 0.5554174 -0.8314829
vn 0.01216025 0.5554174 -0.8314829
vn 0.01216025 0.5554174 -0.8314829
vn 0.01216025 0.5554174 -0.8314829
vn 0.4312547 -0.158833 -0.8881394
vn 0.8606948 -0.1861588 -0.4738667
vn 0.5717699 0.008017993 -0.820375
vn 0.5717699 0.008017993 -0.820375
vn 0.8606948 -0.1861588 -0.4738667
vn 0.9795401 0.006942585 -0.2011302
vn 0.5717699 0.008017993 -0.820375
vn 0.9795401 0.006942585 -0.2011302
vn 0.7723411 0.3912159 -0.5004394
vn 0.7723411 0.3912159 -0.5004394
vn 0.9795401 0.006942585 -0.2011302
vn 0.9145529 0.3813032 0.1349114
vn 0.7723411 0.3912159 -0.5004394
vn 0.9145529 0.3813032 0.1349114
vn 0.637507 0.7682821 -0.05768521
vn 0.637507 0.7682821 -0.05768521
vn 0.9145529 0.3813032 0.1349114
vn 0.5039619 0.7810043 0.3688561
vn 0.637507 0.7682821 -0.05768521
vn 0.5039619 0.7810043 0.3688561
vn -9.188941E-07 1 7.016794E-07
vn 0.8606948 -0.1861588 -0.4738667
vn 0.9601698 -0.1831828 0.2109934
vn 0.9795401 0.006942585 -0.2011302
vn 0.9795401 0.006942585 -0.2011302
vn 0.9601698 -0.1831828 0.2109934
vn 0.8682657 0.006151233 0.4960616
vn 0.9795401 0.006942585 -0.2011302
vn 0.8682657 0.006151233 0.4960616
vn 0.9145529 0.3813032 0.1349114
vn 0.9145529 0.3813032 0.1349114
vn 0.8682657 0.006151233 0.4960616
vn 0.5678102 0.4046919 0.7168099
vn 0.9145529 0.3813032 0.1349114
vn 0.5678102 0.4046919 0.7168099
vn 0.5039619 0.7810043 0.3688561
vn 0.5039619 0.7810043 0.3688561
vn 0.5678102 0.4046919 0.7168099
vn 0.06840859 0.799228 0.5971223
vn 0.5039619 0.7810043 0.3688561
vn 0.06840859 0.799228 0.5971223
vn -9.188941E-07 1 7.016794E-07
vn 0.9601698 -0.1831828 0.2109934
vn 0.7224145 -0.1500353 0.6749865
vn 0.8682657 0.006151233 0.4960616
vn 0.8682657 0.006151233 0.4960616
vn 0.7224145 -0.1500353 0.6749865
vn 0.3720978 0.09524529 0.923294
vn 0.8682657 0.006151233 0.4960616
vn 0.3720978 0.09524529 0.923294
vn 0.5678102 0.4046919 0.7168099
vn 0.5678102 0.4046919 0.7168099
vn 0.3720978 0.09524529 0.923294
vn -0.1647694 0.4159662 0.8943285
vn 0.5678102 0.4046919 0.7168099
vn -0.1647694 0.4159662 0.8943285
vn 0.06840859 0.799228 0.5971223
vn 0.06840859 0.799228 0.5971223
vn -0.1647694 0.4159662 0.8943285
vn -0.4159864 0.7855919 0.4580401
vn 0.06840859 0.799228 0.5971223
vn -0.4159864 0.7855919 0.4580401
vn -9.188941E-07 1 7.016794E-07
vn 0.637507 0.7682821 -0.05768521
vn -9.188941E-07 1 7.016794E-07
vn 0.415985 0.7855924 -0.4580405
vn 0.637507 0.7682821 -0.05768521
vn 0.415985 0.7855924 -0.4580405
vn 0.7723411 0.3912159 -0.5004394
vn 0.7723411 0.3912159 -0.5004394
vn 0.415985 0.7855924 -0.4580405
vn 0.1647672 0.415966 -0.894329
vn 0.7723411 0.3912159 -0.5004394
vn 0.1647672 0.415966 -0.894329
vn 0.5717699 0.008017993 -0.820375
vn 0.5717699 0.008017993 -0.820375
vn 0.1647672 0.415966 -0.894329
vn -0.1518034 0.09679756 -0.9836596
vn 0.5717699 0.008017993 -0.820375
vn -0.1518034 0.09679756 -0.9836596
vn 0.4312547 -0.158833 -0.8881394
vn 0.3720978 0.09524529 0.923294
vn -0.5376266 0.1438556 0.830821
vn -0.1647694 0.4159662 0.8943285
vn -0.1647694 0.4159662 0.8943285
vn -0.5376266 0.1438556 0.830821
vn -0.7676823 0.3992811 0.5012372
vn -0.1647694 0.4159662 0.8943285
vn -0.7676823 0.3992811 0.5012372
vn -0.4159864 0.7855919 0.4580401
vn -0.4159864 0.7855919 0.4580401
vn -0.7676823 0.3992811 0.5012372
vn -0.6375083 0.7682808 0.05768918
vn -0.4159864 0.7855919 0.4580401
vn -0.6375083 0.7682808 0.05768918
vn -9.188941E-07 1 7.016794E-07
vn -0.5376266 0.1438556 0.830821
vn -0.9616488 0.1529904 0.2276525
vn -0.7676823 0.3992811 0.5012372
vn -0.7676823 0.3992811 0.5012372
vn -0.9616488 0.1529904 0.2276525
vn -0.9076546 0.3977494 -0.1340105
vn -0.7676823 0.3992811 0.5012372
vn -0.9076546 0.3977494 -0.1340105
vn -0.6375083 0.7682808 0.05768918
vn -0.6375083 0.7682808 0.05768918
vn -0.9076546 0.3977494 -0.1340105
vn -0.5039634 0.7810038 -0.3688548
vn -0.6375083 0.7682808 0.05768918
vn -0.5039634 0.7810038 -0.3688548
vn -9.188941E-07 1 7.016794E-07
vn -0.9616488 0.1529904 0.2276525
vn -0.867854 0.157064 -0.4713393
vn -0.9076546 0.3977494 -0.1340105
vn -0.9076546 0.3977494 -0.1340105
vn -0.867854 0.157064 -0.4713393
vn -0.5625844 0.4130346 -0.7161714
vn -0.9076546 0.3977494 -0.1340105
vn -0.5625844 0.4130346 -0.7161714
vn -0.5039634 0.7810038 -0.3688548
vn -0.5039634 0.7810038 -0.3688548
vn -0.5625844 0.4130346 -0.7161714
vn -0.06840757 0.7992278 -0.5971227
vn -0.5039634 0.7810038 -0.3688548
vn -0.06840757 0.7992278 -0.5971227
vn -9.188941E-07 1 7.016794E-07
vn -0.867854 0.157064 -0.4713393
vn -0.1518034 0.09679756 -0.9836596
vn -0.5625844 0.4130346 -0.7161714
vn -0.5625844 0.4130346 -0.7161714
vn -0.1518034 0.09679756 -0.9836596
vn 0.1647672 0.415966 -0.894329
vn -0.5625844 0.4130346 -0.7161714
vn 0.1647672 0.415966 -0.894329
vn -0.06840757 0.7992278 -0.5971227
vn -0.06840757 0.7992278 -0.5971227
vn 0.1647672 0.415966 -0.894329
vn 0.415985 0.7855924 -0.4580405
vn -0.06840757 0.7992278 -0.5971227
vn 0.415985 0.7855924 -0.4580405
vn -9.188941E-07 1 7.016794E-07
vn 0.2759722 0.9039615 0.3266388
vn 0.2929457 0.952512 -0.0830886
vn 0.3876837 0.9200351 0.05689397
vn 0.3876837 0.9200351 0.05689397
vn 0.2929457 0.952512 -0.0830886
vn 0.3750761 0.7667562 -0.5209634
vn 0.3876837 0.9200351 0.05689397
vn 0.3750761 0.7667562 -0.5209634
vn 0.6386144 0.576886 -0.5092881
vn 0.6386144 0.576886 -0.5092881
vn 0.3750761 0.7667562 -0.5209634
vn 0.4429876 0.3170366 -0.8386
vn 0.6386144 0.576886 -0.5092881
vn 0.4429876 0.3170366 -0.8386
vn 0.6761079 0.3082592 -0.6692194
vn 0.6761079 0.3082592 -0.6692194
vn 0.4429876 0.3170366 -0.8386
vn 0.4322693 0.1519203 -0.8888552
vn 0.2929457 0.952512 -0.0830886
vn 0.1396967 0.8404413 -0.523587
vn 0.3750761 0.7667562 -0.5209634
vn 0.3750761 0.7667562 -0.5209634
vn 0.1396967 0.8404413 -0.523587
vn 0.1516973 0.4587952 -0.875497
vn 0.3750761 0.7667562 -0.5209634
vn 0.1516973 0.4587952 -0.875497
vn 0.4429876 0.3170366 -0.8386
vn 0.4429876 0.3170366 -0.8386
vn 0.1516973 0.4587952 -0.875497
vn 0.1348812 0.1128204 -0.984418
vn 0.4429876 0.3170366 -0.8386
vn 0.1348812 0.1128204 -0.984418
vn 0.4322693 0.1519203 -0.8888552
vn 0.367702 0.7734646 0.5162827
vn 0.2547756 0.9669102 0.01318823
vn 0.5458295 0.8265769 0.137262
vn 0.5458295 0.8265769 0.137262
vn 0.2547756 0.9669102 0.01318823
vn 0.3346579 0.9314635 -0.1427578
vn 0.5458295 0.8265769 0.137262
vn 0.3346579 0.9314635 -0.1427578
vn 0.6795006 0.7290911 -0.08188438
vn 0.2346856 0.5537704 0.7989126
vn 0.367702 0.7734646 0.5162827
vn 0.4732723 0.7022278 0.5318738
vn 0.4732723 0.7022278 0.5318738
vn 0.367702 0.7734646 0.5162827
vn 0.5458295 0.8265769 0.137262
vn 0.4732723 0.7022278 0.5318738
vn 0.5458295 0.8265769 0.137262
vn 0.717878 0.6758724 0.1668773
vn 0.717878 0.6758724 0.1668773
vn 0.5458295 0.8265769 0.137262
vn 0.6795006 0.7290911 -0.08188438
vn 0.2547756 0.9669102 0.01318823
vn -0.08901494 0.9235547 -0.372992
vn 0.3346579 0.9314635 -0.1427578
vn -0.177991 0.6884233 -0.7031306
vn -0.08901494 0.9235547 -0.372992
vn -0.177991 0.6884233 -0.7031306
vn -0.177991 0.6884233 -0.7031306
vn -0.177991 0.6884233 -0.7031306
vn -0.09328948 0.5396889 -0.8366798
vn 0.5028239 0.05426737 -0.8626839
vn 0.9619669 0.14828 -0.2294191
vn 0.6959555 0.2953461 -0.6545355
vn 0.6959555 0.2953461 -0.6545355
vn 0.9619669 0.14828 -0.2294191
vn 0.9468625 0.302782 0.108512
vn 0.6959555 0.2953461 -0.6545355
vn 0.9468625 0.302782 0.108512
vn 0.7080053 0.6557152 -0.2622328
vn 0.7080053 0.6557152 -0.2622328
vn 0.9468625 0.302782 0.108512
vn 0.6907926 0.5573602 0.4606033
vn 0.7080053 0.6557152 -0.2622328
vn 0.6907926 0.5573602 0.4606033
vn 0.6057332 0.7702516 0.1994991
vn 0.6057332 0.7702516 0.1994991
vn 0.6907926 0.5573602 0.4606033
vn 0.09370427 0.7837542 0.6139617
vn -0.06210459 0.9875439 0.1445687
vn 0.09370427 0.7837542 0.6139617
vn -0.3938505 0.9177985 0.05027664
vn 0.9619669 0.14828 -0.2294191
vn 0.86562 0.05300288 0.4978885
vn 0.9468625 0.302782 0.108512
vn 0.9468625 0.302782 0.108512
vn 0.86562 0.05300288 0.4978885
vn 0.6451772 0.1306979 0.7527713
vn 0.9468625 0.302782 0.108512
vn 0.6451772 0.1306979 0.7527713
vn 0.6907926 0.5573602 0.4606033
vn 0.6907926 0.5573602 0.4606033
vn 0.6451772 0.1306979 0.7527713
vn 0.1979997 0.355015 0.9136524
vn 0.6907926 0.5573602 0.4606033
vn 0.1979997 0.355015 0.9136524
vn 0.09370427 0.7837542 0.6139617
vn 0.09370427 0.7837542 0.6139617
vn 0.1979997 0.355015 0.9136524
vn -0.391149 0.606567 0.6921554
vn 0.09370427 0.7837542 0.6139617
vn -0.391149 0.606567 0.6921554
vn -0.3938505 0.9177985 0.05027664
vn 0.86562 0.05300288 0.4978885
vn 0.516768 -0.0535422 0.8544497
vn 0.6451772 0.1306979 0.7527713
vn 0.6451772 0.1306979 0.7527713
vn 0.516768 -0.0535422 0.8544497
vn 0.06433482 0.01845762 0.9977577
vn 0.6451772 0.1306979 0.7527713
vn 0.06433482 0.01845762 0.9977577
vn 0.1979997 0.355015 0.9136524
vn 0.1979997 0.355015 0.9136524
vn 0.06433482 0.01845762 0.9977577
vn -0.510204 0.1508878 0.8467141
vn 0.1979997 0.355015 0.9136524
vn -0.510204 0.1508878 0.8467141
vn -0.391149 0.606567 0.6921554
vn -0.391149 0.606567 0.6921554
vn -0.510204 0.1508878 0.8467141
vn -0.791434 0.4775015 0.3816081
vn -0.391149 0.606567 0.6921554
vn -0.791434 0.4775015 0.3816081
vn -0.3938505 0.9177985 0.05027664
vn 0.2097653 -0.06788161 -0.9753927
vn 0.5028239 0.05426737 -0.8626839
vn 0.2009372 0.1522817 -0.9676956
vn 0.2009372 0.1522817 -0.9676956
vn 0.5028239 0.05426737 -0.8626839
vn 0.6959555 0.2953461 -0.6545355
vn 0.2009372 0.1522817 -0.9676956
vn 0.6959555 0.2953461 -0.6545355
vn 0.2091523 0.5340443 -0.8191778
vn 0.2091523 0.5340443 -0.8191778
vn 0.6959555 0.2953461 -0.6545355
vn 0.7080053 0.6557152 -0.2622328
vn 0.2091523 0.5340443 -0.8191778
vn 0.7080053 0.6557152 -0.2622328
vn 0.5206564 0.7856453 -0.3341832
vn 0.5206564 0.7856453 -0.3341832
vn 0.7080053 0.6557152 -0.2622328
vn 0.6057332 0.7702516 0.1994991
vn 0.009169996 0.9524952 -0.3044156
vn -0.06210459 0.9875439 0.1445687
vn -0.3938505 0.9177985 0.05027664
vn 0.06433482 0.01845762 0.9977577
vn -0.6027138 -0.0836066 0.7935656
vn -0.510204 0.1508878 0.8467141
vn -0.510204 0.1508878 0.8467141
vn -0.6027138 -0.0836066 0.7935656
vn -0.9212353 0.1504592 0.3587304
vn -0.510204 0.1508878 0.8467141
vn -0.9212353 0.1504592 0.3587304
vn -0.791434 0.4775015 0.3816081
vn -0.791434 0.4775015 0.3816081
vn -0.9212353 0.1504592 0.3587304
vn -0.877461 0.4688376 -0.1012614
vn -0.791434 0.4775015 0.3816081
vn -0.877461 0.4688376 -0.1012614
vn -0.3938505 0.9177985 0.05027664
vn 0.009169996 0.9524952 -0.3044156
vn -0.3938505 0.9177985 0.05027664
vn -0.2069186 0.7726007 -0.6002275
vn 0.009169996 0.9524952 -0.3044156
vn -0.2069186 0.7726007 -0.6002275
vn 0.2091523 0.5340443 -0.8191778
vn 0.2091523 0.5340443 -0.8191778
vn -0.2069186 0.7726007 -0.6002275
vn -0.384828 0.4165595 -0.8236418
vn 0.2091523 0.5340443 -0.8191778
vn -0.384828 0.4165595 -0.8236418
vn 0.2009372 0.1522817 -0.9676956
vn -0.9212353 0.1504592 0.3587304
vn -0.8908026 0.2682816 -0.3667369
vn -0.877461 0.4688376 -0.1012614
vn -0.877461 0.4688376 -0.1012614
vn -0.8908026 0.2682816 -0.3667369
vn -0.6461124 0.5851481 -0.4900416
vn -0.877461 0.4688376 -0.1012614
vn -0.6461124 0.5851481 -0.4900416
vn -0.3938505 0.9177985 0.05027664
vn -0.8908026 0.2682816 -0.3667369
vn -0.384828 0.4165595 -0.8236418
vn -0.6461124 0.5851481 -0.4900416
vn -0.6461124 0.5851481 -0.4900416
vn -0.384828 0.4165595 -0.8236418
vn -0.2069186 0.7726007 -0.6002275
vn -0.6461124 0.5851481 -0.4900416
vn -0.2069186 0.7726007 -0.6002275
vn -0.3938505 0.9177985 0.05027664
vn 0.8026291 0.2785932 -0.5274206
vn 0.8913732 0.3879543 -0.2344042
vn 0.6890426 0.563535 -0.455685
vn 0.6890426 0.563535 -0.455685
vn 0.8913732 0.3879543 -0.2344042
vn 0.8107079 0.5795871 0.08265357
vn 0.6890426 0.563535 -0.455685
vn 0.8107079 0.5795871 0.08265357
vn 0.4134526 0.8753 -0.2508122
vn 0.4134526 0.8753 -0.2508122
vn 0.8107079 0.5795871 0.08265357
vn 0.4362985 0.8103294 0.3911649
vn 0.4134526 0.8753 -0.2508122
vn 0.4362985 0.8103294 0.3911649
vn 0.004986669 0.990599 0.1367074
vn 0.004986669 0.990599 0.1367074
vn 0.4362985 0.8103294 0.3911649
vn -0.1817302 0.8518497 0.4912498
vn 0.004986669 0.990599 0.1367074
vn -0.1817302 0.8518497 0.4912498
vn -0.5829474 0.8105339 0.05663184
vn 0.8913732 0.3879543 -0.2344042
vn 0.8419298 0.2759134 0.4637092
vn 0.8107079 0.5795871 0.08265357
vn 0.8107079 0.5795871 0.08265357
vn 0.8419298 0.2759134 0.4637092
vn 0.5985926 0.3410391 0.7248306
vn 0.8107079 0.5795871 0.08265357
vn 0.5985926 0.3410391 0.7248306
vn 0.4362985 0.8103294 0.3911649
vn 0.4362985 0.8103294 0.3911649
vn 0.5985926 0.3410391 0.7248306
vn 0.04035716 0.5157593 0.8557824
vn 0.4362985 0.8103294 0.3911649
vn 0.04035716 0.5157593 0.8557824
vn -0.1817302 0.8518497 0.4912498
vn -0.1817302 0.8518497 0.4912498
vn 0.04035716 0.5157593 0.8557824
vn -0.5520256 0.5878472 0.5913574
vn -0.1817302 0.8518497 0.4912498
vn -0.5520256 0.5878472 0.5913574
vn -0.5829474 0.8105339 0.05663184
vn 0.8419298 0.2759134 0.4637092
vn 0.5446883 0.09756915 0.8329438
vn 0.5985926 0.3410391 0.7248306
vn 0.5985926 0.3410391 0.7248306
vn 0.5446883 0.09756915 0.8329438
vn 0.1921119 0.1845581 0.963863
vn 0.5985926 0.3410391 0.7248306
vn 0.1921119 0.1845581 0.963863
vn 0.04035716 0.5157593 0.8557824
vn 0.04035716 0.5157593 0.8557824
vn 0.1921119 0.1845581 0.963863
vn -0.4341785 0.3117984 0.8451457
vn 0.04035716 0.5157593 0.8557824
vn -0.4341785 0.3117984 0.8451457
vn -0.5520256 0.5878472 0.5913574
vn -0.5520256 0.5878472 0.5913574
vn -0.4341785 0.3117984 0.8451457
vn -0.7814628 0.526066 0.3355156
vn -0.5520256 0.5878472 0.5913574
vn -0.7814628 0.526066 0.3355156
vn -0.5829474 0.8105339 0.05663184
vn 0.004986669 0.990599 0.1367074
vn -0.5829474 0.8105339 0.05663184
vn -0.09026074 0.9611964 -0.2606809
vn 0.004986669 0.990599 0.1367074
vn -0.09026074 0.9611964 -0.2606809
vn 0.4134526 0.8753 -0.2508122
vn 0.4134526 0.8753 -0.2508122
vn -0.09026074 0.9611964 -0.2606809
vn 0.01696541 0.7811773 -0.6240788
vn 0.4134526 0.8753 -0.2508122
vn 0.01696541 0.7811773 -0.6240788
vn 0.6890426 0.563535 -0.455685
vn -0.4575444 0.5355828 -0.7097917
vn -0.4211597 0.7632939 -0.489905
vn -0.655457 0.6755212 -0.337709
vn -0.655457 0.6755212 -0.337709
vn -0.4211597 0.7632939 -0.489905
vn -0.5829474 0.8105339 0.05663184
vn -0.4575444 0.5355828 -0.7097917
vn 0.01696541 0.7811773 -0.6240788
vn -0.4211597 0.7632939 -0.489905
vn -0.4211597 0.7632939 -0.489905
vn 0.01696541 0.7811773 -0.6240788
vn -0.09026074 0.9611964 -0.2606809
vn -0.4211597 0.7632939 -0.489905
vn -0.09026074 0.9611964 -0.2606809
vn -0.5829474 0.8105339 0.05663184
vn -0.1416066 -0.2637714 -0.9541343
vn 0.4881127 -0.1561072 -0.8587066
vn -0.02743958 -0.0183448 -0.9994552
vn -0.02743958 -0.0183448 -0.9994552
vn 0.4881127 -0.1561072 -0.8587066
vn 0.7007921 0.1582893 -0.6955826
vn -0.02743958 -0.0183448 -0.9994552
vn 0.7007921 0.1582893 -0.6955826
vn 0.2219774 0.5020607 -0.8358597
vn 0.2219774 0.5020607 -0.8358597
vn 0.7007921 0.1582893 -0.6955826
vn 0.7014099 0.6055065 -0.3760137
vn 0.2219774 0.5020607 -0.8358597
vn 0.7014099 0.6055065 -0.3760137
vn 0.2685276 0.8732374 -0.4066316
vn 0.2685276 0.8732374 -0.4066316
vn 0.7014099 0.6055065 -0.3760137
vn 0.3962684 0.9179808 -0.01681563
vn 0.2685276 0.8732374 -0.4066316
vn 0.3962684 0.9179808 -0.01681563
vn -0.2211981 0.9719875 -0.07944617
vn 0.4881127 -0.1561072 -0.8587066
vn 0.9550526 -0.01215609 -0.2961873
vn 0.7007921 0.1582893 -0.6955826
vn 0.7007921 0.1582893 -0.6955826
vn 0.9550526 -0.01215609 -0.2961873
vn 0.96979 0.2420546 -0.03028537
vn 0.7007921 0.1582893 -0.6955826
vn 0.96979 0.2420546 -0.03028537
vn 0.7014099 0.6055065 -0.3760137
vn 0.7014099 0.6055065 -0.3760137
vn 0.96979 0.2420546 -0.03028537
vn 0.7271546 0.6398118 0.2487716
vn 0.7014099 0.6055065 -0.3760137
vn 0.7271546 0.6398118 0.2487716
vn 0.3962684 0.9179808 -0.01681563
vn 0.3962684 0.9179808 -0.01681563
vn 0.7271546 0.6398118 0.2487716
vn 0.1953949 0.9136305 0.3565113
vn 0.3962684 0.9179808 -0.01681563
vn 0.1953949 0.9136305 0.3565113
vn -0.2211981 0.9719875 -0.07944617
vn 0.9550526 -0.01215609 -0.2961873
vn 0.9774059 0.05941324 0.2028496
vn 0.96979 0.2420546 -0.03028537
vn 0.96979 0.2420546 -0.03028537
vn 0.9774059 0.05941324 0.2028496
vn 0.8552464 0.3370427 0.3936446
vn 0.96979 0.2420546 -0.03028537
vn 0.8552464 0.3370427 0.3936446
vn 0.7271546 0.6398118 0.2487716
vn 0.7271546 0.6398118 0.2487716
vn 0.8552464 0.3370427 0.3936446
vn 0.2983854 0.705557 0.6427718
vn 0.7271546 0.6398118 0.2487716
vn 0.2983854 0.705557 0.6427718
vn 0.1953949 0.9136305 0.3565113
vn 0.1953949 0.9136305 0.3565113
vn 0.2983854 0.705557 0.6427718
vn -0.2459406 0.8334829 0.4947924
vn 0.1953949 0.9136305 0.3565113
vn -0.2459406 0.8334829 0.4947924
vn -0.2211981 0.9719875 -0.07944617
vn 0.2685276 0.8732374 -0.4066316
vn -0.2211981 0.9719875 -0.07944617
vn -0.124681 0.7872715 -0.6038695
vn 0.2685276 0.8732374 -0.4066316
vn -0.124681 0.7872715 -0.6038695
vn 0.2219774 0.5020607 -0.8358597
vn 0.2219774 0.5020607 -0.8358597
vn -0.124681 0.7872715 -0.6038695
vn -0.478759 0.3430518 -0.8081495
vn 0.2219774 0.5020607 -0.8358597
vn -0.478759 0.3430518 -0.8081495
vn -0.02743958 -0.0183448 -0.9994552
vn -0.02743958 -0.0183448 -0.9994552
vn -0.478759 0.3430518 -0.8081495
vn -0.7027075 -0.0576046 -0.7091431
vn -0.02743958 -0.0183448 -0.9994552
vn -0.7027075 -0.0576046 -0.7091431
vn -0.1416066 -0.2637714 -0.9541343
vn -0.751307 0.6504892 -0.1113626
vn -0.2211981 0.9719875 -0.07944617
vn -0.6414632 0.7117667 0.2862053
vn -0.751307 0.6504892 -0.1113626
vn -0.6414632 0.7117667 0.2862053
vn -0.9112662 0.2711578 0.3099478
vn -0.9112662 0.2711578 0.3099478
vn -0.6414632 0.7117667 0.2862053
vn -0.5448951 0.5095182 0.6659435
vn -0.9112662 0.2711578 0.3099478
vn -0.5448951 0.5095182 0.6659435
vn -0.8438483 0.0553647 0.5337181
vn -0.8438483 0.0553647 0.5337181
vn -0.9984021 -0.04139486 0.03847064
vn -0.9112662 0.2711578 0.3099478
vn -0.9112662 0.2711578 0.3099478
vn -0.9984021 -0.04139486 0.03847064
vn -0.9181718 0.2392034 -0.3158204
vn -0.9112662 0.2711578 0.3099478
vn -0.9181718 0.2392034 -0.3158204
vn -0.751307 0.6504892 -0.1113626
vn -0.751307 0.6504892 -0.1113626
vn -0.9181718 0.2392034 -0.3158204
vn -0.5477987 0.6891279 -0.4743621
vn -0.751307 0.6504892 -0.1113626
vn -0.5477987 0.6891279 -0.4743621
vn -0.2211981 0.9719875 -0.07944617
vn -0.9984021 -0.04139486 0.03847064
vn -0.7027075 -0.0576046 -0.7091431
vn -0.9181718 0.2392034 -0.3158204
vn -0.9181718 0.2392034 -0.3158204
vn -0.7027075 -0.0576046 -0.7091431
vn -0.478759 0.3430518 -0.8081495
vn -0.9181718 0.2392034 -0.3158204
vn -0.478759 0.3430518 -0.8081495
vn -0.5477987 0.6891279 -0.4743621
vn -0.5477987 0.6891279 -0.4743621
vn -0.478759 0.3430518 -0.8081495
vn -0.124681 0.7872715 -0.6038695
vn -0.5477987 0.6891279 -0.4743621
vn -0.124681 0.7872715 -0.6038695
vn -0.2211981 0.9719875 -0.07944617
vn 0.2983854 0.705557 0.6427718
vn -0.5448951 0.5095182 0.6659435
vn -0.2459406 0.8334829 0.4947924
vn -0.2459406 0.8334829 0.4947924
vn -0.5448951 0.5095182 0.6659435
vn -0.6414632 0.7117667 0.2862053
vn -0.2459406 0.8334829 0.4947924
vn -0.6414632 0.7117667 0.2862053
vn -0.2211981 0.9719875 -0.07944617
vn -0.3204963 0.5655719 0.7598754
vn -0.463694 0.8584389 0.21925
vn 0.06953233 0.8095955 0.5828554
vn -0.3204963 0.5655719 0.7598754
vn 0.06953233 0.8095955 0.5828554
vn 0.3220247 0.4020959 0.8570993
vn 0.3220247 0.4020959 0.8570993
vn 0.06953233 0.8095955 0.5828554
vn 0.6313045 0.7001404 0.3335538
vn 0.3220247 0.4020959 0.8570993
vn 0.6313045 0.7001404 0.3335538
vn 0.7787924 0.2078213 0.5918554
vn 0.7787924 0.2078213 0.5918554
vn 0.6313045 0.7001404 0.3335538
vn 0.8486056 0.4934691 0.1906752
vn 0.7787924 0.2078213 0.5918554
vn 0.8486056 0.4934691 0.1906752
vn 0.8901438 0.1330245 0.4358309
vn 0.8901438 0.1330245 0.4358309
vn 0.7204145 -0.02184463 0.6931998
vn 0.7787924 0.2078213 0.5918554
vn 0.7787924 0.2078213 0.5918554
vn 0.7204145 -0.02184463 0.6931998
vn 0.4358896 0.06991097 0.8972809
vn 0.7787924 0.2078213 0.5918554
vn 0.4358896 0.06991097 0.8972809
vn 0.3220247 0.4020959 0.8570993
vn 0.3220247 0.4020959 0.8570993
vn 0.4358896 0.06991097 0.8972809
vn -0.3068295 0.2059167 0.9292224
vn 0.3220247 0.4020959 0.8570993
vn -0.3068295 0.2059167 0.9292224
vn -0.3204963 0.5655719 0.7598754
vn -0.3204963 0.5655719 0.7598754
vn -0.3068295 0.2059167 0.9292224
vn -0.7333826 0.3771689 0.5655917
vn -0.3204963 0.5655719 0.7598754
vn -0.7333826 0.3771689 0.5655917
vn -0.463694 0.8584389 0.21925
vn 0.06953233 0.8095955 0.5828554
vn -0.463694 0.8584389 0.21925
vn 0.1846121 0.9654914 0.183698
vn 0.06953233 0.8095955 0.5828554
vn 0.1846121 0.9654914 0.183698
vn 0.6313045 0.7001404 0.3335538
vn 0.6313045 0.7001404 0.3335538
vn 0.1846121 0.9654914 0.183698
vn 0.4279858 0.8897361 -0.1587389
vn 0.6313045 0.7001404 0.3335538
vn 0.4279858 0.8897361 -0.1587389
vn 0.8486056 0.4934691 0.1906752
vn -0.3068295 0.2059167 0.9292224
vn -0.8871115 0.0784338 0.4548424
vn -0.7333826 0.3771689 0.5655917
vn -0.7333826 0.3771689 0.5655917
vn -0.8871115 0.0784338 0.4548424
vn -0.9110851 0.3801571 0.1593893
vn -0.7333826 0.3771689 0.5655917
vn -0.9110851 0.3801571 0.1593893
vn -0.463694 0.8584389 0.21925
vn -0.8871115 0.0784338 0.4548424
vn -0.977227 0.1890961 -0.09628238
vn -0.9110851 0.3801571 0.1593893
vn -0.9110851 0.3801571 0.1593893
vn -0.977227 0.1890961 -0.09628238
vn -0.794782 0.5661945 -0.2185072
vn -0.9110851 0.3801571 0.1593893
vn -0.794782 0.5661945 -0.2185072
vn -0.463694 0.8584389 0.21925
vn -0.977227 0.1890961 -0.09628238
vn -0.6916726 0.5031644 -0.5180877
vn -0.794782 0.5661945 -0.2185072
vn -0.794782 0.5661945 -0.2185072
vn -0.6916726 0.5031644 -0.5180877
vn -0.4291661 0.8220871 -0.3741514
vn -0.794782 0.5661945 -0.2185072
vn -0.4291661 0.8220871 -0.3741514
vn -0.463694 0.8584389 0.21925
vn -0.6916726 0.5031644 -0.5180877
vn -0.1379041 0.8183862 -0.5578767
vn -0.4291661 0.8220871 -0.3741514
vn -0.4291661 0.8220871 -0.3741514
vn -0.1379041 0.8183862 -0.5578767
vn -0.01726742 0.9790298 -0.2029842
vn -0.4291661 0.8220871 -0.3741514
vn -0.01726742 0.9790298 -0.2029842
vn -0.463694 0.8584389 0.21925
vn -0.1379041 0.8183862 -0.5578767
vn 0.4279858 0.8897361 -0.1587389
vn -0.01726742 0.9790298 -0.2029842
vn -0.01726742 0.9790298 -0.2029842
vn 0.4279858 0.8897361 -0.1587389
vn 0.1846121 0.9654914 0.183698
vn -0.01726742 0.9790298 -0.2029842
vn 0.1846121 0.9654914 0.183698
vn -0.463694 0.8584389 0.21925
vn 0.06953327 0.8095943 0.582857
vn -0.4636936 0.8584394 0.2192491
vn 0.1846108 0.965492 0.1836955
vn 0.06953327 0.8095943 0.582857
vn 0.1846108 0.965492 0.1836955
vn 0.6263265 0.7062228 0.3300979
vn 0.6263265 0.7062228 0.3300979
vn 0.1846108 0.965492 0.1836955
vn 0.4631059 0.8370643 -0.2913012
vn 0.6263265 0.7062228 0.3300979
vn 0.4631059 0.8370643 -0.2913012
vn 0.8669236 0.494913 -0.0592019
vn 0.8669236 0.494913 -0.0592019
vn 0.4631059 0.8370643 -0.2913012
vn 0.5961347 0.6216856 -0.5080655
vn 0.8669236 0.494913 -0.0592019
vn 0.5961347 0.6216856 -0.5080655
vn 0.9006698 0.3676624 -0.2315569
vn 0.9006698 0.3676624 -0.2315569
vn 0.9418859 0.1721399 0.288477
vn 0.8669236 0.494913 -0.0592019
vn 0.8669236 0.494913 -0.0592019
vn 0.9418859 0.1721399 0.288477
vn 0.7775364 0.2198258 0.5891638
vn 0.8669236 0.494913 -0.0592019
vn 0.7775364 0.2198258 0.5891638
vn 0.6263265 0.7062228 0.3300979
vn 0.6263265 0.7062228 0.3300979
vn 0.7775364 0.2198258 0.5891638
vn 0.3083717 0.3961664 0.8648463
vn 0.6263265 0.7062228 0.3300979
vn 0.3083717 0.3961664 0.8648463
vn 0.06953327 0.8095943 0.582857
vn 0.06953327 0.8095943 0.582857
vn 0.3083717 0.3961664 0.8648463
vn -0.3274671 0.545099 0.7717723
vn 0.06953327 0.8095943 0.582857
vn -0.3274671 0.545099 0.7717723
vn -0.4636936 0.8584394 0.2192491
vn 0.9418859 0.1721399 0.288477
vn 0.5873078 -0.1808901 0.7888907
vn 0.7775364 0.2198258 0.5891638
vn 0.7775364 0.2198258 0.5891638
vn 0.5873078 -0.1808901 0.7888907
vn 0.2104578 -0.1734164 0.962099
vn 0.7775364 0.2198258 0.5891638
vn 0.2104578 -0.1734164 0.962099
vn 0.3083717 0.3961664 0.8648463
vn 0.3083717 0.3961664 0.8648463
vn 0.2104578 -0.1734164 0.962099
vn -0.3533014 0.02780352 0.9350964
vn 0.3083717 0.3961664 0.8648463
vn -0.3533014 0.02780352 0.9350964
vn -0.3274671 0.545099 0.7717723
vn -0.3274671 0.545099 0.7717723
vn -0.3533014 0.02780352 0.9350964
vn -0.7355512 0.363615 0.5716195
vn -0.3274671 0.545099 0.7717723
vn -0.7355512 0.363615 0.5716195
vn -0.4636936 0.8584394 0.2192491
vn 0.5873078 -0.1808901 0.7888907
vn 0.05838349 -0.4512638 0.8904789
vn 0.2104578 -0.1734164 0.962099
vn 0.2104578 -0.1734164 0.962099
vn 0.05838349 -0.4512638 0.8904789
vn -0.3078642 -0.3136079 0.8982593
vn 0.2104578 -0.1734164 0.962099
vn -0.3078642 -0.3136079 0.8982593
vn -0.3533014 0.02780352 0.9350964
vn -0.3533014 0.02780352 0.9350964
vn -0.3078642 -0.3136079 0.8982593
vn -0.8314269 -0.005199639 0.5556101
vn -0.3533014 0.02780352 0.9350964
vn -0.8314269 -0.005199639 0.5556101
vn -0.7355512 0.363615 0.5716195
vn -0.7355512 0.363615 0.5716195
vn -0.8314269 -0.005199639 0.5556101
vn -0.9126866 0.375704 0.1607786
vn -0.7355512 0.363615 0.5716195
vn -0.9126866 0.375704 0.1607786
vn -0.4636936 0.8584394 0.2192491
vn 0.1846108 0.965492 0.1836955
vn -0.4636936 0.8584394 0.2192491
vn -0.01726791 0.9790286 -0.2029897
vn 0.1846108 0.965492 0.1836955
vn -0.01726791 0.9790286 -0.2029897
vn 0.4631059 0.8370643 -0.2913012
vn 0.4631059 0.8370643 -0.2913012
vn -0.01726791 0.9790286 -0.2029897
vn -0.02626642 0.8076992 -0.5890096
vn 0.4631059 0.8370643 -0.2913012
vn -0.02626642 0.8076992 -0.5890096
vn 0.5961347 0.6216856 -0.5080655
vn -0.8314269 -0.005199639 0.5556101
vn -0.9776117 0.1880624 -0.0943822
vn -0.9126866 0.375704 0.1607786
vn -0.9126866 0.375704 0.1607786
vn -0.9776117 0.1880624 -0.0943822
vn -0.7947782 0.5661983 -0.2185114
vn -0.9126866 0.375704 0.1607786
vn -0.7947782 0.5661983 -0.2185114
vn -0.4636936 0.8584394 0.2192491
vn -0.9776117 0.1880624 -0.0943822
vn -0.6916682 0.5031686 -0.5180894
vn -0.7947782 0.5661983 -0.2185114
vn -0.7947782 0.5661983 -0.2185114
vn -0.6916682 0.5031686 -0.5180894
vn -0.4291593 0.8220895 -0.3741538
vn -0.7947782 0.5661983 -0.2185114
vn -0.4291593 0.8220895 -0.3741538
vn -0.4636936 0.8584394 0.2192491
vn -0.6916682 0.5031686 -0.5180894
vn -0.02626642 0.8076992 -0.5890096
vn -0.4291593 0.8220895 -0.3741538
vn -0.4291593 0.8220895 -0.3741538
vn -0.02626642 0.8076992 -0.5890096
vn -0.01726791 0.9790286 -0.2029897
vn -0.4291593 0.8220895 -0.3741538
vn -0.01726791 0.9790286 -0.2029897
vn -0.4636936 0.8584394 0.2192491
vn -0.2245708 0.9176704 0.3277943
vn 0.3939266 0.917799 -0.04966743
vn 0.2059949 0.7726003 0.6005457
vn -0.2245708 0.9176704 0.3277943
vn 0.2059949 0.7726003 0.6005457
vn -0.210414 0.534043 0.8188553
vn -0.210414 0.534043 0.8188553
vn 0.2059949 0.7726003 0.6005457
vn 0.4597491 0.2995016 0.8360202
vn -0.210414 0.534043 0.8188553
vn 0.4597491 0.2995016 0.8360202
vn -0.00767518 0.1000979 0.9949481
vn -0.00767518 0.1000979 0.9949481
vn 0.4597491 0.2995016 0.8360202
vn 0.6280568 -0.0257062 0.777743
vn -0.00767518 0.1000979 0.9949481
vn 0.6280568 -0.0257062 0.777743
vn 0.0725318 -0.07052227 0.9948698
vn 0.0725318 -0.07052227 0.9948698
vn -0.2985478 0.03707936 0.9536742
vn -0.00767518 0.1000979 0.9949481
vn -0.00767518 0.1000979 0.9949481
vn -0.2985478 0.03707936 0.9536742
vn -0.5692151 0.3460532 0.7458161
vn -0.00767518 0.1000979 0.9949481
vn -0.5692151 0.3460532 0.7458161
vn -0.210414 0.534043 0.8188553
vn -0.210414 0.534043 0.8188553
vn -0.5692151 0.3460532 0.7458161
vn -0.708411 0.6557148 0.2611363
vn -0.210414 0.534043 0.8188553
vn -0.708411 0.6557148 0.2611363
vn -0.2245708 0.9176704 0.3277943
vn -0.2245708 0.9176704 0.3277943
vn -0.708411 0.6557148 0.2611363
vn -0.3549186 0.9155291 -0.1893123
vn -0.2245708 0.9176704 0.3277943
vn -0.3549186 0.9155291 -0.1893123
vn 0.3939266 0.917799 -0.04966743
vn -0.5692151 0.3460532 0.7458161
vn -0.9028341 0.4205306 -0.08969396
vn -0.708411 0.6557148 0.2611363
vn -0.708411 0.6557148 0.2611363
vn -0.9028341 0.4205306 -0.08969396
vn -0.6900793 0.5573596 -0.461672
vn -0.708411 0.6557148 0.2611363
vn -0.6900793 0.5573596 -0.461672
vn -0.3549186 0.9155291 -0.1893123
vn -0.3549186 0.9155291 -0.1893123
vn -0.6900793 0.5573596 -0.461672
vn -0.09275433 0.7837541 -0.6141061
vn -0.3549186 0.9155291 -0.1893123
vn -0.09275433 0.7837541 -0.6141061
vn 0.3939266 0.917799 -0.04966743
vn -0.9028341 0.4205306 -0.08969396
vn -0.7299284 0.3017935 -0.6132906
vn -0.6900793 0.5573596 -0.461672
vn -0.6900793 0.5573596 -0.461672
vn -0.7299284 0.3017935 -0.6132906
vn -0.2177012 0.4747556 -0.8527682
vn -0.6900793 0.5573596 -0.461672
vn -0.2177012 0.4747556 -0.8527682
vn -0.09275433 0.7837541 -0.6141061
vn -0.09275433 0.7837541 -0.6141061
vn -0.2177012 0.4747556 -0.8527682
vn 0.392215 0.6065682 -0.6915508
vn -0.09275433 0.7837541 -0.6141061
vn 0.392215 0.6065682 -0.6915508
vn 0.3939266 0.917799 -0.04966743
vn 0.8773008 0.4688411 0.1026235
vn 0.3939266 0.917799 -0.04966743
vn 0.7920192 0.4775069 -0.3803853
vn 0.8773008 0.4688411 0.1026235
vn 0.7920192 0.4775069 -0.3803853
vn 0.9568738 0.05598 -0.2850596
vn 0.9568738 0.05598 -0.2850596
vn 0.7920192 0.4775069 -0.3803853
vn 0.6235005 0.2231308 -0.7493064
vn 0.9568738 0.05598 -0.2850596
vn 0.6235005 0.2231308 -0.7493064
vn 0.8616278 -0.1206465 -0.4929932
vn 0.8616278 -0.1206465 -0.4929932
vn 0.9888784 -0.1370736 0.05771217
vn 0.9568738 0.05598 -0.2850596
vn 0.9568738 0.05598 -0.2850596
vn 0.9888784 -0.1370736 0.05771217
vn 0.9153953 0.1147377 0.3858585
vn 0.9568738 0.05598 -0.2850596
vn 0.9153953 0.1147377 0.3858585
vn 0.8773008 0.4688411 0.1026235
vn 0.8773008 0.4688411 0.1026235
vn 0.9153953 0.1147377 0.3858585
vn 0.6453537 0.5851484 0.4910397
vn 0.8773008 0.4688411 0.1026235
vn 0.6453537 0.5851484 0.4910397
vn 0.3939266 0.917799 -0.04966743
vn 0.9888784 -0.1370736 0.05771217
vn 0.6280568 -0.0257062 0.777743
vn 0.9153953 0.1147377 0.3858585
vn 0.9153953 0.1147377 0.3858585
vn 0.6280568 -0.0257062 0.777743
vn 0.4597491 0.2995016 0.8360202
vn 0.9153953 0.1147377 0.3858585
vn 0.4597491 0.2995016 0.8360202
vn 0.6453537 0.5851484 0.4910397
vn 0.6453537 0.5851484 0.4910397
vn 0.4597491 0.2995016 0.8360202
vn 0.2059949 0.7726003 0.6005457
vn 0.6453537 0.5851484 0.4910397
vn 0.2059949 0.7726003 0.6005457
vn 0.3939266 0.917799 -0.04966743
vn -0.2177012 0.4747556 -0.8527682
vn 0.6235005 0.2231308 -0.7493064
vn 0.392215 0.6065682 -0.6915508
vn 0.392215 0.6065682 -0.6915508
vn 0.6235005 0.2231308 -0.7493064
vn 0.7920192 0.4775069 -0.3803853
vn 0.392215 0.6065682 -0.6915508
vn 0.7920192 0.4775069 -0.3803853
vn 0.3939266 0.917799 -0.04966743
vn -0.3002124 0.196984 0.9333115
vn -0.8360364 0.3554153 0.4179989
vn -0.4686601 0.5033467 0.7259477
vn -0.4686601 0.5033467 0.7259477
vn -0.8360364 0.3554153 0.4179989
vn -0.8473432 0.5214831 0.1003242
vn -0.4686601 0.5033467 0.7259477
vn -0.8473432 0.5214831 0.1003242
vn -0.44925 0.8370213 0.3123615
vn -0.44925 0.8370213 0.3123615
vn -0.8473432 0.5214831 0.1003242
vn -0.6035324 0.7390675 -0.2992121
vn -0.44925 0.8370213 0.3123615
vn -0.6035324 0.7390675 -0.2992121
vn -0.1734457 0.9712952 -0.1627956
vn -0.1734457 0.9712952 -0.1627956
vn -0.6035324 0.7390675 -0.2992121
vn -0.06465366 0.8227655 -0.5646918
vn -0.1734457 0.9712952 -0.1627956
vn -0.06465366 0.8227655 -0.5646918
vn 0.4725475 0.8568769 -0.2060606
vn -0.8360364 0.3554153 0.4179989
vn -0.9439634 0.2149295 -0.2504769
vn -0.8473432 0.5214831 0.1003242
vn -0.8473432 0.5214831 0.1003242
vn -0.9439634 0.2149295 -0.2504769
vn -0.7739831 0.2799026 -0.5679831
vn -0.8473432 0.5214831 0.1003242
vn -0.7739831 0.2799026 -0.5679831
vn -0.6035324 0.7390675 -0.2992121
vn -0.6035324 0.7390675 -0.2992121
vn -0.7739831 0.2799026 -0.5679831
vn -0.3042195 0.4483833 -0.8404779
vn -0.6035324 0.7390675 -0.2992121
vn -0.3042195 0.4483833 -0.8404779
vn -0.06465366 0.8227655 -0.5646918
vn -0.06465366 0.8227655 -0.5646918
vn -0.3042195 0.4483833 -0.8404779
vn 0.3194613 0.5791489 -0.7500207
vn -0.06465366 0.8227655 -0.5646918
vn 0.3194613 0.5791489 -0.7500207
vn 0.4725475 0.8568769 -0.2060606
vn -0.9439634 0.2149295 -0.2504769
vn -0.6200131 -0.1153499 -0.7760661
vn -0.7739831 0.2799026 -0.5679831
vn -0.7739831 0.2799026 -0.5679831
vn -0.6200131 -0.1153499 -0.7760661
vn -0.2585994 -0.09376054 -0.9614236
vn -0.7739831 0.2799026 -0.5679831
vn -0.2585994 -0.09376054 -0.9614236
vn -0.3042195 0.4483833 -0.8404779
vn -0.3042195 0.4483833 -0.8404779
vn -0.2585994 -0.09376054 -0.9614236
vn 0.334457 0.09218254 -0.9378918
vn -0.3042195 0.4483833 -0.8404779
vn 0.334457 0.09218254 -0.9378918
vn 0.3194613 0.5791489 -0.7500207
vn 0.3194613 0.5791489 -0.7500207
vn 0.334457 0.09218254 -0.9378918
vn 0.7322207 0.3812789 -0.5643398
vn 0.3194613 0.5791489 -0.7500207
vn 0.7322207 0.3812789 -0.5643398
vn 0.4725475 0.8568769 -0.2060606
vn -0.6200131 -0.1153499 -0.7760661
vn 0.038084 -0.496051 -0.8674579
vn -0.2585994 -0.09376054 -0.9614236
vn -0.2585994 -0.09376054 -0.9614236
vn 0.038084 -0.496051 -0.8674579
vn 0.4899887 -0.4167597 -0.7656518
vn -0.2585994 -0.09376054 -0.9614236
vn 0.4899887 -0.4167597 -0.7656518
vn 0.334457 0.09218254 -0.9378918
vn 0.334457 0.09218254 -0.9378918
vn 0.4899887 -0.4167597 -0.7656518
vn 0.8655624 -0.07590195 -0.4950159
vn 0.334457 0.09218254 -0.9378918
vn 0.8655624 -0.07590195 -0.4950159
vn 0.7322207 0.3812789 -0.5643398
vn 0.7322207 0.3812789 -0.5643398
vn 0.8655624 -0.07590195 -0.4950159
vn 0.9144617 0.3718254 -0.159705
vn 0.7322207 0.3812789 -0.5643398
vn 0.9144617 0.3718254 -0.159705
vn 0.4725475 0.8568769 -0.2060606
vn 0.038084 -0.496051 -0.8674579
vn 0.5654181 -0.6508563 -0.5066445
vn 0.4899887 -0.4167597 -0.7656518
vn 0.4899887 -0.4167597 -0.7656518
vn 0.5654181 -0.6508563 -0.5066445
vn 0.9232702 -0.3656164 -0.1178851
vn 0.4899887 -0.4167597 -0.7656518
vn 0.9232702 -0.3656164 -0.1178851
vn 0.8655624 -0.07590195 -0.4950159
vn 0.8655624 -0.07590195 -0.4950159
vn 0.9232702 -0.3656164 -0.1178851
vn 0.9912149 0.006763703 0.1320899
vn 0.8655624 -0.07590195 -0.4950159
vn 0.9912149 0.006763703 0.1320899
vn 0.9144617 0.3718254 -0.159705
vn 0.9144617 0.3718254 -0.159705
vn 0.9912149 0.006763703 0.1320899
vn 0.8048182 0.5500903 0.2228643
vn 0.9144617 0.3718254 -0.159705
vn 0.8048182 0.5500903 0.2228643
vn 0.4725475 0.8568769 -0.2060606
vn 0.4447381 0.807687 0.3871045
vn 0.4725475 0.8568769 -0.2060606
vn 0.8048182 0.5500903 0.2228643
vn 0.4447381 0.807687 0.3871045
vn 0.8048182 0.5500903 0.2228643
vn 0.7085112 0.3137988 0.6320938
vn 0.7085112 0.3137988 0.6320938
vn 0.8048182 0.5500903 0.2228643
vn 0.9912149 0.006763703 0.1320899
vn 0.7085112 0.3137988 0.6320938
vn 0.9912149 0.006763703 0.1320899
vn 0.7864927 -0.1845931 0.589368
vn 0.7864927 -0.1845931 0.589368
vn 0.9912149 0.006763703 0.1320899
vn 0.9232702 -0.3656164 -0.1178851
vn 0.7864927 -0.1845931 0.589368
vn 0.9232702 -0.3656164 -0.1178851
vn 0.7632276 -0.3382571 0.5505143
vn 0.7632276 -0.3382571 0.5505143
vn 0.3989845 -0.1595611 0.9029685
vn 0.7864927 -0.1845931 0.589368
vn 0.7864927 -0.1845931 0.589368
vn 0.3989845 -0.1595611 0.9029685
vn 0.2436074 0.178814 0.9532478
vn 0.7864927 -0.1845931 0.589368
vn 0.2436074 0.178814 0.9532478
vn 0.7085112 0.3137988 0.6320938
vn 0.7085112 0.3137988 0.6320938
vn 0.2436074 0.178814 0.9532478
vn 0.0891213 0.6876129 0.7205873
vn 0.7085112 0.3137988 0.6320938
vn 0.0891213 0.6876129 0.7205873
vn 0.4447381 0.807687 0.3871045
vn 0.4447381 0.807687 0.3871045
vn 0.0891213 0.6876129 0.7205873
vn 0.03262911 0.9743888 0.2224902
vn 0.4447381 0.807687 0.3871045
vn 0.03262911 0.9743888 0.2224902
vn 0.4725475 0.8568769 -0.2060606
vn 0.3989845 -0.1595611 0.9029685
vn -0.3002124 0.196984 0.9333115
vn 0.2436074 0.178814 0.9532478
vn 0.2436074 0.178814 0.9532478
vn -0.3002124 0.196984 0.9333115
vn -0.4686601 0.5033467 0.7259477
vn 0.2436074 0.178814 0.9532478
vn -0.4686601 0.5033467 0.7259477
vn 0.0891213 0.6876129 0.7205873
vn 0.0891213 0.6876129 0.7205873
vn -0.4686601 0.5033467 0.7259477
vn -0.44925 0.8370213 0.3123615
vn 0.0891213 0.6876129 0.7205873
vn -0.44925 0.8370213 0.3123615
vn 0.03262911 0.9743888 0.2224902
vn 0.03262911 0.9743888 0.2224902
vn -0.44925 0.8370213 0.3123615
vn -0.1734457 0.9712952 -0.1627956
vn 0.03262911 0.9743888 0.2224902
vn -0.1734457 0.9712952 -0.1627956
vn 0.4725475 0.8568769 -0.2060606
vn -0.5414492 0.7001125 0.4654838
vn -0.7067022 0.7048568 -0.06122877
vn -0.413838 0.8753009 0.2501727
vn -0.413838 0.8753009 0.2501727
vn -0.7067022 0.7048568 -0.06122877
vn -0.4356928 0.8103294 -0.3918393
vn -0.413838 0.8753009 0.2501727
vn -0.4356928 0.8103294 -0.3918393
vn -0.004776115 0.990599 -0.1367144
vn -0.004776115 0.990599 -0.1367144
vn -0.4356928 0.8103294 -0.3918393
vn 0.1824895 0.8518496 -0.4909684
vn -0.004776115 0.990599 -0.1367144
vn 0.1824895 0.8518496 -0.4909684
vn 0.5830332 0.8105348 -0.05573019
vn -0.7067022 0.7048568 -0.06122877
vn -0.5297218 0.4607337 -0.7121232
vn -0.4356928 0.8103294 -0.3918393
vn -0.4356928 0.8103294 -0.3918393
vn -0.5297218 0.4607337 -0.7121232
vn -0.02505955 0.501473 -0.8648104
vn -0.4356928 0.8103294 -0.3918393
vn -0.02505955 0.501473 -0.8648104
vn 0.1824895 0.8518496 -0.4909684
vn 0.1824895 0.8518496 -0.4909684
vn -0.02505955 0.501473 -0.8648104
vn 0.5621729 0.5640132 -0.604856
vn 0.1824895 0.8518496 -0.4909684
vn 0.5621729 0.5640132 -0.604856
vn 0.5830332 0.8105348 -0.05573019
vn -0.5297218 0.4607337 -0.7121232
vn 0.09983552 0.06636754 -0.9927883
vn -0.02505955 0.501473 -0.8648104
vn -0.02505955 0.501473 -0.8648104
vn 0.09983552 0.06636754 -0.9927883
vn 0.5825 0.07503331 -0.8093604
vn -0.02505955 0.501473 -0.8648104
vn 0.5825 0.07503331 -0.8093604
vn 0.5621729 0.5640132 -0.604856
vn 0.5621729 0.5640132 -0.604856
vn 0.5825 0.07503331 -0.8093604
vn 0.8662176 0.3449687 -0.3614747
vn 0.5621729 0.5640132 -0.604856
vn 0.8662176 0.3449687 -0.3614747
vn 0.5830332 0.8105348 -0.05573019
vn 0.09983552 0.06636754 -0.9927883
vn 0.6905466 -0.3170547 -0.6500938
vn 0.5825 0.07503331 -0.8093604
vn 0.5825 0.07503331 -0.8093604
vn 0.6905466 -0.3170547 -0.6500938
vn 0.9411286 -0.1502128 -0.3028423
vn 0.5825 0.07503331 -0.8093604
vn 0.9411286 -0.1502128 -0.3028423
vn 0.8662176 0.3449687 -0.3614747
vn 0.8662176 0.3449687 -0.3614747
vn 0.9411286 -0.1502128 -0.3028423
vn 0.9488957 0.3116876 0.04947844
vn 0.8662176 0.3449687 -0.3614747
vn 0.9488957 0.3116876 0.04947844
vn 0.5830332 0.8105348 -0.05573019
vn 0.6905466 -0.3170547 -0.6500938
vn 0.9041557 -0.4270009 0.01315173
vn 0.9411286 -0.1502128 -0.3028423
vn 0.9411286 -0.1502128 -0.3028423
vn 0.9041557 -0.4270009 0.01315173
vn 0.9406006 -0.1011984 0.3240824
vn 0.9411286 -0.1502128 -0.3028423
vn 0.9406006 -0.1011984 0.3240824
vn 0.9488957 0.3116876 0.04947844
vn 0.9488957 0.3116876 0.04947844
vn 0.9406006 -0.1011984 0.3240824
vn 0.7782539 0.4672258 0.4195487
vn 0.9488957 0.3116876 0.04947844
vn 0.7782539 0.4672258 0.4195487
vn 0.5830332 0.8105348 -0.05573019
vn 0.9041557 -0.4270009 0.01315173
vn 0.8214321 -0.2779911 0.4979663
vn 0.9406006 -0.1011984 0.3240824
vn 0.9406006 -0.1011984 0.3240824
vn 0.8214321 -0.2779911 0.4979663
vn 0.6779183 0.2484249 0.6918902
vn 0.9406006 -0.1011984 0.3240824
vn 0.6779183 0.2484249 0.6918902
vn 0.7782539 0.4672258 0.4195487
vn 0.7782539 0.4672258 0.4195487
vn 0.6779183 0.2484249 0.6918902
vn 0.4313183 0.7404962 0.5153931
vn 0.7782539 0.4672258 0.4195487
vn 0.4313183 0.7404962 0.5153931
vn 0.5830332 0.8105348 -0.05573019
vn -0.004776115 0.990599 -0.1367144
vn 0.5830332 0.8105348 -0.05573019
vn 0.08985797 0.9611962 0.2608204
vn -0.004776115 0.990599 -0.1367144
vn 0.08985797 0.9611962 0.2608204
vn -0.413838 0.8753009 0.2501727
vn -0.413838 0.8753009 0.2501727
vn 0.08985797 0.9611962 0.2608204
vn -0.1542741 0.820298 0.5507366
vn -0.413838 0.8753009 0.2501727
vn -0.1542741 0.820298 0.5507366
vn -0.5414492 0.7001125 0.4654838
vn 0.6779183 0.2484249 0.6918902
vn 0.449017 0.4636946 0.7637873
vn 0.4313183 0.7404962 0.5153931
vn 0.4313183 0.7404962 0.5153931
vn -0.1542741 0.820298 0.5507366
vn 0.08985797 0.9611962 0.2608204
vn 0.4313183 0.7404962 0.5153931
vn 0.08985797 0.9611962 0.2608204
vn 0.5830332 0.8105348 -0.05573019
vn 0.9511989 0.09375337 -0.2939916
vn 0.787525 0.6162316 -0.007951643
vn 0.7319608 0.3636123 -0.5762114
vn 0.9511989 0.09375337 -0.2939916
vn 0.7319608 0.3636123 -0.5762114
vn 0.6342118 -0.1058498 -0.7658795
vn 0.6342118 -0.1058498 -0.7658795
vn 0.7319608 0.3636123 -0.5762114
vn 0.1891796 0.45781 -0.8686894
vn 0.6342118 -0.1058498 -0.7658795
vn 0.1891796 0.45781 -0.8686894
vn 0.08843963 0.03861886 -0.9953328
vn 0.08843963 0.03861886 -0.9953328
vn 0.1891796 0.45781 -0.8686894
vn -0.2758111 0.5059733 -0.8172632
vn 0.08843963 0.03861886 -0.9953328
vn -0.2758111 0.5059733 -0.8172632
vn -0.2412446 0.1594725 -0.9572722
vn -0.3408348 0.7251734 0.5982937
vn -0.4766467 0.875935 -0.07446988
vn -0.2070417 0.9502274 0.2328122
vn -0.2070417 0.9502274 0.2328122
vn -0.4766467 0.875935 -0.07446988
vn -0.1678739 0.9012614 -0.3994324
vn -0.2070417 0.9502274 0.2328122
vn -0.1678739 0.9012614 -0.3994324
vn 0.2467859 0.9597975 -0.1337365
vn 0.2467859 0.9597975 -0.1337365
vn -0.1678739 0.9012614 -0.3994324
vn 0.4252057 0.7596423 -0.4920812
vn 0.2467859 0.9597975 -0.1337365
vn 0.4252057 0.7596423 -0.4920812
vn 0.787525 0.6162316 -0.007951643
vn -0.4766467 0.875935 -0.07446988
vn -0.2758111 0.5059733 -0.8172632
vn -0.1678739 0.9012614 -0.3994324
vn -0.1678739 0.9012614 -0.3994324
vn -0.2758111 0.5059733 -0.8172632
vn 0.1891796 0.45781 -0.8686894
vn -0.1678739 0.9012614 -0.3994324
vn 0.1891796 0.45781 -0.8686894
vn 0.4252057 0.7596423 -0.4920812
vn 0.4252057 0.7596423 -0.4920812
vn 0.1891796 0.45781 -0.8686894
vn 0.7319608 0.3636123 -0.5762114
vn 0.4252057 0.7596423 -0.4920812
vn 0.7319608 0.3636123 -0.5762114
vn 0.787525 0.6162316 -0.007951643
vn 0.08843963 0.03861886 -0.9953328
vn 0.5526647 -0.3855453 -0.7388617
vn 0.6342118 -0.1058498 -0.7658795
vn 0.6342118 -0.1058498 -0.7658795
vn 0.5526647 -0.3855453 -0.7388617
vn 0.9227367 -0.2482013 -0.2948785
vn 0.6342118 -0.1058498 -0.7658795
vn 0.9227367 -0.2482013 -0.2948785
vn 0.9511989 0.09375337 -0.2939916
vn 0.9511989 0.09375337 -0.2939916
vn 0.9227367 -0.2482013 -0.2948785
vn 0.9917349 0.05283893 0.1169186
vn 0.9511989 0.09375337 -0.2939916
vn 0.9917349 0.05283893 0.1169186
vn 0.787525 0.6162316 -0.007951643
vn 0.5539165 0.6191026 0.5566765
vn 0.787525 0.6162316 -0.007951643
vn 0.8429501 0.2467126 0.4780881
vn 0.5539165 0.6191026 0.5566765
vn 0.8429501 0.2467126 0.4780881
vn 0.5236544 0.09626855 0.8464742
vn 0.5236544 0.09626855 0.8464742
vn 0.8429501 0.2467126 0.4780881
vn 0.8664959 -0.1667037 0.4705263
vn 0.5236544 0.09626855 0.8464742
vn 0.8664959 -0.1667037 0.4705263
vn 0.4770221 -0.1952083 0.8569388
vn 0.4770221 -0.1952083 0.8569388
vn 0.09624703 0.207701 0.973446
vn 0.5236544 0.09626855 0.8464742
vn 0.5236544 0.09626855 0.8464742
vn 0.09624703 0.207701 0.973446
vn 0.07387549 0.6416581 0.7634246
vn 0.5236544 0.09626855 0.8464742
vn 0.07387549 0.6416581 0.7634246
vn 0.5539165 0.6191026 0.5566765
vn 0.5539165 0.6191026 0.5566765
vn 0.07387549 0.6416581 0.7634246
vn 0.2974739 0.9097177 0.2896949
vn 0.5539165 0.6191026 0.5566765
vn 0.2974739 0.9097177 0.2896949
vn 0.787525 0.6162316 -0.007951643
vn 0.09624703 0.207701 0.973446
vn -0.3408348 0.7251734 0.5982937
vn 0.07387549 0.6416581 0.7634246
vn 0.07387549 0.6416581 0.7634246
vn -0.3408348 0.7251734 0.5982937
vn -0.2070417 0.9502274 0.2328122
vn 0.07387549 0.6416581 0.7634246
vn -0.2070417 0.9502274 0.2328122
vn 0.2974739 0.9097177 0.2896949
vn 0.2974739 0.9097177 0.2896949
vn -0.2070417 0.9502274 0.2328122
vn 0.2467859 0.9597975 -0.1337365
vn 0.2974739 0.9097177 0.2896949
vn 0.2467859 0.9597975 -0.1337365
vn 0.787525 0.6162316 -0.007951643
vn 0.9227367 -0.2482013 -0.2948785
vn 0.8664959 -0.1667037 0.4705263
vn 0.9917349 0.05283893 0.1169186
vn 0.9917349 0.05283893 0.1169186
vn 0.8664959 -0.1667037 0.4705263
vn 0.8429501 0.2467126 0.4780881
vn 0.9917349 0.05283893 0.1169186
vn 0.8429501 0.2467126 0.4780881
vn 0.787525 0.6162316 -0.007951643
vn -0.3962932 0.917981 0.01620467
vn 0.2210763 0.9719872 0.07978798
vn -0.269154 0.8732374 0.4062176
vn -0.3962932 0.917981 0.01620467
vn -0.269154 0.8732374 0.4062176
vn -0.7019884 0.6055075 0.3749307
vn -0.7019884 0.6055075 0.3749307
vn -0.269154 0.8732374 0.4062176
vn -0.2232688 0.5020617 0.835515
vn -0.7019884 0.6055075 0.3749307
vn -0.2232688 0.5020617 0.835515
vn -0.7018661 0.1582886 0.694499
vn -0.7018661 0.1582886 0.694499
vn -0.2232688 0.5020617 0.835515
vn -0.2045835 0.1476139 0.9676549
vn -0.7018661 0.1582886 0.694499
vn -0.2045835 0.1476139 0.9676549
vn -0.6326942 -0.06961742 0.7712662
vn -0.6326942 -0.06961742 0.7712662
vn -0.9555089 -0.01216017 0.2947122
vn -0.7018661 0.1582886 0.694499
vn -0.7018661 0.1582886 0.694499
vn -0.9555089 -0.01216017 0.2947122
vn -0.9698354 0.2420553 0.0287887
vn -0.7018661 0.1582886 0.694499
vn -0.9698354 0.2420553 0.0287887
vn -0.7019884 0.6055075 0.3749307
vn -0.7019884 0.6055075 0.3749307
vn -0.9698354 0.2420553 0.0287887
vn -0.7267685 0.6398121 -0.2498965
vn -0.7019884 0.6055075 0.3749307
vn -0.7267685 0.6398121 -0.2498965
vn -0.3962932 0.917981 0.01620467
vn -0.3962932 0.917981 0.01620467
vn -0.7267685 0.6398121 -0.2498965
vn -0.1948431 0.9136296 -0.3568155
vn -0.3962932 0.917981 0.01620467
vn -0.1948431 0.9136296 -0.3568155
vn 0.2210763 0.9719872 0.07978798
vn -0.9555089 -0.01216017 0.2947122
vn -0.9770923 0.05941449 -0.2043547
vn -0.9698354 0.2420553 0.0287887
vn -0.9698354 0.2420553 0.0287887
vn -0.9770923 0.05941449 -0.2043547
vn -0.8546355 0.3370461 -0.3949665
vn -0.9698354 0.2420553 0.0287887
vn -0.8546355 0.3370461 -0.3949665
vn -0.7267685 0.6398121 -0.2498965
vn -0.7267685 0.6398121 -0.2498965
vn -0.8546355 0.3370461 -0.3949665
vn -0.2973907 0.7055565 -0.6432331
vn -0.7267685 0.6398121 -0.2498965
vn -0.2973907 0.7055565 -0.6432331
vn -0.1948431 0.9136296 -0.3568155
vn -0.1948431 0.9136296 -0.3568155
vn -0.2973907 0.7055565 -0.6432331
vn 0.2467006 0.8334833 -0.4944132
vn -0.1948431 0.9136296 -0.3568155
vn 0.2467006 0.8334833 -0.4944132
vn 0.2210763 0.9719872 0.07978798
vn 0.5470657 0.689127 0.4752084
vn 0.2210763 0.9719872 0.07978798
vn 0.7511356 0.6504872 0.1125255
vn 0.5470657 0.689127 0.4752084
vn 0.7511356 0.6504872 0.1125255
vn 0.9176823 0.2392049 0.3172387
vn 0.9176823 0.2392049 0.3172387
vn 0.7511356 0.6504872 0.1125255
vn 0.9117452 0.2711556 -0.308538
vn 0.9176823 0.2392049 0.3172387
vn 0.9117452 0.2711556 -0.308538
vn 0.9867679 -0.09669789 -0.130149
vn 0.9867679 -0.09669789 -0.130149
vn 0.9117452 0.2711556 -0.308538
vn 0.8704197 -0.04838664 -0.4899273
vn 0.9867679 -0.09669789 -0.130149
vn 0.8704197 -0.04838664 -0.4899273
vn 0.8872979 -0.2486274 -0.3884419
vn 0.7511356 0.6504872 0.1125255
vn 0.2210763 0.9719872 0.07978798
vn 0.6419043 0.7117673 -0.2852128
vn 0.7511356 0.6504872 0.1125255
vn 0.6419043 0.7117673 -0.2852128
vn 0.9117452 0.2711556 -0.308538
vn 0.9117452 0.2711556 -0.308538
vn 0.6419043 0.7117673 -0.2852128
vn 0.5459221 0.5095194 -0.6651009
vn 0.9117452 0.2711556 -0.308538
vn 0.5459221 0.5095194 -0.6651009
vn 0.8704197 -0.04838664 -0.4899273
vn 0.9867679 -0.09669789 -0.130149
vn 0.7764044 -0.007115186 0.630195
vn 0.9176823 0.2392049 0.3172387
vn 0.9176823 0.2392049 0.3172387
vn 0.7764044 -0.007115186 0.630195
vn 0.4775089 0.3430527 0.8088883
vn 0.9176823 0.2392049 0.3172387
vn 0.4775089 0.3430527 0.8088883
vn 0.5470657 0.689127 0.4752084
vn 0.5470657 0.689127 0.4752084
vn 0.4775089 0.3430527 0.8088883
vn 0.1237477 0.7872712 0.6040617
vn 0.5470657 0.689127 0.4752084
vn 0.1237477 0.7872712 0.6040617
vn 0.2210763 0.9719872 0.07978798
vn 0.7764044 -0.007115186 0.630195
vn 0.4662079 -0.02473042 0.8843296
vn 0.4775089 0.3430527 0.8088883
vn 0.4775089 0.3430527 0.8088883
vn -0.2045835 0.1476139 0.9676549
vn -0.2232688 0.5020617 0.835515
vn 0.4775089 0.3430527 0.8088883
vn -0.2232688 0.5020617 0.835515
vn 0.1237477 0.7872712 0.6040617
vn 0.1237477 0.7872712 0.6040617
vn -0.2232688 0.5020617 0.835515
vn -0.269154 0.8732374 0.4062176
vn 0.1237477 0.7872712 0.6040617
vn -0.269154 0.8732374 0.4062176
vn 0.2210763 0.9719872 0.07978798
vn -0.2973907 0.7055565 -0.6432331
vn 0.5459221 0.5095194 -0.6651009
vn 0.2467006 0.8334833 -0.4944132
vn 0.2467006 0.8334833 -0.4944132
vn 0.5459221 0.5095194 -0.6651009
vn 0.6419043 0.7117673 -0.2852128
vn 0.2467006 0.8334833 -0.4944132
vn 0.6419043 0.7117673 -0.2852128
vn 0.2210763 0.9719872 0.07978798
vn 0.3390772 -0.2140743 -0.916078
vn 0.6724856 -0.1905772 -0.7151527
vn 0.4754184 0.0369154 -0.878985
vn 0.4754184 0.0369154 -0.878985
vn 0.6724856 -0.1905772 -0.7151527
vn 0.9126622 0.005525656 -0.4086774
vn 0.4754184 0.0369154 -0.878985
vn 0.9126622 0.005525656 -0.4086774
vn 0.7700289 0.1550019 -0.6188945
vn 0.7700289 0.1550019 -0.6188945
vn 0.9126622 0.005525656 -0.4086774
vn 0.9791152 0.203152 -0.007937469
vn 0.5172398 0.7756755 -0.3616499
vn 0.6027874 0.760978 -0.2399164
vn 0.2328205 0.9565028 -0.1757755
vn 0.6724856 -0.1905772 -0.7151527
vn 0.9892411 -0.1285537 -0.06982987
vn 0.9126622 0.005525656 -0.4086774
vn 0.9126622 0.005525656 -0.4086774
vn 0.9892411 -0.1285537 -0.06982987
vn 0.9669157 0.1193854 0.2254357
vn 0.9126622 0.005525656 -0.4086774
vn 0.9669157 0.1193854 0.2254357
vn 0.9791152 0.203152 -0.007937469
vn 0.9791152 0.203152 -0.007937469
vn 0.9669157 0.1193854 0.2254357
vn 0.8844732 0.2876497 0.367376
vn 0.5621352 0.8263916 0.03287771
vn 0.5621352 0.8263916 0.03287771
vn 0.2328205 0.9565028 -0.1757755
vn 0.9892411 -0.1285537 -0.06982987
vn 0.8134452 0.04917623 0.5795593
vn 0.9669157 0.1193854 0.2254357
vn 0.9669157 0.1193854 0.2254357
vn 0.8134452 0.04917623 0.5795593
vn 0.7777648 0.1805311 0.6020721
vn 0.9669157 0.1193854 0.2254357
vn 0.7777648 0.1805311 0.6020721
vn 0.8844732 0.2876497 0.367376
vn 0.3603243 0.8078731 0.466377
vn 0.3661899 0.6165636 0.696961
vn 0.1328595 0.8435181 0.520409
vn 0.3603243 0.8078731 0.466377
vn 0.1328595 0.8435181 0.520409
vn 0.2328205 0.9565028 -0.1757755
vn 0.8134452 0.04917623 0.5795593
vn 0.3417161 0.2235635 0.912825
vn 0.7777648 0.1805311 0.6020721
vn 0.1971468 0.4676827 0.86163
vn 0.3417161 0.2235635 0.912825
vn 0.02593797 0.5896481 0.8072438
vn 0.1971468 0.4676827 0.86163
vn 0.02593797 0.5896481 0.8072438
vn 0.1328595 0.8435181 0.520409
vn 0.1328595 0.8435181 0.520409
vn 0.02593797 0.5896481 0.8072438
vn -0.1679606 0.9580017 0.2324262
vn 0.1328595 0.8435181 0.520409
vn -0.1679606 0.9580017 0.2324262
vn 0.2328205 0.9565028 -0.1757755
vn -0.09967859 0.2507957 -0.9628945
vn -0.09967859 0.2507957 -0.9628945
vn -0.1659473 0.2940403 -0.9412769
vn -0.01813819 0.895955 -0.4437745
vn 0.1059953 0.844598 -0.5248041
vn 0.2328205 0.9565028 -0.1757755
vn -0.09967859 0.2507957 -0.9628945
vn 0.4754184 0.0369154 -0.878985
vn -0.09967859 0.2507957 -0.9628945
vn 0.5735054 0.1727223 -0.8007863
vn 0.4754184 0.0369154 -0.878985
vn 0.7700289 0.1550019 -0.6188945
vn 0.4201298 0.773034 -0.4752993
vn 0.5172398 0.7756755 -0.3616499
vn 0.2328205 0.9565028 -0.1757755
vn 0.919378 0.3625022 -0.1527618
vn 0.4640314 0.8584387 -0.218536
vn 0.737074 0.3594091 -0.5723175
vn 0.919378 0.3625022 -0.1527618
vn 0.737074 0.3594091 -0.5723175
vn 0.8659527 -0.1284786 -0.4833419
vn 0.8659527 -0.1284786 -0.4833419
vn 0.737074 0.3594091 -0.5723175
vn 0.6098847 0.005093565 -0.7924737
vn 0.8659527 -0.1284786 -0.4833419
vn 0.6098847 0.005093565 -0.7924737
vn 0.6992993 -0.3374697 -0.6301546
vn 0.6992993 -0.3374697 -0.6301546
vn 0.9248055 -0.3519065 -0.1445574
vn 0.8659527 -0.1284786 -0.4833419
vn 0.8659527 -0.1284786 -0.4833419
vn 0.9248055 -0.3519065 -0.1445574
vn 0.9910229 -0.02189854 0.1318873
vn 0.8659527 -0.1284786 -0.4833419
vn 0.9910229 -0.02189854 0.1318873
vn 0.919378 0.3625022 -0.1527618
vn 0.919378 0.3625022 -0.1527618
vn 0.9910229 -0.02189854 0.1318873
vn 0.8070736 0.5479213 0.2200335
vn 0.919378 0.3625022 -0.1527618
vn 0.8070736 0.5479213 0.2200335
vn 0.4640314 0.8584387 -0.218536
vn 0.9248055 -0.3519065 -0.1445574
vn 0.8548521 -0.1020452 0.5087385
vn 0.9910229 -0.02189854 0.1318873
vn 0.9910229 -0.02189854 0.1318873
vn 0.8548521 -0.1020452 0.5087385
vn 0.6988912 0.3187664 0.640265
vn 0.9910229 -0.02189854 0.1318873
vn 0.6988912 0.3187664 0.640265
vn 0.8070736 0.5479213 0.2200335
vn 0.8070736 0.5479213 0.2200335
vn 0.6988912 0.3187664 0.640265
vn 0.4285813 0.8220893 0.3748164
vn 0.8070736 0.5479213 0.2200335
vn 0.4285813 0.8220893 0.3748164
vn 0.4640314 0.8584387 -0.218536
vn 0.8548521 -0.1020452 0.5087385
vn 0.3280594 0.2611243 0.9078498
vn 0.6988912 0.3187664 0.640265
vn 0.6988912 0.3187664 0.640265
vn 0.3280594 0.2611243 0.9078498
vn 0.07567976 0.6820087 0.7274179
vn 0.6988912 0.3187664 0.640265
vn 0.07567976 0.6820087 0.7274179
vn 0.4285813 0.8220893 0.3748164
vn 0.4285813 0.8220893 0.3748164
vn 0.07567976 0.6820087 0.7274179
vn 0.01695421 0.9790297 0.2030111
vn 0.4285813 0.8220893 0.3748164
vn 0.01695421 0.9790297 0.2030111
vn 0.4640314 0.8584387 -0.218536
vn 0.3280594 0.2611243 0.9078498
vn -0.1751804 0.5628797 0.8077614
vn 0.07567976 0.6820087 0.7274179
vn 0.07567976 0.6820087 0.7274179
vn -0.1751804 0.5628797 0.8077614
vn -0.3283436 0.892471 0.3093318
vn 0.07567976 0.6820087 0.7274179
vn -0.3283436 0.892471 0.3093318
vn 0.01695421 0.9790297 0.2030111
vn 0.01695421 0.9790297 0.2030111
vn -0.3283436 0.892471 0.3093318
vn -0.1843284 0.9654911 -0.183984
vn 0.01695421 0.9790297 0.2030111
vn -0.1843284 0.9654911 -0.183984
vn 0.4640314 0.8584387 -0.218536
vn -0.3283436 0.892471 0.3093318
vn -0.4437061 0.86292 -0.2418554
vn -0.1843284 0.9654911 -0.183984
vn -0.1843284 0.9654911 -0.183984
vn -0.4437061 0.86292 -0.2418554
vn 0.04202897 0.8927693 -0.4485494
vn -0.1843284 0.9654911 -0.183984
vn 0.04202897 0.8927693 -0.4485494
vn 0.4640314 0.8584387 -0.218536
vn 0.6098847 0.005093565 -0.7924737
vn 0.737074 0.3594091 -0.5723175
vn 0.5129044 0.5948851 -0.6189029
vn 0.5129044 0.5948851 -0.6189029
vn 0.737074 0.3594091 -0.5723175
vn 0.4640314 0.8584387 -0.218536
vn -0.06863055 0.8095945 -0.5829638
vn 0.464033 0.8584383 -0.218534
vn -0.1843256 0.9654924 -0.1839793
vn -0.06863055 0.8095945 -0.5829638
vn -0.1843256 0.9654924 -0.1839793
vn -0.6258146 0.7062244 -0.331064
vn -0.6258146 0.7062244 -0.331064
vn -0.1843256 0.9654924 -0.1839793
vn -0.4635535 0.837065 0.2905862
vn -0.6258146 0.7062244 -0.331064
vn -0.4635535 0.837065 0.2905862
vn -0.8670133 0.4949137 0.0578647
vn -0.8670133 0.4949137 0.0578647
vn -0.4635535 0.837065 0.2905862
vn -0.5969179 0.6216866 0.5071439
vn -0.8670133 0.4949137 0.0578647
vn -0.5969179 0.6216866 0.5071439
vn -0.9010264 0.3676596 0.2301699
vn -0.9010264 0.3676596 0.2301699
vn -0.9532459 0.2709189 -0.1338853
vn -0.8670133 0.4949137 0.0578647
vn -0.8670133 0.4949137 0.0578647
vn -0.9532459 0.2709189 -0.1338853
vn -0.7842652 0.3385307 -0.519928
vn -0.8670133 0.4949137 0.0578647
vn -0.7842652 0.3385307 -0.519928
vn -0.6258146 0.7062244 -0.331064
vn -0.6258146 0.7062244 -0.331064
vn -0.7842652 0.3385307 -0.519928
vn -0.3070347 0.3961656 -0.8653223
vn -0.6258146 0.7062244 -0.331064
vn -0.3070347 0.3961656 -0.8653223
vn -0.06863055 0.8095945 -0.5829638
vn -0.06863055 0.8095945 -0.5829638
vn -0.3070347 0.3961656 -0.8653223
vn 0.3286604 0.5450978 -0.7712657
vn -0.06863055 0.8095945 -0.5829638
vn 0.3286604 0.5450978 -0.7712657
vn 0.464033 0.8584383 -0.218534
vn -0.7842652 0.3385307 -0.519928
vn -0.3283057 0.1116984 -0.937944
vn -0.3070347 0.3961656 -0.8653223
vn -0.3070347 0.3961656 -0.8653223
vn -0.3283057 0.1116984 -0.937944
vn 0.3189771 0.1726331 -0.9319075
vn -0.3070347 0.3961656 -0.8653223
vn 0.3189771 0.1726331 -0.9319075
vn 0.3286604 0.5450978 -0.7712657
vn 0.3286604 0.5450978 -0.7712657
vn 0.3189771 0.1726331 -0.9319075
vn 0.7364329 0.3636149 -0.5704833
vn 0.3286604 0.5450978 -0.7712657
vn 0.7364329 0.3636149 -0.5704833
vn 0.464033 0.8584383 -0.218534
vn 0.8040523 0.5523514 0.2200187
vn 0.464033 0.8584383 -0.218534
vn 0.9175008 0.3667125 -0.1539945
vn 0.8040523 0.5523514 0.2200187
vn 0.9175008 0.3667125 -0.1539945
vn 0.9925023 0.04691169 0.1128655
vn 0.9925023 0.04691169 0.1128655
vn 0.9175008 0.3667125 -0.1539945
vn 0.920152 -0.01414476 -0.3913061
vn 0.9925023 0.04691169 0.1128655
vn 0.920152 -0.01414476 -0.3913061
vn 0.953474 -0.2387422 -0.1840919
vn 0.4285837 0.8220887 0.3748148
vn 0.464033 0.8584383 -0.218534
vn 0.8040523 0.5523514 0.2200187
vn 0.4285837 0.8220887 0.3748148
vn 0.8040523 0.5523514 0.2200187
vn 0.6982908 0.3237957 0.6383938
vn 0.6982908 0.3237957 0.6383938
vn 0.8040523 0.5523514 0.2200187
vn 0.9925023 0.04691169 0.1128655
vn 0.6982908 0.3237957 0.6383938
vn 0.9925023 0.04691169 0.1128655
vn 0.7752755 0.01603596 0.6314197
vn 0.7752755 0.01603596 0.6314197
vn 0.3274867 0.276508 0.9034911
vn 0.6982908 0.3237957 0.6383938
vn 0.6982908 0.3237957 0.6383938
vn 0.3274867 0.276508 0.9034911
vn 0.07450679 0.6876603 0.7221996
vn 0.6982908 0.3237957 0.6383938
vn 0.07450679 0.6876603 0.7221996
vn 0.4285837 0.8220887 0.3748148
vn 0.4285837 0.8220887 0.3748148
vn 0.07450679 0.6876603 0.7221996
vn 0.01695297 0.9790288 0.2030152
vn 0.4285837 0.8220887 0.3748148
vn 0.01695297 0.9790288 0.2030152
vn 0.464033 0.8584383 -0.218534
vn 0.3274867 0.276508 0.9034911
vn -0.05526749 0.3932725 0.9177594
vn 0.07450679 0.6876603 0.7221996
vn 0.07450679 0.6876603 0.7221996
vn -0.5969179 0.6216866 0.5071439
vn -0.4635535 0.837065 0.2905862
vn 0.07450679 0.6876603 0.7221996
vn -0.4635535 0.837065 0.2905862
vn 0.01695297 0.9790288 0.2030152
vn 0.01695297 0.9790288 0.2030152
vn -0.4635535 0.837065 0.2905862
vn -0.1843256 0.9654924 -0.1839793
vn 0.01695297 0.9790288 0.2030152
vn -0.1843256 0.9654924 -0.1839793
vn 0.464033 0.8584383 -0.218534
vn 0.3189771 0.1726331 -0.9319075
vn 0.920152 -0.01414476 -0.3913061
vn 0.7364329 0.3636149 -0.5704833
vn 0.7364329 0.3636149 -0.5704833
vn 0.920152 -0.01414476 -0.3913061
vn 0.9175008 0.3667125 -0.1539945
vn 0.7364329 0.3636149 -0.5704833
vn 0.9175008 0.3667125 -0.1539945
vn 0.464033 0.8584383 -0.218534
vn 0.5988487 0.3771433 -0.7065007
vn 0.678499 0.7303386 -0.07902305
vn 0.4936938 0.7876357 -0.3686413
vn 0.5988487 0.3771433 -0.7065007
vn -0.03862959 0.6811495 -0.7311248
vn -0.03179966 0.3780732 -0.9252295
vn -0.03179966 0.3780732 -0.9252295
vn -0.03862959 0.6811495 -0.7311248
vn -0.3166585 0.7885316 -0.5272054
vn -0.03179966 0.3780732 -0.9252295
vn -0.3166585 0.7885316 -0.5272054
vn -0.3821879 0.3648528 -0.8490083
vn -0.3821879 0.3648528 -0.8490083
vn 0.09278091 -0.04099735 -0.9948422
vn -0.03179966 0.3780732 -0.9252295
vn -0.03179966 0.3780732 -0.9252295
vn 0.09278091 -0.04099735 -0.9948422
vn 0.5539683 -0.12377 -0.8232863
vn -0.03179966 0.3780732 -0.9252295
vn 0.5539683 -0.12377 -0.8232863
vn 0.5988487 0.3771433 -0.7065007
vn 0.5988487 0.3771433 -0.7065007
vn 0.5539683 -0.12377 -0.8232863
vn 0.9157254 0.110978 -0.3861751
vn 0.5988487 0.3771433 -0.7065007
vn 0.9157254 0.110978 -0.3861751
vn 0.678499 0.7303386 -0.07902305
vn 0.09278091 -0.04099735 -0.9948422
vn 0.6281012 -0.4810622 -0.6116111
vn 0.5539683 -0.12377 -0.8232863
vn 0.5539683 -0.12377 -0.8232863
vn 0.6281012 -0.4810622 -0.6116111
vn 0.8906114 -0.365849 -0.2701227
vn 0.5539683 -0.12377 -0.8232863
vn 0.8906114 -0.365849 -0.2701227
vn 0.9157254 0.110978 -0.3861751
vn 0.9157254 0.110978 -0.3861751
vn 0.8906114 -0.365849 -0.2701227
vn 0.991863 0.09290692 0.08704248
vn 0.9157254 0.110978 -0.3861751
vn 0.991863 0.09290692 0.08704248
vn 0.678499 0.7303386 -0.07902305
vn 0.6281012 -0.4810622 -0.6116111
vn 0.8161373 -0.5743001 0.06402759
vn 0.8906114 -0.365849 -0.2701227
vn 0.8906114 -0.365849 -0.2701227
vn 0.8161373 -0.5743001 0.06402759
vn 0.8802681 -0.2710643 0.3894257
vn 0.8906114 -0.365849 -0.2701227
vn 0.8802681 -0.2710643 0.3894257
vn 0.991863 0.09290692 0.08704248
vn 0.991863 0.09290692 0.08704248
vn 0.8802681 -0.2710643 0.3894257
vn 0.8096103 0.3227454 0.490272
vn 0.991863 0.09290692 0.08704248
vn 0.8096103 0.3227454 0.490272
vn 0.678499 0.7303386 -0.07902305
vn 0.8161373 -0.5743001 0.06402759
vn 0.6341099 -0.2863792 0.7182562
vn 0.8802681 -0.2710643 0.3894257
vn 0.8802681 -0.2710643 0.3894257
vn 0.6341099 -0.2863792 0.7182562
vn 0.506969 0.1422007 0.850154
vn 0.8802681 -0.2710643 0.3894257
vn 0.506969 0.1422007 0.850154
vn 0.8096103 0.3227454 0.490272
vn 0.8096103 0.3227454 0.490272
vn 0.506969 0.1422007 0.850154
vn 0.4214387 0.7005188 0.5759019
vn 0.8096103 0.3227454 0.490272
vn 0.4214387 0.7005188 0.5759019
vn 0.678499 0.7303386 -0.07902305
vn 0.6341099 -0.2863792 0.7182562
vn 0.0989248 0.1979443 0.9752088
vn 0.506969 0.1422007 0.850154
vn 0.506969 0.1422007 0.850154
vn 0.0989248 0.1979443 0.9752088
vn 0.01407339 0.5937157 0.804552
vn 0.506969 0.1422007 0.850154
vn 0.01407339 0.5937157 0.804552
vn 0.4214387 0.7005188 0.5759019
vn 0.4214387 0.7005188 0.5759019
vn 0.01407339 0.5937157 0.804552
vn 0.06944362 0.9592467 0.273904
vn 0.4214387 0.7005188 0.5759019
vn 0.06944362 0.9592467 0.273904
vn 0.678499 0.7303386 -0.07902305
vn 0.01407339 0.5937157 0.804552
vn -0.2804489 0.9467388 0.1582219
vn 0.06944362 0.9592467 0.273904
vn 0.06944362 0.9592467 0.273904
vn -0.2804489 0.9467388 0.1582219
vn -0.02205755 0.978905 -0.203122
vn 0.06944362 0.9592467 0.273904
vn -0.02205755 0.978905 -0.203122
vn 0.678499 0.7303386 -0.07902305
vn -0.2804489 0.9467388 0.1582219
vn -0.3166585 0.7885316 -0.5272054
vn -0.02205755 0.978905 -0.203122
vn -0.02205755 0.978905 -0.203122
vn -0.3166585 0.7885316 -0.5272054
vn -0.03862959 0.6811495 -0.7311248
vn -0.02205755 0.978905 -0.203122
vn 0.4936938 0.7876357 -0.3686413
vn 0.678499 0.7303386 -0.07902305
vn 0.4035951 -0.1975153 0.8933638
vn -0.1812044 0.07380706 0.9806721
vn 0.3347118 0.002244197 0.942318
vn 0.3347118 0.002244197 0.942318
vn -0.1812044 0.07380706 0.9806721
vn -0.4060775 0.3545541 0.8422546
vn 0.3347118 0.002244197 0.942318
vn -0.4060775 0.3545541 0.8422546
vn 0.1086736 0.4713042 0.87525
vn 0.1086736 0.4713042 0.87525
vn -0.4060775 0.3545541 0.8422546
vn -0.5041144 0.6955594 0.5119238
vn 0.1086736 0.4713042 0.87525
vn -0.5041144 0.6955594 0.5119238
vn -0.04706266 0.8891447 0.4551999
vn -0.04706266 0.8891447 0.4551999
vn -0.5041144 0.6955594 0.5119238
vn -0.3297788 0.9438348 0.02053555
vn -0.04706266 0.8891447 0.4551999
vn -0.3297788 0.9438348 0.02053555
vn 0.4415926 0.8898813 -0.1144871
vn -0.1812044 0.07380706 0.9806721
vn -0.7831556 0.3139471 0.536754
vn -0.4060775 0.3545541 0.8422546
vn -0.4060775 0.3545541 0.8422546
vn -0.7831556 0.3139471 0.536754
vn -0.8442664 0.4752699 0.2476552
vn -0.4060775 0.3545541 0.8422546
vn -0.8442664 0.4752699 0.2476552
vn -0.5041144 0.6955594 0.5119238
vn -0.5041144 0.6955594 0.5119238
vn -0.8442664 0.4752699 0.2476552
vn -0.7146016 0.6879472 -0.1267813
vn -0.5041144 0.6955594 0.5119238
vn -0.7146016 0.6879472 -0.1267813
vn -0.3297788 0.9438348 0.02053555
vn -0.3297788 0.9438348 0.02053555
vn -0.7146016 0.6879472 -0.1267813
vn -0.2483768 0.8465741 -0.4707667
vn -0.3297788 0.9438348 0.02053555
vn -0.2483768 0.8465741 -0.4707667
vn 0.4415926 0.8898813 -0.1144871
vn -0.7831556 0.3139471 0.536754
vn -0.9459566 0.2899898 -0.1451627
vn -0.8442664 0.4752699 0.2476552
vn -0.8442664 0.4752699 0.2476552
vn -0.9459566 0.2899898 -0.1451627
vn -0.8223869 0.3530623 -0.4461241
vn -0.8442664 0.4752699 0.2476552
vn -0.8223869 0.3530623 -0.4461241
vn -0.7146016 0.6879472 -0.1267813
vn -0.7146016 0.6879472 -0.1267813
vn -0.8223869 0.3530623 -0.4461241
vn -0.460223 0.4880517 -0.7416201
vn -0.7146016 0.6879472 -0.1267813
vn -0.460223 0.4880517 -0.7416201
vn -0.2483768 0.8465741 -0.4707667
vn -0.2483768 0.8465741 -0.4707667
vn -0.460223 0.4880517 -0.7416201
vn 0.1733751 0.6202997 -0.7649637
vn -0.2483768 0.8465741 -0.4707667
vn 0.1733751 0.6202997 -0.7649637
vn 0.4415926 0.8898813 -0.1144871
vn -0.9459566 0.2899898 -0.1451627
vn -0.7719067 0.1574822 -0.6159218
vn -0.8223869 0.3530623 -0.4461241
vn -0.8223869 0.3530623 -0.4461241
vn -0.7719067 0.1574822 -0.6159218
vn -0.4013875 0.154055 -0.9028596
vn -0.8223869 0.3530623 -0.4461241
vn -0.4013875 0.154055 -0.9028596
vn -0.460223 0.4880517 -0.7416201
vn -0.460223 0.4880517 -0.7416201
vn -0.4013875 0.154055 -0.9028596
vn 0.1975041 0.1406175 -0.9701644
vn -0.460223 0.4880517 -0.7416201
vn 0.1975041 0.1406175 -0.9701644
vn 0.1733751 0.6202997 -0.7649637
vn 0.1733751 0.6202997 -0.7649637
vn 0.1975041 0.1406175 -0.9701644
vn 0.6830614 0.3714858 -0.6288288
vn 0.1733751 0.6202997 -0.7649637
vn 0.6830614 0.3714858 -0.6288288
vn 0.4415926 0.8898813 -0.1144871
vn -0.04706266 0.8891447 0.4551999
vn 0.4415926 0.8898813 -0.1144871
vn 0.4626215 0.6688364 0.5819273
vn -0.04706266 0.8891447 0.4551999
vn 0.4626215 0.6688364 0.5819273
vn 0.1086736 0.4713042 0.87525
vn 0.1086736 0.4713042 0.87525
vn 0.4626215 0.6688364 0.5819273
vn 0.7470679 0.1065301 0.6561563
vn 0.1086736 0.4713042 0.87525
vn 0.7470679 0.1065301 0.6561563
vn 0.3347118 0.002244197 0.942318
vn 0.3347118 0.002244197 0.942318
vn 0.7470679 0.1065301 0.6561563
vn 0.7641769 -0.1891208 0.6166582
vn 0.3347118 0.002244197 0.942318
vn 0.7641769 -0.1891208 0.6166582
vn 0.4035951 -0.1975153 0.8933638
vn -0.4013875 0.154055 -0.9028596
vn 0.2751839 -0.1175542 -0.9541777
vn 0.1975041 0.1406175 -0.9701644
vn 0.1975041 0.1406175 -0.9701644
vn 0.2751839 -0.1175542 -0.9541777
vn 0.7611657 -0.01203145 -0.6484461
vn 0.1975041 0.1406175 -0.9701644
vn 0.7611657 -0.01203145 -0.6484461
vn 0.6830614 0.3714858 -0.6288288
vn 0.6830614 0.3714858 -0.6288288
vn 0.7611657 -0.01203145 -0.6484461
vn 0.9422401 0.2838735 -0.1777634
vn 0.6830614 0.3714858 -0.6288288
vn 0.9422401 0.2838735 -0.1777634
vn 0.4415926 0.8898813 -0.1144871
vn 0.4626215 0.6688364 0.5819273
vn 0.4415926 0.8898813 -0.1144871
vn 0.6941596 0.7092329 0.1230087
vn 0.4626215 0.6688364 0.5819273
vn 0.9000295 0.163898 0.4038373
vn 0.7470679 0.1065301 0.6561563
vn 0.7470679 0.1065301 0.6561563
vn 0.9000295 0.163898 0.4038373
vn 0.9897313 -0.02473787 0.1407844
vn 0.7470679 0.1065301 0.6561563
vn 0.9897313 -0.02473787 0.1407844
vn 0.7641769 -0.1891208 0.6166582
vn 0.7611657 -0.01203145 -0.6484461
vn 0.9897313 -0.02473787 0.1407844
vn 0.9422401 0.2838735 -0.1777634
vn 0.9422401 0.2838735 -0.1777634
vn 0.9897313 -0.02473787 0.1407844
vn 0.9000295 0.163898 0.4038373
vn 0.9422401 0.2838735 -0.1777634
vn 0.6941596 0.7092329 0.1230087
vn 0.4415926 0.8898813 -0.1144871
vn -0.4506882 0.3144813 0.8354532
vn -0.8446433 0.3537796 0.4017686
vn -0.4831725 0.5134522 0.7091624
vn -0.4831725 0.5134522 0.7091624
vn -0.8446433 0.3537796 0.4017686
vn -0.8551002 0.5120451 0.08132361
vn -0.4831725 0.5134522 0.7091624
vn -0.8551002 0.5120451 0.08132361
vn -0.4635569 0.8370639 0.2905839
vn -0.4635569 0.8370639 0.2905839
vn -0.8551002 0.5120451 0.08132361
vn -0.6103765 0.7243826 -0.3204848
vn -0.4635569 0.8370639 0.2905839
vn -0.6103765 0.7243826 -0.3204848
vn -0.1843266 0.9654915 -0.1839831
vn -0.1843266 0.9654915 -0.1839831
vn -0.6103765 0.7243826 -0.3204848
vn -0.06863142 0.8095961 -0.5829615
vn -0.1843266 0.9654915 -0.1839831
vn -0.06863142 0.8095961 -0.5829615
vn 0.4640304 0.8584396 -0.2185344
vn -0.8446433 0.3537796 0.4017686
vn -0.9443297 0.1959769 -0.2642627
vn -0.8551002 0.5120451 0.08132361
vn -0.8551002 0.5120451 0.08132361
vn -0.9443297 0.1959769 -0.2642627
vn -0.7718177 0.2557144 -0.5821579
vn -0.8551002 0.5120451 0.08132361
vn -0.7718177 0.2557144 -0.5821579
vn -0.6103765 0.7243826 -0.3204848
vn -0.6103765 0.7243826 -0.3204848
vn -0.7718177 0.2557144 -0.5821579
vn -0.3002185 0.4243839 -0.8542642
vn -0.6103765 0.7243826 -0.3204848
vn -0.3002185 0.4243839 -0.8542642
vn -0.06863142 0.8095961 -0.5829615
vn -0.06863142 0.8095961 -0.5829615
vn -0.3002185 0.4243839 -0.8542642
vn 0.3216712 0.5655726 -0.7593783
vn -0.06863142 0.8095961 -0.5829615
vn 0.3216712 0.5655726 -0.7593783
vn 0.4640304 0.8584396 -0.2185344
vn -0.9443297 0.1959769 -0.2642627
vn -0.6023322 -0.1542497 -0.7832007
vn -0.7718177 0.2557144 -0.5821579
vn -0.7718177 0.2557144 -0.5821579
vn -0.6023322 -0.1542497 -0.7832007
vn -0.2350047 -0.1343783 -0.9626607
vn -0.7718177 0.2557144 -0.5821579
vn -0.2350047 -0.1343783 -0.9626607
vn -0.3002185 0.4243839 -0.8542642
vn -0.3002185 0.4243839 -0.8542642
vn -0.2350047 -0.1343783 -0.9626607
vn 0.3465327 0.06787279 -0.9355792
vn -0.3002185 0.4243839 -0.8542642
vn 0.3465327 0.06787279 -0.9355792
vn 0.3216712 0.5655726 -0.7593783
vn 0.3216712 0.5655726 -0.7593783
vn 0.3465327 0.06787279 -0.9355792
vn 0.7342541 0.3771703 -0.5644588
vn 0.3216712 0.5655726 -0.7593783
vn 0.7342541 0.3771703 -0.5644588
vn 0.4640304 0.8584396 -0.2185344
vn -0.6023322 -0.1542497 -0.7832007
vn -0.1195567 -0.3881901 -0.9137915
vn -0.2350047 -0.1343783 -0.9626607
vn -0.2350047 -0.1343783 -0.9626607
vn -0.1195567 -0.3881901 -0.9137915
vn 0.1140975 -0.304588 -0.9456257
vn -0.2350047 -0.1343783 -0.9626607
vn 0.1140975 -0.304588 -0.9456257
vn 0.3465327 0.06787279 -0.9355792
vn 0.3465327 0.06787279 -0.9355792
vn 0.726245 -0.3847521 -0.5696789
vn 0.8704259 -0.08999164 -0.4840044
vn 0.3465327 0.06787279 -0.9355792
vn 0.8704259 -0.08999164 -0.4840044
vn 0.7342541 0.3771703 -0.5644588
vn 0.7342541 0.3771703 -0.5644588
vn 0.8704259 -0.08999164 -0.4840044
vn 0.9113292 0.3801572 -0.1579867
vn 0.7342541 0.3771703 -0.5644588
vn 0.9113292 0.3801572 -0.1579867
vn 0.4640304 0.8584396 -0.2185344
vn 0.7944432 0.5661952 0.2197347
vn 0.4640304 0.8584396 -0.2185344
vn 0.9113292 0.3801572 -0.1579867
vn 0.7944432 0.5661952 0.2197347
vn 0.9113292 0.3801572 -0.1579867
vn 0.9902281 0.0142977 0.1387225
vn 0.9902281 0.0142977 0.1387225
vn 0.9113292 0.3801572 -0.1579867
vn 0.8704259 -0.08999164 -0.4840044
vn 0.9902281 0.0142977 0.1387225
vn 0.8704259 -0.08999164 -0.4840044
vn 0.9018055 -0.3748743 -0.2149796
vn 0.9018055 -0.3748743 -0.2149796
vn 0.8704259 -0.08999164 -0.4840044
vn 0.726245 -0.3847521 -0.5696789
vn 0.9018055 -0.3748743 -0.2149796
vn 0.726245 -0.3847521 -0.5696789
vn 0.7038199 -0.5772708 -0.4140004
vn -0.1843266 0.9654915 -0.1839831
vn 0.4640304 0.8584396 -0.2185344
vn 0.01695495 0.9790294 0.2030123
vn -0.1843266 0.9654915 -0.1839831
vn 0.01695495 0.9790294 0.2030123
vn -0.4635569 0.8370639 0.2905839
vn -0.4635569 0.8370639 0.2905839
vn 0.01695495 0.9790294 0.2030123
vn 0.07079711 0.7047197 0.7059447
vn -0.4635569 0.8370639 0.2905839
vn 0.07079711 0.7047197 0.7059447
vn -0.4831725 0.5134522 0.7091624
vn -0.4831725 0.5134522 0.7091624
vn 0.07079711 0.7047197 0.7059447
vn 0.04291624 0.4113722 0.9104565
vn -0.4831725 0.5134522 0.7091624
vn 0.04291624 0.4113722 0.9104565
vn -0.4506882 0.3144813 0.8354532
vn 0.9018055 -0.3748743 -0.2149796
vn 0.8517013 -0.08143857 0.5176612
vn 0.9902281 0.0142977 0.1387225
vn 0.9902281 0.0142977 0.1387225
vn 0.8517013 -0.08143857 0.5176612
vn 0.6963435 0.3388617 0.6326757
vn 0.9902281 0.0142977 0.1387225
vn 0.6963435 0.3388617 0.6326757
vn 0.7944432 0.5661952 0.2197347
vn 0.7944432 0.5661952 0.2197347
vn 0.6963435 0.3388617 0.6326757
vn 0.4285829 0.822089 0.3748152
vn 0.7944432 0.5661952 0.2197347
vn 0.4285829 0.822089 0.3748152
vn 0.4640304 0.8584396 -0.2185344
vn 0.8517013 -0.08143857 0.5176612
vn 0.6144416 0.03810244 0.7880419
vn 0.6963435 0.3388617 0.6326757
vn 0.6963435 0.3388617 0.6326757
vn 0.04291624 0.4113722 0.9104565
vn 0.07079711 0.7047197 0.7059447
vn 0.6963435 0.3388617 0.6326757
vn 0.07079711 0.7047197 0.7059447
vn 0.4285829 0.822089 0.3748152
vn 0.4285829 0.822089 0.3748152
vn 0.07079711 0.7047197 0.7059447
vn 0.01695495 0.9790294 0.2030123
vn 0.4285829 0.822089 0.3748152
vn 0.01695495 0.9790294 0.2030123
vn 0.4640304 0.8584396 -0.2185344
vn 0.09846026 0.9815513 -0.1638984
vn 0.7599215 0.649418 0.02785629
vn 0.1354244 0.9511105 0.2775774
vn 0.09846026 0.9815513 -0.1638984
vn 0.1354244 0.9511105 0.2775774
vn -0.2807558 0.9219727 0.2667256
vn -0.2807558 0.9219727 0.2667256
vn 0.1354244 0.9511105 0.2775774
vn -0.2110218 0.8061728 0.5527705
vn -0.2807558 0.9219727 0.2667256
vn -0.2110218 0.8061728 0.5527705
vn -0.4998046 0.6502039 0.5722153
vn 0.6583198 0.6894722 -0.3020651
vn 0.7599215 0.649418 0.02785629
vn 0.5771042 0.7757127 -0.2553834
vn 0.5610833 0.2417463 -0.7916718
vn 0.1019887 0.6597055 -0.7445717
vn 0.1195177 0.3881787 -0.9138014
vn 0.1195177 0.3881787 -0.9138014
vn 0.1019887 0.6597055 -0.7445717
vn -0.09352979 0.6893442 -0.718371
vn 0.1195177 0.3881787 -0.9138014
vn -0.09352979 0.6893442 -0.718371
vn -0.1752348 0.4006156 -0.8993332
vn -0.1752348 0.4006156 -0.8993332
vn 0.08659715 0.1968875 -0.9765943
vn 0.1195177 0.3881787 -0.9138014
vn 0.1195177 0.3881787 -0.9138014
vn 0.08659715 0.1968875 -0.9765943
vn 0.6441335 0.08060561 -0.7606542
vn 0.1195177 0.3881787 -0.9138014
vn 0.6441335 0.08060561 -0.7606542
vn 0.5610833 0.2417463 -0.7916718
vn 0.5610833 0.2417463 -0.7916718
vn 0.6441335 0.08060561 -0.7606542
vn 0.9614631 0.08986004 -0.2598347
vn 0.9222773 0.357164 -0.1477794
vn 0.9614631 0.08986004 -0.2598347
vn 0.7599215 0.649418 0.02785629
vn 0.5940198 0.2313357 0.7704702
vn 0.3692561 0.3729257 0.8512206
vn 0.475109 0.3430634 0.8102956
vn 0.2678206 0.8758292 0.4014916
vn -0.2110218 0.8061728 0.5527705
vn 0.1354244 0.9511105 0.2775774
vn 0.2678206 0.8758292 0.4014916
vn 0.1354244 0.9511105 0.2775774
vn 0.7599215 0.649418 0.02785629
vn -0.2807558 0.9219727 0.2667256
vn -0.2527685 0.9636644 -0.08636572
vn 0.09846026 0.9815513 -0.1638984
vn 0.09846026 0.9815513 -0.1638984
vn -0.09352979 0.6893442 -0.718371
vn 0.1019887 0.6597055 -0.7445717
vn 0.09846026 0.9815513 -0.1638984
vn 0.5771042 0.7757127 -0.2553834
vn 0.7599215 0.649418 0.02785629
vn 0.6441335 0.08060561 -0.7606542
vn 0.9735045 -0.1725091 -0.1500988
vn 0.9614631 0.08986004 -0.2598347
vn 0.9614631 0.08986004 -0.2598347
vn 0.9735045 -0.1725091 -0.1500988
vn 0.98212 0.06568629 0.1764248
vn 0.9614631 0.08986004 -0.2598347
vn 0.98212 0.06568629 0.1764248
vn 0.7599215 0.649418 0.02785629
vn 0.9735045 -0.1725091 -0.1500988
vn 0.9031179 -0.08561732 0.4207704
vn 0.98212 0.06568629 0.1764248
vn 0.98212 0.06568629 0.1764248
vn 0.9031179 -0.08561732 0.4207704
vn 0.8140755 0.2379316 0.5297828
vn 0.98212 0.06568629 0.1764248
vn 0.8140755 0.2379316 0.5297828
vn 0.7599215 0.649418 0.02785629
vn 0.9031179 -0.08561732 0.4207704
vn 0.5940198 0.2313357 0.7704702
vn 0.8140755 0.2379316 0.5297828
vn 0.8140755 0.2379316 0.5297828
vn 0.5940198 0.2313357 0.7704702
vn 0.475109 0.3430634 0.8102956
vn 0.8140755 0.2379316 0.5297828
vn 0.8112137 0.460161 0.3608106
vn 0.7599215 0.649418 0.02785629
vn 0.9307916 0.3653063 0.01335932
vn 0.9307314 0.3654691 0.01310512
vn 0.9747193 0.2229781 0.01425503
vn 0.9747193 0.2229781 0.01425503
vn 0.9306779 0.3656179 0.01275482
vn 0.9306779 0.3656179 0.01275482
vn 0.9747193 0.2229781 0.01425503
vn 0.9306528 0.3656179 0.01446674
vn 0.9306528 0.3656179 0.01446674
vn 0.9998932 0 0.0146232
vn 0.9824465 0.185991 0.01436806
vn 0.9687569 0.2476036 0.01425092
vn 0.9687569 0.2476036 0.01425092
vn 0.9824465 0.185991 0.01436806
vn 0.9307154 0.3654913 0.0136116
vn 0.9687569 0.2476036 0.01425092
vn 0.9307154 0.3654913 0.0136116
vn 0.9307179 0.3654851 0.01359967
vn 0.9998932 0 0.0146232
vn 0.9998932 0 0.0146232
vn 0.9747193 0.2229781 0.01425503
vn 0.9747193 0.2229781 0.01425503
vn 0.9998932 0 0.0146232
vn 0.9998932 0 0.0146232
vn 0.9747193 0.2229781 0.01425503
vn 0.9998932 0 0.0146232
vn 0.9687569 0.2476036 0.01425092
vn 0.9687569 0.2476036 0.01425092
vn 0.9998932 0 0.0146232
vn 0.9998932 0 0.0146232
vn 0.9307165 0.3654691 0.01411806
vn 0.9307165 0.3654691 0.01411806
vn 0.9747193 0.2229781 0.01425503
vn 0.9747193 0.2229781 0.01425503
vn 0.9306404 0.3656875 0.01347283
vn 0.9551158 0.2959084 0.01386507
vn 0.9747193 0.2229781 0.01425503
vn 0.9551158 0.2959084 0.01386507
vn 0.9998932 0 0.0146232
vn 0.01412091 -0.2598532 -0.9655449
vn 0.01412094 -0.2598532 -0.9655449
vn 0.01143408 -0.6233928 -0.7818252
vn 0.01143408 -0.6233928 -0.7818252
vn 0.01412094 -0.2598532 -0.9655449
vn 0.0114341 -0.6233927 -0.7818253
vn 0.01143408 -0.6233928 -0.7818252
vn 0.0114341 -0.6233927 -0.7818253
vn 0.007912598 -0.8409612 -0.5410376
vn 0.007912598 -0.8409612 -0.5410376
vn 0.0114341 -0.6233927 -0.7818253
vn 0.00791261 -0.8409612 -0.5410376
vn 0.007912598 -0.8409612 -0.5410376
vn 0.00791261 -0.8409612 -0.5410376
vn 0.003828462 -0.9651206 -0.2617779
vn 0.003828462 -0.9651206 -0.2617779
vn 0.00791261 -0.8409612 -0.5410376
vn 0.003828465 -0.9651206 -0.2617779
vn 0.003828462 -0.9651206 -0.2617779
vn 0.003828465 -0.9651206 -0.2617779
vn 3.353901E-09 -1 5.063411E-09
vn 3.353901E-09 -1 5.063411E-09
vn 0.003828465 -0.9651206 -0.2617779
vn -1.498017E-09 -1 -2.190814E-11
vn 3.353901E-09 -1 5.063411E-09
vn -1.498017E-09 -1 -2.190814E-11
vn -0.003828463 -0.9651205 0.2617779
vn -0.003828463 -0.9651205 0.2617779
vn -1.498017E-09 -1 -2.190814E-11
vn -0.003828462 -0.9651206 0.2617778
vn -0.003828463 -0.9651205 0.2617779
vn -0.003828462 -0.9651206 0.2617778
vn -0.007912617 -0.8409612 0.5410377
vn -0.007912617 -0.8409612 0.5410377
vn -0.003828462 -0.9651206 0.2617778
vn -0.007912601 -0.8409612 0.5410377
vn -0.007912617 -0.8409612 0.5410377
vn -0.007912601 -0.8409612 0.5410377
vn -0.01143409 -0.6233928 0.7818252
vn -0.01143409 -0.6233928 0.7818252
vn -0.007912601 -0.8409612 0.5410377
vn -0.01143408 -0.6233928 0.7818252
vn -0.01143409 -0.6233928 0.7818252
vn -0.01143408 -0.6233928 0.7818252
vn -0.01412092 -0.2598534 0.9655449
vn -0.01412092 -0.2598534 0.9655449
vn -0.01143408 -0.6233928 0.7818252
vn -0.01412092 -0.2598534 0.9655449
vn -0.01412094 -0.2598534 0.9655449
vn -0.01412092 -0.2598534 0.9655449
vn -0.0114341 -0.6233928 0.7818252
vn -0.0114341 -0.6233928 0.7818252
vn -0.01412092 -0.2598534 0.9655449
vn -0.01143408 -0.6233928 0.7818252
vn -0.0114341 -0.6233928 0.7818252
vn -0.01143408 -0.6233928 0.7818252
vn -0.007912619 -0.8409612 0.5410377
vn -0.007912619 -0.8409612 0.5410377
vn -0.01143408 -0.6233928 0.7818252
vn -0.007912601 -0.8409612 0.5410377
vn -0.007912619 -0.8409612 0.5410377
vn -0.007912601 -0.8409612 0.5410377
vn -0.003828465 -0.9651206 0.2617778
vn -0.003828465 -0.9651206 0.2617778
vn -0.007912601 -0.8409612 0.5410377
vn -0.003828462 -0.9651206 0.2617778
vn -0.003828465 -0.9651206 0.2617778
vn -0.003828462 -0.9651206 0.2617778
vn 1.377748E-09 -1 -4.994212E-09
vn 1.377748E-09 -1 -4.994212E-09
vn -0.003828462 -0.9651206 0.2617778
vn -1.498017E-09 -1 -2.190814E-11
vn 1.377748E-09 -1 -4.994212E-09
vn -1.498017E-09 -1 -2.190814E-11
vn 0.003828468 -0.9651205 -0.2617779
vn 0.003828468 -0.9651205 -0.2617779
vn -1.498017E-09 -1 -2.190814E-11
vn 0.003828465 -0.9651206 -0.2617779
vn 0.003828468 -0.9651205 -0.2617779
vn 0.003828465 -0.9651206 -0.2617779
vn 0.007912611 -0.8409612 -0.5410376
vn 0.007912611 -0.8409612 -0.5410376
vn 0.003828465 -0.9651206 -0.2617779
vn 0.00791261 -0.8409612 -0.5410376
vn 0.007912611 -0.8409612 -0.5410376
vn 0.00791261 -0.8409612 -0.5410376
vn 0.01143409 -0.6233928 -0.7818252
vn 0.01143409 -0.6233928 -0.7818252
vn 0.00791261 -0.8409612 -0.5410376
vn 0.0114341 -0.6233927 -0.7818253
vn 0.01143409 -0.6233928 -0.7818252
vn 0.0114341 -0.6233927 -0.7818253
vn 0.01412093 -0.2598532 -0.9655449
vn 0.01412093 -0.2598532 -0.9655449
vn 0.0114341 -0.6233927 -0.7818253
vn 0.01412094 -0.2598532 -0.9655449
vn 0.2936428 0.9551707 -0.03772103
vn 0.2936349 0.9551728 -0.03773018
vn 0.2936349 0.9551728 -0.03773018
vn 0.2936349 0.9551728 -0.03773018
vn 0.2936349 0.9551728 -0.03773018
vn 0.293627 0.9551749 -0.03773934
vn 0.3033186 0.6456882 -0.7007744
vn 0.3033225 0.6456906 -0.7007704
vn 0.3033225 0.6456906 -0.7007704
vn 0.3033225 0.6456906 -0.7007704
vn 0.3033225 0.6456906 -0.7007704
vn 0.3033264 0.6456931 -0.7007664
vn 0.3069753 -0.04203537 -0.9507889
vn 0.3069776 -0.04203274 -0.9507882
vn 0.3069776 -0.04203274 -0.9507882
vn 0.3069776 -0.04203274 -0.9507882
vn 0.3069776 -0.04203274 -0.9507882
vn 0.3069799 -0.04203011 -0.9507876
vn 0.3024507 -0.7051017 -0.6413699
vn 0.3024383 -0.7051139 -0.6413624
vn 0.3024383 -0.7051139 -0.6413624
vn 0.3024383 -0.7051139 -0.6413624
vn 0.3024383 -0.7051139 -0.6413624
vn 0.3024257 -0.705126 -0.6413549
vn 0.2923756 -0.9551814 0.04631399
vn 0.2923774 -0.955181 0.04631199
vn 0.2923774 -0.955181 0.04631199
vn 0.2923774 -0.955181 0.04631199
vn 0.2923774 -0.955181 0.04631199
vn 0.2923792 -0.9551805 0.04631003
vn 0.282683 -0.6456894 0.7093489
vn 0.2826977 -0.6456982 0.7093349
vn 0.2826977 -0.6456982 0.7093349
vn 0.2826977 -0.6456982 0.7093349
vn 0.2826977 -0.6456982 0.7093349
vn 0.2827123 -0.6457071 0.709321
vn 0.2790835 0.04198578 0.9593486
vn 0.279056 0.04201656 0.9593554
vn 0.279056 0.04201656 0.9593554
vn 0.279056 0.04201656 0.9593554
vn 0.279056 0.04201656 0.9593554
vn 0.2790287 0.04204734 0.9593619
vn 0.2835511 0.70515 0.6498941
vn 0.2835681 0.7051333 0.6499049
vn 0.2835681 0.7051333 0.6499049
vn 0.2835681 0.7051333 0.6499049
vn 0.2835681 0.7051333 0.6499049
vn 0.283585 0.7051166 0.6499156
vn 0.271572 0.6706296 0.6902933
vn 0.2715665 0.6706349 0.6902903
vn 0.2715665 0.6706349 0.6902903
vn 0.2715665 0.6706349 0.6902903
vn 0.2715665 0.6706349 0.6902903
vn 0.271561 0.6706402 0.6902873
vn 0.2814288 0.9594623 0.0151615
vn 0.281433 0.9594611 0.01516602
vn 0.281433 0.9594611 0.01516602
vn 0.281433 0.9594611 0.01516602
vn 0.281433 0.9594611 0.01516602
vn 0.2814372 0.9594597 0.01517052
vn 0.2914084 0.6862414 -0.6664488
vn 0.2914083 0.6862413 -0.666449
vn 0.2914083 0.6862413 -0.666449
vn 0.2914083 0.6862413 -0.666449
vn 0.2914083 0.6862413 -0.666449
vn 0.2914082 0.6862413 -0.666449
vn 0.295619 0.011022 -0.9552425
vn 0.2956251 0.01102842 -0.9552405
vn 0.2956251 0.01102842 -0.9552405
vn 0.2956251 0.01102842 -0.9552405
vn 0.2956251 0.01102842 -0.9552405
vn 0.2956313 0.01103483 -0.9552386
vn 0.2916423 -0.6706293 -0.6820568
vn 0.2916347 -0.6706364 -0.6820531
vn 0.2916347 -0.6706364 -0.6820531
vn 0.2916347 -0.6706364 -0.6820531
vn 0.2916347 -0.6706364 -0.6820531
vn 0.291627 -0.6706435 -0.6820492
vn 0.2817447 -0.9594645 -0.006918233
vn 0.2817439 -0.9594648 -0.006917326
vn 0.2817439 -0.9594648 -0.006917326
vn 0.2817439 -0.9594648 -0.006917326
vn 0.2817439 -0.9594648 -0.006917326
vn 0.281743 -0.959465 -0.006916448
vn 0.271787 -0.6862585 0.6746713
vn 0.2717805 -0.6862552 0.6746773
vn 0.2717805 -0.6862552 0.6746773
vn 0.2717805 -0.6862552 0.6746773
vn 0.2717805 -0.6862552 0.6746773
vn 0.2717739 -0.6862518 0.6746833
vn 0.2675565 -0.01102201 0.9634792
vn 0.2675635 -0.01102914 0.9634772
vn 0.2675635 -0.01102914 0.9634772
vn 0.2675635 -0.01102914 0.9634772
vn 0.2675635 -0.01102914 0.9634772
vn 0.2675704 -0.01103627 0.9634752
vn 0 -1 0
vn 0 -1 0
vn 0 -1 0
vn 0.9998932 0 0.0146232
vn 0.9998932 0 0.0146232
vn 0.9998932 0 0.0146232
vn 0.9998932 0 0.0146232
vn 0.9998932 0 0.0146232
vn 0.9998932 0 0.0146232
vn 0 1 0
vn 0 1 0
vn 0 1 0
vn 0 1 0
vn 0 1 0
vn 0 1 0
vn 0 -1 0
vn 0 -1 0
vn 0 -1 0
vn 0.293643 0.9551707 -0.037721
vn 0.293635 0.9551728 -0.03773027
vn 0.293635 0.9551728 -0.03773027
vn 0.293635 0.9551728 -0.03773027
vn 0.293635 0.9551728 -0.03773027
vn 0.293627 0.9551749 -0.03773955
vn 0.3033173 0.6456889 -0.7007743
vn 0.3033219 0.6456917 -0.7007698
vn 0.3033219 0.6456917 -0.7007698
vn 0.3033219 0.6456917 -0.7007698
vn 0.3033219 0.6456917 -0.7007698
vn 0.3033264 0.6456945 -0.7007653
vn 0.3069755 -0.04203612 -0.9507887
vn 0.306978 -0.04203326 -0.9507881
vn 0.306978 -0.04203326 -0.9507881
vn 0.306978 -0.04203326 -0.9507881
vn 0.306978 -0.04203326 -0.9507881
vn 0.3069805 -0.0420304 -0.9507874
vn 0.3024512 -0.7051013 -0.6413701
vn 0.3024394 -0.7051128 -0.641363
vn 0.3024394 -0.7051128 -0.641363
vn 0.3024394 -0.7051128 -0.641363
vn 0.3024394 -0.7051128 -0.641363
vn 0.3024275 -0.7051243 -0.6413561
vn 0.2923755 -0.9551815 0.04631395
vn 0.2923773 -0.9551811 0.04631196
vn 0.2923773 -0.9551811 0.04631196
vn 0.2923773 -0.9551811 0.04631196
vn 0.2923773 -0.9551811 0.04631196
vn 0.2923791 -0.9551805 0.04630997
vn 0.2826814 -0.6456906 0.7093483
vn 0.2826968 -0.6456998 0.7093338
vn 0.2826968 -0.6456998 0.7093338
vn 0.2826968 -0.6456998 0.7093338
vn 0.2826968 -0.6456998 0.7093338
vn 0.282712 -0.645709 0.7093194
vn 0.2790835 0.04198616 0.9593487
vn 0.2790557 0.04201732 0.9593555
vn 0.2790557 0.04201732 0.9593555
vn 0.2790557 0.04201732 0.9593555
vn 0.2790557 0.04201732 0.9593555
vn 0.2790279 0.04204848 0.9593621
vn 0.2835505 0.7051505 0.6498939
vn 0.2835668 0.7051345 0.6499043
vn 0.2835668 0.7051345 0.6499043
vn 0.2835668 0.7051345 0.6499043
vn 0.2835668 0.7051345 0.6499043
vn 0.2835831 0.7051184 0.6499145
vn 0.2715726 0.6706297 0.6902929
vn 0.2715675 0.6706345 0.6902902
vn 0.2715675 0.6706345 0.6902902
vn 0.2715675 0.6706345 0.6902902
vn 0.2715675 0.6706345 0.6902902
vn 0.2715625 0.6706393 0.6902875
vn 0.2814288 0.9594623 0.01516159
vn 0.281433 0.959461 0.01516602
vn 0.281433 0.959461 0.01516602
vn 0.281433 0.959461 0.01516602
vn 0.281433 0.959461 0.01516602
vn 0.2814372 0.9594597 0.01517046
vn 0.2914129 0.6862434 -0.6664448
vn 0.2914099 0.6862418 -0.6664478
vn 0.2914099 0.6862418 -0.6664478
vn 0.2914099 0.6862418 -0.6664478
vn 0.2914099 0.6862418 -0.6664478
vn 0.2914069 0.6862403 -0.6664506
vn 0.2956162 0.01101726 -0.9552435
vn 0.2956247 0.01102604 -0.9552407
vn 0.2956247 0.01102604 -0.9552407
vn 0.2956247 0.01102604 -0.9552407
vn 0.2956247 0.01102604 -0.9552407
vn 0.2956332 0.01103482 -0.955238
vn 0.2916435 -0.6706295 -0.682056
vn 0.2916362 -0.6706364 -0.6820523
vn 0.2916362 -0.6706364 -0.6820523
vn 0.2916362 -0.6706364 -0.6820523
vn 0.2916362 -0.6706364 -0.6820523
vn 0.2916288 -0.6706433 -0.6820487
vn 0.2817448 -0.9594645 -0.006918292
vn 0.2817439 -0.9594647 -0.006917385
vn 0.2817439 -0.9594647 -0.006917385
vn 0.2817439 -0.9594647 -0.006917385
vn 0.2817439 -0.9594647 -0.006917385
vn 0.281743 -0.959465 -0.006916478
vn 0.271787 -0.6862611 0.6746687
vn 0.27178 -0.6862575 0.6746751
vn 0.27178 -0.6862575 0.6746751
vn 0.27178 -0.6862575 0.6746751
vn 0.27178 -0.6862575 0.6746751
vn 0.2717731 -0.686254 0.6746815
vn 0.2675552 -0.01101836 0.9634796
vn 0.2675633 -0.01102673 0.9634773
vn 0.2675633 -0.01102673 0.9634773
vn 0.2675633 -0.01102673 0.9634773
vn 0.2675633 -0.01102673 0.9634773
vn 0.2675714 -0.0110351 0.963475
vn 0 -1 0
vn 0 -1 0
vn 0 -1 0
vn 0.9998932 0 0.0146232
vn 0.9998932 0 0.0146232
vn 0.9998932 0 0.0146232
vn 0.9998932 0 0.0146232
vn 0.9998932 0 0.0146232
vn 0.9998932 0 0.0146232
vn 0 1 0
vn 0 1 0
vn 0 1 0
vn 0 1 0
vn 0 1 0
vn 0 1 0
vn 0 -1 0
vn 0 -1 0
vn 0 -1 0
vn 0.9307916 0.3653063 0.01335932
vn 0.9747193 0.2229781 0.01425503
vn 0.9687569 0.2476036 0.01425092
vn 0.9109885 -0.1573595 0.3812328
vn 0.8977883 -0.004907814 0.4404003
vn 0.9998932 -1.429744E-06 0.01462153
vn 0.9998932 -1.429744E-06 0.01462153
vn 0.8995653 0.2986189 0.3187621
vn 0.8995653 0.2986189 0.3187621
vn 0.9998932 -1.429744E-06 0.01462153
vn 0.903963 0.427226 0.01813861
vn 0.903963 0.427226 0.01813861
vn 0.9084011 0.3055691 -0.2853685
vn 0.9084011 0.3055691 -0.2853685
vn 0.9998932 -1.429744E-06 0.01462153
vn 0.9998932 -1.429744E-06 0.01462153
vn 0.9102806 0.004907884 -0.4139631
vn 0.9102806 0.004907884 -0.4139631
vn 0.9998932 -1.429744E-06 0.01462153
vn 0.9085006 -0.2986213 -0.2923224
vn 0.9085006 -0.2986213 -0.2923224
vn 0.9041061 -0.4272274 0.008307055
vn 0.9041061 -0.4272274 0.008307055
vn 0.9998932 -1.429744E-06 0.01462153
vn 0.9998932 -1.429744E-06 0.01462153
vn 0.8996679 -0.3055756 0.3118037
vn 0.9109885 -0.1573595 0.3812328
vn 0.9223511 0.1581932 0.3524821
vn 0.9124214 0.2950849 0.2835703
vn 0.9998932 3.01559E-07 0.01462367
vn 0.9998932 3.01559E-07 0.01462367
vn 0.9166294 0.3997166 -0.00417703
vn 0.9166294 0.3997166 -0.00417703
vn 0.9998932 3.01559E-07 0.01462367
vn 0.9206887 0.2702015 -0.2816449
vn 0.9206887 0.2702015 -0.2816449
vn 0.9222189 -0.01759057 -0.3862686
vn 0.9222189 -0.01759057 -0.3862686
vn 0.9998932 3.01559E-07 0.01462367
vn 0.9998932 3.01559E-07 0.01462367
vn 0.9203261 -0.2950628 -0.2567845
vn 0.9203261 -0.2950628 -0.2567845
vn 0.9998932 3.01559E-07 0.01462367
vn 0.9161164 -0.3997133 0.03098957
vn 0.9161164 -0.3997133 0.03098957
vn 0.9120563 -0.2702044 0.3084529
vn 0.9120563 -0.2702044 0.3084529
vn 0.9998932 3.01559E-07 0.01462367
vn 0.9998932 3.01559E-07 0.01462367
vn 0.9105255 0.01757035 0.4130798
vn 0.9223511 0.1581932 0.3524821
vn 0.910989 -0.1573591 0.3812314
vn 0.8977888 -0.004906196 0.4403993
vn 0.9998932 -1.545113E-06 0.01462099
vn 0.9998932 -1.545113E-06 0.01462099
vn 0.8995655 0.2986186 0.3187617
vn 0.8995655 0.2986186 0.3187617
vn 0.9998932 -1.545113E-06 0.01462099
vn 0.903963 0.427226 0.01813867
vn 0.903963 0.427226 0.01813867
vn 0.9084008 0.3055709 -0.2853675
vn 0.9084008 0.3055709 -0.2853675
vn 0.9998932 -1.545113E-06 0.01462099
vn 0.9998932 -1.545113E-06 0.01462099
vn 0.9102802 0.004905785 -0.4139639
vn 0.9102802 0.004905785 -0.4139639
vn 0.9998932 -1.545113E-06 0.01462099
vn 0.9085 -0.2986224 -0.292323
vn 0.9085 -0.2986224 -0.292323
vn 0.9041061 -0.4272274 0.008307055
vn 0.9041061 -0.4272274 0.008307055
vn 0.9998932 -1.545113E-06 0.01462099
vn 0.9998932 -1.545113E-06 0.01462099
vn 0.8996682 -0.3055764 0.3118021
vn 0.910989 -0.1573591 0.3812314
vn 0.9223511 0.1581934 0.3524819
vn 0.9124214 0.295085 0.2835703
vn 0.9998932 3.053698E-07 0.01462367
vn 0.9998932 3.053698E-07 0.01462367
vn 0.9166294 0.3997165 -0.00417703
vn 0.9166294 0.3997165 -0.00417703
vn 0.9998932 3.053698E-07 0.01462367
vn 0.9206888 0.2702015 -0.2816445
vn 0.9206888 0.2702015 -0.2816445
vn 0.9222189 -0.01759086 -0.3862681
vn 0.9222189 -0.01759086 -0.3862681
vn 0.9998932 3.053698E-07 0.01462367
vn 0.9998932 3.053698E-07 0.01462367
vn 0.9203262 -0.2950625 -0.2567845
vn 0.9203262 -0.2950625 -0.2567845
vn 0.9998932 3.053698E-07 0.01462367
vn 0.9161164 -0.3997133 0.03098957
vn 0.9161164 -0.3997133 0.03098957
vn 0.9120563 -0.2702047 0.3084525
vn 0.9120563 -0.2702047 0.3084525
vn 0.9998932 3.053698E-07 0.01462367
vn 0.9998932 3.053698E-07 0.01462367
vn 0.9105256 0.0175705 0.4130795
vn 0.9223511 0.1581934 0.3524819
s 1
f 3/3/3 2/2/2 1/1/1
f 6/6/6 5/5/5 4/4/4
f 9/9/9 8/8/8 7/7/7
f 12/12/12 11/11/11 10/10/10
f 15/15/15 14/14/14 13/13/13
f 18/18/18 17/17/17 16/16/16
f 21/21/21 20/20/20 19/19/19
f 24/24/24 23/23/23 22/22/22
f 27/27/27 26/26/26 25/25/25
f 30/30/30 29/29/29 28/28/28
f 33/33/33 32/32/32 31/31/31
f 36/36/36 35/35/35 34/34/34
f 39/39/39 38/38/38 37/37/37
f 42/42/42 41/41/41 40/40/40
f 45/45/45 44/44/44 43/43/43
f 48/48/48 47/47/47 46/46/46
f 51/51/51 50/50/50 49/49/49
f 54/54/54 53/53/53 52/52/52
f 57/57/57 56/56/56 55/55/55
f 60/60/60 59/59/59 58/58/58
f 63/63/63 62/62/62 61/61/61
f 66/66/66 65/65/65 64/64/64
f 69/69/69 68/68/68 67/67/67
f 72/72/72 71/71/71 70/70/70
f 75/75/75 74/74/74 73/73/73
f 78/78/78 77/77/77 76/76/76
f 81/81/81 80/80/80 79/79/79
f 84/84/84 83/83/83 82/82/82
f 87/87/87 86/86/86 85/85/85
f 90/90/90 89/89/89 88/88/88
f 93/93/93 92/92/92 91/91/91
f 96/96/96 95/95/95 94/94/94
f 99/99/99 98/98/98 97/97/97
f 102/102/102 101/101/101 100/100/100
f 105/105/105 104/104/104 103/103/103
f 108/108/108 107/107/107 106/106/106
f 111/111/111 110/110/110 109/109/109
f 114/114/114 113/113/113 112/112/112
f 117/117/117 116/116/116 115/115/115
f 120/120/120 119/119/119 118/118/118
f 123/123/123 122/122/122 121/121/121
f 126/126/126 125/125/125 124/124/124
f 129/129/129 128/128/128 127/127/127
f 132/132/132 131/131/131 130/130/130
f 135/135/135 134/134/134 133/133/133
f 138/138/138 137/137/137 136/136/136
f 141/141/141 140/140/140 139/139/139
f 144/144/144 143/143/143 142/142/142
f 147/147/147 146/146/146 145/145/145
f 150/150/150 149/149/149 148/148/148
f 153/153/153 152/152/152 151/151/151
f 156/156/156 155/155/155 154/154/154
f 159/159/159 158/158/158 157/157/157
f 162/162/162 161/161/161 160/160/160
f 165/165/165 164/164/164 163/163/163
f 168/168/168 167/167/167 166/166/166
f 171/171/171 170/170/170 169/169/169
f 174/174/174 173/173/173 172/172/172
f 177/177/177 176/176/176 175/175/175
f 180/180/180 179/179/179 178/178/178
f 183/183/183 182/182/182 181/181/181
f 186/186/186 185/185/185 184/184/184
f 189/189/189 188/188/188 187/187/187
f 192/192/192 191/191/191 190/190/190
f 195/195/195 194/194/194 193/193/193
f 198/198/198 197/197/197 196/196/196
f 201/201/201 200/200/200 199/199/199
f 204/204/204 203/203/203 202/202/202
f 207/207/207 206/206/206 205/205/205
f 210/210/210 209/209/209 208/208/208
f 213/213/213 212/212/212 211/211/211
f 216/216/216 215/215/215 214/214/214
f 219/219/219 218/218/218 217/217/217
f 222/222/222 221/221/221 220/220/220
f 225/225/225 224/224/224 223/223/223
f 228/228/228 227/227/227 226/226/226
f 231/231/231 230/230/230 229/229/229
f 234/234/234 233/233/233 232/232/232
f 237/237/237 236/236/236 235/235/235
f 240/240/240 239/239/239 238/238/238
f 243/243/243 242/242/242 241/241/241
f 246/246/246 245/245/245 244/244/244
f 249/249/249 248/248/248 247/247/247
f 252/252/252 251/251/251 250/250/250
f 255/255/255 254/254/254 253/253/253
f 258/258/258 257/257/257 256/256/256
f 261/261/261 260/260/260 259/259/259
f 264/264/264 263/263/263 262/262/262
f 267/267/267 266/266/266 265/265/265
f 270/270/270 269/269/269 268/268/268
f 273/273/273 272/272/272 271/271/271
f 276/276/276 275/275/275 274/274/274
f 279/279/279 278/278/278 277/277/277
f 282/282/282 281/281/281 280/280/280
f 285/285/285 284/284/284 283/283/283
f 288/288/288 287/287/287 286/286/286
f 291/291/291 290/290/290 289/289/289
f 294/294/294 293/293/293 292/292/292
f 297/297/297 296/296/296 295/295/295
f 300/300/300 299/299/299 298/298/298
f 303/303/303 302/302/302 301/301/301
f 306/306/306 305/305/305 304/304/304
f 309/309/309 308/308/308 307/307/307
f 312/312/312 311/311/311 310/310/310
f 315/315/315 314/314/314 313/313/313
f 318/318/318 317/317/317 316/316/316
f 321/321/321 320/320/320 319/319/319
f 324/324/324 323/323/323 322/322/322
f 327/327/327 326/326/326 325/325/325
f 330/330/330 329/329/329 328/328/328
f 333/333/333 332/332/332 331/331/331
f 336/336/336 335/335/335 334/334/334
f 339/339/339 338/338/338 337/337/337
f 342/342/342 341/341/341 340/340/340
f 345/345/345 344/344/344 343/343/343
f 348/348/348 347/347/347 346/346/346
f 351/351/351 350/350/350 349/349/349
f 354/354/354 353/353/353 352/352/352
f 357/357/357 356/356/356 355/355/355
f 360/360/360 359/359/359 358/358/358
f 363/363/363 362/362/362 361/361/361
f 366/366/366 365/365/365 364/364/364
f 369/369/369 368/368/368 367/367/367
f 372/372/372 371/371/371 370/370/370
f 375/375/375 374/374/374 373/373/373
f 378/378/378 377/377/377 376/376/376
f 381/381/381 380/380/380 379/379/379
f 384/384/384 383/383/383 382/382/382
f 387/387/387 386/386/386 385/385/385
f 390/390/390 389/389/389 388/388/388
f 393/393/393 392/392/392 391/391/391
f 396/396/396 395/395/395 394/394/394
f 399/399/399 398/398/398 397/397/397
f 402/402/402 401/401/401 400/400/400
f 405/405/405 404/404/404 403/403/403
f 408/408/408 407/407/407 406/406/406
f 411/411/411 410/410/410 409/409/409
f 414/414/414 413/413/413 412/412/412
f 417/417/417 416/416/416 415/415/415
f 420/420/420 419/419/419 418/418/418
f 423/423/423 422/422/422 421/421/421
f 426/426/426 425/425/425 424/424/424
f 429/429/429 428/428/428 427/427/427
f 432/432/432 431/431/431 430/430/430
f 435/435/435 434/434/434 433/433/433
f 438/438/438 437/437/437 436/436/436
f 441/441/441 440/440/440 439/439/439
f 444/444/444 443/443/443 442/442/442
f 447/447/447 446/446/446 445/445/445
f 450/450/450 449/449/449 448/448/448
f 453/453/453 452/452/452 451/451/451
f 456/456/456 455/455/455 454/454/454
f 459/459/459 458/458/458 457/457/457
f 462/462/462 461/461/461 460/460/460
f 465/465/465 464/464/464 463/463/463
f 468/468/468 467/467/467 466/466/466
f 471/471/471 470/470/470 469/469/469
f 474/474/474 473/473/473 472/472/472
f 477/477/477 476/476/476 475/475/475
f 480/480/480 479/479/479 478/478/478
f 483/483/483 482/482/482 481/481/481
f 486/486/486 485/485/485 484/484/484
f 489/489/489 488/488/488 487/487/487
f 492/492/492 491/491/491 490/490/490
f 495/495/495 494/494/494 493/493/493
f 498/498/498 497/497/497 496/496/496
f 501/501/501 500/500/500 499/499/499
f 504/504/504 503/503/503 502/502/502
f 507/507/507 506/506/506 505/505/505
f 510/510/510 509/509/509 508/508/508
f 513/513/513 512/512/512 511/511/511
f 516/516/516 515/515/515 514/514/514
f 519/519/519 518/518/518 517/517/517
f 522/522/522 521/521/521 520/520/520
f 525/525/525 524/524/524 523/523/523
f 528/528/528 527/527/527 526/526/526
f 531/531/531 530/530/530 529/529/529
f 534/534/534 533/533/533 532/532/532
f 537/537/537 536/536/536 535/535/535
f 540/540/540 539/539/539 538/538/538
f 543/543/543 542/542/542 541/541/541
f 546/546/546 545/545/545 544/544/544
f 549/549/549 548/548/548 547/547/547
f 552/552/552 551/551/551 550/550/550
f 555/555/555 554/554/554 553/553/553
f 558/558/558 557/557/557 556/556/556
f 561/561/561 560/560/560 559/559/559
f 564/564/564 563/563/563 562/562/562
f 567/567/567 566/566/566 565/565/565
f 570/570/570 569/569/569 568/568/568
f 573/573/573 572/572/572 571/571/571
f 576/576/576 575/575/575 574/574/574
f 579/579/579 578/578/578 577/577/577
f 582/582/582 581/581/581 580/580/580
f 585/585/585 584/584/584 583/583/583
f 588/588/588 587/587/587 586/586/586
f 591/591/591 590/590/590 589/589/589
f 594/594/594 593/593/593 592/592/592
f 597/597/597 596/596/596 595/595/595
f 600/600/600 599/599/599 598/598/598
f 603/603/603 602/602/602 601/601/601
f 606/606/606 605/605/605 604/604/604
f 609/609/609 608/608/608 607/607/607
f 612/612/612 611/611/611 610/610/610
f 615/615/615 614/614/614 613/613/613
f 618/618/618 617/617/617 616/616/616
f 621/621/621 620/620/620 619/619/619
f 624/624/624 623/623/623 622/622/622
f 627/627/627 626/626/626 625/625/625
f 630/630/630 629/629/629 628/628/628
f 633/633/633 632/632/632 631/631/631
f 636/636/636 635/635/635 634/634/634
f 639/639/639 638/638/638 637/637/637
f 642/642/642 641/641/641 640/640/640
f 645/645/645 644/644/644 643/643/643
f 648/648/648 647/647/647 646/646/646
f 651/651/651 650/650/650 649/649/649
f 654/654/654 653/653/653 652/652/652
f 657/657/657 656/656/656 655/655/655
f 660/660/660 659/659/659 658/658/658
f 663/663/663 662/662/662 661/661/661
f 666/666/666 665/665/665 664/664/664
f 669/669/669 668/668/668 667/667/667
f 672/672/672 671/671/671 670/670/670
f 675/675/675 674/674/674 673/673/673
f 678/678/678 677/677/677 676/676/676
f 681/681/681 680/680/680 679/679/679
f 684/684/684 683/683/683 682/682/682
f 687/687/687 686/686/686 685/685/685
f 690/690/690 689/689/689 688/688/688
f 693/693/693 692/692/692 691/691/691
f 696/696/696 695/695/695 694/694/694
f 699/699/699 698/698/698 697/697/697
f 702/702/702 701/701/701 700/700/700
f 705/705/705 704/704/704 703/703/703
f 708/708/708 707/707/707 706/706/706
f 711/711/711 710/710/710 709/709/709
f 714/714/714 713/713/713 712/712/712
f 717/717/717 716/716/716 715/715/715
f 720/720/720 719/719/719 718/718/718
f 723/723/723 722/722/722 721/721/721
f 726/726/726 725/725/725 724/724/724
f 729/729/729 728/728/728 727/727/727
f 732/732/732 731/731/731 730/730/730
f 735/735/735 734/734/734 733/733/733
f 738/738/738 737/737/737 736/736/736
f 741/741/741 740/740/740 739/739/739
f 744/744/744 743/743/743 742/742/742
f 747/747/747 746/746/746 745/745/745
f 750/750/750 749/749/749 748/748/748
f 753/753/753 752/752/752 751/751/751
f 756/756/756 755/755/755 754/754/754
f 759/759/759 758/758/758 757/757/757
f 762/762/762 761/761/761 760/760/760
f 765/765/765 764/764/764 763/763/763
f 768/768/768 767/767/767 766/766/766
f 771/771/771 770/770/770 769/769/769
f 774/774/774 773/773/773 772/772/772
f 777/777/777 776/776/776 775/775/775
f 780/780/780 779/779/779 778/778/778
f 783/783/783 782/782/782 781/781/781
f 786/786/786 785/785/785 784/784/784
f 789/789/789 788/788/788 787/787/787
f 792/792/792 791/791/791 790/790/790
f 795/795/795 794/794/794 793/793/793
f 798/798/798 797/797/797 796/796/796
f 801/801/801 800/800/800 799/799/799
f 804/804/804 803/803/803 802/802/802
f 807/807/807 806/806/806 805/805/805
f 810/810/810 809/809/809 808/808/808
f 813/813/813 812/812/812 811/811/811
f 816/816/816 815/815/815 814/814/814
f 819/819/819 818/818/818 817/817/817
f 822/822/822 821/821/821 820/820/820
f 825/825/825 824/824/824 823/823/823
f 828/828/828 827/827/827 826/826/826
f 831/831/831 830/830/830 829/829/829
f 834/834/834 833/833/833 832/832/832
f 837/837/837 836/836/836 835/835/835
f 840/840/840 839/839/839 838/838/838
f 843/843/843 842/842/842 841/841/841
f 846/846/846 845/845/845 844/844/844
f 849/849/849 848/848/848 847/847/847
f 852/852/852 851/851/851 850/850/850
f 855/855/855 854/854/854 853/853/853
f 858/858/858 857/857/857 856/856/856
f 861/861/861 860/860/860 859/859/859
f 864/864/864 863/863/863 862/862/862
f 867/867/867 866/866/866 865/865/865
f 870/870/870 869/869/869 868/868/868
f 873/873/873 872/872/872 871/871/871
f 876/876/876 875/875/875 874/874/874
f 879/879/879 878/878/878 877/877/877
f 882/882/882 881/881/881 880/880/880
f 885/885/885 884/884/884 883/883/883
f 888/888/888 887/887/887 886/886/886
f 891/891/891 890/890/890 889/889/889
f 894/894/894 893/893/893 892/892/892
f 897/897/897 896/896/896 895/895/895
f 900/900/900 899/899/899 898/898/898
f 903/903/903 902/902/902 901/901/901
f 906/906/906 905/905/905 904/904/904
f 909/909/909 908/908/908 907/907/907
f 912/912/912 911/911/911 910/910/910
f 915/915/915 914/914/914 913/913/913
f 918/918/918 917/917/917 916/916/916
f 921/921/921 920/920/920 919/919/919
f 924/924/924 923/923/923 922/922/922
f 927/927/927 926/926/926 925/925/925
f 930/930/930 929/929/929 928/928/928
f 933/933/933 932/932/932 931/931/931
f 936/936/936 935/935/935 934/934/934
f 939/939/939 938/938/938 937/937/937
f 942/942/942 941/941/941 940/940/940
f 945/945/945 944/944/944 943/943/943
f 948/948/948 947/947/947 946/946/946
f 951/951/951 950/950/950 949/949/949
f 954/954/954 953/953/953 952/952/952
f 957/957/957 956/956/956 955/955/955
f 960/960/960 959/959/959 958/958/958
f 963/963/963 962/962/962 961/961/961
f 966/966/966 965/965/965 964/964/964
f 969/969/969 968/968/968 967/967/967
f 972/972/972 971/971/971 970/970/970
f 975/975/975 974/974/974 973/973/973
f 978/978/978 977/977/977 976/976/976
f 981/981/981 980/980/980 979/979/979
f 984/984/984 983/983/983 982/982/982
f 987/987/987 986/986/986 985/985/985
f 990/990/990 989/989/989 988/988/988
f 993/993/993 992/992/992 991/991/991
f 996/996/996 995/995/995 994/994/994
f 999/999/999 998/998/998 997/997/997
f 1002/1002/1002 1001/1001/1001 1000/1000/1000
f 1005/1005/1005 1004/1004/1004 1003/1003/1003
f 1008/1008/1008 1007/1007/1007 1006/1006/1006
f 1011/1011/1011 1010/1010/1010 1009/1009/1009
f 1014/1014/1014 1013/1013/1013 1012/1012/1012
f 1017/1017/1017 1016/1016/1016 1015/1015/1015
f 1020/1020/1020 1019/1019/1019 1018/1018/1018
f 1023/1023/1023 1022/1022/1022 1021/1021/1021
f 1026/1026/1026 1025/1025/1025 1024/1024/1024
f 1029/1029/1029 1028/1028/1028 1027/1027/1027
f 1032/1032/1032 1031/1031/1031 1030/1030/1030
f 1035/1035/1035 1034/1034/1034 1033/1033/1033
f 1038/1038/1038 1037/1037/1037 1036/1036/1036
f 1041/1041/1041 1040/1040/1040 1039/1039/1039
f 1044/1044/1044 1043/1043/1043 1042/1042/1042
f 1047/1047/1047 1046/1046/1046 1045/1045/1045
f 1050/1050/1050 1049/1049/1049 1048/1048/1048
f 1053/1053/1053 1052/1052/1052 1051/1051/1051
f 1056/1056/1056 1055/1055/1055 1054/1054/1054
f 1059/1059/1059 1058/1058/1058 1057/1057/1057
f 1062/1062/1062 1061/1061/1061 1060/1060/1060
f 1065/1065/1065 1064/1064/1064 1063/1063/1063
f 1068/1068/1068 1067/1067/1067 1066/1066/1066
f 1071/1071/1071 1070/1070/1070 1069/1069/1069
f 1074/1074/1074 1073/1073/1073 1072/1072/1072
f 1077/1077/1077 1076/1076/1076 1075/1075/1075
f 1080/1080/1080 1079/1079/1079 1078/1078/1078
f 1083/1083/1083 1082/1082/1082 1081/1081/1081
f 1086/1086/1086 1085/1085/1085 1084/1084/1084
f 1089/1089/1089 1088/1088/1088 1087/1087/1087
f 1092/1092/1092 1091/1091/1091 1090/1090/1090
f 1095/1095/1095 1094/1094/1094 1093/1093/1093
f 1098/1098/1098 1097/1097/1097 1096/1096/1096
f 1101/1101/1101 1100/1100/1100 1099/1099/1099
f 1104/1104/1104 1103/1103/1103 1102/1102/1102
f 1107/1107/1107 1106/1106/1106 1105/1105/1105
f 1110/1110/1110 1109/1109/1109 1108/1108/1108
f 1113/1113/1113 1112/1112/1112 1111/1111/1111
f 1116/1116/1116 1115/1115/1115 1114/1114/1114
f 1119/1119/1119 1118/1118/1118 1117/1117/1117
f 1122/1122/1122 1121/1121/1121 1120/1120/1120
f 1125/1125/1125 1124/1124/1124 1123/1123/1123
f 1128/1128/1128 1127/1127/1127 1126/1126/1126
f 1131/1131/1131 1130/1130/1130 1129/1129/1129
f 1134/1134/1134 1133/1133/1133 1132/1132/1132
f 1137/1137/1137 1136/1136/1136 1135/1135/1135
f 1140/1140/1140 1139/1139/1139 1138/1138/1138
f 1143/1143/1143 1142/1142/1142 1141/1141/1141
f 1146/1146/1146 1145/1145/1145 1144/1144/1144
f 1149/1149/1149 1148/1148/1148 1147/1147/1147
f 1152/1152/1152 1151/1151/1151 1150/1150/1150
f 1155/1155/1155 1154/1154/1154 1153/1153/1153
f 1158/1158/1158 1157/1157/1157 1156/1156/1156
f 1161/1161/1161 1160/1160/1160 1159/1159/1159
f 1164/1164/1164 1163/1163/1163 1162/1162/1162
f 1167/1167/1167 1166/1166/1166 1165/1165/1165
f 1170/1170/1170 1169/1169/1169 1168/1168/1168
f 1173/1173/1173 1172/1172/1172 1171/1171/1171
f 1176/1176/1176 1175/1175/1175 1174/1174/1174
f 1179/1179/1179 1178/1178/1178 1177/1177/1177
f 1182/1182/1182 1181/1181/1181 1180/1180/1180
f 1185/1185/1185 1184/1184/1184 1183/1183/1183
f 1188/1188/1188 1187/1187/1187 1186/1186/1186
f 1191/1191/1191 1190/1190/1190 1189/1189/1189
f 1194/1194/1194 1193/1193/1193 1192/1192/1192
f 1197/1197/1197 1196/1196/1196 1195/1195/1195
f 1200/1200/1200 1199/1199/1199 1198/1198/1198
f 1203/1203/1203 1202/1202/1202 1201/1201/1201
f 1206/1206/1206 1205/1205/1205 1204/1204/1204
f 1209/1209/1209 1208/1208/1208 1207/1207/1207
f 1212/1212/1212 1211/1211/1211 1210/1210/1210
f 1215/1215/1215 1214/1214/1214 1213/1213/1213
f 1218/1218/1218 1217/1217/1217 1216/1216/1216
f 1221/1221/1221 1220/1220/1220 1219/1219/1219
f 1224/1224/1224 1223/1223/1223 1222/1222/1222
f 1227/1227/1227 1226/1226/1226 1225/1225/1225
f 1230/1230/1230 1229/1229/1229 1228/1228/1228
f 1233/1233/1233 1232/1232/1232 1231/1231/1231
f 1236/1236/1236 1235/1235/1235 1234/1234/1234
f 1239/1239/1239 1238/1238/1238 1237/1237/1237
f 1242/1242/1242 1241/1241/1241 1240/1240/1240
f 1245/1245/1245 1244/1244/1244 1243/1243/1243
f 1248/1248/1248 1247/1247/1247 1246/1246/1246
f 1251/1251/1251 1250/1250/1250 1249/1249/1249
f 1254/1254/1254 1253/1253/1253 1252/1252/1252
f 1257/1257/1257 1256/1256/1256 1255/1255/1255
f 1260/1260/1260 1259/1259/1259 1258/1258/1258
f 1263/1263/1263 1262/1262/1262 1261/1261/1261
f 1266/1266/1266 1265/1265/1265 1264/1264/1264
f 1269/1269/1269 1268/1268/1268 1267/1267/1267
f 1272/1272/1272 1271/1271/1271 1270/1270/1270
f 1275/1275/1275 1274/1274/1274 1273/1273/1273
f 1278/1278/1278 1277/1277/1277 1276/1276/1276
f 1281/1281/1281 1280/1280/1280 1279/1279/1279
f 1284/1284/1284 1283/1283/1283 1282/1282/1282
f 1287/1287/1287 1286/1286/1286 1285/1285/1285
f 1290/1290/1290 1289/1289/1289 1288/1288/1288
f 1293/1293/1293 1292/1292/1292 1291/1291/1291
f 1296/1296/1296 1295/1295/1295 1294/1294/1294
f 1299/1299/1299 1298/1298/1298 1297/1297/1297
f 1302/1302/1302 1301/1301/1301 1300/1300/1300
f 1305/1305/1305 1304/1304/1304 1303/1303/1303
f 1308/1308/1308 1307/1307/1307 1306/1306/1306
f 1311/1311/1311 1310/1310/1310 1309/1309/1309
f 1314/1314/1314 1313/1313/1313 1312/1312/1312
f 1317/1317/1317 1316/1316/1316 1315/1315/1315
f 1320/1320/1320 1319/1319/1319 1318/1318/1318
f 1323/1323/1323 1322/1322/1322 1321/1321/1321
f 1326/1326/1326 1325/1325/1325 1324/1324/1324
f 1329/1329/1329 1328/1328/1328 1327/1327/1327
f 1332/1332/1332 1331/1331/1331 1330/1330/1330
f 1335/1335/1335 1334/1334/1334 1333/1333/1333
f 1338/1338/1338 1337/1337/1337 1336/1336/1336
f 1341/1341/1341 1340/1340/1340 1339/1339/1339
f 1344/1344/1344 1343/1343/1343 1342/1342/1342
f 1347/1347/1347 1346/1346/1346 1345/1345/1345
f 1350/1350/1350 1349/1349/1349 1348/1348/1348
f 1353/1353/1353 1352/1352/1352 1351/1351/1351
f 1356/1356/1356 1355/1355/1355 1354/1354/1354
f 1359/1359/1359 1358/1358/1358 1357/1357/1357
f 1362/1362/1362 1361/1361/1361 1360/1360/1360
f 1365/1365/1365 1364/1364/1364 1363/1363/1363
f 1368/1368/1368 1367/1367/1367 1366/1366/1366
f 1371/1371/1371 1370/1370/1370 1369/1369/1369
f 1374/1374/1374 1373/1373/1373 1372/1372/1372
f 1377/1377/1377 1376/1376/1376 1375/1375/1375
f 1380/1380/1380 1379/1379/1379 1378/1378/1378
f 1383/1383/1383 1382/1382/1382 1381/1381/1381
f 1386/1386/1386 1385/1385/1385 1384/1384/1384
f 1389/1389/1389 1388/1388/1388 1387/1387/1387
f 1392/1392/1392 1391/1391/1391 1390/1390/1390
f 1395/1395/1395 1394/1394/1394 1393/1393/1393
f 1398/1398/1398 1397/1397/1397 1396/1396/1396
f 1401/1401/1401 1400/1400/1400 1399/1399/1399
f 1404/1404/1404 1403/1403/1403 1402/1402/1402
f 1407/1407/1407 1406/1406/1406 1405/1405/1405
f 1410/1410/1410 1409/1409/1409 1408/1408/1408
f 1413/1413/1413 1412/1412/1412 1411/1411/1411
f 1416/1416/1416 1415/1415/1415 1414/1414/1414
f 1419/1419/1419 1418/1418/1418 1417/1417/1417
f 1422/1422/1422 1421/1421/1421 1420/1420/1420
f 1425/1425/1425 1424/1424/1424 1423/1423/1423
f 1428/1428/1428 1427/1427/1427 1426/1426/1426
f 1431/1431/1431 1430/1430/1430 1429/1429/1429
f 1434/1434/1434 1433/1433/1433 1432/1432/1432
f 1437/1437/1437 1436/1436/1436 1435/1435/1435
f 1440/1440/1440 1439/1439/1439 1438/1438/1438
f 1443/1443/1443 1442/1442/1442 1441/1441/1441
f 1446/1446/1446 1445/1445/1445 1444/1444/1444
f 1449/1449/1449 1448/1448/1448 1447/1447/1447
f 1452/1452/1452 1451/1451/1451 1450/1450/1450
f 1455/1455/1455 1454/1454/1454 1453/1453/1453
f 1458/1458/1458 1457/1457/1457 1456/1456/1456
f 1461/1461/1461 1460/1460/1460 1459/1459/1459
f 1464/1464/1464 1463/1463/1463 1462/1462/1462
f 1467/1467/1467 1466/1466/1466 1465/1465/1465
f 1470/1470/1470 1469/1469/1469 1468/1468/1468
f 1473/1473/1473 1472/1472/1472 1471/1471/1471
f 1476/1476/1476 1475/1475/1475 1474/1474/1474
f 1479/1479/1479 1478/1478/1478 1477/1477/1477
f 1482/1482/1482 1481/1481/1481 1480/1480/1480
f 1485/1485/1485 1484/1484/1484 1483/1483/1483
f 1488/1488/1488 1487/1487/1487 1486/1486/1486
f 1491/1491/1491 1490/1490/1490 1489/1489/1489
f 1494/1494/1494 1493/1493/1493 1492/1492/1492
f 1497/1497/1497 1496/1496/1496 1495/1495/1495
f 1500/1500/1500 1499/1499/1499 1498/1498/1498
f 1503/1503/1503 1502/1502/1502 1501/1501/1501
f 1506/1506/1506 1505/1505/1505 1504/1504/1504
f 1509/1509/1509 1508/1508/1508 1507/1507/1507
f 1512/1512/1512 1511/1511/1511 1510/1510/1510
f 1515/1515/1515 1514/1514/1514 1513/1513/1513
f 1518/1518/1518 1517/1517/1517 1516/1516/1516
f 1521/1521/1521 1520/1520/1520 1519/1519/1519
f 1524/1524/1524 1523/1523/1523 1522/1522/1522
f 1527/1527/1527 1526/1526/1526 1525/1525/1525
f 1530/1530/1530 1529/1529/1529 1528/1528/1528
f 1533/1533/1533 1532/1532/1532 1531/1531/1531
f 1536/1536/1536 1535/1535/1535 1534/1534/1534
f 1539/1539/1539 1538/1538/1538 1537/1537/1537
f 1542/1542/1542 1541/1541/1541 1540/1540/1540
f 1545/1545/1545 1544/1544/1544 1543/1543/1543
f 1548/1548/1548 1547/1547/1547 1546/1546/1546
f 1551/1551/1551 1550/1550/1550 1549/1549/1549
f 1554/1554/1554 1553/1553/1553 1552/1552/1552
f 1557/1557/1557 1556/1556/1556 1555/1555/1555
f 1560/1560/1560 1559/1559/1559 1558/1558/1558
f 1563/1563/1563 1562/1562/1562 1561/1561/1561
f 1566/1566/1566 1565/1565/1565 1564/1564/1564
f 1569/1569/1569 1568/1568/1568 1567/1567/1567
f 1572/1572/1572 1571/1571/1571 1570/1570/1570
f 1575/1575/1575 1574/1574/1574 1573/1573/1573
f 1578/1578/1578 1577/1577/1577 1576/1576/1576
f 1581/1581/1581 1580/1580/1580 1579/1579/1579
f 1584/1584/1584 1583/1583/1583 1582/1582/1582
f 1587/1587/1587 1586/1586/1586 1585/1585/1585
f 1590/1590/1590 1589/1589/1589 1588/1588/1588
f 1593/1593/1593 1592/1592/1592 1591/1591/1591
f 1596/1596/1596 1595/1595/1595 1594/1594/1594
f 1599/1599/1599 1598/1598/1598 1597/1597/1597
f 1602/1602/1602 1601/1601/1601 1600/1600/1600
f 1605/1605/1605 1604/1604/1604 1603/1603/1603
f 1608/1608/1608 1607/1607/1607 1606/1606/1606
f 1611/1611/1611 1610/1610/1610 1609/1609/1609
f 1614/1614/1614 1613/1613/1613 1612/1612/1612
f 1617/1617/1617 1616/1616/1616 1615/1615/1615
f 1620/1620/1620 1619/1619/1619 1618/1618/1618
f 1623/1623/1623 1622/1622/1622 1621/1621/1621
f 1626/1626/1626 1625/1625/1625 1624/1624/1624
f 1629/1629/1629 1628/1628/1628 1627/1627/1627
f 1632/1632/1632 1631/1631/1631 1630/1630/1630
f 1635/1635/1635 1634/1634/1634 1633/1633/1633
f 1638/1638/1638 1637/1637/1637 1636/1636/1636
f 1641/1641/1641 1640/1640/1640 1639/1639/1639
f 1644/1644/1644 1643/1643/1643 1642/1642/1642
f 1647/1647/1647 1646/1646/1646 1645/1645/1645
f 1650/1650/1650 1649/1649/1649 1648/1648/1648
f 1653/1653/1653 1652/1652/1652 1651/1651/1651
f 1656/1656/1656 1655/1655/1655 1654/1654/1654
f 1659/1659/1659 1658/1658/1658 1657/1657/1657
f 1662/1662/1662 1661/1661/1661 1660/1660/1660
f 1665/1665/1665 1664/1664/1664 1663/1663/1663
f 1668/1668/1668 1667/1667/1667 1666/1666/1666
f 1671/1671/1671 1670/1670/1670 1669/1669/1669
f 1674/1674/1674 1673/1673/1673 1672/1672/1672
f 1677/1677/1677 1676/1676/1676 1675/1675/1675
f 1680/1680/1680 1679/1679/1679 1678/1678/1678
f 1683/1683/1683 1682/1682/1682 1681/1681/1681
f 1686/1686/1686 1685/1685/1685 1684/1684/1684
f 1689/1689/1689 1688/1688/1688 1687/1687/1687
f 1692/1692/1692 1691/1691/1691 1690/1690/1690
f 1695/1695/1695 1694/1694/1694 1693/1693/1693
f 1698/1698/1698 1697/1697/1697 1696/1696/1696
f 1701/1701/1701 1700/1700/1700 1699/1699/1699
f 1704/1704/1704 1703/1703/1703 1702/1702/1702
f 1707/1707/1707 1706/1706/1706 1705/1705/1705
f 1710/1710/1710 1709/1709/1709 1708/1708/1708
f 1713/1713/1713 1712/1712/1712 1711/1711/1711
f 1716/1716/1716 1715/1715/1715 1714/1714/1714
f 1719/1719/1719 1718/1718/1718 1717/1717/1717
f 1722/1722/1722 1721/1721/1721 1720/1720/1720
f 1725/1725/1725 1724/1724/1724 1723/1723/1723
f 1728/1728/1728 1727/1727/1727 1726/1726/1726
f 1731/1731/1731 1730/1730/1730 1729/1729/1729
f 1734/1734/1734 1733/1733/1733 1732/1732/1732
f 1737/1737/1737 1736/1736/1736 1735/1735/1735
f 1740/1740/1740 1739/1739/1739 1738/1738/1738
f 1743/1743/1743 1742/1742/1742 1741/1741/1741
f 1746/1746/1746 1745/1745/1745 1744/1744/1744
f 1749/1749/1749 1748/1748/1748 1747/1747/1747
f 1752/1752/1752 1751/1751/1751 1750/1750/1750
f 1755/1755/1755 1754/1754/1754 1753/1753/1753
f 1758/1758/1758 1757/1757/1757 1756/1756/1756
f 1761/1761/1761 1760/1760/1760 1759/1759/1759
f 1764/1764/1764 1763/1763/1763 1762/1762/1762
f 1767/1767/1767 1766/1766/1766 1765/1765/1765
f 1770/1770/1770 1769/1769/1769 1768/1768/1768
f 1773/1773/1773 1772/1772/1772 1771/1771/1771
f 1776/1776/1776 1775/1775/1775 1774/1774/1774
f 1779/1779/1779 1778/1778/1778 1777/1777/1777
f 1782/1782/1782 1781/1781/1781 1780/1780/1780
f 1785/1785/1785 1784/1784/1784 1783/1783/1783
f 1788/1788/1788 1787/1787/1787 1786/1786/1786
f 1791/1791/1791 1790/1790/1790 1789/1789/1789
f 1794/1794/1794 1793/1793/1793 1792/1792/1792
f 1797/1797/1797 1796/1796/1796 1795/1795/1795
f 1800/1800/1800 1799/1799/1799 1798/1798/1798
f 1803/1803/1803 1802/1802/1802 1801/1801/1801
f 1806/1806/1806 1805/1805/1805 1804/1804/1804
f 1809/1809/1809 1808/1808/1808 1807/1807/1807
f 1812/1812/1812 1811/1811/1811 1810/1810/1810
f 1815/1815/1815 1814/1814/1814 1813/1813/1813
f 1818/1818/1818 1817/1817/1817 1816/1816/1816
f 1821/1821/1821 1820/1820/1820 1819/1819/1819
f 1824/1824/1824 1823/1823/1823 1822/1822/1822
f 1827/1827/1827 1826/1826/1826 1825/1825/1825
f 1830/1830/1830 1829/1829/1829 1828/1828/1828
f 1833/1833/1833 1832/1832/1832 1831/1831/1831
f 1836/1836/1836 1835/1835/1835 1834/1834/1834
f 1839/1839/1839 1838/1838/1838 1837/1837/1837
f 1842/1842/1842 1841/1841/1841 1840/1840/1840
f 1845/1845/1845 1844/1844/1844 1843/1843/1843
f 1848/1848/1848 1847/1847/1847 1846/1846/1846
f 1851/1851/1851 1850/1850/1850 1849/1849/1849
f 1854/1854/1854 1853/1853/1853 1852/1852/1852
f 1857/1857/1857 1856/1856/1856 1855/1855/1855
f 1860/1860/1860 1859/1859/1859 1858/1858/1858
f 1863/1863/1863 1862/1862/1862 1861/1861/1861
f 1866/1866/1866 1865/1865/1865 1864/1864/1864
f 1869/1869/1869 1868/1868/1868 1867/1867/1867
f 1872/1872/1872 1871/1871/1871 1870/1870/1870
f 1875/1875/1875 1874/1874/1874 1873/1873/1873
f 1878/1878/1878 1877/1877/1877 1876/1876/1876
f 1881/1881/1881 1880/1880/1880 1879/1879/1879
f 1884/1884/1884 1883/1883/1883 1882/1882/1882
f 1887/1887/1887 1886/1886/1886 1885/1885/1885
f 1890/1890/1890 1889/1889/1889 1888/1888/1888
f 1893/1893/1893 1892/1892/1892 1891/1891/1891
f 1896/1896/1896 1895/1895/1895 1894/1894/1894
f 1899/1899/1899 1898/1898/1898 1897/1897/1897
f 1902/1902/1902 1901/1901/1901 1900/1900/1900
f 1905/1905/1905 1904/1904/1904 1903/1903/1903
f 1908/1908/1908 1907/1907/1907 1906/1906/1906
f 1911/1911/1911 1910/1910/1910 1909/1909/1909
f 1914/1914/1914 1913/1913/1913 1912/1912/1912
f 1917/1917/1917 1916/1916/1916 1915/1915/1915
f 1920/1920/1920 1919/1919/1919 1918/1918/1918
f 1923/1923/1923 1922/1922/1922 1921/1921/1921
f 1926/1926/1926 1925/1925/1925 1924/1924/1924
f 1929/1929/1929 1928/1928/1928 1927/1927/1927
f 1932/1932/1932 1931/1931/1931 1930/1930/1930
f 1935/1935/1935 1934/1934/1934 1933/1933/1933
f 1938/1938/1938 1937/1937/1937 1936/1936/1936
f 1941/1941/1941 1940/1940/1940 1939/1939/1939
f 1944/1944/1944 1943/1943/1943 1942/1942/1942
f 1947/1947/1947 1946/1946/1946 1945/1945/1945
f 1950/1950/1950 1949/1949/1949 1948/1948/1948
f 1953/1953/1953 1952/1952/1952 1951/1951/1951
f 1956/1956/1956 1955/1955/1955 1954/1954/1954
f 1959/1959/1959 1958/1958/1958 1957/1957/1957
f 1962/1962/1962 1961/1961/1961 1960/1960/1960
f 1965/1965/1965 1964/1964/1964 1963/1963/1963
f 1968/1968/1968 1967/1967/1967 1966/1966/1966
f 1971/1971/1971 1970/1970/1970 1969/1969/1969
f 1974/1974/1974 1973/1973/1973 1972/1972/1972
f 1977/1977/1977 1976/1976/1976 1975/1975/1975
f 1980/1980/1980 1979/1979/1979 1978/1978/1978
f 1983/1983/1983 1982/1982/1982 1981/1981/1981
f 1986/1986/1986 1985/1985/1985 1984/1984/1984
f 1989/1989/1989 1988/1988/1988 1987/1987/1987
f 1992/1992/1992 1991/1991/1991 1990/1990/1990
f 1995/1995/1995 1994/1994/1994 1993/1993/1993
f 1998/1998/1998 1997/1997/1997 1996/1996/1996
f 2001/2001/2001 2000/2000/2000 1999/1999/1999
f 2004/2004/2004 2003/2003/2003 2002/2002/2002
f 2007/2007/2007 2006/2006/2006 2005/2005/2005
f 2010/2010/2010 2009/2009/2009 2008/2008/2008
f 2013/2013/2013 2012/2012/2012 2011/2011/2011
f 2016/2016/2016 2015/2015/2015 2014/2014/2014
f 2019/2019/2019 2018/2018/2018 2017/2017/2017
f 2022/2022/2022 2021/2021/2021 2020/2020/2020
f 2025/2025/2025 2024/2024/2024 2023/2023/2023
f 2028/2028/2028 2027/2027/2027 2026/2026/2026
f 2031/2031/2031 2030/2030/2030 2029/2029/2029
f 2034/2034/2034 2033/2033/2033 2032/2032/2032
f 2037/2037/2037 2036/2036/2036 2035/2035/2035
f 2040/2040/2040 2039/2039/2039 2038/2038/2038
f 2043/2043/2043 2042/2042/2042 2041/2041/2041
f 2046/2046/2046 2045/2045/2045 2044/2044/2044
f 2049/2049/2049 2048/2048/2048 2047/2047/2047
f 2052/2052/2052 2051/2051/2051 2050/2050/2050
f 2055/2055/2055 2054/2054/2054 2053/2053/2053
f 2058/2058/2058 2057/2057/2057 2056/2056/2056
f 2061/2061/2061 2060/2060/2060 2059/2059/2059
f 2064/2064/2064 2063/2063/2063 2062/2062/2062
f 2067/2067/2067 2066/2066/2066 2065/2065/2065
f 2070/2070/2070 2069/2069/2069 2068/2068/2068
f 2073/2073/2073 2072/2072/2072 2071/2071/2071
f 2076/2076/2076 2075/2075/2075 2074/2074/2074
f 2079/2079/2079 2078/2078/2078 2077/2077/2077
f 2082/2082/2082 2081/2081/2081 2080/2080/2080
f 2085/2085/2085 2084/2084/2084 2083/2083/2083
f 2088/2088/2088 2087/2087/2087 2086/2086/2086
f 2091/2091/2091 2090/2090/2090 2089/2089/2089
f 2094/2094/2094 2093/2093/2093 2092/2092/2092
f 2097/2097/2097 2096/2096/2096 2095/2095/2095
f 2100/2100/2100 2099/2099/2099 2098/2098/2098
f 2103/2103/2103 2102/2102/2102 2101/2101/2101
f 2106/2106/2106 2105/2105/2105 2104/2104/2104
f 2109/2109/2109 2108/2108/2108 2107/2107/2107
f 2112/2112/2112 2111/2111/2111 2110/2110/2110
f 2115/2115/2115 2114/2114/2114 2113/2113/2113
f 2118/2118/2118 2117/2117/2117 2116/2116/2116
f 2121/2121/2121 2120/2120/2120 2119/2119/2119
f 2124/2124/2124 2123/2123/2123 2122/2122/2122
f 2127/2127/2127 2126/2126/2126 2125/2125/2125
f 2130/2130/2130 2129/2129/2129 2128/2128/2128
f 2133/2133/2133 2132/2132/2132 2131/2131/2131
f 2136/2136/2136 2135/2135/2135 2134/2134/2134
f 2139/2139/2139 2138/2138/2138 2137/2137/2137
f 2142/2142/2142 2141/2141/2141 2140/2140/2140
f 2145/2145/2145 2144/2144/2144 2143/2143/2143
f 2148/2148/2148 2147/2147/2147 2146/2146/2146
f 2151/2151/2151 2150/2150/2150 2149/2149/2149
f 2154/2154/2154 2153/2153/2153 2152/2152/2152
f 2157/2157/2157 2156/2156/2156 2155/2155/2155
f 2160/2160/2160 2159/2159/2159 2158/2158/2158
f 2163/2163/2163 2162/2162/2162 2161/2161/2161
f 2166/2166/2166 2165/2165/2165 2164/2164/2164
f 2169/2169/2169 2168/2168/2168 2167/2167/2167
f 2172/2172/2172 2171/2171/2171 2170/2170/2170
f 2175/2175/2175 2174/2174/2174 2173/2173/2173
f 2178/2178/2178 2177/2177/2177 2176/2176/2176
f 2181/2181/2181 2180/2180/2180 2179/2179/2179
f 2184/2184/2184 2183/2183/2183 2182/2182/2182
f 2187/2187/2187 2186/2186/2186 2185/2185/2185
f 2190/2190/2190 2189/2189/2189 2188/2188/2188
f 2193/2193/2193 2192/2192/2192 2191/2191/2191
f 2196/2196/2196 2195/2195/2195 2194/2194/2194
f 2199/2199/2199 2198/2198/2198 2197/2197/2197
f 2202/2202/2202 2201/2201/2201 2200/2200/2200
f 2205/2205/2205 2204/2204/2204 2203/2203/2203
f 2208/2208/2208 2207/2207/2207 2206/2206/2206
f 2211/2211/2211 2210/2210/2210 2209/2209/2209
f 2214/2214/2214 2213/2213/2213 2212/2212/2212
f 2217/2217/2217 2216/2216/2216 2215/2215/2215
f 2220/2220/2220 2219/2219/2219 2218/2218/2218
f 2223/2223/2223 2222/2222/2222 2221/2221/2221
f 2226/2226/2226 2225/2225/2225 2224/2224/2224
f 2229/2229/2229 2228/2228/2228 2227/2227/2227
f 2232/2232/2232 2231/2231/2231 2230/2230/2230
f 2235/2235/2235 2234/2234/2234 2233/2233/2233
f 2238/2238/2238 2237/2237/2237 2236/2236/2236
f 2241/2241/2241 2240/2240/2240 2239/2239/2239
f 2244/2244/2244 2243/2243/2243 2242/2242/2242
f 2247/2247/2247 2246/2246/2246 2245/2245/2245
f 2250/2250/2250 2249/2249/2249 2248/2248/2248
f 2253/2253/2253 2252/2252/2252 2251/2251/2251
f 2256/2256/2256 2255/2255/2255 2254/2254/2254
f 2259/2259/2259 2258/2258/2258 2257/2257/2257
f 2262/2262/2262 2261/2261/2261 2260/2260/2260
f 2265/2265/2265 2264/2264/2264 2263/2263/2263
f 2268/2268/2268 2267/2267/2267 2266/2266/2266
f 2271/2271/2271 2270/2270/2270 2269/2269/2269
f 2274/2274/2274 2273/2273/2273 2272/2272/2272
f 2277/2277/2277 2276/2276/2276 2275/2275/2275
f 2280/2280/2280 2279/2279/2279 2278/2278/2278
f 2283/2283/2283 2282/2282/2282 2281/2281/2281
f 2286/2286/2286 2285/2285/2285 2284/2284/2284
f 2289/2289/2289 2288/2288/2288 2287/2287/2287
f 2292/2292/2292 2291/2291/2291 2290/2290/2290
f 2295/2295/2295 2294/2294/2294 2293/2293/2293
f 2298/2298/2298 2297/2297/2297 2296/2296/2296
f 2301/2301/2301 2300/2300/2300 2299/2299/2299
f 2304/2304/2304 2303/2303/2303 2302/2302/2302
f 2307/2307/2307 2306/2306/2306 2305/2305/2305
f 2310/2310/2310 2309/2309/2309 2308/2308/2308
f 2313/2313/2313 2312/2312/2312 2311/2311/2311
f 2316/2316/2316 2315/2315/2315 2314/2314/2314
f 2319/2319/2319 2318/2318/2318 2317/2317/2317
f 2322/2322/2322 2321/2321/2321 2320/2320/2320
f 2325/2325/2325 2324/2324/2324 2323/2323/2323
f 2328/2328/2328 2327/2327/2327 2326/2326/2326
f 2331/2331/2331 2330/2330/2330 2329/2329/2329
f 2334/2334/2334 2333/2333/2333 2332/2332/2332
f 2337/2337/2337 2336/2336/2336 2335/2335/2335
f 2340/2340/2340 2339/2339/2339 2338/2338/2338
f 2343/2343/2343 2342/2342/2342 2341/2341/2341
f 2346/2346/2346 2345/2345/2345 2344/2344/2344
f 2349/2349/2349 2348/2348/2348 2347/2347/2347
f 2352/2352/2352 2351/2351/2351 2350/2350/2350
f 2355/2355/2355 2354/2354/2354 2353/2353/2353
f 2358/2358/2358 2357/2357/2357 2356/2356/2356
f 2361/2361/2361 2360/2360/2360 2359/2359/2359
f 2364/2364/2364 2363/2363/2363 2362/2362/2362
f 2367/2367/2367 2366/2366/2366 2365/2365/2365
f 2370/2370/2370 2369/2369/2369 2368/2368/2368
f 2373/2373/2373 2372/2372/2372 2371/2371/2371
f 2376/2376/2376 2375/2375/2375 2374/2374/2374
f 2379/2379/2379 2378/2378/2378 2377/2377/2377
f 2382/2382/2382 2381/2381/2381 2380/2380/2380
f 2385/2385/2385 2384/2384/2384 2383/2383/2383
f 2388/2388/2388 2387/2387/2387 2386/2386/2386
f 2391/2391/2391 2390/2390/2390 2389/2389/2389
f 2394/2394/2394 2393/2393/2393 2392/2392/2392
f 2397/2397/2397 2396/2396/2396 2395/2395/2395
f 2400/2400/2400 2399/2399/2399 2398/2398/2398
f 2403/2403/2403 2402/2402/2402 2401/2401/2401
f 2406/2406/2406 2405/2405/2405 2404/2404/2404
f 2409/2409/2409 2408/2408/2408 2407/2407/2407
f 2412/2412/2412 2411/2411/2411 2410/2410/2410
f 2415/2415/2415 2414/2414/2414 2413/2413/2413
f 2418/2418/2418 2417/2417/2417 2416/2416/2416
f 2421/2421/2421 2420/2420/2420 2419/2419/2419
f 2424/2424/2424 2423/2423/2423 2422/2422/2422
f 2427/2427/2427 2426/2426/2426 2425/2425/2425
f 2430/2430/2430 2429/2429/2429 2428/2428/2428
f 2433/2433/2433 2432/2432/2432 2431/2431/2431
f 2436/2436/2436 2435/2435/2435 2434/2434/2434
f 2439/2439/2439 2438/2438/2438 2437/2437/2437
f 2442/2442/2442 2441/2441/2441 2440/2440/2440
f 2445/2445/2445 2444/2444/2444 2443/2443/2443
f 2448/2448/2448 2447/2447/2447 2446/2446/2446
f 2451/2451/2451 2450/2450/2450 2449/2449/2449
f 2454/2454/2454 2453/2453/2453 2452/2452/2452
f 2457/2457/2457 2456/2456/2456 2455/2455/2455
f 2460/2460/2460 2459/2459/2459 2458/2458/2458
f 2463/2463/2463 2462/2462/2462 2461/2461/2461
f 2466/2466/2466 2465/2465/2465 2464/2464/2464
f 2469/2469/2469 2468/2468/2468 2467/2467/2467
f 2472/2472/2472 2471/2471/2471 2470/2470/2470
f 2475/2475/2475 2474/2474/2474 2473/2473/2473
f 2478/2478/2478 2477/2477/2477 2476/2476/2476
f 2481/2481/2481 2480/2480/2480 2479/2479/2479
f 2484/2484/2484 2483/2483/2483 2482/2482/2482
f 2487/2487/2487 2486/2486/2486 2485/2485/2485
f 2490/2490/2490 2489/2489/2489 2488/2488/2488
f 2493/2493/2493 2492/2492/2492 2491/2491/2491
f 2496/2496/2496 2495/2495/2495 2494/2494/2494
f 2499/2499/2499 2498/2498/2498 2497/2497/2497
f 2502/2502/2502 2501/2501/2501 2500/2500/2500
f 2505/2505/2505 2504/2504/2504 2503/2503/2503
f 2508/2508/2508 2507/2507/2507 2506/2506/2506
f 2511/2511/2511 2510/2510/2510 2509/2509/2509
f 2514/2514/2514 2513/2513/2513 2512/2512/2512
f 2517/2517/2517 2516/2516/2516 2515/2515/2515
f 2520/2520/2520 2519/2519/2519 2518/2518/2518
f 2523/2523/2523 2522/2522/2522 2521/2521/2521
f 2526/2526/2526 2525/2525/2525 2524/2524/2524
f 2529/2529/2529 2528/2528/2528 2527/2527/2527
f 2532/2532/2532 2531/2531/2531 2530/2530/2530
f 2535/2535/2535 2534/2534/2534 2533/2533/2533
f 2538/2538/2538 2537/2537/2537 2536/2536/2536
f 2541/2541/2541 2540/2540/2540 2539/2539/2539
f 2544/2544/2544 2543/2543/2543 2542/2542/2542
f 2547/2547/2547 2546/2546/2546 2545/2545/2545
f 2550/2550/2550 2549/2549/2549 2548/2548/2548
f 2553/2553/2553 2552/2552/2552 2551/2551/2551
f 2556/2556/2556 2555/2555/2555 2554/2554/2554
f 2559/2559/2559 2558/2558/2558 2557/2557/2557
f 2562/2562/2562 2561/2561/2561 2560/2560/2560
f 2565/2565/2565 2564/2564/2564 2563/2563/2563
f 2568/2568/2568 2567/2567/2567 2566/2566/2566
f 2571/2571/2571 2570/2570/2570 2569/2569/2569
f 2574/2574/2574 2573/2573/2573 2572/2572/2572
f 2577/2577/2577 2576/2576/2576 2575/2575/2575
f 2580/2580/2580 2579/2579/2579 2578/2578/2578
f 2583/2583/2583 2582/2582/2582 2581/2581/2581
f 2586/2586/2586 2585/2585/2585 2584/2584/2584
f 2589/2589/2589 2588/2588/2588 2587/2587/2587
f 2592/2592/2592 2591/2591/2591 2590/2590/2590
f 2595/2595/2595 2594/2594/2594 2593/2593/2593
f 2598/2598/2598 2597/2597/2597 2596/2596/2596
f 2601/2601/2601 2600/2600/2600 2599/2599/2599
f 2604/2604/2604 2603/2603/2603 2602/2602/2602
f 2607/2607/2607 2606/2606/2606 2605/2605/2605
f 2610/2610/2610 2609/2609/2609 2608/2608/2608
f 2613/2613/2613 2612/2612/2612 2611/2611/2611
f 2616/2616/2616 2615/2615/2615 2614/2614/2614
f 2619/2619/2619 2618/2618/2618 2617/2617/2617
f 2622/2622/2622 2621/2621/2621 2620/2620/2620
f 2625/2625/2625 2624/2624/2624 2623/2623/2623
f 2628/2628/2628 2627/2627/2627 2626/2626/2626
f 2631/2631/2631 2630/2630/2630 2629/2629/2629
f 2634/2634/2634 2633/2633/2633 2632/2632/2632
f 2637/2637/2637 2636/2636/2636 2635/2635/2635
f 2640/2640/2640 2639/2639/2639 2638/2638/2638
f 2643/2643/2643 2642/2642/2642 2641/2641/2641
f 2646/2646/2646 2645/2645/2645 2644/2644/2644
f 2649/2649/2649 2648/2648/2648 2647/2647/2647
f 2652/2652/2652 2651/2651/2651 2650/2650/2650
f 2655/2655/2655 2654/2654/2654 2653/2653/2653
f 2658/2658/2658 2657/2657/2657 2656/2656/2656
f 2661/2661/2661 2660/2660/2660 2659/2659/2659
f 2664/2664/2664 2663/2663/2663 2662/2662/2662
f 2667/2667/2667 2666/2666/2666 2665/2665/2665
f 2670/2670/2670 2669/2669/2669 2668/2668/2668
f 2673/2673/2673 2672/2672/2672 2671/2671/2671
f 2676/2676/2676 2675/2675/2675 2674/2674/2674
f 2679/2679/2679 2678/2678/2678 2677/2677/2677
f 2682/2682/2682 2681/2681/2681 2680/2680/2680
f 2685/2685/2685 2684/2684/2684 2683/2683/2683
f 2688/2688/2688 2687/2687/2687 2686/2686/2686
f 2691/2691/2691 2690/2690/2690 2689/2689/2689
f 2694/2694/2694 2693/2693/2693 2692/2692/2692
f 2697/2697/2697 2696/2696/2696 2695/2695/2695
f 2700/2700/2700 2699/2699/2699 2698/2698/2698
f 2703/2703/2703 2702/2702/2702 2701/2701/2701
f 2706/2706/2706 2705/2705/2705 2704/2704/2704
f 2709/2709/2709 2708/2708/2708 2707/2707/2707
f 2712/2712/2712 2711/2711/2711 2710/2710/2710
f 2715/2715/2715 2714/2714/2714 2713/2713/2713
f 2718/2718/2718 2717/2717/2717 2716/2716/2716
f 2721/2721/2721 2720/2720/2720 2719/2719/2719
f 2724/2724/2724 2723/2723/2723 2722/2722/2722
f 2727/2727/2727 2726/2726/2726 2725/2725/2725
f 2730/2730/2730 2729/2729/2729 2728/2728/2728
f 2733/2733/2733 2732/2732/2732 2731/2731/2731
f 2736/2736/2736 2735/2735/2735 2734/2734/2734
f 2739/2739/2739 2738/2738/2738 2737/2737/2737
f 2742/2742/2742 2741/2741/2741 2740/2740/2740
f 2745/2745/2745 2744/2744/2744 2743/2743/2743
f 2748/2748/2748 2747/2747/2747 2746/2746/2746
f 2751/2751/2751 2750/2750/2750 2749/2749/2749
f 2754/2754/2754 2753/2753/2753 2752/2752/2752
f 2757/2757/2757 2756/2756/2756 2755/2755/2755
f 2760/2760/2760 2759/2759/2759 2758/2758/2758
f 2763/2763/2763 2762/2762/2762 2761/2761/2761
f 2766/2766/2766 2765/2765/2765 2764/2764/2764
f 2769/2769/2769 2768/2768/2768 2767/2767/2767
f 2772/2772/2772 2771/2771/2771 2770/2770/2770
f 2775/2775/2775 2774/2774/2774 2773/2773/2773
f 2778/2778/2778 2777/2777/2777 2776/2776/2776
f 2781/2781/2781 2780/2780/2780 2779/2779/2779
f 2784/2784/2784 2783/2783/2783 2782/2782/2782
f 2787/2787/2787 2786/2786/2786 2785/2785/2785
f 2790/2790/2790 2789/2789/2789 2788/2788/2788
f 2793/2793/2793 2792/2792/2792 2791/2791/2791
f 2796/2796/2796 2795/2795/2795 2794/2794/2794
f 2799/2799/2799 2798/2798/2798 2797/2797/2797
f 2802/2802/2802 2801/2801/2801 2800/2800/2800
f 2805/2805/2805 2804/2804/2804 2803/2803/2803
f 2808/2808/2808 2807/2807/2807 2806/2806/2806
f 2811/2811/2811 2810/2810/2810 2809/2809/2809
f 2814/2814/2814 2813/2813/2813 2812/2812/2812
f 2817/2817/2817 2816/2816/2816 2815/2815/2815
f 2820/2820/2820 2819/2819/2819 2818/2818/2818
f 2823/2823/2823 2822/2822/2822 2821/2821/2821
f 2826/2826/2826 2825/2825/2825 2824/2824/2824
f 2829/2829/2829 2828/2828/2828 2827/2827/2827
f 2832/2832/2832 2831/2831/2831 2830/2830/2830
f 2835/2835/2835 2834/2834/2834 2833/2833/2833
f 2838/2838/2838 2837/2837/2837 2836/2836/2836
f 2841/2841/2841 2840/2840/2840 2839/2839/2839
f 2844/2844/2844 2843/2843/2843 2842/2842/2842
f 2847/2847/2847 2846/2846/2846 2845/2845/2845
f 2850/2850/2850 2849/2849/2849 2848/2848/2848
f 2853/2853/2853 2852/2852/2852 2851/2851/2851
f 2856/2856/2856 2855/2855/2855 2854/2854/2854
f 2859/2859/2859 2858/2858/2858 2857/2857/2857
f 2862/2862/2862 2861/2861/2861 2860/2860/2860
f 2865/2865/2865 2864/2864/2864 2863/2863/2863
f 2868/2868/2868 2867/2867/2867 2866/2866/2866
f 2871/2871/2871 2870/2870/2870 2869/2869/2869
f 2874/2874/2874 2873/2873/2873 2872/2872/2872
f 2877/2877/2877 2876/2876/2876 2875/2875/2875
f 2880/2880/2880 2879/2879/2879 2878/2878/2878
f 2883/2883/2883 2882/2882/2882 2881/2881/2881
f 2886/2886/2886 2885/2885/2885 2884/2884/2884
f 2889/2889/2889 2888/2888/2888 2887/2887/2887
f 2892/2892/2892 2891/2891/2891 2890/2890/2890
f 2895/2895/2895 2894/2894/2894 2893/2893/2893
f 2898/2898/2898 2897/2897/2897 2896/2896/2896
f 2901/2901/2901 2900/2900/2900 2899/2899/2899
f 2904/2904/2904 2903/2903/2903 2902/2902/2902
f 2907/2907/2907 2906/2906/2906 2905/2905/2905
f 2910/2910/2910 2909/2909/2909 2908/2908/2908
f 2913/2913/2913 2912/2912/2912 2911/2911/2911
f 2916/2916/2916 2915/2915/2915 2914/2914/2914
f 2919/2919/2919 2918/2918/2918 2917/2917/2917
f 2922/2922/2922 2921/2921/2921 2920/2920/2920
f 2925/2925/2925 2924/2924/2924 2923/2923/2923
f 2928/2928/2928 2927/2927/2927 2926/2926/2926
f 2931/2931/2931 2930/2930/2930 2929/2929/2929
f 2934/2934/2934 2933/2933/2933 2932/2932/2932
f 2937/2937/2937 2936/2936/2936 2935/2935/2935
f 2940/2940/2940 2939/2939/2939 2938/2938/2938
f 2943/2943/2943 2942/2942/2942 2941/2941/2941
f 2946/2946/2946 2945/2945/2945 2944/2944/2944
f 2949/2949/2949 2948/2948/2948 2947/2947/2947
f 2952/2952/2952 2951/2951/2951 2950/2950/2950
f 2955/2955/2955 2954/2954/2954 2953/2953/2953
f 2958/2958/2958 2957/2957/2957 2956/2956/2956
f 2961/2961/2961 2960/2960/2960 2959/2959/2959
f 2964/2964/2964 2963/2963/2963 2962/2962/2962
f 2967/2967/2967 2966/2966/2966 2965/2965/2965
f 2970/2970/2970 2969/2969/2969 2968/2968/2968
f 2973/2973/2973 2972/2972/2972 2971/2971/2971
f 2976/2976/2976 2975/2975/2975 2974/2974/2974
f 2979/2979/2979 2978/2978/2978 2977/2977/2977
f 2982/2982/2982 2981/2981/2981 2980/2980/2980
f 2985/2985/2985 2984/2984/2984 2983/2983/2983
f 2988/2988/2988 2987/2987/2987 2986/2986/2986
f 2991/2991/2991 2990/2990/2990 2989/2989/2989
f 2994/2994/2994 2993/2993/2993 2992/2992/2992
f 2997/2997/2997 2996/2996/2996 2995/2995/2995
f 3000/3000/3000 2999/2999/2999 2998/2998/2998
f 3003/3003/3003 3002/3002/3002 3001/3001/3001
f 3006/3006/3006 3005/3005/3005 3004/3004/3004
f 3009/3009/3009 3008/3008/3008 3007/3007/3007
f 3012/3012/3012 3011/3011/3011 3010/3010/3010
f 3015/3015/3015 3014/3014/3014 3013/3013/3013
f 3018/3018/3018 3017/3017/3017 3016/3016/3016
f 3021/3021/3021 3020/3020/3020 3019/3019/3019
f 3024/3024/3024 3023/3023/3023 3022/3022/3022
f 3027/3027/3027 3026/3026/3026 3025/3025/3025
f 3030/3030/3030 3029/3029/3029 3028/3028/3028
f 3033/3033/3033 3032/3032/3032 3031/3031/3031
f 3036/3036/3036 3035/3035/3035 3034/3034/3034
f 3039/3039/3039 3038/3038/3038 3037/3037/3037
f 3042/3042/3042 3041/3041/3041 3040/3040/3040
f 3045/3045/3045 3044/3044/3044 3043/3043/3043
f 3048/3048/3048 3047/3047/3047 3046/3046/3046
f 3051/3051/3051 3050/3050/3050 3049/3049/3049
f 3054/3054/3054 3053/3053/3053 3052/3052/3052
f 3057/3057/3057 3056/3056/3056 3055/3055/3055
f 3060/3060/3060 3059/3059/3059 3058/3058/3058
f 3063/3063/3063 3062/3062/3062 3061/3061/3061
f 3066/3066/3066 3065/3065/3065 3064/3064/3064
f 3069/3069/3069 3068/3068/3068 3067/3067/3067
f 3072/3072/3072 3071/3071/3071 3070/3070/3070
f 3075/3075/3075 3074/3074/3074 3073/3073/3073
f 3078/3078/3078 3077/3077/3077 3076/3076/3076
f 3081/3081/3081 3080/3080/3080 3079/3079/3079
f 3084/3084/3084 3083/3083/3083 3082/3082/3082
f 3087/3087/3087 3086/3086/3086 3085/3085/3085
f 3090/3090/3090 3089/3089/3089 3088/3088/3088
f 3093/3093/3093 3092/3092/3092 3091/3091/3091
f 3096/3096/3096 3095/3095/3095 3094/3094/3094
f 3099/3099/3099 3098/3098/3098 3097/3097/3097
f 3102/3102/3102 3101/3101/3101 3100/3100/3100
f 3105/3105/3105 3104/3104/3104 3103/3103/3103
f 3108/3108/3108 3107/3107/3107 3106/3106/3106
f 3111/3111/3111 3110/3110/3110 3109/3109/3109
f 3114/3114/3114 3113/3113/3113 3112/3112/3112
f 3117/3117/3117 3116/3116/3116 3115/3115/3115
f 3120/3120/3120 3119/3119/3119 3118/3118/3118
f 3123/3123/3123 3122/3122/3122 3121/3121/3121
f 3126/3126/3126 3125/3125/3125 3124/3124/3124
f 3129/3129/3129 3128/3128/3128 3127/3127/3127
f 3132/3132/3132 3131/3131/3131 3130/3130/3130
f 3135/3135/3135 3134/3134/3134 3133/3133/3133
f 3138/3138/3138 3137/3137/3137 3136/3136/3136
f 3141/3141/3141 3140/3140/3140 3139/3139/3139
f 3144/3144/3144 3143/3143/3143 3142/3142/3142
f 3147/3147/3147 3146/3146/3146 3145/3145/3145
f 3150/3150/3150 3149/3149/3149 3148/3148/3148
f 3153/3153/3153 3152/3152/3152 3151/3151/3151
f 3156/3156/3156 3155/3155/3155 3154/3154/3154
f 3159/3159/3159 3158/3158/3158 3157/3157/3157
f 3162/3162/3162 3161/3161/3161 3160/3160/3160
f 3165/3165/3165 3164/3164/3164 3163/3163/3163
f 3168/3168/3168 3167/3167/3167 3166/3166/3166
f 3171/3171/3171 3170/3170/3170 3169/3169/3169
f 3174/3174/3174 3173/3173/3173 3172/3172/3172
f 3177/3177/3177 3176/3176/3176 3175/3175/3175
f 3180/3180/3180 3179/3179/3179 3178/3178/3178
f 3183/3183/3183 3182/3182/3182 3181/3181/3181
